customer_id,first_name,last_name,email,city,state,registration_date,customer_segment
1,Sarah,Brown,mark.davis490@email.com,Houston,FL,2022-11-23,Regular
2,John,Jones,linda.brown10@email.com,Seattle,CO,2021-04-05,Basic
3,William,Anderson,jane.rodriguez770@email.com,Dallas,CA,2023-05-28,Basic
4,Lisa,Martin,john.martin809@email.com,Denver,IL,2022-09-19,Regular
5,Lisa,Rodriguez,jane.brown217@email.com,San Antonio,CA,2023-01-13,Premium
6,David,Rodriguez,matthew.smith385@email.com,Charlotte,NV,2023-08-10,Premium
7,Sarah,Jackson,susan.moore986@email.com,Seattle,CO,2021-10-05,Premium
8,Elizabeth,Anderson,william.taylor485@email.com,Atlanta,GA,2022-07-23,Basic
9,Michael,Martin,james.lee440@email.com,San Jose,CO,2021-03-07,Regular
10,Mark,Lopez,james.lopez699@email.com,,WA,2021-12-27,Basic
11,Patricia,Lee,james.hernandez837@email.com,Charlotte,NY,2021-08-09,Premium
12,Jane,Rodriguez,lisa.lopez682@email.com,Denver,CO,2023-08-02,Basic
13,John,Wilson,christopher.wilson626@email.com,Los Angeles,OR,2023-09-18,Basic
14,Michael,Miller,jane.lopez895@email.com,Indianapolis,PA,2022-01-21,Regular
15,Robert,Anderson,james.brown4@email.com,San Francisco,MA,2022-11-05,Premium
16,Lisa,Jackson,daniel.wilson743@email.com,Las Vegas,CA,2021-07-10,Premium
17,Matthew,Jackson,david.smith617@email.com,New York,NC,2023-05-08,Regular
18,Susan,Taylor,sarah.moore287@email.com,Miami,NV,2023-04-01,Regular
19,John,Garcia,lisa.lopez463@email.com,Houston,GA,2023-11-07,Regular
20,Elizabeth,Lopez,susan.taylor528@email.com,Indianapolis,NC,2021-05-12,Regular
21,Robert,Jackson,patricia.miller4@email.com,San Francisco,CA,2021-05-17,Regular
22,Elizabeth,Jackson,james.smith649@email.com,Philadelphia,IL,2022-02-27,Premium
23,Patricia,Taylor,mary.johnson993@email.com,Columbus,NV,2022-03-18,Regular
24,Lisa,Rodriguez,james.thomas240@email.com,Miami,WA,2023-08-22,Regular
25,Daniel,Martinez,susan.taylor410@email.com,Los Angeles,CO,2022-01-29,Regular
26,Mark,Martin,susan.williams357@email.com,New York,GA,2023-05-29,Basic
27,William,Lopez,patricia.taylor675@email.com,Houston,NC,2023-07-17,Premium
28,John,Wilson,sarah.wilson301@email.com,Miami,NC,2021-02-28,Regular
29,Emily,Jones,susan.miller730@email.com,,CO,2023-09-07,Regular
30,Patricia,Brown,david.moore898@email.com,Columbus,FL,2021-10-06,Premium
31,James,Davis,mark.moore33@email.com,Jacksonville,OR,2021-09-05,Regular
32,William,Thomas,david.taylor816@email.com,Portland,CO,2023-09-08,Premium
33,David,Garcia,michael.martinez853@email.com,Houston,GA,2022-04-09,Premium
34,Robert,Brown,elizabeth.thomas173@email.com,Los Angeles,GA,2022-08-25,Basic
35,James,Miller,daniel.brown494@email.com,San Diego,CA,2021-01-23,Basic
36,Sarah,Moore,elizabeth.davis250@email.com,Dallas,NC,2022-01-05,Basic
37,Michael,Wilson,robert.garcia772@email.com,San Jose,GA,2022-09-18,Regular
38,Christopher,Hernandez,michael.brown446@email.com,San Jose,IL,2021-09-29,Premium
39,Sarah,Jackson,john.garcia952@email.com,Dallas,OR,2021-12-18,Regular
40,Mary,Lee,james.wilson785@email.com,Phoenix,GA,2021-12-16,Regular
41,Mary,Johnson,william.davis737@email.com,Boston,NY,2022-07-08,Premium
42,Susan,Garcia,william.taylor975@email.com,Boston,CO,2021-07-12,Regular
43,William,Wilson,sarah.jones945@email.com,Los Angeles,OR,2023-12-12,Premium
44,Jane,Smith,elizabeth.taylor93@email.com,Fort Worth,OH,2022-04-16,Basic
45,Daniel,Williams,james.davis955@email.com,San Francisco,NY,2021-05-06,Regular
46,Elizabeth,Jones,mark.lee67@email.com,Dallas,NV,2023-04-24,Regular
47,Sarah,Taylor,james.wilson933@email.com,Atlanta,FL,2022-05-19,Regular
48,Christopher,Lee,christopher.jackson990@email.com,Austin,FL,2022-01-14,Regular
49,Michael,Anderson,patricia.davis229@email.com,Columbus,MA,2022-04-26,Regular
50,Elizabeth,Williams,william.brown298@email.com,Seattle,GA,2023-06-08,Premium
51,Jennifer,Williams,michael.brown92@email.com,Fort Worth,OR,2022-10-03,Basic
52,Susan,Rodriguez,james.martin960@email.com,Jacksonville,WA,2022-09-24,Basic
53,Mary,Davis,robert.brown587@email.com,Philadelphia,NY,2021-01-30,Basic
54,Mark,Lopez,mary.jones874@email.com,San Jose,OR,2021-07-12,Basic
55,Robert,Williams,james.wilson591@email.com,Los Angeles,CA,2021-07-24,Regular
56,Michael,Lee,john.martinez64@email.com,Fort Worth,NY,2022-09-27,Basic
57,Jane,Johnson,mark.jackson195@email.com,Phoenix,OH,2022-08-18,Premium
58,Lisa,Wilson,christopher.anderson328@email.com,Phoenix,WA,2022-07-04,Premium
59,Jennifer,Wilson,mary.jones533@email.com,Houston,IL,2021-12-11,Premium
60,Michael,Lee,susan.martin228@email.com,Austin,TX,2022-08-31,Regular
61,Lisa,Moore,sarah.wilson10@email.com,Jacksonville,OH,2022-07-09,Regular
62,Sarah,Martinez,elizabeth.thomas324@email.com,Boston,GA,2021-11-15,Regular
63,Christopher,Lee,david.martinez858@email.com,Boston,IL,2021-03-05,Basic
64,William,Johnson,lisa.taylor697@email.com,Columbus,WA,2021-11-19,Regular
65,Daniel,Garcia,daniel.jones616@email.com,San Francisco,NC,2022-07-27,Regular
66,Mary,Taylor,jennifer.jones765@email.com,Phoenix,IL,2022-05-17,Regular
67,Emily,Thomas,jane.lee328@email.com,Austin,FL,2023-01-24,Premium
68,Mary,Smith,jennifer.moore706@email.com,Columbus,NC,2021-01-15,Basic
69,Mary,Miller,sarah.rodriguez869@email.com,Philadelphia,WA,2022-09-23,Premium
70,Robert,Moore,mark.taylor647@email.com,Philadelphia,NV,2023-06-19,Basic
71,William,Martinez,robert.taylor299@email.com,Philadelphia,TX,2023-04-23,Basic
72,Michael,Miller,christopher.johnson830@email.com,Houston,TX,2022-12-20,Premium
73,Susan,Johnson,james.jones848@email.com,Boston,AZ,2021-07-06,Premium
74,Emily,Lee,robert.davis718@email.com,New York,NV,2021-08-30,Basic
75,Elizabeth,Moore,jane.garcia878@email.com,Austin,MA,2023-11-21,Basic
76,Lisa,Moore,linda.wilson307@email.com,San Diego,NC,2023-05-23,Basic
77,Emily,Davis,emily.smith562@email.com,San Antonio,CO,2021-05-14,Basic
78,Daniel,Lee,christopher.hernandez433@email.com,Miami,NV,2022-11-20,Premium
79,Christopher,Garcia,linda.lopez776@email.com,,OR,2023-05-04,Regular
80,William,Johnson,christopher.wilson74@email.com,Atlanta,FL,2022-07-16,Premium
81,Elizabeth,Lopez,matthew.martinez290@email.com,San Jose,CO,2021-01-17,Basic
82,Lisa,Davis,robert.jackson404@email.com,Charlotte,AZ,2022-08-07,Regular
83,James,Smith,sarah.jones332@email.com,New York,WA,2021-07-31,Regular
84,Jane,Garcia,mark.johnson871@email.com,Dallas,NV,2022-09-25,Premium
85,Lisa,Williams,jennifer.thomas671@email.com,San Francisco,OH,2023-10-11,Regular
86,Jane,Rodriguez,emily.martin141@email.com,San Jose,NV,2022-12-21,Regular
87,James,Wilson,daniel.taylor299@email.com,San Francisco,NY,2022-01-30,Basic
88,Christopher,Lopez,david.miller224@email.com,Fort Worth,TX,2021-05-14,Regular
89,William,Wilson,robert.smith371@email.com,San Jose,MA,2022-01-30,Basic
90,Michael,Wilson,mark.brown695@email.com,Seattle,PA,2023-08-16,Regular
91,Robert,Martin,david.wilson974@email.com,San Jose,NY,2021-03-21,Premium
92,Mark,Miller,patricia.garcia949@email.com,Atlanta,FL,2022-10-18,Basic
93,James,Moore,jane.brown365@email.com,Austin,OH,2022-09-30,Basic
94,Robert,Smith,linda.garcia968@email.com,Jacksonville,PA,2021-10-02,Regular
95,Linda,Williams,jane.brown528@email.com,Boston,OH,2022-09-07,Basic
96,Christopher,Williams,james.martin445@email.com,San Diego,NC,2022-10-28,Regular
97,Daniel,Jackson,david.wilson251@email.com,Boston,WA,2021-07-11,Regular
98,David,Martinez,jane.brown247@email.com,Columbus,FL,2021-04-25,Regular
99,William,Jackson,christopher.taylor310@email.com,Austin,OR,2023-11-08,Premium
100,David,Martin,susan.garcia669@email.com,Philadelphia,NC,2022-01-02,Premium
101,Lisa,Lopez,christopher.williams797@email.com,Houston,GA,2023-03-01,Premium
102,Elizabeth,Lopez,daniel.wilson282@email.com,San Diego,MA,2021-06-05,Regular
103,Elizabeth,Rodriguez,daniel.lopez12@email.com,Seattle,OR,2021-05-25,Regular
104,William,Davis,sarah.brown85@email.com,San Diego,TX,2021-02-25,Regular
105,Mark,Lee,sarah.taylor657@email.com,Austin,TX,2022-02-13,Basic
106,Patricia,Miller,matthew.davis24@email.com,New York,PA,2022-10-14,Regular
107,Mark,Thomas,mark.martin587@email.com,San Francisco,PA,2023-02-25,Regular
108,Christopher,Wilson,linda.rodriguez711@email.com,Chicago,MA,2022-10-17,Basic
109,Mary,Martin,sarah.martin186@email.com,Phoenix,OH,2022-07-02,Regular
110,Lisa,Smith,christopher.taylor661@email.com,San Jose,NY,2022-01-07,Premium
111,David,Rodriguez,patricia.martinez586@email.com,Austin,GA,2021-12-26,Regular
112,Matthew,Garcia,david.brown334@email.com,Las Vegas,OH,2021-03-14,Premium
113,Linda,Anderson,michael.jackson190@email.com,Jacksonville,OH,2021-12-24,Basic
114,Michael,Moore,christopher.smith404@email.com,,TX,2022-05-11,Basic
115,Jane,Brown,elizabeth.jackson803@email.com,Houston,MA,2023-09-11,Regular
116,Sarah,Jackson,matthew.taylor66@email.com,Philadelphia,CA,2023-02-22,Basic
117,David,Williams,matthew.martin552@email.com,Portland,GA,2023-02-21,Basic
118,Emily,Moore,sarah.miller989@email.com,Boston,IL,2023-06-06,Premium
119,Patricia,Martinez,sarah.garcia883@email.com,Los Angeles,OR,2023-05-18,Basic
120,Susan,Hernandez,susan.garcia6@email.com,New York,GA,2021-12-21,Regular
121,Michael,Brown,elizabeth.thomas820@email.com,Las Vegas,CO,2021-12-10,Basic
122,Christopher,Moore,james.brown41@email.com,San Diego,NV,2022-12-12,Basic
123,Christopher,Rodriguez,david.martin212@email.com,Fort Worth,NV,2022-04-24,Regular
124,Susan,Jackson,emily.williams576@email.com,Phoenix,TX,2022-04-20,Premium
125,Daniel,Martin,william.johnson87@email.com,Atlanta,CA,2023-02-25,Regular
126,Matthew,Rodriguez,sarah.moore306@email.com,Philadelphia,PA,2021-07-11,Regular
127,William,Thomas,mary.jackson176@email.com,Chicago,PA,2022-05-28,Basic
128,Elizabeth,Wilson,patricia.smith255@email.com,Chicago,PA,2021-07-10,Basic
129,John,Martin,jennifer.johnson969@email.com,Portland,CO,2021-05-14,Premium
130,Sarah,Taylor,matthew.martinez675@email.com,San Francisco,NY,2022-01-28,Regular
131,Elizabeth,Davis,elizabeth.thomas144@email.com,San Diego,CO,2021-02-03,Regular
132,William,Hernandez,mark.taylor712@email.com,Miami,OR,2022-04-18,Regular
133,James,Thomas,james.moore933@email.com,Phoenix,GA,2022-09-18,Premium
134,Sarah,Thomas,mary.lee552@email.com,Miami,PA,2021-09-17,Regular
135,Jennifer,Martin,matthew.miller705@email.com,Charlotte,OH,2022-07-29,Basic
136,Patricia,Smith,sarah.johnson243@email.com,San Francisco,CO,2021-11-01,Regular
137,Emily,Taylor,jane.miller146@email.com,Philadelphia,NV,2022-08-26,Regular
138,Daniel,Brown,jennifer.miller981@email.com,Columbus,NY,2021-01-05,Basic
139,John,Rodriguez,david.lee566@email.com,Dallas,PA,2023-02-15,Regular
140,William,Williams,robert.martin368@email.com,Seattle,IL,2023-05-20,Basic
141,Matthew,Wilson,william.jones747@email.com,Miami,CO,2021-12-30,Basic
142,Emily,Davis,susan.anderson77@email.com,Seattle,CA,2023-11-16,Regular
143,Matthew,Davis,elizabeth.rodriguez267@email.com,Las Vegas,NC,2022-01-20,Regular
144,Sarah,Hernandez,christopher.garcia410@email.com,San Diego,OH,2022-07-08,Regular
145,Jennifer,Anderson,daniel.williams968@email.com,Boston,WA,2023-04-20,Regular
146,Matthew,Lopez,william.anderson963@email.com,Jacksonville,WA,2022-01-27,Premium
147,Susan,Moore,david.jackson209@email.com,Seattle,CO,2022-02-17,Regular
148,Robert,Jackson,michael.rodriguez649@email.com,Austin,NV,2022-09-07,Regular
149,David,Smith,robert.lopez578@email.com,Portland,MA,2023-11-26,Premium
150,Mary,Rodriguez,matthew.lee168@email.com,Atlanta,TX,2022-04-17,Regular
151,Emily,Davis,patricia.jones324@email.com,Austin,NC,2022-05-03,Basic
152,Elizabeth,Martinez,patricia.wilson27@email.com,Seattle,AZ,2022-06-12,Regular
153,Matthew,Williams,susan.davis80@email.com,Austin,MA,2022-03-04,Premium
154,John,Wilson,william.brown545@email.com,Philadelphia,OR,2023-08-26,Regular
155,Susan,Hernandez,sarah.jackson417@email.com,Philadelphia,AZ,2023-01-30,Basic
156,James,Williams,michael.hernandez656@email.com,Denver,AZ,2021-07-29,Regular
157,Linda,Jackson,michael.lopez932@email.com,Atlanta,NY,2023-12-15,Regular
158,John,Garcia,james.rodriguez150@email.com,San Jose,AZ,2023-02-20,Basic
159,Sarah,Taylor,lisa.rodriguez11@email.com,Philadelphia,PA,2023-06-13,Regular
160,Mary,Hernandez,sarah.wilson993@email.com,,NC,2022-06-06,Basic
161,Jennifer,Lopez,lisa.wilson975@email.com,Jacksonville,NC,2021-03-18,Regular
162,Lisa,Miller,sarah.brown180@email.com,Phoenix,TX,2023-11-06,Regular
163,Jane,Martin,matthew.martinez603@email.com,Portland,CA,2023-06-10,Regular
164,Lisa,Rodriguez,linda.brown542@email.com,Austin,CA,2023-01-12,Regular
165,Mark,Garcia,mary.martin887@email.com,Houston,AZ,2022-08-13,Premium
166,Michael,Miller,jennifer.jackson278@email.com,Fort Worth,CA,2021-12-26,Basic
167,Michael,Taylor,susan.brown919@email.com,Houston,AZ,2022-08-06,Regular
168,Linda,Miller,jane.garcia326@email.com,Indianapolis,NV,2022-05-26,Premium
169,Michael,Davis,christopher.garcia354@email.com,Austin,OH,2021-12-28,Premium
170,Elizabeth,Davis,elizabeth.jackson609@email.com,San Francisco,NY,2023-02-25,Regular
171,David,Rodriguez,christopher.taylor607@email.com,Jacksonville,CO,2021-10-01,Regular
172,David,Miller,david.rodriguez10@email.com,Boston,NV,2022-11-07,Premium
173,Linda,Davis,matthew.jones674@email.com,Chicago,MA,2022-12-05,Regular
174,Elizabeth,Miller,david.jones388@email.com,,CA,2021-02-12,Regular
175,Emily,Davis,mark.rodriguez55@email.com,Chicago,GA,2023-07-11,Regular
176,William,Lee,mary.davis695@email.com,Los Angeles,IL,2022-07-05,Premium
177,Matthew,Lopez,susan.anderson724@email.com,Austin,NV,2022-02-23,Regular
178,Susan,Jones,daniel.garcia450@email.com,Los Angeles,TX,2022-11-28,Regular
179,Patricia,Brown,mary.thomas515@email.com,Indianapolis,CO,2021-02-14,Basic
180,Robert,Brown,jennifer.rodriguez976@email.com,Miami,GA,2022-12-13,Premium
181,Elizabeth,Williams,patricia.moore965@email.com,Los Angeles,PA,2021-12-01,Regular
182,Robert,Taylor,lisa.martinez651@email.com,Jacksonville,OR,2023-12-08,Premium
183,Jennifer,Lee,michael.martinez417@email.com,San Jose,NY,2023-02-04,Basic
184,Christopher,Smith,james.williams650@email.com,Boston,TX,2022-07-12,Basic
185,Mary,Jackson,michael.williams748@email.com,Chicago,FL,2023-09-10,Regular
186,Daniel,Johnson,lisa.williams170@email.com,Dallas,NC,2021-01-17,Regular
187,Matthew,Taylor,mark.johnson87@email.com,Charlotte,OH,2022-05-25,Basic
188,Daniel,Lopez,jennifer.jackson952@email.com,Charlotte,CA,2023-05-25,Regular
189,Sarah,Lee,linda.smith986@email.com,San Jose,PA,2023-05-15,Regular
190,Lisa,Hernandez,patricia.moore955@email.com,Dallas,CO,2022-08-04,Regular
191,Lisa,Taylor,david.taylor510@email.com,San Francisco,GA,2022-11-01,Premium
192,Michael,Martin,matthew.jackson715@email.com,San Diego,FL,2022-03-06,Basic
193,James,Rodriguez,sarah.wilson15@email.com,Jacksonville,OR,2022-10-23,Basic
194,John,Taylor,susan.miller933@email.com,Miami,NV,2021-07-16,Regular
195,Mark,Garcia,john.anderson720@email.com,San Antonio,GA,2023-08-22,Regular
196,Elizabeth,Moore,elizabeth.lopez251@email.com,Jacksonville,NC,2023-04-10,Regular
197,Lisa,Rodriguez,matthew.lee44@email.com,Phoenix,WA,2022-11-04,Basic
198,Mark,Wilson,susan.thomas988@email.com,San Jose,CA,2021-04-02,Basic
199,Lisa,Davis,emily.moore926@email.com,Charlotte,MA,2022-06-14,Basic
200,John,Martin,lisa.garcia77@email.com,Indianapolis,NY,2023-07-27,Basic
201,Michael,Jones,mary.jones527@email.com,Las Vegas,WA,2021-09-13,Regular
202,Jane,Johnson,mary.johnson433@email.com,Las Vegas,CO,2023-12-08,Premium
203,Lisa,Moore,linda.wilson175@email.com,Las Vegas,OH,2022-02-17,Premium
204,Michael,Anderson,mary.brown347@email.com,San Jose,NV,2021-01-10,Basic
205,Jane,Taylor,lisa.jackson872@email.com,Houston,OR,2021-03-19,Regular
206,James,Jackson,sarah.martinez307@email.com,Charlotte,OH,2022-11-28,Premium
207,Michael,Johnson,linda.martinez272@email.com,Houston,WA,2022-07-16,Premium
208,Matthew,Moore,robert.smith756@email.com,Jacksonville,OH,2021-10-07,Regular
209,Lisa,Lopez,mark.wilson223@email.com,Denver,NC,2023-11-08,Premium
210,William,Wilson,jennifer.moore846@email.com,San Jose,NY,2023-07-22,Premium
211,Linda,Garcia,jane.thomas914@email.com,Portland,OR,2022-03-11,Regular
212,Robert,Thomas,susan.taylor59@email.com,Denver,NV,2022-07-17,Regular
213,Elizabeth,Brown,mary.smith631@email.com,Charlotte,IL,2022-08-07,Regular
214,David,Moore,daniel.hernandez306@email.com,San Antonio,TX,2023-04-04,Regular
215,Mark,Thomas,mary.brown6@email.com,Dallas,CO,2023-02-12,Basic
216,Mark,Hernandez,mary.garcia412@email.com,San Jose,AZ,2023-11-24,Regular
217,Linda,Smith,mary.smith104@email.com,Boston,GA,2023-06-08,Regular
218,Lisa,Smith,patricia.taylor203@email.com,San Antonio,GA,2023-05-31,Basic
219,Linda,Miller,michael.moore527@email.com,Los Angeles,CO,2023-07-11,Regular
220,Patricia,Wilson,david.anderson127@email.com,Austin,AZ,2022-06-13,Basic
221,Robert,Martin,linda.smith160@email.com,San Diego,PA,2023-07-25,Regular
222,Sarah,Brown,william.davis482@email.com,San Francisco,FL,2021-02-03,Regular
223,Sarah,Hernandez,christopher.lopez307@email.com,Indianapolis,NC,2023-04-17,Premium
224,Patricia,Lopez,mary.anderson914@email.com,Seattle,AZ,2021-08-07,Regular
225,Mary,Lee,emily.jackson832@email.com,New York,AZ,2023-07-27,Regular
226,Patricia,Rodriguez,william.brown450@email.com,San Diego,FL,2021-02-15,Regular
227,Patricia,Garcia,daniel.garcia144@email.com,San Antonio,OH,2023-06-07,Basic
228,Daniel,Jackson,mary.anderson6@email.com,Houston,WA,2021-04-16,Regular
229,Jane,Rodriguez,mary.miller114@email.com,Indianapolis,GA,2021-06-24,Basic
230,Sarah,Davis,robert.martinez42@email.com,San Antonio,AZ,2022-06-19,Regular
231,Jane,Rodriguez,david.wilson432@email.com,Columbus,NY,2023-06-21,Basic
232,Christopher,Taylor,james.johnson165@email.com,Chicago,NV,2021-06-18,Regular
233,James,Lee,robert.taylor983@email.com,Chicago,GA,2021-06-15,Regular
234,Sarah,Hernandez,william.brown432@email.com,Portland,TX,2021-02-23,Regular
235,Lisa,Lopez,linda.jackson508@email.com,San Antonio,OR,2022-03-17,Premium
236,Robert,Garcia,david.hernandez770@email.com,San Diego,GA,2023-12-09,Basic
237,Robert,Taylor,christopher.moore744@email.com,Miami,FL,2022-06-18,Regular
238,Elizabeth,Anderson,christopher.jones113@email.com,Indianapolis,MA,2023-07-07,Premium
239,Daniel,Miller,sarah.smith130@email.com,Boston,OR,2021-07-30,Regular
240,David,Anderson,david.lopez513@email.com,Philadelphia,FL,2022-11-21,Premium
241,Patricia,Lopez,john.davis54@email.com,Columbus,AZ,2023-03-15,Basic
242,Emily,Lopez,james.anderson612@email.com,Los Angeles,OR,2023-09-11,Basic
243,William,Wilson,john.anderson492@email.com,Indianapolis,NY,2023-01-05,Basic
244,Daniel,Rodriguez,jennifer.martinez498@email.com,San Francisco,CA,2023-05-08,Regular
245,Lisa,Thomas,michael.anderson254@email.com,Indianapolis,FL,2023-06-05,Premium
246,Michael,Garcia,susan.jones747@email.com,Seattle,TX,2022-10-30,Basic
247,Daniel,Martin,matthew.garcia256@email.com,Philadelphia,IL,2021-01-01,Regular
248,Elizabeth,Jones,william.brown885@email.com,Seattle,WA,2022-11-25,Basic
249,Sarah,Martin,william.davis683@email.com,Chicago,PA,2021-06-06,Basic
250,Jane,Davis,patricia.miller486@email.com,Jacksonville,OH,2023-11-01,Basic
251,Elizabeth,Brown,sarah.moore626@email.com,Philadelphia,TX,2023-05-16,Regular
252,John,Rodriguez,emily.miller876@email.com,San Francisco,GA,2021-02-10,Regular
253,Michael,Davis,mark.jones235@email.com,Seattle,OH,2021-07-16,Basic
254,Lisa,Jackson,sarah.jones411@email.com,San Francisco,NC,2023-02-27,Regular
255,Emily,Anderson,jane.rodriguez197@email.com,San Antonio,CO,2023-10-04,Premium
256,Patricia,Wilson,david.anderson19@email.com,New York,TX,2022-08-23,Regular
257,Linda,Miller,susan.miller94@email.com,San Jose,OR,2022-06-19,Basic
258,Linda,Jones,jane.wilson418@email.com,Seattle,CA,2022-01-06,Regular
259,Robert,Jones,matthew.martinez717@email.com,Columbus,PA,2022-02-23,Regular
260,Christopher,Taylor,lisa.davis345@email.com,Philadelphia,WA,2022-08-05,Premium
261,Jane,Smith,patricia.taylor63@email.com,Austin,OH,2022-03-01,Regular
262,Emily,Garcia,matthew.anderson660@email.com,Atlanta,PA,2023-01-24,Basic
263,Christopher,Anderson,jane.martinez113@email.com,Chicago,OH,2023-06-10,Premium
264,John,Taylor,william.lopez288@email.com,Austin,MA,2023-11-26,Regular
265,Christopher,Jones,mary.anderson253@email.com,Philadelphia,NV,2022-11-03,Basic
266,William,Moore,james.johnson187@email.com,Houston,IL,2021-02-08,Basic
267,Daniel,Jackson,jane.smith54@email.com,Charlotte,WA,2022-07-24,Regular
268,Jennifer,Hernandez,james.miller293@email.com,Portland,NV,2022-10-26,Basic
269,Patricia,Taylor,linda.rodriguez931@email.com,San Jose,MA,2021-02-04,Regular
270,Elizabeth,Martinez,susan.brown442@email.com,Columbus,CO,2022-11-18,Regular
271,Linda,Rodriguez,emily.rodriguez972@email.com,Austin,IL,2023-04-18,Basic
272,David,Jackson,linda.lopez343@email.com,Atlanta,CO,2023-04-17,Basic
273,Robert,Martin,jennifer.brown100@email.com,San Antonio,OH,2022-04-15,Basic
274,Jennifer,Johnson,john.jackson789@email.com,Austin,TX,2023-09-20,Basic
275,Robert,Wilson,david.hernandez370@email.com,Las Vegas,CA,2022-12-04,Regular
276,Jane,Brown,mary.martin542@email.com,San Diego,NC,2022-09-29,Regular
277,Mark,Garcia,susan.lopez244@email.com,San Francisco,FL,2021-04-04,Basic
278,Elizabeth,Johnson,william.miller599@email.com,Indianapolis,NC,2021-10-05,Regular
279,Jane,Miller,christopher.williams909@email.com,Los Angeles,GA,2022-06-26,Basic
280,James,Rodriguez,sarah.jones645@email.com,Houston,MA,2021-12-31,Basic
281,Jane,Taylor,susan.brown43@email.com,Indianapolis,TX,2023-06-10,Basic
282,Jane,Brown,mark.miller198@email.com,Denver,MA,2021-05-28,Regular
283,Mark,Thomas,daniel.brown77@email.com,Houston,NY,2023-08-24,Regular
284,Linda,Hernandez,elizabeth.lee352@email.com,Jacksonville,IL,2021-12-10,Premium
285,Matthew,Rodriguez,jennifer.taylor780@email.com,Columbus,WA,2022-11-10,Regular
286,Matthew,Lopez,robert.jackson739@email.com,Atlanta,OR,2023-07-02,Premium
287,Emily,Lopez,david.johnson131@email.com,San Francisco,CA,2021-09-12,Regular
288,Jane,Jackson,robert.anderson564@email.com,,PA,2022-09-08,Regular
289,Matthew,Jackson,william.jackson999@email.com,San Jose,NC,2021-03-10,Regular
290,Michael,Rodriguez,mary.lopez460@email.com,Dallas,PA,2021-09-24,Regular
291,Emily,Lopez,sarah.anderson70@email.com,Fort Worth,NV,2022-11-08,Premium
292,Michael,Smith,linda.anderson537@email.com,San Francisco,MA,2021-04-25,Premium
293,Susan,Anderson,matthew.smith171@email.com,Chicago,CO,2022-05-08,Basic
294,Michael,Brown,susan.rodriguez714@email.com,Las Vegas,AZ,2022-10-25,Regular
295,Lisa,Lopez,david.martinez47@email.com,San Francisco,CO,2023-10-02,Premium
296,Christopher,Lee,mark.johnson814@email.com,Charlotte,IL,2023-05-27,Regular
297,Sarah,Miller,robert.wilson507@email.com,Las Vegas,OR,2021-12-20,Basic
298,Mark,Martin,elizabeth.moore995@email.com,Fort Worth,TX,2023-02-10,Regular
299,Lisa,Martin,michael.garcia449@email.com,Philadelphia,TX,2022-09-09,Regular
300,Mark,Jackson,matthew.wilson576@email.com,,IL,2023-11-20,Premium
301,Susan,Garcia,christopher.wilson622@email.com,Fort Worth,AZ,2021-05-27,Premium
302,Jane,Martinez,william.miller189@email.com,Denver,CA,2023-04-23,Regular
303,Susan,Lopez,john.garcia586@email.com,Chicago,FL,2022-05-26,Regular
304,Michael,Hernandez,robert.martin714@email.com,San Jose,OR,2023-11-26,Regular
305,Patricia,Moore,john.moore467@email.com,San Diego,MA,2022-08-12,Basic
306,Mark,Taylor,matthew.moore266@email.com,San Antonio,PA,2022-05-16,Basic
307,Mark,Thomas,jennifer.davis304@email.com,Fort Worth,CA,2023-04-14,Regular
308,Matthew,Williams,william.jackson122@email.com,Phoenix,NC,2021-04-17,Regular
309,James,Wilson,emily.davis47@email.com,Denver,PA,2023-03-01,Basic
310,William,Lee,elizabeth.davis299@email.com,Boston,CO,2022-02-06,Regular
311,Robert,Martinez,jane.jones965@email.com,Denver,MA,2022-10-24,Regular
312,James,Thomas,william.jones277@email.com,Dallas,AZ,2023-11-15,Premium
313,Lisa,Jones,jane.davis844@email.com,Fort Worth,NC,2022-12-20,Premium
314,William,Garcia,robert.jackson119@email.com,Miami,TX,2022-03-29,Basic
315,Christopher,Hernandez,john.lopez648@email.com,Columbus,WA,2021-02-08,Basic
316,David,Anderson,susan.lopez333@email.com,Dallas,FL,2021-06-23,Regular
317,Jennifer,Lee,michael.jackson271@email.com,Austin,GA,2021-02-14,Regular
318,Daniel,Martin,david.anderson920@email.com,Los Angeles,FL,2021-06-12,Premium
319,James,Wilson,susan.martinez333@email.com,Boston,NY,2021-10-17,Premium
320,Michael,Williams,jane.smith844@email.com,Denver,OH,2023-06-19,Regular
321,John,Williams,mary.davis749@email.com,Denver,NV,2023-02-12,Regular
322,Daniel,Garcia,william.garcia263@email.com,Denver,TX,2022-11-14,Basic
323,Susan,Hernandez,john.jackson674@email.com,New York,AZ,2021-06-22,Regular
324,Mark,Davis,mark.brown740@email.com,Portland,AZ,2022-03-03,Regular
325,Sarah,Hernandez,christopher.rodriguez891@email.com,Los Angeles,GA,2021-01-04,Basic
326,Michael,Hernandez,susan.jackson212@email.com,Houston,FL,2022-08-26,Basic
327,Elizabeth,Martinez,daniel.davis333@email.com,Los Angeles,OR,2023-10-29,Regular
328,Robert,Rodriguez,william.miller596@email.com,Seattle,OH,2023-01-26,Regular
329,Matthew,Lee,christopher.jones457@email.com,Boston,MA,2021-10-29,Regular
330,William,Wilson,lisa.anderson378@email.com,Seattle,AZ,2023-09-30,Regular
331,David,Rodriguez,david.taylor96@email.com,,FL,2023-07-31,Regular
332,Mary,Thomas,linda.garcia471@email.com,San Francisco,IL,2022-12-19,Basic
333,Michael,Lopez,emily.garcia194@email.com,San Diego,MA,2023-12-10,Premium
334,Lisa,Martin,mark.taylor966@email.com,Denver,CA,2023-02-10,Premium
335,Mary,Moore,emily.martinez22@email.com,New York,PA,2023-08-31,Premium
336,Jennifer,Thomas,jennifer.garcia907@email.com,Seattle,MA,2021-04-10,Premium
337,Emily,Anderson,emily.wilson704@email.com,San Diego,CO,2022-03-19,Basic
338,Daniel,Garcia,susan.miller72@email.com,Atlanta,WA,2023-03-05,Basic
339,Elizabeth,Garcia,david.williams437@email.com,Portland,PA,2022-11-02,Regular
340,Jennifer,Smith,lisa.thomas931@email.com,Austin,NC,2023-04-30,Premium
341,Susan,Jones,christopher.brown742@email.com,Philadelphia,AZ,2021-10-28,Regular
342,Matthew,Davis,matthew.jones745@email.com,Houston,CO,2021-04-16,Regular
343,John,Rodriguez,john.lee103@email.com,Portland,CA,2022-02-02,Premium
344,Elizabeth,Williams,christopher.wilson22@email.com,Chicago,NV,2023-05-16,Regular
345,Jennifer,Miller,sarah.smith782@email.com,Seattle,CO,2022-03-18,Regular
346,Sarah,Garcia,jane.jones255@email.com,Boston,OH,2022-06-04,Regular
347,David,Wilson,michael.rodriguez147@email.com,Columbus,AZ,2022-09-15,Regular
348,William,Brown,susan.smith812@email.com,Atlanta,MA,2022-07-31,Premium
349,Sarah,Brown,john.brown556@email.com,Indianapolis,NV,2022-03-09,Regular
350,Sarah,Williams,james.williams208@email.com,San Jose,NV,2022-06-13,Regular
351,Elizabeth,Taylor,david.taylor778@email.com,San Jose,NV,2023-04-06,Regular
352,David,Jackson,mark.thomas836@email.com,Philadelphia,WA,2023-11-08,Basic
353,William,Johnson,emily.martinez340@email.com,Miami,CA,2023-02-13,Regular
354,Jennifer,Smith,linda.jones250@email.com,San Jose,FL,2022-05-16,Premium
355,Susan,Wilson,jane.jackson709@email.com,Fort Worth,CA,2022-04-22,Premium
356,Robert,Moore,william.jackson127@email.com,Dallas,OH,2021-08-03,Regular
357,James,Williams,john.johnson106@email.com,Las Vegas,NY,2021-05-28,Premium
358,Robert,Brown,elizabeth.martinez106@email.com,Indianapolis,PA,2021-11-05,Regular
359,William,Rodriguez,matthew.anderson146@email.com,Indianapolis,NY,2022-02-06,Basic
360,Matthew,Lee,john.davis25@email.com,San Jose,IL,2022-04-01,Regular
361,Linda,Jones,lisa.anderson395@email.com,Boston,NV,2023-01-30,Regular
362,William,Williams,david.lopez672@email.com,Atlanta,IL,2023-06-20,Regular
363,Jane,Wilson,jennifer.davis944@email.com,Boston,CA,2023-05-14,Regular
364,Michael,Martinez,christopher.brown504@email.com,Las Vegas,NC,2021-07-01,Regular
365,Patricia,Davis,emily.brown230@email.com,Charlotte,CO,2023-09-04,Basic
366,William,Davis,sarah.martinez366@email.com,Denver,CA,2021-04-08,Regular
367,Jane,Martinez,michael.lee342@email.com,Jacksonville,FL,2023-07-08,Basic
368,John,Thomas,sarah.lopez946@email.com,Charlotte,WA,2022-03-27,Basic
369,James,Jones,michael.johnson620@email.com,Philadelphia,NC,2021-09-12,Premium
370,David,Jones,david.garcia439@email.com,Seattle,CA,2023-07-04,Premium
371,William,Moore,matthew.hernandez615@email.com,Jacksonville,CO,2022-09-10,Premium
372,Emily,Garcia,emily.anderson154@email.com,San Francisco,OR,2022-07-28,Premium
373,Daniel,Smith,jennifer.lee838@email.com,Austin,AZ,2023-01-02,Premium
374,Elizabeth,Johnson,jennifer.lopez897@email.com,Miami,NV,2023-08-03,Regular
375,Patricia,Lopez,sarah.rodriguez939@email.com,Portland,CA,2023-08-04,Premium
376,Elizabeth,Hernandez,linda.lopez956@email.com,Denver,TX,2023-05-27,Regular
377,John,Taylor,william.williams808@email.com,Jacksonville,GA,2021-12-21,Basic
378,Sarah,Thomas,john.jones797@email.com,Indianapolis,GA,2023-04-27,Premium
379,Michael,Jackson,david.hernandez152@email.com,Phoenix,AZ,2021-10-06,Basic
380,David,Rodriguez,christopher.thomas739@email.com,Indianapolis,OR,2023-03-06,Regular
381,Elizabeth,Jackson,linda.williams116@email.com,Las Vegas,AZ,2022-05-17,Premium
382,Jane,Thomas,mark.anderson983@email.com,Houston,CO,2023-03-15,Regular
383,Mary,Jones,william.jones93@email.com,,OH,2023-06-30,Regular
384,Mark,Jackson,james.jones187@email.com,Los Angeles,FL,2022-10-04,Basic
385,Elizabeth,Garcia,christopher.lopez327@email.com,Philadelphia,MA,2021-03-26,Basic
386,David,Martin,linda.anderson493@email.com,Phoenix,NV,2023-11-10,Basic
387,Patricia,Lee,patricia.lee813@email.com,Chicago,NY,2023-09-28,Regular
388,David,Thomas,james.jones822@email.com,Charlotte,MA,2023-10-13,Premium
389,Jane,Martin,lisa.wilson429@email.com,Las Vegas,WA,2022-06-27,Basic
390,Jennifer,Anderson,elizabeth.taylor552@email.com,Denver,AZ,2023-10-13,Basic
391,Mary,Moore,elizabeth.taylor546@email.com,Charlotte,OR,2023-02-06,Basic
392,Jane,Jackson,elizabeth.davis394@email.com,Las Vegas,NC,2022-07-13,Regular
393,Mary,Martinez,michael.martin733@email.com,Seattle,TX,2022-08-11,Regular
394,Robert,Lopez,patricia.moore592@email.com,Boston,MA,2022-05-06,Basic
395,Lisa,Taylor,lisa.williams241@email.com,Atlanta,OH,2022-08-08,Regular
396,Sarah,Jackson,mary.smith209@email.com,Atlanta,GA,2023-10-26,Basic
397,Mary,Davis,john.lopez572@email.com,Miami,OH,2022-11-16,Basic
398,Elizabeth,Williams,linda.jones944@email.com,Chicago,AZ,2021-10-11,Regular
399,Patricia,Thomas,sarah.johnson934@email.com,Phoenix,NY,2022-12-27,Basic
400,Susan,Martinez,mary.lopez870@email.com,San Jose,MA,2022-01-25,Basic
401,David,Lopez,david.martinez472@email.com,Indianapolis,IL,2023-07-03,Premium
402,Lisa,Anderson,david.jackson996@email.com,Seattle,WA,2023-07-31,Basic
403,Emily,Rodriguez,patricia.davis216@email.com,San Antonio,GA,2022-06-04,Regular
404,Emily,Jones,lisa.johnson765@email.com,Miami,MA,2021-02-26,Basic
405,Patricia,Martinez,david.brown986@email.com,Boston,OR,2022-05-07,Regular
406,John,Smith,david.wilson751@email.com,Charlotte,IL,2023-09-03,Basic
407,Emily,Smith,john.anderson381@email.com,Chicago,NC,2023-03-09,Regular
408,James,Moore,jane.brown679@email.com,Charlotte,FL,2023-08-12,Premium
409,Patricia,Jones,mark.williams489@email.com,New York,AZ,2023-05-10,Basic
410,Lisa,Lopez,susan.garcia31@email.com,Austin,CO,2023-09-01,Premium
411,William,Martinez,david.lopez145@email.com,Denver,CO,2022-07-31,Regular
412,Emily,Taylor,michael.davis79@email.com,Indianapolis,TX,2021-02-21,Basic
413,Sarah,Jackson,john.martin852@email.com,San Jose,TX,2022-06-28,Basic
414,Christopher,Smith,patricia.jones784@email.com,Dallas,GA,2021-11-04,Regular
415,Jane,Taylor,emily.taylor762@email.com,Austin,NV,2021-02-16,Regular
416,Linda,Taylor,david.moore716@email.com,Houston,NY,2023-09-11,Regular
417,Lisa,Martinez,jennifer.taylor422@email.com,Dallas,GA,2023-05-13,Regular
418,Robert,Smith,james.thomas801@email.com,San Antonio,IL,2023-08-15,Regular
419,Daniel,Anderson,john.martinez114@email.com,Columbus,FL,2022-12-28,Regular
420,Mary,Martinez,david.johnson903@email.com,San Francisco,OR,2021-06-14,Basic
421,Jennifer,Lee,jane.lee770@email.com,Philadelphia,CO,2022-09-24,Basic
422,Lisa,Davis,emily.moore165@email.com,Indianapolis,PA,2023-07-01,Basic
423,Lisa,Smith,john.wilson853@email.com,Fort Worth,NV,2022-12-20,Premium
424,John,Jackson,patricia.thomas568@email.com,Indianapolis,MA,2022-02-14,Regular
425,Robert,Lopez,william.martin514@email.com,Houston,NY,2022-09-03,Premium
426,Christopher,Miller,jennifer.davis434@email.com,Chicago,WA,2021-06-30,Regular
427,James,Anderson,emily.rodriguez997@email.com,Philadelphia,MA,2021-06-05,Regular
428,William,Jackson,michael.moore387@email.com,Las Vegas,CO,2022-10-12,Basic
429,Michael,Anderson,david.miller411@email.com,San Antonio,WA,2023-08-23,Regular
430,William,Wilson,susan.johnson225@email.com,Miami,FL,2022-03-02,Premium
431,Mary,Davis,christopher.garcia843@email.com,New York,MA,2022-03-02,Premium
432,Matthew,Garcia,elizabeth.lee862@email.com,San Antonio,OR,2021-05-02,Basic
433,Christopher,Wilson,michael.thomas489@email.com,Indianapolis,IL,2021-04-30,Regular
434,Elizabeth,Wilson,james.wilson848@email.com,Indianapolis,CA,2021-03-08,Premium
435,James,Davis,christopher.garcia56@email.com,Austin,NC,2021-04-06,Premium
436,John,Rodriguez,mary.anderson200@email.com,Columbus,NV,2022-07-23,Basic
437,Sarah,Williams,william.brown107@email.com,Seattle,TX,2021-03-10,Premium
438,William,Anderson,michael.lopez618@email.com,Houston,FL,2023-04-18,Basic
439,Emily,Davis,james.smith246@email.com,Chicago,FL,2023-02-03,Basic
440,Mark,Moore,jennifer.garcia555@email.com,Denver,OH,2023-03-27,Premium
441,William,Lee,sarah.williams217@email.com,San Diego,OH,2023-01-02,Premium
442,Jane,Rodriguez,susan.smith775@email.com,Boston,CA,2023-11-03,Basic
443,Sarah,Martinez,jennifer.miller565@email.com,San Francisco,WA,2021-11-04,Regular
444,Susan,Jackson,robert.johnson247@email.com,Seattle,MA,2022-05-11,Regular
445,Patricia,Rodriguez,william.williams584@email.com,Chicago,FL,2022-08-18,Basic
446,Mary,Anderson,mark.johnson578@email.com,Dallas,FL,2022-06-24,Basic
447,James,Miller,linda.johnson50@email.com,Austin,FL,2022-12-05,Basic
448,Patricia,Williams,james.williams967@email.com,Denver,FL,2022-05-16,Basic
449,Susan,Garcia,jennifer.smith366@email.com,New York,CA,2023-12-12,Regular
450,Matthew,Jones,jennifer.wilson513@email.com,New York,NY,2022-11-15,Premium
451,Sarah,Martinez,robert.hernandez770@email.com,Las Vegas,IL,2023-05-16,Basic
452,Christopher,Brown,christopher.lopez998@email.com,Boston,PA,2023-01-19,Regular
453,Mark,Thomas,david.brown340@email.com,Atlanta,MA,2022-05-19,Regular
454,Robert,Lee,patricia.moore104@email.com,Las Vegas,FL,2022-12-02,Basic
455,William,Thomas,matthew.jones25@email.com,Denver,NV,2022-01-05,Premium
456,Jane,Rodriguez,mark.wilson489@email.com,Miami,TX,2022-02-15,Regular
457,Patricia,Lee,mark.johnson298@email.com,Philadelphia,AZ,2021-09-24,Premium
458,John,Taylor,emily.jones699@email.com,Houston,IL,2023-04-23,Regular
459,Matthew,Miller,daniel.williams907@email.com,Charlotte,GA,2023-05-31,Premium
460,Elizabeth,Hernandez,michael.davis906@email.com,Charlotte,NV,2021-03-07,Premium
461,Robert,Smith,robert.jones788@email.com,Denver,NY,2021-01-28,Premium
462,Mary,Jones,emily.moore529@email.com,Los Angeles,IL,2021-03-17,Regular
463,Patricia,Johnson,susan.moore953@email.com,Jacksonville,GA,2022-06-17,Basic
464,Michael,Jackson,james.thomas805@email.com,Austin,OR,2023-08-14,Regular
465,James,Smith,david.hernandez298@email.com,Phoenix,OR,2021-03-01,Basic
466,Susan,Garcia,mary.lee877@email.com,Seattle,IL,2021-06-11,Regular
467,James,Brown,patricia.johnson913@email.com,Columbus,IL,2021-05-24,Regular
468,Sarah,Martinez,christopher.davis214@email.com,Columbus,CO,2021-05-03,Basic
469,Jennifer,Rodriguez,susan.lee77@email.com,Denver,MA,2022-05-18,Regular
470,Matthew,Jones,david.martin643@email.com,San Antonio,TX,2022-09-23,Basic
471,Jennifer,Thomas,linda.brown825@email.com,San Diego,AZ,2023-01-11,Premium
472,Patricia,Smith,john.jones785@email.com,Jacksonville,WA,2023-05-14,Basic
473,James,Davis,jennifer.jackson889@email.com,Chicago,WA,2021-06-09,Premium
474,Christopher,Williams,michael.taylor97@email.com,Miami,NC,2021-06-11,Basic
475,Jennifer,Jones,daniel.hernandez174@email.com,Atlanta,NY,2023-10-25,Regular
476,Elizabeth,Smith,jennifer.garcia70@email.com,Austin,CA,2023-03-29,Basic
477,David,Taylor,william.martin373@email.com,Las Vegas,NV,2022-10-06,Premium
478,Robert,Miller,mary.williams73@email.com,Indianapolis,TX,2021-06-14,Regular
479,Patricia,Hernandez,emily.thomas265@email.com,Seattle,MA,2021-06-27,Basic
480,Christopher,Anderson,linda.rodriguez782@email.com,New York,OH,2021-07-28,Regular
481,Emily,Martinez,daniel.jones963@email.com,Las Vegas,FL,2022-10-14,Regular
482,Susan,Taylor,sarah.martin500@email.com,Charlotte,NC,2023-10-26,Regular
483,Mark,Lopez,jane.lopez880@email.com,Las Vegas,TX,2022-03-17,Regular
484,Jennifer,Thomas,jennifer.wilson419@email.com,New York,NV,2023-07-07,Regular
485,Christopher,Johnson,susan.jones452@email.com,Atlanta,FL,2022-07-21,Regular
486,Elizabeth,Hernandez,mary.moore866@email.com,,OH,2023-04-03,Basic
487,John,Williams,susan.hernandez383@email.com,San Antonio,PA,2023-05-24,Premium
488,Jennifer,Jones,michael.anderson519@email.com,Phoenix,WA,2021-06-06,Regular
489,Jennifer,Johnson,daniel.rodriguez899@email.com,Atlanta,MA,2022-10-01,Basic
490,Robert,Rodriguez,jane.lee660@email.com,Fort Worth,NY,2022-09-20,Basic
491,Patricia,Wilson,jane.davis717@email.com,New York,CA,2023-08-22,Regular
492,Mark,Williams,elizabeth.smith159@email.com,Las Vegas,OH,2023-07-08,Regular
493,Susan,Jackson,sarah.martinez385@email.com,Las Vegas,OR,2023-05-21,Regular
494,James,Taylor,emily.martin409@email.com,Houston,OH,2021-07-10,Premium
495,Daniel,Garcia,michael.davis398@email.com,,WA,2023-11-12,Regular
496,Daniel,Miller,daniel.williams358@email.com,Denver,CA,2023-04-17,Regular
497,Daniel,Rodriguez,daniel.thomas658@email.com,San Diego,PA,2023-11-13,Regular
498,Robert,Wilson,elizabeth.thomas112@email.com,,IL,2023-09-25,Premium
499,Matthew,Smith,michael.garcia750@email.com,Chicago,CO,2021-01-01,Basic
500,Linda,Brown,sarah.wilson787@email.com,,AZ,2022-07-29,Basic
501,Emily,Davis,patricia.miller412@email.com,San Diego,AZ,2023-08-04,Regular
502,Michael,Wilson,james.williams325@email.com,Seattle,OR,2023-04-23,Regular
503,Jennifer,Thomas,james.lee498@email.com,Phoenix,FL,2023-03-30,Regular
504,Matthew,Davis,robert.taylor118@email.com,Denver,CA,2023-02-25,Basic
505,Susan,Johnson,william.thomas40@email.com,San Francisco,AZ,2021-10-29,Regular
506,James,Miller,elizabeth.jones972@email.com,San Jose,AZ,2021-02-02,Premium
507,Michael,Thomas,linda.jones656@email.com,Phoenix,NY,2023-02-03,Basic
508,Lisa,Brown,robert.hernandez582@email.com,Miami,WA,2021-09-30,Basic
509,Jennifer,Moore,jane.lee793@email.com,Austin,IL,2023-01-26,Basic
510,Lisa,Miller,christopher.johnson959@email.com,Jacksonville,TX,2023-04-08,Basic
511,Robert,Taylor,mary.anderson485@email.com,Houston,TX,2022-12-04,Regular
512,David,Wilson,robert.johnson217@email.com,San Diego,GA,2023-02-07,Regular
513,John,Martinez,john.anderson277@email.com,Las Vegas,OR,2021-02-04,Basic
514,Jane,Hernandez,william.garcia86@email.com,Columbus,PA,2023-12-15,Basic
515,Lisa,Garcia,david.williams281@email.com,Los Angeles,CA,2021-05-19,Premium
516,Linda,Johnson,christopher.williams306@email.com,Denver,OH,2022-07-20,Premium
517,Susan,Jackson,daniel.anderson538@email.com,Los Angeles,AZ,2021-12-03,Regular
518,Michael,Moore,robert.rodriguez189@email.com,,OR,2022-04-22,Basic
519,Daniel,Brown,jane.williams917@email.com,Indianapolis,FL,2022-04-20,Basic
520,Patricia,Rodriguez,patricia.hernandez987@email.com,Austin,NV,2021-01-08,Premium
521,Mark,Taylor,jennifer.garcia204@email.com,Seattle,PA,2022-01-05,Regular
522,Robert,Martinez,mary.anderson494@email.com,Houston,FL,2022-01-16,Regular
523,Christopher,Miller,linda.jackson706@email.com,Indianapolis,NV,2023-10-14,Basic
524,Linda,Lopez,emily.anderson364@email.com,Portland,AZ,2023-05-16,Basic
525,Christopher,Johnson,mark.wilson843@email.com,Houston,IL,2022-08-09,Basic
526,Lisa,Miller,john.jackson802@email.com,Los Angeles,OR,2021-02-05,Regular
527,David,Brown,susan.miller80@email.com,San Jose,GA,2022-10-09,Regular
528,John,Davis,mark.lee149@email.com,Austin,FL,2022-07-24,Regular
529,Sarah,Anderson,james.hernandez15@email.com,Los Angeles,OR,2023-09-13,Premium
530,Patricia,Hernandez,david.thomas957@email.com,Phoenix,NY,2022-05-11,Basic
531,Lisa,Smith,david.taylor886@email.com,San Jose,CA,2024-01-01,Basic
532,Emily,Garcia,james.brown812@email.com,San Antonio,NC,2023-05-15,Basic
533,Matthew,Rodriguez,patricia.rodriguez534@email.com,Portland,FL,2021-12-24,Basic
534,Daniel,Martin,john.thomas966@email.com,Charlotte,TX,2021-11-15,Regular
535,Jane,Brown,david.thomas655@email.com,San Antonio,OH,2021-05-18,Basic
536,Elizabeth,Wilson,mark.brown38@email.com,Fort Worth,GA,2022-06-03,Basic
537,Lisa,Davis,robert.miller431@email.com,Chicago,IL,2021-04-23,Basic
538,Sarah,Smith,elizabeth.garcia616@email.com,Austin,FL,2022-12-28,Regular
539,Daniel,Johnson,christopher.miller357@email.com,Portland,TX,2021-05-18,Regular
540,David,Martin,robert.miller996@email.com,Indianapolis,CA,2022-03-19,Premium
541,Daniel,Taylor,mark.smith380@email.com,San Francisco,WA,2021-06-30,Basic
542,Matthew,Lee,mary.smith310@email.com,San Antonio,WA,2023-12-26,Regular
543,Elizabeth,Jones,jennifer.moore839@email.com,Fort Worth,GA,2023-03-07,Regular
544,Susan,Lopez,sarah.taylor665@email.com,Fort Worth,GA,2023-02-10,Regular
545,James,Williams,daniel.anderson421@email.com,Phoenix,PA,2021-03-08,Regular
546,Daniel,Davis,mary.lopez849@email.com,Charlotte,MA,2022-09-24,Regular
547,Susan,Garcia,elizabeth.anderson536@email.com,Chicago,NV,2023-09-20,Premium
548,Matthew,Taylor,james.brown949@email.com,San Antonio,CO,2022-09-22,Regular
549,Patricia,Williams,emily.thomas439@email.com,Portland,FL,2023-07-13,Regular
550,Elizabeth,Lee,mary.garcia567@email.com,Jacksonville,NV,2022-05-14,Basic
551,Daniel,Hernandez,susan.garcia556@email.com,Indianapolis,WA,2022-03-13,Regular
552,Emily,Johnson,patricia.wilson292@email.com,Las Vegas,CO,2021-07-04,Basic
553,Linda,Johnson,patricia.martinez719@email.com,Boston,PA,2022-06-03,Regular
554,Daniel,Lopez,susan.brown90@email.com,Fort Worth,PA,2023-07-19,Regular
555,William,Jones,sarah.williams666@email.com,Denver,WA,2023-10-22,Basic
556,Lisa,Jackson,john.lee955@email.com,San Diego,GA,2022-11-27,Regular
557,William,Brown,patricia.brown509@email.com,San Antonio,IL,2021-12-10,Premium
558,Matthew,Jones,susan.jackson103@email.com,Jacksonville,CO,2022-06-19,Premium
559,Linda,Taylor,daniel.moore596@email.com,San Diego,IL,2023-07-22,Basic
560,Lisa,Davis,jane.martinez873@email.com,Boston,OH,2022-09-05,Regular
561,William,Hernandez,patricia.miller229@email.com,Los Angeles,CO,2022-09-12,Basic
562,Daniel,Jackson,daniel.jackson391@email.com,Portland,OH,2021-09-20,Regular
563,Michael,Lopez,sarah.miller877@email.com,New York,FL,2021-01-06,Premium
564,Jennifer,Thomas,linda.brown360@email.com,Miami,OR,2022-01-20,Premium
565,Lisa,Miller,daniel.anderson930@email.com,Austin,NV,2022-11-02,Regular
566,William,Smith,christopher.smith963@email.com,Seattle,AZ,2022-06-22,Regular
567,James,Wilson,mary.davis520@email.com,Austin,GA,2022-08-01,Regular
568,James,Lopez,jennifer.rodriguez901@email.com,Columbus,CA,2021-07-31,Regular
569,Elizabeth,Jones,william.martinez859@email.com,Chicago,AZ,2021-02-04,Basic
570,Michael,Rodriguez,patricia.davis5@email.com,Jacksonville,WA,2021-12-07,Regular
571,David,Johnson,patricia.johnson16@email.com,Miami,NY,2022-04-08,Regular
572,David,Taylor,john.jones810@email.com,San Jose,NY,2023-10-31,Basic
573,Lisa,Thomas,mary.moore840@email.com,Charlotte,TX,2023-09-12,Regular
574,Christopher,Jackson,susan.hernandez344@email.com,Atlanta,NV,2022-04-08,Regular
575,David,Martinez,emily.martin441@email.com,San Diego,OR,2023-01-02,Basic
576,Robert,Jackson,lisa.jackson997@email.com,Chicago,GA,2021-06-18,Basic
577,Michael,Taylor,christopher.miller632@email.com,Miami,NV,2023-04-13,Premium
578,Patricia,Miller,christopher.johnson821@email.com,Austin,OR,2023-04-28,Basic
579,Patricia,Martin,mark.anderson132@email.com,Fort Worth,NC,2022-09-28,Regular
580,James,Garcia,christopher.garcia413@email.com,Fort Worth,PA,2023-10-15,Regular
581,Elizabeth,Jackson,james.moore163@email.com,San Diego,NY,2023-09-09,Regular
582,Daniel,Lopez,patricia.davis102@email.com,Denver,IL,2022-09-12,Basic
583,Patricia,Hernandez,david.moore122@email.com,San Francisco,MA,2021-07-15,Regular
584,Jane,Thomas,mark.wilson864@email.com,Denver,GA,2022-02-22,Regular
585,Robert,Rodriguez,william.jackson163@email.com,Philadelphia,PA,2021-07-04,Regular
586,Patricia,Lee,james.miller96@email.com,Jacksonville,PA,2022-02-21,Regular
587,Christopher,Jackson,michael.smith448@email.com,Jacksonville,CA,2023-01-21,Premium
588,Mark,Garcia,john.martin157@email.com,Houston,MA,2021-06-06,Premium
589,John,Williams,john.lee725@email.com,Houston,MA,2023-11-02,Premium
590,Mark,Moore,elizabeth.williams586@email.com,Fort Worth,TX,2022-01-20,Premium
591,Christopher,Jones,christopher.smith761@email.com,San Jose,OR,2021-01-18,Premium
592,Linda,Thomas,david.thomas650@email.com,San Diego,NV,2021-10-17,Regular
593,John,Martinez,mary.garcia246@email.com,Fort Worth,GA,2022-12-29,Premium
594,Mary,Rodriguez,lisa.martinez199@email.com,Atlanta,AZ,2023-11-19,Regular
595,Jennifer,Jackson,elizabeth.davis744@email.com,Boston,GA,2023-02-05,Basic
596,Christopher,Lopez,christopher.rodriguez676@email.com,Los Angeles,AZ,2022-02-05,Regular
597,Patricia,Thomas,jane.rodriguez85@email.com,Atlanta,NV,2022-07-02,Regular
598,Elizabeth,Smith,david.smith654@email.com,Phoenix,CO,2023-05-07,Premium
599,Elizabeth,Moore,mark.brown114@email.com,Indianapolis,AZ,2022-10-14,Premium
600,Susan,Wilson,daniel.lee126@email.com,San Diego,NV,2023-12-31,Premium
601,Lisa,Garcia,sarah.jones290@email.com,San Francisco,NC,2021-06-10,Premium
602,Linda,Smith,william.garcia96@email.com,San Francisco,FL,2022-12-17,Regular
603,Lisa,Lee,michael.taylor865@email.com,Philadelphia,OH,2022-03-07,Premium
604,William,Lopez,mary.miller401@email.com,Charlotte,IL,2023-12-16,Premium
605,Patricia,Lee,sarah.taylor815@email.com,New York,IL,2023-01-17,Premium
606,Linda,Davis,john.anderson76@email.com,Philadelphia,NC,2021-12-10,Regular
607,John,Hernandez,linda.williams216@email.com,Seattle,NV,2021-09-01,Regular
608,Christopher,Williams,patricia.wilson912@email.com,Boston,NC,2023-09-29,Regular
609,James,Jackson,james.thomas828@email.com,Columbus,TX,2022-11-03,Regular
610,Christopher,Wilson,emily.garcia306@email.com,Miami,WA,2022-12-05,Regular
611,Emily,Miller,john.garcia676@email.com,Fort Worth,NY,2021-04-29,Premium
612,Daniel,Moore,mark.lee876@email.com,Columbus,AZ,2023-12-07,Basic
613,David,Taylor,jane.brown352@email.com,New York,OH,2022-09-14,Regular
614,Susan,Jackson,mary.taylor629@email.com,Austin,GA,2021-06-05,Premium
615,Elizabeth,Jones,susan.jackson6@email.com,San Diego,TX,2021-12-16,Basic
616,John,Lee,emily.moore760@email.com,San Jose,TX,2023-02-08,Basic
617,Christopher,Martinez,william.brown198@email.com,Philadelphia,CA,2022-11-08,Premium
618,Mark,Hernandez,susan.smith549@email.com,Indianapolis,AZ,2023-01-10,Regular
619,Mark,Anderson,john.moore525@email.com,Chicago,NV,2023-11-29,Basic
620,John,Hernandez,david.miller888@email.com,Fort Worth,PA,2021-08-15,Basic
621,Michael,Brown,mary.brown921@email.com,Dallas,AZ,2023-02-11,Premium
622,Patricia,Brown,robert.smith336@email.com,Dallas,FL,2023-08-02,Regular
623,David,Moore,david.davis86@email.com,Chicago,MA,2022-12-08,Regular
624,Daniel,Williams,david.rodriguez281@email.com,Portland,MA,2021-12-31,Regular
625,Emily,Johnson,linda.miller977@email.com,Atlanta,MA,2022-03-17,Regular
626,Jane,Jones,michael.lopez726@email.com,Columbus,CA,2022-02-25,Regular
627,William,Garcia,elizabeth.martinez479@email.com,Chicago,PA,2021-07-18,Regular
628,Christopher,Johnson,linda.anderson525@email.com,Los Angeles,CO,2022-03-28,Basic
629,James,Miller,christopher.miller257@email.com,Houston,OH,2022-09-30,Premium
630,Robert,Brown,emily.miller704@email.com,Boston,AZ,2023-12-27,Regular
631,Daniel,Taylor,william.wilson106@email.com,Portland,WA,2021-07-07,Basic
632,James,Miller,mark.martin320@email.com,Charlotte,OR,2021-03-26,Basic
633,James,Brown,emily.miller977@email.com,Austin,TX,2021-04-24,Regular
634,Christopher,Johnson,linda.anderson905@email.com,Miami,IL,2022-02-06,Regular
635,William,Martin,daniel.anderson611@email.com,San Antonio,PA,2023-12-28,Premium
636,Patricia,Wilson,william.hernandez638@email.com,Austin,CA,2021-05-14,Regular
637,William,Taylor,sarah.lee393@email.com,Seattle,CA,2022-06-13,Regular
638,Michael,Moore,patricia.miller581@email.com,Miami,AZ,2023-02-28,Regular
639,Linda,Lee,mary.lopez920@email.com,San Jose,MA,2022-01-23,Regular
640,John,Martin,michael.thomas172@email.com,Columbus,GA,2022-06-15,Regular
641,Elizabeth,Rodriguez,jane.moore260@email.com,Dallas,WA,2021-09-18,Premium
642,Jane,Johnson,mark.anderson301@email.com,Los Angeles,OH,2021-12-21,Regular
643,Mary,Lopez,susan.moore361@email.com,Jacksonville,NC,2022-10-01,Regular
644,Lisa,Davis,christopher.smith118@email.com,Houston,NC,2021-11-18,Regular
645,Michael,Lee,emily.hernandez440@email.com,Los Angeles,OH,2021-07-30,Premium
646,Jane,Williams,emily.lopez252@email.com,San Antonio,WA,2023-01-28,Basic
647,John,Smith,michael.miller673@email.com,Atlanta,OR,2023-08-07,Regular
648,Lisa,Miller,mary.lopez149@email.com,Seattle,PA,2022-05-11,Regular
649,Robert,Taylor,james.brown10@email.com,Seattle,TX,2021-04-17,Basic
650,John,Williams,james.smith735@email.com,New York,CA,2021-07-28,Regular
651,Susan,Thomas,james.miller477@email.com,Phoenix,IL,2021-12-22,Premium
652,David,Johnson,mark.hernandez921@email.com,San Francisco,OR,2021-05-10,Regular
653,Lisa,Lopez,lisa.jackson68@email.com,San Antonio,MA,2023-11-21,Regular
654,David,Jackson,christopher.martinez617@email.com,New York,NY,2022-10-06,Basic
655,Linda,Anderson,robert.moore223@email.com,Dallas,AZ,2021-11-13,Regular
656,Sarah,Lopez,sarah.jackson285@email.com,Phoenix,NY,2023-08-26,Premium
657,Mark,Johnson,susan.williams588@email.com,San Francisco,WA,2022-01-31,Regular
658,Robert,Lee,patricia.anderson326@email.com,Columbus,PA,2022-08-28,Regular
659,Daniel,Rodriguez,james.miller202@email.com,San Antonio,AZ,2021-07-05,Regular
660,William,Moore,jane.taylor511@email.com,Columbus,TX,2021-06-28,Regular
661,Mary,Johnson,jane.rodriguez432@email.com,Phoenix,OH,2022-08-29,Regular
662,Emily,Williams,sarah.brown464@email.com,Indianapolis,OH,2023-04-03,Basic
663,Susan,Martinez,emily.lee335@email.com,Houston,CO,2021-06-30,Regular
664,Susan,Williams,mark.wilson243@email.com,Dallas,FL,2022-02-07,Regular
665,Sarah,Miller,mark.smith292@email.com,Miami,FL,2022-05-26,Premium
666,Emily,Moore,john.martin5@email.com,Dallas,CA,2021-06-21,Premium
667,Jennifer,Brown,daniel.martinez135@email.com,Atlanta,NC,2022-11-12,Regular
668,Sarah,Brown,christopher.johnson918@email.com,Dallas,TX,2022-12-31,Premium
669,Mark,Davis,elizabeth.moore41@email.com,Charlotte,NY,2023-01-13,Premium
670,John,Jackson,james.smith72@email.com,Houston,MA,2022-02-05,Regular
671,Jennifer,Wilson,linda.brown850@email.com,Indianapolis,NC,2021-04-21,Premium
672,Mark,Miller,patricia.martinez282@email.com,Denver,GA,2021-05-09,Basic
673,Christopher,Miller,james.lopez410@email.com,San Diego,PA,2022-10-19,Premium
674,Christopher,Moore,michael.jackson794@email.com,Denver,NC,2022-04-03,Regular
675,Robert,Davis,james.taylor628@email.com,Austin,NY,2021-03-21,Regular
676,Michael,Martin,jane.wilson306@email.com,San Antonio,NY,2022-01-24,Basic
677,Mark,Garcia,daniel.taylor870@email.com,New York,CA,2021-05-01,Premium
678,Lisa,Jackson,sarah.lopez961@email.com,Denver,MA,2022-09-22,Regular
679,Sarah,Jackson,susan.brown30@email.com,Columbus,MA,2022-08-31,Basic
680,Jennifer,Anderson,lisa.johnson846@email.com,Denver,NC,2021-01-22,Basic
681,Susan,Brown,john.jones108@email.com,Los Angeles,OH,2023-07-11,Basic
682,Sarah,Martin,james.anderson232@email.com,Columbus,TX,2023-06-23,Regular
683,Mark,Lopez,emily.williams196@email.com,San Francisco,CA,2023-12-28,Premium
684,Jane,Thomas,mary.jackson6@email.com,Fort Worth,AZ,2021-06-30,Regular
685,Mary,Anderson,jane.rodriguez905@email.com,Dallas,TX,2021-07-24,Basic
686,Elizabeth,Brown,jane.brown50@email.com,Portland,WA,2021-04-08,Regular
687,Patricia,Garcia,jennifer.williams271@email.com,Atlanta,CA,2023-04-15,Regular
688,Mary,Garcia,james.lee811@email.com,Boston,PA,2023-01-09,Regular
689,Michael,Jackson,christopher.rodriguez716@email.com,Miami,CA,2022-09-13,Basic
690,Matthew,Wilson,emily.jones598@email.com,Portland,CA,2022-10-03,Premium
691,James,Moore,daniel.brown130@email.com,New York,AZ,2022-10-17,Regular
692,John,Hernandez,james.jones772@email.com,Denver,TX,2023-07-25,Regular
693,Patricia,Garcia,mark.anderson653@email.com,Philadelphia,FL,2023-04-14,Regular
694,Linda,Jackson,daniel.brown535@email.com,Philadelphia,OH,2023-06-05,Regular
695,Sarah,Lee,matthew.davis592@email.com,Indianapolis,NC,2022-05-02,Premium
696,Patricia,Thomas,linda.taylor288@email.com,Seattle,FL,2022-09-18,Regular
697,Mary,Lopez,james.taylor232@email.com,Dallas,IL,2022-10-29,Regular
698,Daniel,Hernandez,michael.rodriguez785@email.com,Boston,CO,2022-09-14,Regular
699,David,Jackson,jennifer.williams362@email.com,Indianapolis,CA,2021-09-03,Premium
700,Patricia,Hernandez,elizabeth.davis676@email.com,Charlotte,GA,2022-01-12,Regular
701,Emily,Lopez,robert.williams77@email.com,Dallas,NY,2021-07-21,Regular
702,Matthew,Anderson,linda.johnson218@email.com,Austin,OH,2021-10-17,Premium
703,William,Anderson,john.miller480@email.com,Jacksonville,GA,2023-04-13,Regular
704,Susan,Hernandez,christopher.miller500@email.com,Houston,NC,2022-07-01,Premium
705,Elizabeth,Lee,sarah.hernandez214@email.com,Portland,CA,2022-11-30,Premium
706,Linda,Davis,mark.moore527@email.com,San Diego,NC,2021-11-09,Basic
707,Daniel,Martin,james.martinez726@email.com,Austin,OH,2021-04-23,Regular
708,Patricia,Jackson,daniel.jones869@email.com,Seattle,CA,2023-05-04,Basic
709,Mark,Miller,matthew.brown937@email.com,Las Vegas,NY,2022-09-21,Regular
710,William,Wilson,david.davis939@email.com,Charlotte,WA,2021-06-18,Regular
711,James,Jackson,mary.wilson999@email.com,Phoenix,CO,2021-07-30,Basic
712,Lisa,Rodriguez,daniel.lee526@email.com,San Francisco,FL,2021-02-16,Regular
713,Michael,Lopez,robert.wilson193@email.com,Houston,CO,2023-05-09,Regular
714,William,Thomas,michael.rodriguez434@email.com,Charlotte,NC,2021-08-03,Regular
715,Daniel,Thomas,emily.martinez975@email.com,Dallas,PA,2023-02-23,Regular
716,Lisa,Wilson,mark.brown151@email.com,San Antonio,FL,2023-02-19,Basic
717,Daniel,Smith,daniel.brown763@email.com,New York,AZ,2021-07-11,Basic
718,Mark,Johnson,sarah.davis17@email.com,Miami,IL,2021-02-05,Basic
719,Susan,Martinez,daniel.garcia274@email.com,Columbus,PA,2021-05-01,Premium
720,Christopher,Lee,john.taylor678@email.com,Seattle,GA,2023-12-15,Basic
721,James,Smith,matthew.thomas361@email.com,Seattle,OH,2021-09-29,Basic
722,John,Moore,william.brown950@email.com,Houston,OR,2021-11-24,Premium
723,Linda,Jones,elizabeth.williams363@email.com,Houston,NY,2022-05-28,Premium
724,James,Martinez,patricia.miller155@email.com,Fort Worth,FL,2021-10-02,Basic
725,Emily,Smith,christopher.moore442@email.com,Dallas,CO,2021-09-10,Regular
726,Linda,Martinez,matthew.hernandez55@email.com,Las Vegas,NC,2023-04-09,Basic
727,Robert,Davis,daniel.rodriguez379@email.com,Los Angeles,CO,2021-10-17,Premium
728,Mary,Miller,sarah.johnson665@email.com,San Antonio,OR,2023-05-05,Basic
729,William,Hernandez,christopher.anderson199@email.com,San Jose,NY,2023-10-29,Regular
730,James,Smith,jennifer.miller413@email.com,San Antonio,IL,2021-09-15,Premium
731,William,Rodriguez,emily.lee283@email.com,Denver,OR,2021-11-08,Premium
732,Susan,Jackson,matthew.lee506@email.com,Indianapolis,FL,2021-06-21,Basic
733,William,Moore,matthew.anderson112@email.com,Indianapolis,OR,2023-10-20,Regular
734,Elizabeth,Jackson,jane.davis982@email.com,Chicago,WA,2022-12-30,Regular
735,John,Martin,sarah.davis118@email.com,Indianapolis,CO,2023-04-04,Regular
736,Matthew,Martin,jane.johnson590@email.com,,TX,2021-12-16,Basic
737,Robert,Jones,william.davis68@email.com,San Antonio,TX,2023-02-20,Regular
738,Michael,Brown,elizabeth.brown283@email.com,Seattle,NV,2023-02-21,Basic
739,Lisa,Johnson,lisa.lee717@email.com,San Francisco,GA,2021-10-27,Regular
740,Patricia,Thomas,christopher.wilson403@email.com,Charlotte,MA,2021-03-04,Regular
741,Linda,Lopez,sarah.davis752@email.com,Miami,CA,2023-12-20,Regular
742,Elizabeth,Jones,william.taylor211@email.com,Las Vegas,PA,2022-02-01,Regular
743,Lisa,Jones,emily.miller356@email.com,Jacksonville,AZ,2022-07-09,Basic
744,Linda,Rodriguez,jennifer.lee295@email.com,Indianapolis,IL,2023-10-14,Regular
745,Linda,Lopez,john.brown190@email.com,San Diego,MA,2021-06-26,Regular
746,Daniel,Martin,matthew.lee489@email.com,Las Vegas,MA,2021-01-08,Basic
747,John,Davis,jennifer.davis175@email.com,San Diego,TX,2021-01-23,Regular
748,Michael,Davis,james.williams171@email.com,San Antonio,NY,2022-12-09,Regular
749,Jennifer,Rodriguez,emily.hernandez922@email.com,Fort Worth,FL,2022-04-17,Basic
750,Lisa,Martinez,daniel.jones986@email.com,San Jose,NY,2021-10-12,Regular
751,Christopher,Williams,john.taylor439@email.com,San Francisco,NY,2022-12-22,Premium
752,Lisa,Martin,james.smith182@email.com,Charlotte,IL,2023-10-06,Basic
753,Jennifer,Wilson,william.williams175@email.com,New York,TX,2021-09-23,Regular
754,Mark,Martin,john.lee361@email.com,Dallas,NY,2021-09-29,Regular
755,Mary,Miller,linda.martin2@email.com,Houston,IL,2023-07-23,Premium
756,Linda,Williams,linda.davis484@email.com,San Diego,NC,2021-04-11,Basic
757,Elizabeth,Hernandez,sarah.johnson839@email.com,Portland,FL,2022-02-17,Regular
758,Matthew,Taylor,john.martin697@email.com,New York,OR,2021-11-20,Regular
759,Mary,Garcia,jennifer.davis538@email.com,Boston,PA,2021-10-26,Basic
760,Patricia,Taylor,matthew.garcia774@email.com,New York,CO,2021-03-04,Basic
761,Elizabeth,Martin,david.brown103@email.com,Boston,MA,2021-04-06,Premium
762,James,Brown,jennifer.hernandez464@email.com,Houston,PA,2023-08-07,Regular
763,Mary,Lee,linda.lopez559@email.com,Jacksonville,NV,2022-07-02,Regular
764,Daniel,Martinez,william.taylor260@email.com,San Antonio,MA,2022-11-27,Basic
765,William,Johnson,mary.thomas14@email.com,Indianapolis,NY,2023-10-08,Premium
766,Jennifer,Martin,mary.martinez728@email.com,Miami,CO,2021-09-21,Regular
767,William,Wilson,james.moore794@email.com,Columbus,PA,2022-06-05,Basic
768,Lisa,Williams,susan.taylor116@email.com,New York,NV,2022-01-27,Basic
769,Sarah,Johnson,william.moore746@email.com,Philadelphia,OR,2023-08-07,Regular
770,Robert,Hernandez,john.jones421@email.com,Seattle,IL,2021-09-08,Basic
771,James,Lopez,lisa.jones366@email.com,Phoenix,IL,2021-10-24,Premium
772,Sarah,Anderson,linda.smith251@email.com,Fort Worth,AZ,2022-12-18,Basic
773,Elizabeth,Anderson,mark.anderson369@email.com,Phoenix,MA,2021-06-30,Premium
774,Emily,Brown,robert.williams199@email.com,Jacksonville,CA,2022-08-28,Regular
775,Robert,Davis,christopher.brown989@email.com,Dallas,CA,2022-11-17,Basic
776,Robert,Lee,william.jackson921@email.com,Philadelphia,AZ,2022-01-17,Premium
777,Linda,Smith,daniel.moore180@email.com,Los Angeles,GA,2021-04-02,Regular
778,William,Wilson,william.lopez910@email.com,Dallas,IL,2022-11-10,Basic
779,Mark,Johnson,james.wilson604@email.com,Chicago,NY,2023-11-15,Basic
780,Matthew,Martinez,patricia.rodriguez317@email.com,Miami,FL,2021-02-17,Regular
781,Susan,Moore,robert.johnson594@email.com,Philadelphia,FL,2021-10-29,Regular
782,Jennifer,Johnson,matthew.hernandez855@email.com,San Diego,OH,2023-11-23,Regular
783,Sarah,Hernandez,susan.brown444@email.com,Chicago,NY,2023-03-30,Regular
784,Robert,Jackson,daniel.martin992@email.com,Boston,CA,2021-02-02,Regular
785,Jennifer,Martin,mary.martinez113@email.com,Los Angeles,PA,2023-02-18,Premium
786,Lisa,Jones,john.taylor950@email.com,Las Vegas,CA,2021-03-31,Basic
787,Mary,Hernandez,david.thomas698@email.com,Miami,AZ,2022-08-13,Regular
788,Emily,Moore,david.moore990@email.com,Jacksonville,PA,2021-02-28,Regular
789,Jennifer,Davis,jennifer.lee572@email.com,Charlotte,MA,2021-12-22,Regular
790,John,Jones,emily.martinez499@email.com,Charlotte,WA,2022-01-08,Basic
791,Elizabeth,Johnson,jennifer.williams819@email.com,Phoenix,WA,2022-06-21,Premium
792,David,Wilson,jennifer.smith465@email.com,New York,IL,2021-01-27,Regular
793,William,Thomas,jane.miller290@email.com,Dallas,NY,2023-05-08,Regular
794,Jane,Lee,mark.brown55@email.com,Dallas,CA,2023-01-05,Regular
795,Jane,Martin,linda.martinez6@email.com,Chicago,OR,2022-09-08,Premium
796,Elizabeth,Moore,patricia.lopez677@email.com,New York,FL,2023-09-05,Basic
797,Jennifer,Williams,john.johnson258@email.com,Los Angeles,FL,2022-06-24,Basic
798,David,Davis,david.lopez900@email.com,Portland,NV,2023-07-13,Regular
799,Linda,Anderson,jennifer.moore682@email.com,Portland,TX,2023-03-29,Regular
800,Sarah,Martinez,elizabeth.jones977@email.com,San Francisco,TX,2022-11-30,Basic
801,John,Wilson,michael.rodriguez147@email.com,Portland,OR,2021-03-27,Basic
802,Mark,Jones,robert.anderson600@email.com,Denver,MA,2021-02-17,Premium
803,Jennifer,Jones,michael.martinez225@email.com,Portland,NC,2022-06-11,Regular
804,Linda,Hernandez,jane.taylor956@email.com,Dallas,IL,2021-06-20,Regular
805,Linda,Williams,mary.davis832@email.com,Houston,IL,2023-10-27,Regular
806,Daniel,Taylor,christopher.anderson409@email.com,Denver,IL,2023-11-01,Basic
807,James,Martin,sarah.rodriguez943@email.com,San Antonio,OR,2022-11-08,Basic
808,Emily,Johnson,jennifer.lee319@email.com,Philadelphia,IL,2023-06-12,Basic
809,Jane,Jackson,emily.martin447@email.com,Dallas,AZ,2023-03-15,Regular
810,William,Wilson,james.martin143@email.com,Jacksonville,NY,2022-06-16,Premium
811,Linda,Rodriguez,robert.rodriguez139@email.com,San Diego,NY,2022-02-23,Basic
812,Sarah,Williams,patricia.jackson205@email.com,Seattle,PA,2021-03-14,Basic
813,Michael,Wilson,jennifer.martinez88@email.com,Miami,TX,2021-07-12,Premium
814,Christopher,Moore,jennifer.martin950@email.com,Chicago,OR,2023-03-08,Basic
815,Linda,Anderson,daniel.jackson188@email.com,Los Angeles,WA,2022-11-06,Basic
816,Michael,Jones,christopher.anderson99@email.com,Boston,IL,2022-12-27,Regular
817,Mark,Jones,david.moore453@email.com,San Francisco,IL,2023-06-03,Regular
818,Jane,Taylor,james.moore958@email.com,Portland,CO,2021-10-03,Regular
819,David,Jackson,mary.thomas363@email.com,Boston,IL,2022-03-28,Premium
820,David,Miller,patricia.thomas431@email.com,San Jose,NY,2023-11-21,Regular
821,Mark,Taylor,patricia.thomas29@email.com,Houston,PA,2023-10-05,Basic
822,Jennifer,Wilson,elizabeth.smith981@email.com,Miami,FL,2023-12-24,Premium
823,Michael,Martin,patricia.williams774@email.com,Phoenix,IL,2023-11-08,Regular
824,Lisa,Miller,david.lee929@email.com,Phoenix,CO,2023-11-12,Regular
825,Sarah,Jackson,jennifer.davis595@email.com,Dallas,NY,2023-06-26,Regular
826,Elizabeth,Lee,matthew.lopez131@email.com,Seattle,CA,2023-02-20,Basic
827,Patricia,Moore,susan.jackson922@email.com,Charlotte,CO,2022-12-13,Regular
828,Susan,Davis,mark.martinez55@email.com,New York,MA,2023-05-22,Regular
829,Susan,Davis,christopher.jones413@email.com,Denver,WA,2022-05-02,Basic
830,Susan,Williams,john.thomas827@email.com,Las Vegas,GA,2021-06-01,Regular
831,Lisa,Rodriguez,matthew.thomas860@email.com,Las Vegas,NY,2022-02-26,Regular
832,Matthew,Anderson,jane.williams57@email.com,Seattle,OR,2023-03-09,Regular
833,Christopher,Hernandez,william.brown342@email.com,San Francisco,CA,2021-04-18,Premium
834,Daniel,Martin,susan.brown842@email.com,Phoenix,CA,2023-05-04,Premium
835,Daniel,Williams,jennifer.martin494@email.com,Las Vegas,GA,2021-09-20,Regular
836,Jennifer,Brown,james.johnson125@email.com,Fort Worth,TX,2021-10-10,Regular
837,Mark,Anderson,mark.moore758@email.com,Dallas,AZ,2021-02-17,Basic
838,Patricia,Anderson,jane.miller529@email.com,Denver,NC,2021-06-30,Regular
839,Jennifer,Lopez,david.jackson759@email.com,Columbus,AZ,2021-07-20,Regular
840,Mark,Lopez,linda.jones229@email.com,San Antonio,TX,2022-02-01,Regular
841,Susan,Miller,david.martinez644@email.com,Philadelphia,TX,2023-02-22,Premium
842,Jane,Hernandez,jennifer.smith825@email.com,Philadelphia,WA,2021-01-19,Regular
843,Susan,Lopez,linda.lee705@email.com,Jacksonville,CA,2022-07-27,Premium
844,Sarah,Lee,robert.brown69@email.com,,TX,2023-09-15,Basic
845,Robert,Smith,john.jones619@email.com,San Francisco,TX,2022-07-22,Premium
846,Robert,Martinez,sarah.moore100@email.com,San Jose,CO,2023-07-05,Regular
847,William,Garcia,lisa.miller107@email.com,Phoenix,IL,2021-06-13,Premium
848,Michael,Lopez,linda.smith853@email.com,Philadelphia,PA,2021-02-01,Basic
849,Emily,Lee,matthew.thomas401@email.com,San Jose,IL,2022-03-15,Regular
850,Lisa,Thomas,jane.brown308@email.com,New York,NC,2023-11-09,Regular
851,Emily,Lee,christopher.taylor189@email.com,Dallas,FL,2021-02-04,Premium
852,Elizabeth,Jones,lisa.jackson267@email.com,Portland,CA,2022-03-01,Basic
853,Michael,Thomas,susan.thomas880@email.com,Miami,GA,2022-11-06,Regular
854,Emily,Johnson,susan.brown443@email.com,Atlanta,TX,2021-09-06,Basic
855,John,Davis,david.smith190@email.com,San Antonio,IL,2022-06-10,Regular
856,Patricia,Miller,david.davis175@email.com,Philadelphia,TX,2023-12-04,Premium
857,Daniel,Lopez,matthew.jackson206@email.com,Columbus,MA,2022-10-23,Premium
858,Susan,Jones,linda.taylor297@email.com,Houston,WA,2022-05-19,Regular
859,Linda,Williams,jennifer.brown983@email.com,Houston,AZ,2021-12-12,Regular
860,Jennifer,Brown,mark.taylor377@email.com,Seattle,PA,2022-08-17,Premium
861,Jane,Johnson,william.wilson396@email.com,Boston,OR,2022-09-23,Basic
862,Lisa,Davis,sarah.thomas427@email.com,Los Angeles,OR,2021-05-31,Regular
863,Jennifer,Lee,patricia.jones29@email.com,Los Angeles,FL,2021-09-07,Regular
864,Jennifer,Jones,jennifer.thomas124@email.com,San Antonio,CO,2022-06-16,Regular
865,Daniel,Martinez,mark.wilson12@email.com,San Jose,AZ,2023-07-31,Regular
866,Michael,Smith,mark.martinez35@email.com,Fort Worth,PA,2021-04-08,Regular
867,Lisa,Hernandez,susan.thomas44@email.com,Indianapolis,IL,2023-01-11,Premium
868,William,Brown,mary.jones480@email.com,Columbus,TX,2022-04-23,Premium
869,Mark,Martinez,daniel.rodriguez10@email.com,Houston,AZ,2022-09-23,Basic
870,Robert,Thomas,emily.lopez513@email.com,Portland,IL,2023-06-22,Basic
871,Patricia,Taylor,matthew.miller358@email.com,Fort Worth,NC,2021-09-20,Regular
872,Sarah,Smith,matthew.wilson526@email.com,San Antonio,FL,2022-05-06,Regular
873,Elizabeth,Hernandez,michael.garcia672@email.com,Los Angeles,AZ,2023-01-05,Regular
874,Lisa,Miller,david.lopez672@email.com,San Francisco,GA,2021-07-10,Regular
875,David,Jackson,mark.hernandez471@email.com,New York,GA,2023-04-18,Premium
876,William,Miller,david.rodriguez804@email.com,Phoenix,AZ,2023-08-30,Premium
877,David,Miller,jennifer.wilson70@email.com,Seattle,WA,2022-03-17,Basic
878,Michael,Jackson,linda.wilson986@email.com,Fort Worth,OH,2021-04-26,Regular
879,Jane,Moore,linda.lee675@email.com,Charlotte,FL,2022-11-10,Premium
880,Emily,Rodriguez,emily.martin726@email.com,Portland,GA,2022-03-29,Regular
881,Jennifer,Jackson,matthew.moore266@email.com,Miami,NY,2021-09-16,Regular
882,Susan,Taylor,david.hernandez603@email.com,Philadelphia,IL,2023-03-18,Regular
883,Mark,Lee,mark.lopez599@email.com,Los Angeles,AZ,2023-10-08,Premium
884,Jennifer,Jones,susan.wilson70@email.com,Phoenix,WA,2021-01-17,Premium
885,Daniel,Smith,jane.smith873@email.com,Los Angeles,NC,2022-06-08,Basic
886,Sarah,Wilson,emily.davis99@email.com,Los Angeles,FL,2023-11-12,Premium
887,Daniel,Martin,sarah.taylor957@email.com,Boston,FL,2023-11-25,Regular
888,Jennifer,Moore,linda.hernandez779@email.com,Austin,TX,2023-04-08,Regular
889,Christopher,Johnson,lisa.davis108@email.com,,AZ,2023-12-19,Premium
890,William,Rodriguez,emily.wilson774@email.com,Fort Worth,IL,2023-04-28,Regular
891,Matthew,Garcia,patricia.williams64@email.com,Columbus,MA,2022-11-11,Basic
892,Elizabeth,Johnson,susan.rodriguez118@email.com,Las Vegas,NY,2023-02-18,Basic
893,Linda,Martinez,jane.williams453@email.com,Phoenix,MA,2021-11-02,Basic
894,Daniel,Miller,mary.lee647@email.com,Chicago,GA,2021-12-08,Regular
895,Michael,Lee,john.garcia329@email.com,Denver,WA,2023-01-23,Regular
896,Susan,Rodriguez,sarah.thomas387@email.com,Jacksonville,PA,2024-01-01,Regular
897,Jane,Johnson,david.martin570@email.com,San Antonio,TX,2022-01-16,Regular
898,Patricia,Thomas,robert.miller259@email.com,Columbus,FL,2021-11-22,Basic
899,James,Smith,linda.thomas696@email.com,Seattle,GA,2023-12-13,Premium
900,Susan,Williams,jennifer.davis207@email.com,Denver,OH,2021-12-04,Premium
901,William,Wilson,emily.anderson834@email.com,New York,CO,2021-01-04,Regular
902,John,Rodriguez,matthew.miller89@email.com,New York,CO,2021-08-15,Premium
903,Michael,Lopez,mark.smith645@email.com,Austin,OH,2023-12-16,Premium
904,Lisa,Brown,sarah.miller35@email.com,Charlotte,CO,2022-03-24,Regular
905,Mark,Smith,david.smith369@email.com,San Francisco,NV,2021-11-12,Regular
906,Mark,Martinez,patricia.martin560@email.com,Boston,OR,2022-05-18,Basic
907,John,Wilson,michael.hernandez190@email.com,Austin,OR,2023-02-04,Basic
908,William,Davis,matthew.taylor195@email.com,New York,TX,2022-03-06,Regular
909,Mark,Wilson,robert.martin848@email.com,Los Angeles,AZ,2021-03-27,Regular
910,Jane,Moore,linda.moore361@email.com,Houston,CO,2023-06-14,Regular
911,Emily,Brown,mary.lee922@email.com,San Francisco,WA,2023-11-11,Regular
912,Linda,Hernandez,elizabeth.jones821@email.com,San Diego,NC,2023-11-20,Regular
913,Matthew,Taylor,michael.thomas438@email.com,Phoenix,CO,2022-12-04,Regular
914,Daniel,Lee,christopher.williams583@email.com,Austin,CO,2023-05-25,Regular
915,William,Jackson,michael.jones802@email.com,Denver,PA,2022-09-03,Regular
916,Emily,Williams,matthew.martinez104@email.com,New York,IL,2023-05-16,Regular
917,Mark,Garcia,sarah.taylor237@email.com,New York,WA,2023-09-21,Regular
918,Patricia,Miller,jane.lee554@email.com,Charlotte,OH,2023-04-19,Basic
919,Linda,Moore,james.smith230@email.com,San Antonio,OR,2023-10-12,Basic
920,Michael,Thomas,jennifer.rodriguez400@email.com,Boston,TX,2023-10-26,Premium
921,Linda,Jackson,mary.williams894@email.com,Charlotte,PA,2021-02-07,Basic
922,Mary,Smith,emily.martinez77@email.com,Chicago,FL,2023-03-29,Regular
923,Patricia,Johnson,elizabeth.martin248@email.com,San Antonio,OR,2022-07-25,Basic
924,James,Davis,matthew.lee513@email.com,Los Angeles,GA,2022-10-26,Basic
925,James,Moore,jennifer.wilson634@email.com,Miami,CA,2022-03-25,Regular
926,Sarah,Martinez,jane.jackson715@email.com,Charlotte,PA,2023-09-10,Premium
927,Emily,Hernandez,sarah.martin483@email.com,Philadelphia,MA,2022-07-05,Regular
928,James,Taylor,william.smith34@email.com,Philadelphia,IL,2022-07-29,Regular
929,Patricia,Wilson,james.anderson268@email.com,Chicago,FL,2022-10-29,Regular
930,Linda,Garcia,robert.hernandez910@email.com,Houston,FL,2023-08-31,Regular
931,Jennifer,Smith,jane.jones210@email.com,San Antonio,PA,2022-11-17,Premium
932,Christopher,Lopez,elizabeth.hernandez947@email.com,Seattle,OR,2021-10-28,Basic
933,Elizabeth,Lopez,jane.davis506@email.com,Fort Worth,PA,2021-06-12,Basic
934,Jane,Lopez,michael.martin927@email.com,Denver,WA,2022-04-19,Regular
935,Daniel,Martinez,susan.johnson355@email.com,Los Angeles,OR,2023-01-02,Premium
936,Michael,Davis,michael.anderson613@email.com,Las Vegas,CA,2022-02-15,Regular
937,James,Moore,susan.williams909@email.com,Indianapolis,AZ,2021-06-16,Premium
938,William,Rodriguez,elizabeth.taylor970@email.com,San Francisco,OH,2023-09-06,Basic
939,James,Johnson,david.rodriguez741@email.com,Chicago,GA,2022-10-23,Premium
940,Sarah,Rodriguez,jane.brown37@email.com,Miami,NV,2022-12-07,Regular
941,Christopher,Wilson,linda.moore231@email.com,Fort Worth,FL,2022-11-07,Regular
942,Matthew,Smith,mary.anderson490@email.com,San Francisco,IL,2021-11-21,Regular
943,John,Jackson,jennifer.davis22@email.com,Phoenix,PA,2023-10-28,Regular
944,Elizabeth,Rodriguez,jane.smith793@email.com,Philadelphia,GA,2023-09-28,Basic
945,Daniel,Davis,robert.jackson623@email.com,Houston,TX,2022-07-17,Regular
946,Patricia,Jones,christopher.smith566@email.com,New York,OR,2023-07-26,Premium
947,Jane,Hernandez,linda.johnson397@email.com,Dallas,CO,2022-07-21,Premium
948,Robert,Wilson,christopher.jones441@email.com,Austin,NC,2021-06-28,Basic
949,Matthew,Jones,patricia.jackson142@email.com,Portland,NY,2021-05-12,Basic
950,Mary,Williams,sarah.thomas121@email.com,Dallas,WA,2022-08-20,Regular
951,Susan,Wilson,susan.lopez361@email.com,Las Vegas,NV,2023-12-15,Regular
952,Linda,Moore,robert.hernandez448@email.com,Columbus,FL,2023-03-02,Regular
953,Daniel,Lee,jane.davis238@email.com,Houston,FL,2021-11-17,Premium
954,Jane,Davis,michael.martin11@email.com,San Francisco,AZ,2023-05-28,Basic
955,Robert,Anderson,lisa.anderson766@email.com,Houston,CA,2023-06-28,Regular
956,William,Davis,elizabeth.martin47@email.com,Denver,AZ,2022-10-24,Regular
957,Elizabeth,Martin,john.davis833@email.com,Philadelphia,OH,2021-09-04,Regular
958,David,Jones,jane.williams59@email.com,Seattle,GA,2021-08-30,Premium
959,Jennifer,Anderson,david.thomas185@email.com,Chicago,PA,2023-10-07,Premium
960,Daniel,Martinez,jennifer.johnson322@email.com,San Francisco,TX,2023-05-20,Basic
961,Linda,Lee,mary.lee671@email.com,New York,TX,2022-06-11,Premium
962,Sarah,Hernandez,lisa.martinez133@email.com,Charlotte,FL,2022-11-17,Regular
963,John,Thomas,susan.wilson491@email.com,Dallas,OR,2022-04-04,Regular
964,Susan,Jackson,sarah.williams79@email.com,San Jose,WA,2022-07-04,Regular
965,Lisa,Jones,william.jackson211@email.com,San Diego,MA,2023-04-13,Regular
966,Emily,Miller,linda.lopez920@email.com,Columbus,PA,2022-12-30,Regular
967,Jennifer,Jones,lisa.thomas731@email.com,Los Angeles,IL,2022-10-14,Basic
968,Elizabeth,Martin,jennifer.lopez799@email.com,Phoenix,AZ,2021-05-28,Regular
969,John,Jackson,elizabeth.martinez890@email.com,San Diego,NV,2023-01-04,Regular
970,Elizabeth,Miller,lisa.moore915@email.com,San Jose,OH,2023-06-12,Regular
971,Patricia,Jones,william.hernandez715@email.com,San Jose,GA,2022-09-29,Regular
972,Michael,Martinez,elizabeth.moore107@email.com,Phoenix,AZ,2021-08-17,Basic
973,Lisa,Moore,jane.lopez923@email.com,Philadelphia,NV,2023-04-06,Basic
974,Sarah,Jones,patricia.lee498@email.com,Jacksonville,GA,2023-06-22,Regular
975,Daniel,Anderson,william.williams209@email.com,Phoenix,FL,2023-12-21,Premium
976,Sarah,Jones,david.moore237@email.com,Chicago,FL,2023-05-25,Regular
977,David,Martin,jennifer.jackson216@email.com,Miami,MA,2022-05-02,Regular
978,Linda,Garcia,sarah.lopez743@email.com,Fort Worth,PA,2021-01-17,Premium
979,Jennifer,Hernandez,david.johnson241@email.com,New York,CO,2021-04-13,Regular
980,Matthew,Williams,daniel.thomas976@email.com,Phoenix,TX,2022-02-28,Regular
981,William,Jackson,sarah.smith511@email.com,Austin,PA,2022-12-20,Regular
982,Patricia,Jackson,jane.rodriguez285@email.com,Philadelphia,TX,2023-10-30,Basic
983,Linda,Brown,mark.wilson308@email.com,San Antonio,NC,2022-01-12,Premium
984,Linda,Garcia,michael.johnson286@email.com,Denver,WA,2021-05-05,Premium
985,Lisa,Hernandez,susan.wilson508@email.com,Dallas,MA,2021-08-14,Basic
986,Daniel,Jones,john.wilson394@email.com,Chicago,MA,2023-03-23,Regular
987,Elizabeth,Smith,daniel.johnson230@email.com,Phoenix,MA,2022-01-28,Regular
988,David,Hernandez,robert.wilson189@email.com,Las Vegas,NV,2021-03-19,Regular
989,Christopher,Anderson,patricia.jackson54@email.com,Atlanta,FL,2021-06-25,Regular
990,Robert,Anderson,jennifer.johnson555@email.com,Las Vegas,IL,2022-11-02,Basic
991,Susan,Martinez,mary.smith932@email.com,New York,GA,2023-09-01,Basic
992,Matthew,Thomas,susan.hernandez945@email.com,Denver,CO,2021-11-14,Regular
993,David,Rodriguez,william.martin222@email.com,Dallas,NV,2021-12-20,Regular
994,Michael,Jones,john.hernandez744@email.com,San Jose,GA,2022-07-30,Regular
995,William,Miller,susan.anderson887@email.com,Las Vegas,WA,2021-10-24,Regular
996,Patricia,Brown,patricia.johnson827@email.com,Charlotte,NC,2021-09-16,Premium
997,James,Jones,sarah.jackson398@email.com,San Francisco,NV,2023-12-10,Basic
998,Matthew,Garcia,jennifer.jackson475@email.com,Philadelphia,PA,2022-07-30,Premium
999,William,Smith,patricia.martin737@email.com,Fort Worth,MA,2022-03-17,Basic
1000,John,Lee,mark.moore267@email.com,Boston,TX,2022-09-18,Regular
1001,Jennifer,Lee,emily.wilson479@email.com,New York,IL,2021-12-09,Premium
1002,Jennifer,Rodriguez,lisa.jones930@email.com,San Antonio,AZ,2023-09-10,Regular
1003,Mark,Lee,john.rodriguez819@email.com,Atlanta,TX,2023-02-21,Basic
1004,Mark,Martin,william.williams256@email.com,Philadelphia,NV,2023-04-21,Basic
1005,Linda,Lee,elizabeth.martinez346@email.com,Columbus,NV,2021-04-10,Basic
1006,David,Davis,mark.wilson40@email.com,Miami,MA,2023-12-01,Regular
1007,Daniel,Lee,susan.rodriguez371@email.com,Miami,GA,2022-06-05,Regular
1008,Elizabeth,Davis,william.rodriguez802@email.com,Jacksonville,FL,2023-06-12,Basic
1009,Linda,Davis,susan.smith128@email.com,Austin,OH,2021-04-11,Regular
1010,Mary,Smith,jennifer.martin677@email.com,Houston,NV,2021-06-19,Regular
1011,James,Lopez,james.rodriguez868@email.com,San Diego,WA,2023-11-03,Regular
1012,Elizabeth,Williams,emily.thomas474@email.com,Phoenix,IL,2021-03-10,Basic
1013,Elizabeth,Taylor,john.thomas10@email.com,San Francisco,AZ,2022-07-17,Basic
1014,Christopher,Jones,daniel.johnson990@email.com,Columbus,CA,2021-01-17,Premium
1015,Daniel,Moore,mary.taylor654@email.com,Chicago,PA,2022-02-22,Basic
1016,James,Lee,elizabeth.miller419@email.com,Miami,OH,2022-02-07,Basic
1017,Robert,Taylor,jane.martin962@email.com,Charlotte,CA,2022-09-07,Premium
1018,Lisa,Lopez,michael.rodriguez919@email.com,Boston,IL,2021-01-11,Regular
1019,Mark,Garcia,susan.jackson322@email.com,San Jose,CO,2021-05-28,Basic
1020,Christopher,Wilson,michael.thomas185@email.com,Las Vegas,OH,2022-11-15,Premium
1021,Lisa,Taylor,william.rodriguez266@email.com,Seattle,OR,2022-03-25,Regular
1022,Patricia,Taylor,linda.jones233@email.com,New York,CO,2023-06-18,Regular
1023,Jane,Jones,emily.jones893@email.com,Atlanta,MA,2022-05-11,Basic
1024,James,Garcia,susan.johnson239@email.com,Phoenix,NV,2023-02-07,Basic
1025,Linda,Miller,sarah.johnson189@email.com,Dallas,FL,2023-12-16,Basic
1026,Christopher,Davis,matthew.thomas594@email.com,Jacksonville,TX,2023-03-29,Regular
1027,Christopher,Johnson,james.johnson567@email.com,Portland,MA,2023-03-31,Basic
1028,David,Anderson,lisa.johnson975@email.com,Jacksonville,CO,2023-09-23,Basic
1029,Linda,Smith,william.rodriguez17@email.com,Denver,NC,2021-08-02,Regular
1030,Jane,Rodriguez,mary.jackson736@email.com,Seattle,NV,2022-12-10,Basic
1031,David,Anderson,jane.lee241@email.com,Jacksonville,TX,2022-10-31,Premium
1032,Matthew,Davis,mary.brown80@email.com,Houston,PA,2022-06-19,Regular
1033,Mark,Miller,matthew.thomas116@email.com,Fort Worth,AZ,2022-07-13,Regular
1034,James,Miller,matthew.williams243@email.com,Los Angeles,TX,2023-05-04,Premium
1035,Sarah,Williams,robert.hernandez585@email.com,Phoenix,CO,2021-02-02,Premium
1036,Daniel,Garcia,mary.anderson74@email.com,Houston,AZ,2022-12-08,Regular
1037,Sarah,Thomas,patricia.martinez147@email.com,Houston,FL,2022-05-17,Regular
1038,Matthew,Lee,john.hernandez622@email.com,Denver,NC,2021-11-12,Basic
1039,Daniel,Taylor,mary.hernandez999@email.com,Atlanta,PA,2023-03-16,Premium
1040,John,Hernandez,patricia.lopez482@email.com,Houston,NC,2021-03-25,Regular
1041,David,Thomas,jennifer.lee32@email.com,Austin,MA,2023-06-15,Regular
1042,Patricia,Davis,emily.lopez46@email.com,Seattle,FL,2023-09-20,Basic
1043,David,Anderson,jennifer.jones934@email.com,Denver,TX,2022-07-02,Regular
1044,Michael,Wilson,mark.smith109@email.com,Chicago,CO,2023-04-06,Regular
1045,Linda,Johnson,susan.miller828@email.com,Philadelphia,WA,2021-10-10,Basic
1046,William,Lee,james.moore733@email.com,Columbus,NY,2023-10-13,Regular
1047,James,Wilson,matthew.martin730@email.com,Seattle,FL,2021-10-06,Regular
1048,Susan,Hernandez,mary.miller388@email.com,Fort Worth,GA,2021-04-09,Premium
1049,Christopher,Wilson,mark.johnson673@email.com,Portland,CA,2022-11-13,Basic
1050,Michael,Lee,david.wilson781@email.com,San Jose,FL,2022-02-27,Premium
1051,James,Martin,michael.williams982@email.com,Las Vegas,MA,2023-03-21,Basic
1052,Elizabeth,Lee,lisa.martin516@email.com,Boston,NC,2022-09-05,Regular
1053,Christopher,Jackson,mark.jackson752@email.com,Seattle,IL,2021-05-09,Basic
1054,James,Moore,patricia.jackson751@email.com,Columbus,AZ,2021-08-08,Basic
1055,Linda,Johnson,sarah.moore818@email.com,Dallas,WA,2021-11-10,Basic
1056,Elizabeth,Moore,jane.lee484@email.com,San Francisco,OH,2023-12-23,Regular
1057,Jane,Brown,matthew.moore452@email.com,Seattle,WA,2022-12-16,Basic
1058,Susan,Thomas,james.rodriguez200@email.com,Columbus,CO,2023-04-18,Regular
1059,Michael,Thomas,mark.martinez933@email.com,Indianapolis,TX,2023-06-30,Regular
1060,Lisa,Johnson,lisa.hernandez249@email.com,Atlanta,WA,2021-11-11,Regular
1061,Jennifer,Davis,mary.davis467@email.com,Columbus,WA,2023-10-24,Basic
1062,Lisa,Moore,james.brown710@email.com,Phoenix,GA,2023-01-17,Basic
1063,Michael,Jackson,lisa.thomas751@email.com,San Antonio,NV,2021-03-29,Basic
1064,Patricia,Wilson,patricia.lopez82@email.com,Charlotte,GA,2021-12-16,Regular
1065,Sarah,Johnson,mary.jackson518@email.com,Fort Worth,NC,2021-06-25,Regular
1066,Sarah,Jackson,michael.lopez670@email.com,Los Angeles,GA,2023-01-02,Basic
1067,Daniel,Wilson,linda.lee236@email.com,New York,CO,2022-10-20,Regular
1068,Emily,Moore,daniel.anderson236@email.com,Indianapolis,CA,2022-03-22,Premium
1069,Jennifer,Johnson,mark.jones948@email.com,Indianapolis,FL,2022-05-19,Regular
1070,John,Miller,elizabeth.davis796@email.com,Dallas,CA,2021-02-10,Regular
1071,Jane,Martinez,patricia.martin682@email.com,San Jose,PA,2023-10-16,Regular
1072,James,Thomas,david.lee267@email.com,Charlotte,OR,2023-07-19,Regular
1073,Jane,Wilson,jennifer.hernandez322@email.com,Dallas,TX,2022-11-28,Premium
1074,Jennifer,Martinez,sarah.williams419@email.com,New York,CO,2022-10-18,Premium
1075,Mary,Martinez,patricia.moore152@email.com,Indianapolis,NC,2021-10-12,Basic
1076,Mary,Thomas,mark.taylor648@email.com,Las Vegas,CA,2021-07-02,Regular
1077,Patricia,Garcia,robert.garcia898@email.com,San Diego,CA,2021-11-22,Regular
1078,David,Anderson,daniel.smith171@email.com,Charlotte,FL,2023-03-03,Regular
1079,Lisa,Martinez,sarah.anderson270@email.com,Atlanta,NV,2022-01-09,Regular
1080,Matthew,Lee,elizabeth.taylor761@email.com,Seattle,GA,2023-05-04,Basic
1081,Patricia,Johnson,sarah.jones891@email.com,Chicago,NC,2022-06-17,Basic
1082,Mark,Moore,jane.anderson25@email.com,Denver,CO,2022-03-22,Premium
1083,Emily,Jones,emily.williams136@email.com,Houston,TX,2023-01-30,Regular
1084,Emily,Thomas,matthew.moore941@email.com,Denver,MA,2023-03-26,Basic
1085,Emily,Thomas,christopher.anderson363@email.com,,OH,2023-09-06,Basic
1086,Michael,Williams,david.wilson714@email.com,San Francisco,CA,2023-11-15,Regular
1087,Susan,Moore,elizabeth.davis730@email.com,San Jose,NY,2022-07-01,Regular
1088,Christopher,Brown,jennifer.brown345@email.com,Boston,TX,2022-08-14,Premium
1089,Susan,Garcia,james.martin624@email.com,Denver,NY,2023-03-21,Basic
1090,Lisa,Martin,susan.brown740@email.com,Phoenix,OH,2021-01-06,Regular
1091,Linda,Jackson,jane.williams757@email.com,Chicago,GA,2023-07-03,Basic
1092,Mark,Jones,mary.thomas933@email.com,,TX,2021-02-15,Regular
1093,David,Wilson,patricia.thomas759@email.com,San Jose,OH,2023-09-12,Regular
1094,Lisa,Anderson,patricia.martinez776@email.com,Los Angeles,IL,2022-12-05,Regular
1095,Daniel,Hernandez,linda.jones752@email.com,,FL,2021-06-18,Regular
1096,William,Thomas,emily.martin939@email.com,Fort Worth,NY,2021-07-24,Premium
1097,Daniel,Smith,matthew.williams156@email.com,Denver,OH,2023-10-31,Regular
1098,William,Garcia,john.martin608@email.com,Las Vegas,MA,2021-05-13,Premium
1099,John,Thomas,mary.thomas389@email.com,Las Vegas,IL,2023-07-24,Basic
1100,Daniel,Martin,james.thomas181@email.com,Indianapolis,GA,2023-09-17,Regular
1101,Jennifer,Miller,matthew.martin287@email.com,San Antonio,OR,2023-02-07,Premium
1102,Elizabeth,Thomas,sarah.davis305@email.com,Fort Worth,GA,2023-01-29,Basic
1103,Emily,Williams,linda.hernandez50@email.com,Boston,NY,2021-05-21,Basic
1104,Michael,Rodriguez,mark.moore919@email.com,Las Vegas,CA,2021-11-10,Basic
1105,Daniel,Hernandez,matthew.martin521@email.com,Miami,AZ,2022-07-22,Basic
1106,Mary,Garcia,patricia.martinez331@email.com,Phoenix,NC,2022-09-05,Premium
1107,Mark,Brown,christopher.hernandez776@email.com,San Antonio,WA,2021-07-16,Regular
1108,Jennifer,Williams,emily.jones43@email.com,Austin,FL,2022-09-21,Basic
1109,Patricia,Brown,robert.anderson532@email.com,San Diego,OR,2021-12-05,Regular
1110,William,Thomas,william.martin901@email.com,Dallas,OH,2022-11-26,Premium
1111,Daniel,Lopez,susan.hernandez102@email.com,Seattle,NC,2022-02-26,Basic
1112,Jennifer,Williams,mary.martinez170@email.com,Dallas,NV,2021-07-25,Regular
1113,Robert,Moore,sarah.martinez281@email.com,Indianapolis,MA,2023-05-30,Regular
1114,Christopher,Wilson,linda.thomas230@email.com,Columbus,NY,2022-07-19,Regular
1115,Linda,Moore,emily.martinez962@email.com,Dallas,NC,2021-12-31,Regular
1116,Sarah,Lee,william.lee772@email.com,Charlotte,NV,2023-12-01,Regular
1117,Lisa,Garcia,sarah.davis683@email.com,Los Angeles,IL,2022-05-16,Premium
1118,Christopher,Wilson,william.jones99@email.com,Indianapolis,FL,2023-11-26,Basic
1119,Mark,Jackson,robert.jackson859@email.com,Philadelphia,MA,2022-11-20,Regular
1120,Mary,Wilson,matthew.garcia29@email.com,Houston,AZ,2023-09-02,Premium
1121,Mark,Johnson,susan.johnson983@email.com,San Diego,WA,2022-07-12,Basic
1122,Jennifer,Garcia,elizabeth.jackson819@email.com,Denver,TX,2023-06-21,Basic
1123,Jennifer,Hernandez,robert.smith501@email.com,Indianapolis,CA,2023-07-01,Basic
1124,John,Martin,john.lopez209@email.com,Columbus,IL,2023-06-09,Basic
1125,Christopher,Jones,jennifer.martin437@email.com,Austin,CA,2022-12-19,Regular
1126,William,Garcia,daniel.moore130@email.com,Dallas,AZ,2023-02-16,Regular
1127,John,Jones,daniel.martinez941@email.com,Columbus,FL,2022-10-16,Premium
1128,Mark,Garcia,sarah.brown456@email.com,Philadelphia,GA,2021-03-17,Regular
1129,Jane,Johnson,patricia.taylor270@email.com,Phoenix,TX,2023-09-13,Regular
1130,Susan,Anderson,michael.jones286@email.com,Portland,WA,2021-02-08,Regular
1131,Linda,Martinez,sarah.lopez823@email.com,New York,GA,2023-01-11,Basic
1132,Jennifer,Martinez,michael.davis745@email.com,Philadelphia,AZ,2022-10-30,Regular
1133,Lisa,Thomas,michael.hernandez161@email.com,Chicago,GA,2022-09-13,Premium
1134,Susan,Martinez,matthew.hernandez283@email.com,Philadelphia,GA,2022-06-24,Regular
1135,Mary,Garcia,daniel.moore689@email.com,San Antonio,OH,2022-03-07,Regular
1136,Lisa,Brown,michael.hernandez914@email.com,Las Vegas,FL,2022-09-19,Premium
1137,Robert,Jones,jane.anderson103@email.com,Las Vegas,IL,2022-04-01,Basic
1138,Susan,Miller,matthew.hernandez195@email.com,San Francisco,PA,2023-06-04,Regular
1139,William,Smith,elizabeth.johnson972@email.com,Atlanta,CO,2023-08-23,Regular
1140,David,Lee,john.davis141@email.com,Las Vegas,AZ,2023-10-06,Regular
1141,Sarah,Rodriguez,mark.wilson894@email.com,Phoenix,OR,2021-07-28,Basic
1142,Jane,Smith,lisa.miller272@email.com,New York,IL,2022-11-20,Regular
1143,Jennifer,Thomas,linda.jones497@email.com,Jacksonville,MA,2023-04-21,Regular
1144,Daniel,Taylor,emily.taylor290@email.com,Austin,WA,2021-12-24,Regular
1145,Jane,Taylor,david.miller651@email.com,New York,OR,2021-10-16,Regular
1146,Mark,Jackson,michael.moore878@email.com,San Antonio,CO,2021-01-06,Basic
1147,Mary,Smith,robert.smith445@email.com,San Antonio,IL,2022-06-29,Basic
1148,David,Lee,michael.taylor572@email.com,New York,FL,2021-04-21,Regular
1149,Michael,Taylor,susan.miller728@email.com,Los Angeles,OR,2023-09-25,Basic
1150,Jennifer,Davis,emily.johnson429@email.com,New York,MA,2023-04-10,Basic
1151,James,Miller,william.lee390@email.com,New York,AZ,2022-05-09,Basic
1152,Patricia,Martin,mark.davis654@email.com,Seattle,PA,2022-09-04,Basic
1153,Emily,Taylor,mary.taylor544@email.com,Indianapolis,GA,2021-08-19,Regular
1154,Robert,Thomas,emily.martinez861@email.com,Fort Worth,FL,2022-12-10,Regular
1155,David,Anderson,lisa.martinez685@email.com,San Diego,TX,2022-03-08,Regular
1156,Elizabeth,Thomas,linda.taylor816@email.com,San Jose,NV,2023-01-08,Basic
1157,Mary,Williams,christopher.lee366@email.com,Las Vegas,OR,2023-08-08,Premium
1158,Matthew,Lee,elizabeth.taylor303@email.com,Portland,TX,2023-08-14,Basic
1159,Matthew,Lee,sarah.davis116@email.com,Fort Worth,WA,2021-09-13,Basic
1160,William,Smith,jennifer.anderson993@email.com,Charlotte,CA,2021-04-15,Premium
1161,Emily,Davis,daniel.hernandez254@email.com,San Diego,OH,2021-04-08,Basic
1162,William,Jackson,patricia.brown181@email.com,Denver,IL,2021-08-13,Premium
1163,Linda,Rodriguez,daniel.hernandez677@email.com,Houston,MA,2021-09-10,Regular
1164,Jennifer,Lee,sarah.lopez714@email.com,Boston,NV,2022-11-14,Basic
1165,James,Jackson,christopher.jones793@email.com,New York,WA,2022-06-01,Premium
1166,Sarah,Miller,linda.taylor616@email.com,New York,OR,2023-08-05,Basic
1167,Daniel,Johnson,patricia.davis30@email.com,Indianapolis,GA,2023-07-21,Basic
1168,Michael,Garcia,jennifer.rodriguez520@email.com,Indianapolis,WA,2022-04-14,Regular
1169,David,Jones,robert.anderson63@email.com,Denver,CO,2022-08-13,Premium
1170,Lisa,Johnson,elizabeth.hernandez268@email.com,Denver,NV,2022-06-23,Regular
1171,Christopher,Lopez,james.anderson401@email.com,Chicago,AZ,2022-05-08,Regular
1172,Elizabeth,Johnson,daniel.anderson409@email.com,Houston,NY,2021-05-27,Basic
1173,Mary,Jones,william.johnson275@email.com,Dallas,TX,2022-06-22,Regular
1174,Michael,Johnson,linda.davis348@email.com,Houston,FL,2023-09-18,Regular
1175,Christopher,Martin,jane.martinez459@email.com,Fort Worth,OR,2021-10-01,Regular
1176,John,Lee,patricia.davis587@email.com,New York,WA,2021-12-21,Regular
1177,William,Martinez,emily.jackson212@email.com,New York,AZ,2022-12-23,Basic
1178,Elizabeth,Hernandez,sarah.lee626@email.com,Denver,NC,2023-01-19,Premium
1179,Sarah,Williams,james.jones620@email.com,Chicago,OR,2023-08-18,Basic
1180,Daniel,Johnson,elizabeth.smith974@email.com,Fort Worth,CO,2023-10-22,Regular
1181,Mary,Brown,john.wilson93@email.com,Denver,CA,2022-11-21,Basic
1182,William,Anderson,james.lopez786@email.com,Las Vegas,CO,2023-04-02,Regular
1183,Mark,Garcia,elizabeth.williams671@email.com,Miami,CA,2022-06-06,Regular
1184,Christopher,Garcia,jane.moore216@email.com,Phoenix,IL,2021-08-01,Basic
1185,Mary,Martinez,mary.jackson204@email.com,San Diego,CO,2022-04-03,Premium
1186,Sarah,Lee,emily.jackson406@email.com,Phoenix,FL,2022-12-03,Basic
1187,Lisa,Lee,lisa.martinez821@email.com,Atlanta,MA,2022-07-08,Regular
1188,Linda,Martin,emily.lopez340@email.com,San Francisco,NV,2023-09-27,Premium
1189,John,Jackson,patricia.miller567@email.com,San Antonio,FL,2022-09-25,Regular
1190,Susan,Garcia,lisa.smith37@email.com,Charlotte,MA,2021-07-15,Basic
1191,Elizabeth,Thomas,john.moore105@email.com,Las Vegas,AZ,2023-03-17,Premium
1192,James,Martin,matthew.wilson811@email.com,Denver,WA,2023-12-30,Regular
1193,Susan,Lopez,linda.johnson161@email.com,Atlanta,OH,2022-11-05,Regular
1194,Lisa,Johnson,jennifer.martinez25@email.com,Seattle,CA,2023-02-06,Regular
1195,Michael,Williams,lisa.davis35@email.com,Denver,WA,2023-08-16,Premium
1196,Daniel,Martinez,william.brown833@email.com,Las Vegas,FL,2022-03-15,Basic
1197,Jennifer,Hernandez,christopher.wilson135@email.com,Charlotte,OH,2022-10-06,Basic
1198,Patricia,Lopez,william.williams79@email.com,Las Vegas,CO,2021-11-07,Basic
1199,Sarah,Wilson,michael.moore740@email.com,Portland,NY,2022-05-02,Basic
1200,David,Williams,patricia.smith16@email.com,Boston,FL,2021-10-24,Premium
1201,Jane,Anderson,elizabeth.lee942@email.com,Los Angeles,CO,2023-01-22,Basic
1202,Jane,Jackson,david.brown754@email.com,Fort Worth,NV,2023-02-03,Premium
1203,Jennifer,Williams,mark.wilson199@email.com,New York,NC,2022-12-17,Premium
1204,Linda,Martinez,susan.martinez804@email.com,Seattle,TX,2021-02-06,Regular
1205,Sarah,Taylor,james.anderson525@email.com,Las Vegas,TX,2022-12-06,Regular
1206,Sarah,Jones,john.martinez281@email.com,Austin,PA,2023-09-23,Basic
1207,Lisa,Brown,daniel.miller103@email.com,San Jose,TX,2022-09-10,Regular
1208,Elizabeth,Rodriguez,william.martin483@email.com,Seattle,WA,2023-09-27,Regular
1209,David,Hernandez,christopher.martinez440@email.com,Chicago,CA,2023-01-12,Regular
1210,Christopher,Moore,michael.davis991@email.com,Seattle,NY,2023-10-25,Basic
1211,Daniel,Anderson,patricia.jackson286@email.com,Columbus,CA,2021-07-20,Regular
1212,Mary,Moore,linda.martinez930@email.com,San Francisco,FL,2023-04-18,Regular
1213,Elizabeth,Miller,elizabeth.moore251@email.com,Dallas,CA,2023-04-05,Premium
1214,Patricia,Miller,christopher.smith509@email.com,Fort Worth,IL,2021-04-01,Basic
1215,Mark,Lee,christopher.lopez782@email.com,San Diego,PA,2021-11-15,Regular
1216,David,Johnson,elizabeth.brown464@email.com,,GA,2023-12-24,Regular
1217,Patricia,Brown,lisa.martin999@email.com,Los Angeles,GA,2022-06-22,Premium
1218,Sarah,Martin,john.wilson790@email.com,New York,WA,2021-08-29,Regular
1219,Linda,Moore,lisa.thomas379@email.com,Boston,NY,2022-02-01,Regular
1220,Susan,Williams,linda.martin112@email.com,Denver,CA,2023-04-21,Regular
1221,Patricia,Taylor,jennifer.hernandez148@email.com,Indianapolis,FL,2021-12-10,Basic
1222,William,Lee,michael.brown575@email.com,,GA,2022-05-04,Premium
1223,Jane,Martinez,emily.miller886@email.com,Atlanta,MA,2022-03-14,Regular
1224,Mary,Anderson,linda.martin256@email.com,San Diego,TX,2022-09-11,Basic
1225,Robert,Lee,michael.jones413@email.com,San Diego,WA,2023-06-29,Regular
1226,Daniel,Hernandez,susan.taylor536@email.com,Columbus,WA,2021-01-04,Regular
1227,Daniel,Rodriguez,mark.davis61@email.com,Houston,AZ,2022-09-08,Regular
1228,Lisa,Moore,linda.rodriguez422@email.com,Houston,MA,2021-02-07,Regular
1229,Mary,Martin,jennifer.hernandez855@email.com,Las Vegas,WA,2023-08-11,Basic
1230,Sarah,Lee,david.johnson330@email.com,San Diego,NY,2021-07-28,Regular
1231,Mary,Lopez,mark.lee417@email.com,Charlotte,GA,2022-05-31,Basic
1232,Elizabeth,Jones,john.rodriguez707@email.com,Chicago,GA,2023-04-01,Regular
1233,Mary,Lee,robert.jackson814@email.com,Houston,CA,2023-06-30,Regular
1234,Jane,Martin,linda.jackson512@email.com,Indianapolis,TX,2021-07-16,Premium
1235,Christopher,Taylor,james.davis330@email.com,Chicago,TX,2022-06-06,Regular
1236,William,Moore,daniel.taylor527@email.com,Austin,TX,2023-10-07,Regular
1237,Robert,Taylor,elizabeth.williams944@email.com,Chicago,AZ,2023-09-29,Basic
1238,Sarah,Taylor,sarah.anderson717@email.com,Atlanta,AZ,2022-05-18,Regular
1239,Daniel,Garcia,michael.wilson131@email.com,Boston,TX,2022-08-19,Basic
1240,Michael,Lee,john.garcia533@email.com,Seattle,OH,2021-09-12,Premium
1241,Robert,Davis,sarah.garcia203@email.com,Miami,NV,2022-12-17,Basic
1242,Susan,Martinez,daniel.brown40@email.com,Jacksonville,CO,2022-10-17,Basic
1243,John,Miller,patricia.taylor175@email.com,Portland,FL,2022-11-28,Basic
1244,Jane,Smith,matthew.taylor144@email.com,Dallas,OR,2021-03-27,Basic
1245,James,Brown,elizabeth.anderson409@email.com,Austin,OH,2023-11-28,Basic
1246,Lisa,Smith,john.martinez121@email.com,Indianapolis,CO,2022-03-20,Regular
1247,David,Thomas,patricia.martinez738@email.com,Phoenix,GA,2023-10-20,Premium
1248,Mark,Brown,william.moore331@email.com,Denver,TX,2022-08-04,Premium
1249,Robert,Miller,susan.lopez578@email.com,San Jose,CO,2023-02-03,Basic
1250,Michael,Lee,emily.jones298@email.com,Phoenix,AZ,2023-04-05,Regular
1251,Elizabeth,Anderson,matthew.miller823@email.com,New York,NC,2021-03-17,Basic
1252,Robert,Anderson,susan.lopez532@email.com,San Antonio,GA,2021-09-09,Regular
1253,Mark,Johnson,susan.rodriguez484@email.com,Miami,CA,2023-08-04,Premium
1254,Robert,Hernandez,daniel.miller959@email.com,Dallas,AZ,2021-02-22,Premium
1255,Lisa,Lopez,james.jones169@email.com,Atlanta,NY,2022-01-27,Regular
1256,James,Jackson,matthew.taylor11@email.com,New York,OR,2023-03-07,Regular
1257,David,Miller,james.anderson184@email.com,Chicago,WA,2021-07-26,Regular
1258,Susan,Smith,david.taylor69@email.com,Jacksonville,NC,2021-02-09,Regular
1259,John,Miller,john.martinez719@email.com,San Antonio,GA,2021-06-09,Premium
1260,William,Martinez,robert.miller711@email.com,Austin,MA,2023-08-01,Regular
1261,David,Rodriguez,sarah.jackson470@email.com,San Diego,AZ,2022-12-14,Regular
1262,David,Williams,james.brown63@email.com,Dallas,CA,2021-03-05,Basic
1263,Elizabeth,Martinez,susan.thomas609@email.com,Columbus,MA,2021-03-22,Regular
1264,William,Martinez,emily.williams359@email.com,Columbus,NY,2021-08-03,Regular
1265,Emily,Moore,elizabeth.davis354@email.com,New York,CA,2023-06-17,Premium
1266,Sarah,Jackson,john.miller282@email.com,Charlotte,OR,2021-03-14,Premium
1267,John,Hernandez,jennifer.anderson599@email.com,,FL,2023-02-24,Regular
1268,David,Smith,jennifer.lopez640@email.com,Fort Worth,OH,2023-08-01,Regular
1269,John,Brown,christopher.rodriguez575@email.com,Denver,WA,2022-07-07,Regular
1270,Mary,Hernandez,elizabeth.miller80@email.com,Boston,TX,2021-03-10,Regular
1271,Lisa,Hernandez,mark.jones106@email.com,Boston,NY,2023-09-29,Regular
1272,Mark,Wilson,robert.rodriguez183@email.com,Dallas,CA,2023-06-05,Basic
1273,James,Martin,william.martin105@email.com,San Jose,AZ,2021-12-31,Basic
1274,John,Lee,david.moore602@email.com,Denver,NV,2023-12-20,Premium
1275,Emily,Smith,christopher.hernandez590@email.com,Portland,NC,2022-10-03,Regular
1276,William,Garcia,mark.lee284@email.com,Dallas,CA,2022-10-05,Premium
1277,Jane,Miller,susan.taylor215@email.com,Fort Worth,CA,2021-07-20,Regular
1278,David,Hernandez,emily.smith803@email.com,Columbus,FL,2023-03-26,Basic
1279,Patricia,Hernandez,lisa.miller94@email.com,Charlotte,NY,2021-11-16,Premium
1280,Matthew,Taylor,susan.jones147@email.com,Phoenix,AZ,2021-08-13,Regular
1281,Sarah,Taylor,emily.taylor896@email.com,Portland,WA,2023-01-18,Regular
1282,Michael,Johnson,john.hernandez80@email.com,Los Angeles,CO,2022-04-30,Basic
1283,Linda,Jones,jane.jones524@email.com,Houston,MA,2023-05-19,Regular
1284,Daniel,Taylor,daniel.anderson681@email.com,Los Angeles,WA,2023-07-01,Premium
1285,Mary,Jones,linda.hernandez310@email.com,Seattle,CO,2023-04-03,Regular
1286,Matthew,Thomas,matthew.brown247@email.com,Phoenix,CO,2022-05-27,Regular
1287,Mark,Jackson,elizabeth.wilson387@email.com,Dallas,CA,2022-12-24,Premium
1288,Sarah,Hernandez,christopher.taylor364@email.com,Miami,GA,2022-02-10,Regular
1289,Daniel,Thomas,jennifer.moore325@email.com,Las Vegas,NY,2023-05-28,Premium
1290,Matthew,Anderson,matthew.williams905@email.com,New York,NY,2023-09-24,Premium
1291,Lisa,Johnson,susan.miller979@email.com,Phoenix,OR,2022-05-07,Regular
1292,Susan,Moore,emily.rodriguez729@email.com,Portland,AZ,2023-01-24,Premium
1293,Jane,Martinez,david.anderson574@email.com,Seattle,CO,2022-12-31,Regular
1294,Matthew,Martin,daniel.taylor712@email.com,Chicago,NV,2023-12-16,Regular
1295,Jennifer,Hernandez,william.brown572@email.com,Portland,NV,2023-04-15,Basic
1296,Daniel,Jackson,patricia.lopez183@email.com,Indianapolis,IL,2021-04-04,Regular
1297,John,Jackson,john.lopez876@email.com,Phoenix,NV,2023-09-29,Premium
1298,Jane,Smith,daniel.lopez746@email.com,Phoenix,NV,2021-04-29,Premium
1299,Linda,Miller,patricia.miller632@email.com,Miami,NY,2023-07-20,Regular
1300,Christopher,Martin,elizabeth.miller392@email.com,San Diego,IL,2021-09-20,Basic
1301,Patricia,Hernandez,mary.garcia956@email.com,Indianapolis,NC,2021-09-30,Premium
1302,Sarah,Lopez,john.miller453@email.com,Charlotte,NC,2023-12-30,Basic
1303,Linda,Williams,mary.moore200@email.com,Boston,OR,2022-03-16,Premium
1304,Daniel,Jones,john.martin318@email.com,San Jose,NV,2022-07-08,Regular
1305,Michael,Rodriguez,james.brown933@email.com,New York,FL,2021-06-24,Basic
1306,Michael,Smith,mary.rodriguez515@email.com,Phoenix,OR,2022-03-14,Basic
1307,James,Hernandez,john.lee280@email.com,Fort Worth,FL,2022-04-18,Basic
1308,Susan,Wilson,jane.rodriguez658@email.com,Phoenix,NV,2022-12-09,Basic
1309,David,Jackson,linda.wilson45@email.com,Los Angeles,CA,2021-08-07,Regular
1310,Michael,Garcia,william.rodriguez641@email.com,Indianapolis,FL,2022-02-02,Basic
1311,David,Martin,jane.martin844@email.com,Jacksonville,NV,2021-01-15,Premium
1312,William,Lee,john.taylor623@email.com,Indianapolis,NC,2021-06-02,Basic
1313,Susan,Wilson,daniel.taylor178@email.com,,NY,2022-07-12,Regular
1314,Mark,Garcia,linda.jackson827@email.com,San Francisco,MA,2022-01-24,Basic
1315,Elizabeth,Lee,sarah.johnson379@email.com,Dallas,CA,2021-04-07,Regular
1316,James,Brown,john.lee916@email.com,Portland,NV,2023-08-17,Regular
1317,Christopher,Martinez,david.garcia892@email.com,Austin,WA,2022-09-27,Regular
1318,Susan,Hernandez,david.williams430@email.com,Phoenix,WA,2021-12-04,Basic
1319,Matthew,Johnson,sarah.johnson455@email.com,Charlotte,NY,2023-10-06,Premium
1320,Jennifer,Rodriguez,jane.hernandez100@email.com,San Diego,TX,2022-09-27,Premium
1321,Daniel,Anderson,elizabeth.rodriguez874@email.com,Jacksonville,AZ,2022-04-10,Regular
1322,Matthew,Williams,robert.lee756@email.com,Miami,IL,2023-06-05,Premium
1323,Susan,Taylor,john.hernandez858@email.com,San Antonio,CA,2023-04-10,Basic
1324,Patricia,Davis,james.garcia928@email.com,Columbus,OR,2022-04-06,Regular
1325,Sarah,Lopez,mark.lopez529@email.com,San Jose,GA,2022-10-05,Basic
1326,Sarah,Thomas,john.wilson427@email.com,Philadelphia,TX,2023-09-10,Regular
1327,Elizabeth,Martinez,jane.williams198@email.com,San Diego,AZ,2023-04-28,Premium
1328,Robert,Miller,matthew.jones747@email.com,Jacksonville,NC,2023-06-24,Basic
1329,Patricia,Moore,william.williams177@email.com,Charlotte,NV,2021-05-09,Regular
1330,Daniel,Martinez,daniel.johnson283@email.com,New York,MA,2022-07-03,Regular
1331,Lisa,Garcia,susan.miller706@email.com,New York,NV,2023-12-02,Regular
1332,Patricia,Brown,matthew.anderson178@email.com,San Jose,PA,2021-02-15,Basic
1333,James,Lopez,john.martinez281@email.com,Chicago,AZ,2022-02-06,Regular
1334,Daniel,Johnson,elizabeth.lopez121@email.com,Philadelphia,NC,2021-01-23,Basic
1335,Christopher,Miller,james.thomas582@email.com,Boston,AZ,2021-04-16,Basic
1336,Patricia,Williams,michael.martin953@email.com,Houston,NV,2023-07-24,Regular
1337,Sarah,Thomas,daniel.williams120@email.com,Seattle,IL,2022-04-13,Premium
1338,James,Moore,michael.garcia748@email.com,Phoenix,NY,2023-01-16,Regular
1339,Patricia,Smith,michael.garcia326@email.com,Seattle,TX,2023-06-14,Premium
1340,James,Taylor,mark.smith786@email.com,Portland,PA,2023-01-18,Premium
1341,William,Moore,emily.smith223@email.com,Austin,TX,2021-11-11,Regular
1342,Mary,Jones,mary.thomas84@email.com,Houston,CA,2023-03-10,Regular
1343,David,Miller,lisa.martinez858@email.com,Seattle,FL,2021-02-21,Basic
1344,Linda,Hernandez,robert.jones318@email.com,Houston,NY,2023-11-18,Basic
1345,Michael,Taylor,jane.wilson723@email.com,Atlanta,MA,2021-12-23,Basic
1346,Michael,Moore,jennifer.garcia286@email.com,,OH,2022-12-03,Regular
1347,Michael,Martinez,david.martin324@email.com,Chicago,WA,2022-01-07,Regular
1348,Michael,Hernandez,patricia.davis856@email.com,Miami,CO,2023-05-01,Regular
1349,Patricia,Jones,robert.rodriguez905@email.com,Philadelphia,CA,2022-05-01,Basic
1350,Sarah,Brown,robert.garcia303@email.com,Miami,OH,2023-08-23,Premium
1351,Mary,Moore,william.thomas271@email.com,Austin,OR,2022-06-26,Basic
1352,David,Jones,michael.taylor364@email.com,Jacksonville,NV,2021-05-20,Regular
1353,Elizabeth,Miller,mark.lopez358@email.com,Denver,WA,2021-10-17,Regular
1354,Jane,Johnson,matthew.thomas850@email.com,New York,CA,2023-11-04,Basic
1355,Mark,Thomas,emily.johnson973@email.com,San Jose,TX,2023-12-08,Regular
1356,Elizabeth,Wilson,mark.wilson160@email.com,Atlanta,NV,2023-03-11,Basic
1357,Elizabeth,Moore,elizabeth.martin216@email.com,Fort Worth,NC,2023-05-29,Basic
1358,James,Brown,patricia.lopez662@email.com,Houston,FL,2021-08-01,Regular
1359,Sarah,Smith,jennifer.miller351@email.com,Los Angeles,NY,2021-07-01,Regular
1360,Patricia,Martinez,matthew.jackson850@email.com,Los Angeles,CA,2021-09-16,Regular
1361,Mary,Johnson,william.williams526@email.com,Charlotte,PA,2021-09-21,Basic
1362,Patricia,Lee,robert.rodriguez224@email.com,Boston,GA,2022-02-06,Regular
1363,Jane,Williams,daniel.rodriguez33@email.com,Philadelphia,OH,2021-12-07,Regular
1364,Jennifer,Hernandez,sarah.moore675@email.com,San Diego,CA,2021-06-04,Regular
1365,Susan,Thomas,emily.taylor144@email.com,Los Angeles,OR,2022-06-25,Basic
1366,Jennifer,Johnson,daniel.martin331@email.com,Dallas,MA,2021-12-07,Premium
1367,Mary,Brown,mary.martin387@email.com,Columbus,NV,2022-10-23,Basic
1368,Sarah,Moore,mark.johnson331@email.com,Columbus,CA,2021-11-22,Basic
1369,Mark,Martinez,sarah.lopez891@email.com,New York,GA,2023-02-13,Premium
1370,Matthew,Smith,john.garcia432@email.com,Los Angeles,OH,2021-06-19,Regular
1371,Robert,Martin,linda.hernandez345@email.com,Chicago,CA,2021-08-10,Basic
1372,David,Martinez,sarah.garcia936@email.com,Phoenix,TX,2023-09-29,Premium
1373,Linda,Miller,mary.martinez167@email.com,Seattle,NV,2021-10-28,Basic
1374,Lisa,Hernandez,daniel.jackson191@email.com,San Diego,IL,2022-11-14,Regular
1375,Sarah,Miller,john.thomas829@email.com,Indianapolis,GA,2022-09-19,Regular
1376,Mary,Miller,susan.thomas608@email.com,Phoenix,MA,2023-03-19,Basic
1377,Elizabeth,Martinez,mark.anderson749@email.com,Charlotte,CA,2022-10-15,Regular
1378,Mary,Rodriguez,christopher.taylor855@email.com,Chicago,WA,2023-07-14,Regular
1379,Sarah,Jackson,lisa.rodriguez741@email.com,New York,CO,2022-06-25,Regular
1380,William,Hernandez,mary.lee346@email.com,Chicago,AZ,2022-07-13,Regular
1381,Mark,Thomas,linda.wilson308@email.com,Las Vegas,NV,2023-02-13,Premium
1382,Lisa,Brown,jane.davis782@email.com,Las Vegas,OR,2023-02-02,Regular
1383,Patricia,Rodriguez,matthew.brown432@email.com,Philadelphia,OR,2022-03-16,Basic
1384,Elizabeth,Jones,patricia.rodriguez977@email.com,San Antonio,NY,2022-01-06,Regular
1385,Susan,Garcia,mark.wilson608@email.com,Phoenix,IL,2023-02-07,Regular
1386,Susan,Rodriguez,john.garcia525@email.com,Denver,AZ,2022-10-12,Regular
1387,Elizabeth,Brown,emily.martinez908@email.com,Las Vegas,NV,2022-07-28,Basic
1388,John,Smith,susan.moore204@email.com,Miami,OH,2022-08-10,Premium
1389,Susan,Lee,mark.jones134@email.com,Columbus,CO,2021-06-06,Basic
1390,William,Jackson,james.johnson994@email.com,Chicago,OR,2021-08-13,Regular
1391,John,Moore,michael.martinez812@email.com,Jacksonville,NY,2023-12-03,Regular
1392,Emily,Brown,david.lopez470@email.com,Chicago,IL,2021-07-19,Premium
1393,William,Miller,christopher.garcia472@email.com,Phoenix,NV,2023-12-27,Premium
1394,Jennifer,Jackson,john.jones206@email.com,New York,NC,2022-12-03,Regular
1395,James,Lopez,emily.martinez315@email.com,Miami,NC,2021-06-24,Regular
1396,Mary,Jackson,michael.garcia242@email.com,Dallas,GA,2022-03-14,Basic
1397,John,Hernandez,robert.anderson93@email.com,Seattle,CO,2023-02-22,Regular
1398,Emily,Rodriguez,lisa.jones702@email.com,Portland,CA,2023-07-11,Regular
1399,David,Jones,elizabeth.lopez6@email.com,Jacksonville,AZ,2022-01-20,Regular
1400,Mark,Martinez,linda.garcia353@email.com,New York,CA,2023-11-13,Basic
1401,Christopher,Martin,sarah.taylor564@email.com,San Francisco,CA,2021-02-07,Premium
1402,Michael,Davis,christopher.miller935@email.com,Las Vegas,IL,2022-11-24,Premium
1403,David,Garcia,linda.wilson852@email.com,Columbus,OR,2021-10-23,Premium
1404,John,Williams,daniel.davis782@email.com,Columbus,NC,2021-04-29,Basic
1405,Michael,Martinez,sarah.wilson132@email.com,Austin,OH,2022-02-27,Regular
1406,Matthew,Lee,james.jones410@email.com,San Diego,OR,2021-07-25,Regular
1407,Robert,Hernandez,james.martinez840@email.com,Las Vegas,CO,2022-03-20,Basic
1408,Christopher,Jackson,patricia.lee404@email.com,Dallas,AZ,2023-06-30,Basic
1409,Patricia,Thomas,elizabeth.williams356@email.com,San Jose,PA,2023-05-29,Regular
1410,Daniel,Johnson,linda.martin28@email.com,Fort Worth,IL,2023-11-17,Basic
1411,James,Jones,lisa.lee183@email.com,Las Vegas,NV,2022-09-09,Regular
1412,Emily,Smith,lisa.lopez371@email.com,Los Angeles,OH,2021-07-24,Premium
1413,Mary,Taylor,james.moore843@email.com,San Jose,NV,2022-07-27,Regular
1414,Jennifer,Johnson,john.lee614@email.com,Miami,MA,2023-10-15,Premium
1415,James,Brown,christopher.williams662@email.com,Philadelphia,CA,2021-06-14,Regular
1416,Mark,Wilson,lisa.jones512@email.com,Phoenix,GA,2022-06-17,Basic
1417,Susan,Johnson,robert.johnson217@email.com,Charlotte,NV,2023-02-22,Premium
1418,Michael,Williams,jennifer.anderson96@email.com,Columbus,WA,2021-10-03,Premium
1419,Jane,Anderson,james.wilson670@email.com,San Diego,TX,2021-12-06,Regular
1420,David,Wilson,emily.anderson155@email.com,Miami,FL,2021-02-27,Basic
1421,Emily,Garcia,jennifer.martinez397@email.com,San Jose,OH,2021-06-02,Regular
1422,Susan,Lee,linda.johnson268@email.com,Fort Worth,OR,2022-06-19,Regular
1423,Jane,Martin,patricia.garcia168@email.com,New York,NC,2023-12-06,Premium
1424,Michael,Thomas,christopher.moore855@email.com,Houston,PA,2022-05-15,Premium
1425,William,Lee,sarah.thomas826@email.com,Boston,OH,2022-02-11,Basic
1426,Daniel,Lopez,michael.lopez703@email.com,Chicago,FL,2022-05-13,Basic
1427,Patricia,Martinez,sarah.wilson823@email.com,Austin,AZ,2022-10-25,Premium
1428,Linda,Hernandez,john.garcia327@email.com,San Diego,OR,2022-07-01,Basic
1429,Susan,Miller,david.martin520@email.com,New York,FL,2021-05-03,Regular
1430,Daniel,Jackson,christopher.thomas12@email.com,Jacksonville,TX,2021-07-19,Basic
1431,Patricia,Williams,linda.wilson433@email.com,San Francisco,WA,2021-08-16,Regular
1432,William,Thomas,jane.martinez436@email.com,Las Vegas,CA,2022-01-14,Regular
1433,Robert,Martin,william.brown619@email.com,Las Vegas,TX,2023-06-27,Regular
1434,Matthew,Jones,daniel.moore382@email.com,Miami,NC,2021-12-13,Regular
1435,Sarah,Williams,linda.hernandez865@email.com,San Antonio,GA,2022-03-01,Premium
1436,Mary,Thomas,elizabeth.lopez115@email.com,Las Vegas,CA,2023-03-09,Premium
1437,Patricia,Brown,emily.anderson545@email.com,San Jose,NY,2021-01-24,Regular
1438,Sarah,Thomas,christopher.williams154@email.com,San Francisco,NV,2022-02-05,Basic
1439,Jennifer,Martinez,john.hernandez971@email.com,Phoenix,CO,2021-01-04,Regular
1440,Mark,Thomas,mark.rodriguez203@email.com,Dallas,OH,2023-11-07,Regular
1441,Linda,Taylor,matthew.lee746@email.com,San Diego,AZ,2023-09-14,Basic
1442,Matthew,Davis,daniel.anderson50@email.com,,WA,2023-03-20,Premium
1443,Jennifer,Davis,daniel.martinez41@email.com,Seattle,CA,2022-08-20,Regular
1444,Jane,Jones,sarah.taylor472@email.com,Columbus,CO,2023-08-18,Regular
1445,Lisa,Lee,mary.johnson911@email.com,Chicago,FL,2023-09-16,Basic
1446,Christopher,Rodriguez,susan.lopez259@email.com,San Francisco,CA,2021-04-05,Premium
1447,Susan,Lopez,patricia.hernandez692@email.com,Columbus,GA,2021-01-22,Regular
1448,Jane,Wilson,jennifer.smith556@email.com,Seattle,WA,2023-05-14,Basic
1449,John,Garcia,william.garcia301@email.com,Philadelphia,AZ,2023-09-17,Basic
1450,Robert,Hernandez,mary.anderson18@email.com,Philadelphia,IL,2023-06-11,Regular
1451,Jennifer,Hernandez,daniel.hernandez305@email.com,Austin,TX,2021-08-11,Regular
1452,Robert,Thomas,jane.lee115@email.com,Houston,CO,2022-05-01,Regular
1453,David,Taylor,mary.johnson545@email.com,Las Vegas,IL,2023-08-11,Basic
1454,William,Smith,christopher.davis180@email.com,Atlanta,CA,2023-02-12,Regular
1455,Jennifer,Williams,michael.jackson97@email.com,Phoenix,PA,2021-10-23,Premium
1456,James,Taylor,david.jones649@email.com,Charlotte,AZ,2023-02-04,Basic
1457,Sarah,Brown,linda.anderson915@email.com,Atlanta,NV,2021-01-06,Regular
1458,John,Lopez,william.lopez996@email.com,Philadelphia,NY,2023-09-17,Regular
1459,Linda,Taylor,daniel.lee250@email.com,Fort Worth,CA,2023-05-13,Regular
1460,Patricia,Thomas,matthew.martin470@email.com,Charlotte,MA,2023-09-16,Regular
1461,Emily,Garcia,jane.williams335@email.com,New York,TX,2021-05-15,Regular
1462,David,Martinez,mary.johnson151@email.com,Indianapolis,CA,2023-05-03,Regular
1463,Christopher,Lopez,susan.brown392@email.com,Fort Worth,NV,2022-01-15,Premium
1464,Elizabeth,Lee,matthew.williams346@email.com,Columbus,PA,2021-07-12,Regular
1465,Lisa,Martin,jennifer.anderson411@email.com,Portland,TX,2023-10-19,Basic
1466,Matthew,Jones,john.garcia974@email.com,Fort Worth,PA,2021-10-29,Premium
1467,Elizabeth,Moore,william.williams857@email.com,Jacksonville,NY,2021-03-27,Basic
1468,Mary,Brown,patricia.brown813@email.com,Portland,FL,2022-08-01,Regular
1469,Michael,Wilson,robert.martin268@email.com,Fort Worth,WA,2023-12-09,Basic
1470,Christopher,Brown,jennifer.lee527@email.com,Phoenix,CO,2023-11-24,Basic
1471,Jane,Hernandez,elizabeth.davis711@email.com,Phoenix,FL,2023-03-20,Regular
1472,Patricia,Jackson,jane.lopez588@email.com,Dallas,CO,2021-04-12,Basic
1473,John,Williams,linda.miller779@email.com,Chicago,IL,2022-09-06,Basic
1474,Daniel,Martinez,patricia.rodriguez765@email.com,Boston,FL,2021-07-30,Regular
1475,Michael,Jackson,emily.rodriguez514@email.com,Charlotte,CA,2023-10-24,Regular
1476,James,Thomas,jane.lee409@email.com,Columbus,FL,2023-03-10,Regular
1477,Mark,Wilson,emily.martinez280@email.com,Seattle,NC,2022-04-01,Basic
1478,Patricia,Martin,john.anderson213@email.com,Charlotte,AZ,2021-04-02,Basic
1479,Mark,Anderson,john.anderson673@email.com,Indianapolis,OR,2022-04-09,Basic
1480,Christopher,Davis,david.rodriguez274@email.com,Dallas,PA,2021-11-28,Regular
1481,Patricia,Lee,daniel.lee810@email.com,Boston,PA,2023-03-04,Basic
1482,Jennifer,Davis,james.brown227@email.com,San Jose,IL,2022-09-02,Premium
1483,Sarah,Jackson,lisa.smith727@email.com,San Francisco,PA,2022-11-04,Regular
1484,Christopher,Garcia,james.davis66@email.com,Charlotte,IL,2023-04-01,Premium
1485,John,Taylor,susan.martinez746@email.com,Chicago,GA,2022-06-10,Regular
1486,James,Wilson,susan.thomas603@email.com,Atlanta,CO,2023-05-30,Regular
1487,Emily,Williams,patricia.lee337@email.com,Philadelphia,OH,2023-08-15,Regular
1488,Susan,Hernandez,elizabeth.wilson488@email.com,Denver,MA,2022-09-04,Regular
1489,Daniel,Miller,elizabeth.smith352@email.com,Los Angeles,AZ,2021-08-12,Regular
1490,Mary,Martin,james.hernandez355@email.com,Miami,NV,2021-06-20,Regular
1491,Michael,Anderson,daniel.jones474@email.com,San Antonio,CA,2023-04-02,Regular
1492,Patricia,Anderson,linda.miller546@email.com,Jacksonville,NY,2021-03-17,Regular
1493,Sarah,Martin,emily.wilson262@email.com,New York,IL,2022-10-24,Regular
1494,Lisa,Hernandez,christopher.johnson677@email.com,Los Angeles,CO,2022-04-18,Premium
1495,Patricia,Jackson,mark.williams647@email.com,Columbus,PA,2021-02-11,Regular
1496,Mark,Davis,linda.jackson354@email.com,Houston,AZ,2023-03-04,Regular
1497,Christopher,Garcia,michael.miller766@email.com,Indianapolis,OH,2022-05-28,Regular
1498,Matthew,Williams,matthew.lopez312@email.com,San Jose,MA,2021-03-09,Regular
1499,Michael,Martin,jennifer.hernandez463@email.com,Indianapolis,GA,2023-09-24,Regular
1500,Christopher,Taylor,daniel.smith160@email.com,Denver,CA,2021-02-01,Basic
1501,Jennifer,Brown,susan.martin171@email.com,San Francisco,NV,2022-04-15,Regular
1502,James,Martin,susan.lopez579@email.com,San Jose,MA,2022-09-04,Regular
1503,Lisa,Lee,patricia.anderson784@email.com,Phoenix,OH,2021-09-25,Premium
1504,James,Thomas,john.martinez570@email.com,Phoenix,WA,2022-11-20,Regular
1505,Emily,Hernandez,linda.davis385@email.com,San Diego,NC,2021-08-23,Regular
1506,Michael,Jackson,elizabeth.jones388@email.com,Austin,WA,2023-07-12,Regular
1507,Matthew,Brown,susan.brown100@email.com,Dallas,MA,2021-04-19,Regular
1508,Sarah,Thomas,christopher.miller217@email.com,San Antonio,WA,2021-09-10,Regular
1509,Matthew,Garcia,sarah.martin297@email.com,San Jose,AZ,2021-05-22,Regular
1510,Matthew,Martinez,emily.garcia786@email.com,Los Angeles,NC,2023-02-05,Basic
1511,Robert,Wilson,christopher.jackson419@email.com,San Jose,NC,2021-07-24,Basic
1512,Mary,Williams,mary.miller429@email.com,Las Vegas,NV,2022-01-20,Basic
1513,Mary,Lee,susan.rodriguez328@email.com,Columbus,NV,2023-03-25,Basic
1514,David,Brown,mary.brown681@email.com,Las Vegas,PA,2021-10-19,Premium
1515,Lisa,Lee,james.moore549@email.com,Fort Worth,FL,2023-03-13,Premium
1516,Sarah,Wilson,elizabeth.wilson231@email.com,Seattle,FL,2023-08-10,Premium
1517,David,Hernandez,christopher.taylor775@email.com,Phoenix,WA,2021-01-23,Regular
1518,William,Taylor,daniel.martinez846@email.com,Houston,AZ,2023-08-05,Basic
1519,Robert,Johnson,daniel.garcia947@email.com,Phoenix,NC,2022-07-22,Regular
1520,Emily,Williams,emily.wilson296@email.com,Chicago,WA,2021-12-25,Basic
1521,Susan,Miller,john.jackson850@email.com,Austin,WA,2021-08-30,Premium
1522,David,Jones,james.thomas672@email.com,Miami,TX,2022-11-12,Basic
1523,Michael,Martin,emily.brown393@email.com,,NY,2022-05-21,Regular
1524,Emily,Smith,mark.anderson998@email.com,Dallas,NY,2021-05-18,Premium
1525,Linda,Jones,patricia.anderson194@email.com,Boston,PA,2022-05-25,Regular
1526,Daniel,Jones,john.lee230@email.com,Las Vegas,CA,2023-03-27,Regular
1527,Mark,Thomas,david.lee635@email.com,Jacksonville,WA,2021-10-11,Regular
1528,Mark,Jackson,matthew.williams614@email.com,Philadelphia,CO,2022-11-30,Regular
1529,Daniel,Martinez,mark.anderson969@email.com,Jacksonville,MA,2021-12-18,Basic
1530,Mark,Wilson,john.hernandez625@email.com,Dallas,MA,2023-04-03,Regular
1531,Susan,Lee,lisa.garcia583@email.com,Denver,PA,2021-01-08,Regular
1532,James,Martin,linda.williams975@email.com,Philadelphia,FL,2021-10-15,Regular
1533,James,Thomas,mary.smith761@email.com,New York,OH,2021-12-23,Basic
1534,David,Miller,susan.wilson566@email.com,Fort Worth,PA,2021-08-20,Regular
1535,Daniel,Miller,matthew.miller871@email.com,Atlanta,CO,2023-05-18,Regular
1536,Michael,Hernandez,emily.thomas378@email.com,Portland,NV,2021-02-21,Premium
1537,Linda,Martinez,lisa.garcia484@email.com,Dallas,FL,2023-11-11,Premium
1538,Daniel,Martin,robert.hernandez136@email.com,San Jose,TX,2023-07-22,Regular
1539,Jennifer,Martinez,jennifer.williams916@email.com,Miami,PA,2023-01-22,Premium
1540,William,Anderson,john.miller592@email.com,Chicago,PA,2022-07-20,Regular
1541,Mark,Lopez,daniel.thomas251@email.com,Houston,GA,2023-11-20,Basic
1542,Jane,Williams,susan.thomas248@email.com,Houston,NC,2021-01-22,Premium
1543,Mary,Martin,emily.thomas513@email.com,Atlanta,AZ,2021-10-17,Regular
1544,Matthew,Smith,sarah.lee858@email.com,Portland,NV,2022-04-20,Regular
1545,Michael,Lee,james.garcia251@email.com,Boston,IL,2022-02-12,Basic
1546,Jennifer,Moore,daniel.williams8@email.com,San Francisco,OR,2023-01-24,Regular
1547,Daniel,Wilson,jane.anderson888@email.com,San Antonio,IL,2022-04-18,Basic
1548,Daniel,Jones,matthew.taylor883@email.com,,OH,2023-10-29,Regular
1549,Jane,Martinez,christopher.williams802@email.com,Seattle,CO,2022-09-03,Premium
1550,Jane,Johnson,patricia.rodriguez905@email.com,Chicago,MA,2022-01-29,Regular
1551,Mary,Lopez,elizabeth.brown733@email.com,Indianapolis,CA,2021-06-19,Basic
1552,Jennifer,Jackson,susan.jackson732@email.com,Phoenix,OH,2021-01-09,Regular
1553,Michael,Johnson,john.thomas493@email.com,Charlotte,IL,2023-04-17,Basic
1554,Michael,Smith,jane.martinez832@email.com,San Diego,FL,2023-01-12,Basic
1555,Susan,Jackson,christopher.johnson373@email.com,New York,FL,2023-07-08,Regular
1556,Susan,Lopez,christopher.moore645@email.com,Atlanta,IL,2022-05-06,Regular
1557,Matthew,Brown,daniel.anderson807@email.com,Columbus,GA,2022-10-31,Regular
1558,Christopher,Martinez,sarah.brown150@email.com,San Diego,CO,2021-06-22,Regular
1559,Daniel,Smith,william.martin772@email.com,San Jose,PA,2023-09-11,Basic
1560,Mark,Davis,sarah.garcia376@email.com,San Diego,FL,2022-09-30,Basic
1561,Elizabeth,Anderson,patricia.hernandez146@email.com,Austin,PA,2022-11-24,Regular
1562,Jane,Martin,lisa.taylor216@email.com,Atlanta,NY,2022-06-04,Regular
1563,Daniel,Wilson,william.brown338@email.com,Denver,AZ,2023-02-12,Basic
1564,Mark,Hernandez,michael.thomas921@email.com,San Jose,FL,2022-03-22,Regular
1565,Robert,Wilson,linda.davis776@email.com,Indianapolis,OR,2022-12-08,Basic
1566,James,Wilson,william.hernandez303@email.com,Indianapolis,NY,2021-09-08,Regular
1567,Susan,Wilson,daniel.hernandez807@email.com,Philadelphia,OH,2021-02-23,Regular
1568,Linda,Anderson,daniel.rodriguez582@email.com,Las Vegas,NY,2021-11-30,Premium
1569,Matthew,Jackson,william.lee37@email.com,Chicago,CO,2021-06-16,Regular
1570,David,Miller,david.jones535@email.com,Indianapolis,NY,2022-09-16,Regular
1571,Jane,Garcia,jennifer.smith227@email.com,Indianapolis,CA,2021-04-07,Regular
1572,Daniel,Taylor,mary.martin372@email.com,Dallas,AZ,2021-07-01,Premium
1573,Sarah,Jones,jennifer.martinez968@email.com,Denver,OR,2021-11-05,Basic
1574,James,Miller,emily.martin650@email.com,Columbus,CO,2022-05-16,Basic
1575,Michael,Jackson,jennifer.taylor731@email.com,Seattle,NV,2022-01-23,Regular
1576,Matthew,Wilson,daniel.martinez159@email.com,New York,AZ,2021-06-27,Premium
1577,Emily,Lopez,david.jones623@email.com,Fort Worth,CA,2022-11-08,Premium
1578,Jane,Anderson,jennifer.wilson264@email.com,Fort Worth,OR,2023-01-23,Regular
1579,Lisa,Jones,lisa.smith872@email.com,Dallas,TX,2023-11-18,Regular
1580,Daniel,Martinez,robert.martin311@email.com,New York,NY,2023-09-15,Regular
1581,Daniel,Jones,david.martin13@email.com,Jacksonville,OR,2021-01-25,Regular
1582,Matthew,Jones,william.lopez739@email.com,Houston,FL,2022-03-28,Regular
1583,Matthew,Smith,matthew.moore416@email.com,Houston,NC,2022-11-26,Regular
1584,Susan,Williams,linda.lee922@email.com,Los Angeles,CO,2023-07-19,Regular
1585,Emily,Smith,emily.lopez660@email.com,Philadelphia,FL,2021-07-24,Basic
1586,Mary,Jones,david.martin874@email.com,Chicago,OR,2023-10-07,Premium
1587,Mary,Taylor,matthew.hernandez536@email.com,Philadelphia,IL,2023-10-07,Regular
1588,Jennifer,Anderson,mary.wilson887@email.com,,AZ,2021-06-16,Regular
1589,Christopher,Jones,linda.garcia892@email.com,San Jose,NY,2023-09-23,Regular
1590,Patricia,Williams,matthew.taylor180@email.com,San Antonio,GA,2021-02-24,Basic
1591,James,Jones,linda.wilson15@email.com,Atlanta,MA,2022-01-29,Regular
1592,Susan,Anderson,michael.hernandez231@email.com,Las Vegas,NC,2021-03-08,Basic
1593,Jane,Thomas,jennifer.miller230@email.com,Dallas,OH,2022-12-09,Premium
1594,James,Lee,david.rodriguez624@email.com,Chicago,GA,2023-04-22,Premium
1595,Michael,Anderson,sarah.miller366@email.com,Las Vegas,GA,2023-10-22,Basic
1596,James,Lee,linda.thomas584@email.com,Philadelphia,CA,2023-07-15,Regular
1597,Sarah,Garcia,john.moore920@email.com,San Diego,NV,2021-04-27,Regular
1598,Elizabeth,Thomas,lisa.miller373@email.com,New York,NY,2022-09-14,Premium
1599,Christopher,Moore,jane.wilson642@email.com,Houston,NY,2021-05-31,Premium
1600,Jennifer,Anderson,sarah.hernandez520@email.com,Portland,CO,2021-09-23,Basic
1601,William,Jackson,michael.rodriguez567@email.com,Fort Worth,OR,2022-06-04,Premium
1602,Susan,Thomas,elizabeth.jackson894@email.com,Los Angeles,FL,2023-02-22,Regular
1603,David,Wilson,michael.johnson458@email.com,San Jose,FL,2021-01-10,Regular
1604,James,Lopez,mark.moore254@email.com,Boston,NC,2022-11-07,Regular
1605,Michael,Davis,lisa.rodriguez817@email.com,Las Vegas,WA,2021-07-10,Premium
1606,Mark,Garcia,emily.davis234@email.com,Indianapolis,NY,2023-03-15,Regular
1607,David,Anderson,daniel.garcia42@email.com,Columbus,CO,2022-06-03,Premium
1608,Mary,Lee,susan.rodriguez566@email.com,New York,AZ,2022-04-20,Basic
1609,Jennifer,Smith,william.williams761@email.com,San Diego,GA,2022-10-19,Regular
1610,Christopher,Martin,robert.williams928@email.com,San Francisco,GA,2022-03-04,Regular
1611,David,Taylor,david.moore311@email.com,Phoenix,CA,2022-05-05,Basic
1612,Susan,Davis,jane.miller234@email.com,Houston,OH,2023-07-07,Regular
1613,Michael,Moore,lisa.martin780@email.com,Portland,IL,2023-02-28,Regular
1614,Jennifer,Rodriguez,mark.taylor476@email.com,Las Vegas,NC,2022-06-15,Regular
1615,Elizabeth,Anderson,sarah.jackson903@email.com,Miami,IL,2021-08-25,Regular
1616,Christopher,Jackson,jane.hernandez809@email.com,Indianapolis,NY,2023-07-18,Regular
1617,James,Martin,michael.miller490@email.com,Fort Worth,OH,2023-04-07,Basic
1618,David,Lopez,sarah.thomas86@email.com,Los Angeles,FL,2023-07-26,Regular
1619,Matthew,Johnson,linda.miller103@email.com,Los Angeles,IL,2023-08-10,Regular
1620,Michael,Johnson,elizabeth.martin221@email.com,San Antonio,TX,2023-06-12,Basic
1621,Patricia,Martin,susan.taylor308@email.com,Philadelphia,NC,2021-05-05,Regular
1622,Matthew,Taylor,mark.smith596@email.com,Los Angeles,MA,2021-01-20,Premium
1623,Mary,Lopez,patricia.brown738@email.com,Portland,CA,2023-03-06,Regular
1624,John,Brown,daniel.miller604@email.com,San Antonio,CA,2022-07-28,Basic
1625,Mary,Martin,susan.thomas1@email.com,Houston,PA,2022-04-05,Premium
1626,Jennifer,Taylor,william.anderson616@email.com,Boston,OR,2022-09-28,Regular
1627,Emily,Williams,william.taylor647@email.com,Charlotte,GA,2022-10-27,Regular
1628,Robert,Jones,emily.hernandez520@email.com,Seattle,CO,2023-07-21,Regular
1629,James,Moore,linda.moore291@email.com,Denver,IL,2022-04-23,Premium
1630,Linda,Rodriguez,jennifer.rodriguez889@email.com,Boston,IL,2021-06-13,Regular
1631,Robert,Thomas,elizabeth.davis350@email.com,Boston,TX,2023-08-26,Basic
1632,Lisa,Moore,william.jackson516@email.com,Los Angeles,IL,2022-04-30,Regular
1633,David,Williams,jennifer.thomas115@email.com,Chicago,NC,2021-04-02,Regular
1634,David,Moore,emily.taylor7@email.com,Chicago,IL,2022-04-12,Basic
1635,Michael,Lee,james.moore482@email.com,Dallas,IL,2022-04-08,Basic
1636,Jennifer,Williams,linda.garcia184@email.com,Los Angeles,IL,2021-12-29,Regular
1637,Sarah,Davis,michael.anderson690@email.com,New York,NC,2022-06-26,Regular
1638,Matthew,Taylor,jennifer.brown948@email.com,San Antonio,IL,2023-05-11,Premium
1639,Elizabeth,Williams,daniel.hernandez654@email.com,San Jose,AZ,2023-07-14,Basic
1640,Matthew,Jackson,elizabeth.garcia199@email.com,San Francisco,NY,2022-11-14,Basic
1641,Jane,Martin,sarah.davis219@email.com,Houston,NC,2023-10-21,Regular
1642,James,Martinez,jennifer.moore313@email.com,San Diego,AZ,2022-06-25,Basic
1643,Susan,Lee,james.moore484@email.com,Houston,OH,2022-11-28,Regular
1644,David,Johnson,sarah.martinez950@email.com,Portland,PA,2021-08-27,Regular
1645,Susan,Hernandez,susan.miller585@email.com,San Francisco,OR,2021-01-01,Premium
1646,Christopher,Jackson,david.hernandez161@email.com,Las Vegas,IL,2022-09-11,Basic
1647,David,Smith,robert.wilson805@email.com,Houston,NC,2022-07-30,Premium
1648,Emily,Taylor,emily.garcia625@email.com,Denver,TX,2023-12-29,Basic
1649,Emily,Thomas,emily.hernandez980@email.com,Charlotte,PA,2021-03-30,Basic
1650,Susan,Moore,matthew.taylor670@email.com,Miami,WA,2022-09-14,Basic
1651,Emily,Taylor,susan.anderson799@email.com,Seattle,WA,2023-06-18,Premium
1652,Daniel,Martin,william.davis956@email.com,Columbus,WA,2022-03-21,Regular
1653,Jane,Hernandez,william.taylor957@email.com,Los Angeles,AZ,2021-08-28,Regular
1654,Patricia,Anderson,jennifer.lopez149@email.com,Las Vegas,NY,2021-07-09,Regular
1655,Mary,Lopez,jennifer.hernandez745@email.com,Houston,NY,2022-12-07,Premium
1656,Lisa,Martinez,mary.hernandez461@email.com,Miami,AZ,2023-03-04,Basic
1657,Daniel,Martinez,jennifer.anderson577@email.com,Fort Worth,CA,2021-02-10,Regular
1658,Susan,Garcia,christopher.anderson6@email.com,Phoenix,NY,2022-11-30,Regular
1659,Jennifer,Johnson,christopher.johnson992@email.com,Jacksonville,MA,2022-08-16,Regular
1660,Daniel,Lee,patricia.lopez662@email.com,Atlanta,GA,2021-11-29,Regular
1661,Lisa,Martinez,david.thomas786@email.com,Portland,NC,2023-09-18,Regular
1662,Elizabeth,Martin,william.smith839@email.com,Boston,AZ,2021-04-16,Regular
1663,Lisa,Rodriguez,robert.miller678@email.com,Los Angeles,OH,2023-07-21,Basic
1664,Jennifer,Johnson,william.martinez853@email.com,Las Vegas,WA,2023-01-08,Regular
1665,Linda,Taylor,mary.smith330@email.com,Indianapolis,GA,2022-09-05,Basic
1666,Robert,Martin,patricia.wilson334@email.com,,CA,2023-09-05,Basic
1667,Mary,Garcia,elizabeth.jackson757@email.com,Houston,TX,2023-04-27,Regular
1668,Mark,Martin,robert.miller633@email.com,Denver,PA,2021-08-29,Basic
1669,Daniel,Johnson,matthew.thomas877@email.com,Miami,NV,2021-08-04,Premium
1670,Daniel,Martinez,william.brown77@email.com,San Jose,GA,2021-08-09,Basic
1671,Jennifer,Lee,lisa.garcia334@email.com,Miami,CA,2021-04-15,Regular
1672,Christopher,Smith,linda.martin482@email.com,Charlotte,MA,2023-09-19,Basic
1673,Matthew,Martinez,jane.wilson705@email.com,Indianapolis,CA,2023-08-27,Basic
1674,Matthew,Taylor,linda.davis287@email.com,Austin,NV,2023-03-15,Basic
1675,Patricia,Williams,susan.martin385@email.com,Jacksonville,TX,2022-09-21,Basic
1676,Emily,Jones,jane.brown58@email.com,New York,PA,2023-07-10,Regular
1677,Robert,Moore,james.rodriguez551@email.com,Miami,CO,2023-01-12,Premium
1678,Susan,Williams,mary.thomas946@email.com,Houston,NY,2022-08-17,Regular
1679,David,Rodriguez,jennifer.brown484@email.com,Chicago,OR,2022-12-21,Premium
1680,William,Rodriguez,david.williams333@email.com,San Antonio,OR,2023-05-07,Regular
1681,Jane,Jones,patricia.jones895@email.com,Charlotte,GA,2022-12-01,Regular
1682,Linda,Lee,david.martin307@email.com,Austin,PA,2023-08-03,Basic
1683,Mary,Rodriguez,mark.miller576@email.com,San Diego,TX,2021-11-03,Regular
1684,Elizabeth,Rodriguez,michael.thomas252@email.com,Austin,PA,2023-11-15,Basic
1685,Sarah,Rodriguez,james.martin560@email.com,Indianapolis,GA,2023-07-23,Premium
1686,Matthew,Smith,william.jackson544@email.com,Philadelphia,OH,2021-11-07,Basic
1687,Sarah,Brown,jennifer.smith144@email.com,Portland,NV,2021-12-07,Basic
1688,Jennifer,Lee,michael.hernandez981@email.com,Houston,IL,2023-03-05,Regular
1689,Michael,Garcia,mary.thomas766@email.com,New York,IL,2022-03-07,Regular
1690,Emily,Martin,robert.garcia329@email.com,San Francisco,GA,2022-08-30,Basic
1691,William,Jones,daniel.davis472@email.com,Philadelphia,CO,2023-11-05,Premium
1692,Daniel,Thomas,mary.hernandez204@email.com,Seattle,NC,2022-11-23,Regular
1693,Matthew,Lopez,william.rodriguez619@email.com,Indianapolis,WA,2022-07-04,Regular
1694,David,Garcia,john.jones123@email.com,Atlanta,IL,2021-02-20,Premium
1695,Patricia,Rodriguez,patricia.anderson406@email.com,Charlotte,NV,2022-02-21,Regular
1696,Michael,Davis,linda.johnson852@email.com,Indianapolis,OR,2021-01-22,Premium
1697,Lisa,Taylor,matthew.johnson935@email.com,Las Vegas,NY,2023-11-06,Premium
1698,Daniel,Garcia,matthew.lopez17@email.com,New York,GA,2022-06-13,Premium
1699,Mary,Moore,mark.anderson33@email.com,San Francisco,NV,2023-02-18,Basic
1700,John,Johnson,matthew.hernandez810@email.com,Phoenix,FL,2023-12-19,Regular
1701,Patricia,Hernandez,elizabeth.taylor290@email.com,Charlotte,AZ,2022-12-16,Basic
1702,Jane,Williams,mark.hernandez650@email.com,Boston,CA,2023-05-04,Regular
1703,Christopher,Jones,michael.williams579@email.com,Los Angeles,CO,2021-01-24,Regular
1704,Matthew,Lee,michael.jackson800@email.com,Portland,MA,2023-06-08,Regular
1705,Mary,Jones,sarah.jackson163@email.com,San Diego,NV,2023-02-16,Regular
1706,Lisa,Taylor,matthew.williams588@email.com,Charlotte,CO,2022-01-08,Premium
1707,Christopher,Anderson,daniel.lee666@email.com,Houston,PA,2023-04-16,Regular
1708,Michael,Wilson,robert.williams786@email.com,Columbus,OH,2021-05-19,Regular
1709,Mary,Davis,patricia.rodriguez477@email.com,Houston,NC,2022-03-24,Regular
1710,Lisa,Thomas,daniel.jones667@email.com,Columbus,NY,2023-11-30,Regular
1711,John,Garcia,james.williams187@email.com,New York,WA,2021-09-28,Premium
1712,James,Miller,mark.hernandez465@email.com,Seattle,GA,2023-04-20,Premium
1713,Sarah,Martin,matthew.anderson911@email.com,Portland,OH,2023-09-03,Basic
1714,James,Lopez,john.wilson589@email.com,Indianapolis,NC,2021-03-11,Regular
1715,David,Johnson,jennifer.smith639@email.com,Houston,TX,2023-06-26,Premium
1716,David,Rodriguez,christopher.smith9@email.com,Boston,NY,2023-06-22,Basic
1717,Jane,Brown,lisa.hernandez438@email.com,San Francisco,IL,2023-07-24,Premium
1718,Jennifer,Johnson,david.rodriguez877@email.com,Phoenix,NV,2023-06-19,Regular
1719,Linda,Garcia,lisa.martin691@email.com,Phoenix,NC,2023-02-07,Basic
1720,David,Thomas,james.jackson469@email.com,San Antonio,NY,2023-08-18,Regular
1721,Linda,Wilson,robert.martin948@email.com,Atlanta,OR,2021-03-25,Premium
1722,Daniel,Taylor,mary.martin157@email.com,Boston,CA,2022-02-25,Premium
1723,Susan,Martinez,robert.jones212@email.com,Denver,NY,2023-04-13,Regular
1724,John,Taylor,jennifer.garcia104@email.com,Miami,NV,2021-10-23,Premium
1725,Michael,Jackson,john.jackson617@email.com,Fort Worth,AZ,2023-02-10,Regular
1726,John,Davis,jane.jones554@email.com,Dallas,CA,2022-04-02,Premium
1727,William,Wilson,mary.williams336@email.com,San Francisco,WA,2023-10-15,Regular
1728,Robert,Wilson,james.davis674@email.com,San Francisco,AZ,2023-08-18,Basic
1729,David,Taylor,robert.miller311@email.com,Houston,NV,2022-01-12,Basic
1730,Elizabeth,Rodriguez,emily.anderson278@email.com,Seattle,OR,2023-06-29,Regular
1731,Susan,Jones,lisa.miller791@email.com,San Antonio,MA,2021-05-23,Regular
1732,Matthew,Moore,mary.smith141@email.com,San Francisco,PA,2021-06-24,Regular
1733,Patricia,Anderson,daniel.brown855@email.com,Austin,TX,2021-04-23,Regular
1734,Sarah,Smith,christopher.smith455@email.com,San Diego,AZ,2023-06-16,Regular
1735,Jennifer,Martinez,robert.wilson51@email.com,Los Angeles,CA,2022-05-04,Premium
1736,Lisa,Thomas,daniel.thomas409@email.com,Charlotte,WA,2023-01-03,Basic
1737,Jennifer,Wilson,robert.miller790@email.com,Columbus,PA,2021-09-10,Regular
1738,Sarah,Hernandez,christopher.martin835@email.com,Seattle,OR,2021-09-24,Premium
1739,Jane,Moore,sarah.williams993@email.com,Houston,GA,2023-05-10,Regular
1740,Lisa,Johnson,emily.moore936@email.com,New York,IL,2021-12-20,Regular
1741,Patricia,Brown,mark.moore125@email.com,Philadelphia,GA,2022-01-19,Basic
1742,Susan,Jackson,emily.miller124@email.com,San Jose,GA,2021-03-08,Basic
1743,Daniel,Lopez,linda.lee367@email.com,Seattle,NC,2023-04-14,Basic
1744,Michael,Anderson,james.anderson196@email.com,New York,GA,2021-12-10,Premium
1745,Sarah,Lee,robert.williams819@email.com,Atlanta,NV,2022-08-12,Regular
1746,Linda,Rodriguez,matthew.lopez490@email.com,Las Vegas,CA,2022-02-18,Regular
1747,Susan,Hernandez,william.moore115@email.com,Portland,NV,2021-12-02,Premium
1748,Elizabeth,Rodriguez,daniel.smith8@email.com,Seattle,CO,2022-04-20,Regular
1749,John,Rodriguez,christopher.anderson410@email.com,Jacksonville,AZ,2022-01-30,Basic
1750,Matthew,Brown,sarah.lopez370@email.com,Jacksonville,AZ,2022-05-11,Premium
1751,Mark,Rodriguez,jennifer.williams445@email.com,Charlotte,OH,2021-04-17,Regular
1752,Lisa,Martin,jennifer.davis719@email.com,Indianapolis,NC,2021-10-21,Regular
1753,David,Wilson,michael.wilson897@email.com,Los Angeles,FL,2022-03-18,Premium
1754,Jennifer,Thomas,linda.smith975@email.com,New York,GA,2022-04-16,Regular
1755,Patricia,Davis,william.hernandez47@email.com,Philadelphia,OH,2022-06-01,Basic
1756,John,Martin,david.davis182@email.com,Miami,AZ,2022-07-28,Basic
1757,Susan,Miller,mark.smith132@email.com,Dallas,MA,2023-02-16,Basic
1758,Mary,Moore,matthew.jones144@email.com,Atlanta,NV,2021-02-16,Regular
1759,Lisa,Hernandez,linda.johnson63@email.com,San Jose,CO,2023-04-02,Premium
1760,Mark,Garcia,susan.miller888@email.com,San Antonio,IL,2021-02-26,Regular
1761,Patricia,Hernandez,jennifer.lopez633@email.com,Phoenix,NC,2023-02-13,Regular
1762,Emily,Jackson,patricia.garcia430@email.com,,NY,2022-06-14,Basic
1763,Michael,Smith,emily.garcia959@email.com,Fort Worth,IL,2022-04-10,Premium
1764,Matthew,Smith,matthew.jones760@email.com,Philadelphia,CA,2021-01-05,Regular
1765,Mary,Williams,emily.lopez901@email.com,Philadelphia,CO,2023-03-28,Premium
1766,Michael,Smith,sarah.garcia31@email.com,Houston,NC,2022-12-06,Regular
1767,Matthew,Anderson,linda.miller314@email.com,Fort Worth,CO,2021-09-25,Basic
1768,Elizabeth,Brown,christopher.lopez931@email.com,Denver,NC,2022-01-26,Regular
1769,Matthew,Moore,william.lee329@email.com,Los Angeles,NV,2022-11-30,Regular
1770,Matthew,Brown,john.smith340@email.com,Fort Worth,WA,2023-06-16,Regular
1771,Elizabeth,Thomas,john.taylor36@email.com,Boston,TX,2023-03-14,Regular
1772,John,Lopez,david.anderson48@email.com,Atlanta,NY,2022-10-24,Basic
1773,Christopher,Davis,elizabeth.wilson781@email.com,Fort Worth,FL,2021-10-15,Basic
1774,Linda,Martinez,susan.moore174@email.com,Seattle,TX,2022-09-18,Basic
1775,Jane,Rodriguez,emily.brown16@email.com,Jacksonville,GA,2021-07-05,Basic
1776,Christopher,Miller,mary.davis95@email.com,Charlotte,PA,2021-10-07,Regular
1777,Mary,Johnson,patricia.williams116@email.com,Dallas,OH,2023-11-02,Regular
1778,William,Smith,linda.thomas426@email.com,Fort Worth,NV,2022-12-05,Regular
1779,John,Lee,elizabeth.thomas138@email.com,Atlanta,NC,2022-05-12,Regular
1780,Mary,Williams,susan.smith319@email.com,San Francisco,CO,2023-09-15,Basic
1781,Michael,Johnson,linda.taylor922@email.com,New York,MA,2021-04-10,Premium
1782,Mary,Lee,william.jones331@email.com,Fort Worth,NY,2021-03-09,Basic
1783,Lisa,Miller,elizabeth.lopez980@email.com,Charlotte,CO,2023-02-23,Regular
1784,Sarah,Lee,susan.brown490@email.com,Atlanta,TX,2022-06-27,Regular
1785,Mark,Brown,linda.martin201@email.com,Atlanta,OH,2022-06-04,Regular
1786,James,Brown,david.davis528@email.com,Jacksonville,NC,2023-12-24,Basic
1787,David,Williams,david.jones231@email.com,Chicago,WA,2022-11-20,Regular
1788,Jane,Lee,michael.brown735@email.com,Columbus,GA,2022-08-12,Regular
1789,Mary,Jones,christopher.martinez909@email.com,Boston,CA,2023-12-25,Premium
1790,Elizabeth,Wilson,susan.brown256@email.com,Portland,CO,2023-09-08,Regular
1791,James,Martin,lisa.rodriguez190@email.com,Houston,IL,2022-11-29,Premium
1792,Emily,Garcia,jennifer.hernandez728@email.com,San Diego,CA,2022-05-18,Basic
1793,Daniel,Brown,daniel.martin533@email.com,Denver,TX,2021-08-07,Regular
1794,Linda,Garcia,matthew.martin905@email.com,Jacksonville,OR,2021-08-27,Regular
1795,Emily,Rodriguez,william.jones336@email.com,Portland,CO,2023-12-02,Premium
1796,David,Martinez,patricia.lopez678@email.com,Las Vegas,WA,2021-01-21,Premium
1797,Michael,Thomas,david.martin755@email.com,Phoenix,MA,2022-06-09,Basic
1798,Daniel,Williams,jane.wilson648@email.com,Chicago,NV,2021-12-08,Premium
1799,Jane,Thomas,jane.miller187@email.com,Austin,MA,2023-01-12,Premium
1800,Jennifer,Rodriguez,john.jones650@email.com,Los Angeles,OH,2022-12-18,Premium
1801,Robert,Anderson,jane.davis166@email.com,Las Vegas,AZ,2022-09-29,Basic
1802,Jane,Hernandez,christopher.hernandez12@email.com,Houston,NV,2021-10-21,Basic
1803,Robert,Rodriguez,mark.taylor496@email.com,Columbus,NV,2023-12-21,Regular
1804,Jane,Garcia,mary.miller644@email.com,San Jose,NV,2021-01-14,Regular
1805,James,Williams,mark.wilson463@email.com,Phoenix,TX,2022-10-26,Regular
1806,Jennifer,Rodriguez,robert.thomas637@email.com,Fort Worth,OR,2022-05-23,Basic
1807,Matthew,Johnson,william.jackson451@email.com,Chicago,MA,2023-06-29,Regular
1808,Christopher,Wilson,sarah.rodriguez672@email.com,New York,FL,2023-04-21,Premium
1809,Elizabeth,Wilson,matthew.hernandez346@email.com,San Francisco,WA,2022-09-12,Premium
1810,Linda,Hernandez,emily.rodriguez350@email.com,New York,WA,2021-09-28,Premium
1811,William,Johnson,linda.jackson468@email.com,San Antonio,NY,2023-01-18,Regular
1812,Jane,Rodriguez,sarah.hernandez782@email.com,San Antonio,PA,2022-11-14,Basic
1813,Robert,Rodriguez,matthew.rodriguez65@email.com,Jacksonville,OR,2021-03-03,Regular
1814,Jennifer,Garcia,mary.anderson658@email.com,Los Angeles,PA,2023-09-10,Premium
1815,Mary,Thomas,john.jackson130@email.com,Miami,NC,2023-05-19,Premium
1816,Jane,Williams,sarah.davis999@email.com,Indianapolis,PA,2023-12-22,Basic
1817,James,Taylor,daniel.brown124@email.com,Dallas,PA,2023-07-04,Regular
1818,William,Miller,elizabeth.martinez130@email.com,Philadelphia,NV,2023-03-24,Basic
1819,Sarah,Lee,mary.martinez464@email.com,San Jose,OH,2021-02-26,Regular
1820,Mary,Wilson,patricia.jackson963@email.com,San Antonio,GA,2022-01-05,Regular
1821,Patricia,Garcia,michael.moore187@email.com,Portland,PA,2021-03-28,Regular
1822,Christopher,Taylor,christopher.moore200@email.com,Las Vegas,WA,2022-04-14,Premium
1823,Daniel,Brown,david.davis795@email.com,Portland,WA,2021-09-24,Regular
1824,Christopher,Jones,john.miller752@email.com,Houston,AZ,2021-12-12,Basic
1825,James,Jackson,mary.moore616@email.com,Boston,MA,2021-09-08,Regular
1826,Emily,Anderson,david.martin881@email.com,Seattle,GA,2022-05-26,Regular
1827,Linda,Miller,matthew.moore49@email.com,San Diego,NY,2021-06-03,Premium
1828,Linda,Lee,elizabeth.lopez553@email.com,Denver,NC,2023-09-12,Basic
1829,Mary,Brown,lisa.moore171@email.com,Phoenix,GA,2021-03-12,Basic
1830,Matthew,Thomas,mary.garcia103@email.com,San Jose,AZ,2021-07-10,Regular
1831,William,Rodriguez,emily.lee232@email.com,Seattle,IL,2022-10-30,Basic
1832,Michael,Brown,david.jackson965@email.com,San Jose,WA,2023-04-02,Regular
1833,Patricia,Johnson,susan.anderson879@email.com,Indianapolis,NV,2023-04-30,Regular
1834,Michael,Williams,robert.rodriguez51@email.com,Chicago,MA,2022-03-04,Basic
1835,Patricia,Williams,christopher.martinez400@email.com,San Diego,NY,2021-09-27,Basic
1836,Susan,Martin,matthew.anderson916@email.com,New York,OR,2023-08-25,Regular
1837,Emily,Rodriguez,linda.thomas330@email.com,New York,FL,2023-12-11,Premium
1838,Elizabeth,Thomas,david.martinez1@email.com,San Jose,WA,2023-09-19,Regular
1839,Jennifer,Smith,michael.rodriguez726@email.com,Houston,FL,2021-11-23,Basic
1840,James,Taylor,elizabeth.martinez214@email.com,Las Vegas,WA,2023-11-30,Regular
1841,Sarah,Jones,susan.lee983@email.com,Columbus,CO,2023-10-15,Regular
1842,Michael,Smith,michael.johnson774@email.com,,NY,2022-02-20,Regular
1843,James,Johnson,patricia.jones148@email.com,Chicago,MA,2021-06-06,Regular
1844,Jennifer,Wilson,linda.garcia783@email.com,New York,AZ,2022-05-31,Regular
1845,Jennifer,Rodriguez,lisa.wilson806@email.com,Austin,PA,2021-11-19,Basic
1846,Daniel,Jones,emily.anderson401@email.com,San Diego,NV,2022-09-27,Regular
1847,Susan,Hernandez,mark.miller255@email.com,Los Angeles,IL,2023-01-12,Premium
1848,Patricia,Wilson,mary.williams232@email.com,Phoenix,NC,2023-04-18,Premium
1849,Emily,Martin,william.jones915@email.com,Houston,WA,2021-12-22,Basic
1850,Daniel,Smith,christopher.brown744@email.com,Jacksonville,GA,2021-08-20,Regular
1851,Mary,Moore,mark.jones211@email.com,Chicago,NC,2023-08-29,Regular
1852,Daniel,Taylor,daniel.jones689@email.com,Fort Worth,FL,2023-03-15,Basic
1853,Jane,Taylor,william.hernandez12@email.com,San Francisco,NY,2022-09-27,Basic
1854,Mary,Anderson,sarah.moore319@email.com,Las Vegas,FL,2022-09-08,Basic
1855,Susan,Wilson,matthew.brown791@email.com,Jacksonville,CA,2021-08-24,Basic
1856,Patricia,Williams,susan.taylor238@email.com,Portland,MA,2023-05-25,Regular
1857,William,Jackson,daniel.martinez842@email.com,Seattle,NY,2021-01-18,Basic
1858,Jane,Davis,sarah.jackson761@email.com,Fort Worth,FL,2022-04-26,Regular
1859,Michael,Smith,susan.thomas158@email.com,Portland,PA,2022-02-03,Basic
1860,Christopher,Wilson,michael.hernandez897@email.com,San Jose,FL,2022-01-10,Basic
1861,Mary,Taylor,william.johnson391@email.com,Fort Worth,OH,2023-11-04,Basic
1862,Matthew,Brown,william.brown642@email.com,Portland,TX,2021-01-14,Regular
1863,Emily,Martin,daniel.anderson600@email.com,San Diego,TX,2023-08-23,Premium
1864,John,Jackson,emily.taylor777@email.com,San Diego,OH,2021-01-10,Regular
1865,David,Lopez,jennifer.davis536@email.com,Atlanta,GA,2021-02-09,Basic
1866,Susan,Hernandez,sarah.williams750@email.com,Boston,AZ,2022-10-26,Basic
1867,Daniel,Martinez,susan.lee886@email.com,Austin,PA,2021-06-10,Premium
1868,Jane,Wilson,mary.davis891@email.com,San Diego,OH,2021-03-26,Premium
1869,David,Johnson,linda.anderson432@email.com,San Jose,NV,2022-01-02,Premium
1870,Michael,Williams,jane.brown886@email.com,Seattle,NY,2023-12-16,Basic
1871,Lisa,Lopez,william.rodriguez927@email.com,Chicago,CA,2023-09-26,Basic
1872,Mary,Jackson,william.moore337@email.com,Chicago,FL,2022-10-02,Regular
1873,Mary,Hernandez,patricia.rodriguez366@email.com,New York,PA,2022-11-25,Regular
1874,Christopher,Williams,michael.smith104@email.com,Austin,IL,2021-06-12,Basic
1875,Mark,Thomas,linda.davis600@email.com,New York,OH,2021-11-04,Basic
1876,Jane,Martinez,linda.davis606@email.com,Houston,FL,2021-02-13,Regular
1877,Susan,Miller,patricia.rodriguez107@email.com,Dallas,CA,2021-10-29,Regular
1878,David,Garcia,linda.jackson622@email.com,San Francisco,NV,2021-11-23,Regular
1879,Daniel,Jackson,mark.wilson622@email.com,Columbus,TX,2021-01-08,Regular
1880,Mary,Johnson,matthew.wilson44@email.com,Dallas,FL,2021-06-18,Regular
1881,Mary,Wilson,susan.brown605@email.com,Phoenix,CO,2023-09-29,Regular
1882,Daniel,Miller,sarah.martin98@email.com,San Francisco,NC,2023-01-10,Basic
1883,Michael,Martinez,sarah.davis370@email.com,Indianapolis,CA,2022-09-02,Regular
1884,Mark,Wilson,mark.lee432@email.com,Denver,AZ,2023-01-21,Basic
1885,David,Brown,christopher.johnson356@email.com,Columbus,WA,2022-07-11,Premium
1886,Matthew,Lopez,daniel.thomas588@email.com,Houston,NV,2021-05-17,Regular
1887,Mary,Taylor,matthew.johnson963@email.com,Austin,NC,2023-03-27,Premium
1888,Christopher,Williams,christopher.anderson686@email.com,San Francisco,NY,2022-07-19,Regular
1889,James,Thomas,john.miller581@email.com,San Diego,IL,2023-12-22,Basic
1890,William,Miller,emily.smith646@email.com,Seattle,PA,2023-10-18,Basic
1891,Lisa,Jones,james.brown300@email.com,Austin,TX,2021-10-09,Premium
1892,Sarah,Johnson,patricia.smith747@email.com,Austin,CO,2021-05-20,Regular
1893,John,Miller,daniel.rodriguez368@email.com,Las Vegas,NY,2021-04-24,Basic
1894,Emily,Smith,mary.lopez997@email.com,Houston,NC,2022-07-06,Regular
1895,Linda,Martin,lisa.rodriguez457@email.com,Phoenix,AZ,2023-04-12,Regular
1896,Matthew,Davis,jane.hernandez470@email.com,Seattle,TX,2023-05-01,Basic
1897,Christopher,Taylor,william.garcia215@email.com,Chicago,OH,2021-09-27,Regular
1898,Elizabeth,Wilson,elizabeth.jackson664@email.com,Charlotte,MA,2023-08-14,Premium
1899,Sarah,Williams,james.wilson772@email.com,San Francisco,FL,2022-10-17,Regular
1900,William,Jackson,mary.garcia865@email.com,Austin,WA,2021-02-06,Basic
1901,William,Martinez,linda.williams342@email.com,Houston,WA,2021-07-20,Regular
1902,Daniel,Taylor,mary.lee552@email.com,Phoenix,IL,2022-12-30,Premium
1903,Robert,Jackson,lisa.hernandez849@email.com,San Diego,CO,2021-12-17,Basic
1904,Susan,Thomas,jennifer.brown937@email.com,Denver,WA,2023-04-11,Premium
1905,Jennifer,Smith,michael.wilson321@email.com,Jacksonville,OR,2023-07-06,Basic
1906,Linda,Johnson,susan.taylor655@email.com,Denver,FL,2022-06-02,Regular
1907,Robert,Hernandez,emily.wilson208@email.com,San Francisco,AZ,2022-07-19,Basic
1908,Sarah,Johnson,william.taylor360@email.com,Indianapolis,AZ,2021-12-16,Regular
1909,David,Hernandez,james.thomas918@email.com,Houston,AZ,2021-04-15,Regular
1910,Michael,Johnson,mary.garcia983@email.com,Austin,OH,2022-04-16,Premium
1911,Daniel,Wilson,emily.hernandez17@email.com,Jacksonville,GA,2023-03-27,Regular
1912,Emily,Brown,sarah.miller596@email.com,Dallas,OR,2021-04-24,Basic
1913,Daniel,Miller,jennifer.moore718@email.com,Phoenix,OH,2023-09-13,Basic
1914,Michael,Moore,elizabeth.martinez775@email.com,Fort Worth,OR,2023-12-31,Regular
1915,James,Thomas,elizabeth.jackson183@email.com,Miami,NV,2022-12-01,Regular
1916,Mary,Jackson,christopher.lee713@email.com,Los Angeles,IL,2022-08-22,Basic
1917,Michael,Jones,michael.miller96@email.com,Atlanta,PA,2022-01-22,Basic
1918,Elizabeth,Martin,michael.lee937@email.com,Boston,GA,2022-02-18,Regular
1919,Elizabeth,Davis,christopher.rodriguez150@email.com,Charlotte,NV,2021-01-28,Regular
1920,Jennifer,Williams,james.jackson363@email.com,Philadelphia,GA,2023-02-02,Regular
1921,Jennifer,Johnson,christopher.jones944@email.com,San Diego,NY,2023-11-06,Regular
1922,Emily,Jones,christopher.brown866@email.com,,NC,2023-10-08,Premium
1923,Emily,Taylor,jennifer.lee584@email.com,Fort Worth,AZ,2021-10-18,Regular
1924,Mary,Smith,michael.hernandez231@email.com,New York,CO,2022-05-03,Regular
1925,Matthew,Taylor,daniel.johnson252@email.com,Phoenix,IL,2022-03-19,Basic
1926,Lisa,Lee,elizabeth.jones684@email.com,San Jose,TX,2023-03-26,Premium
1927,Sarah,Johnson,william.smith507@email.com,San Jose,MA,2024-01-01,Regular
1928,Robert,Davis,lisa.davis252@email.com,Columbus,IL,2021-01-22,Regular
1929,David,Jones,lisa.thomas664@email.com,Las Vegas,NV,2023-05-23,Regular
1930,Lisa,Smith,robert.jones13@email.com,Jacksonville,AZ,2021-04-11,Premium
1931,Linda,Garcia,jennifer.davis988@email.com,Dallas,IL,2021-06-30,Regular
1932,John,Johnson,john.lee495@email.com,Columbus,TX,2022-06-16,Regular
1933,Mary,Martinez,daniel.anderson570@email.com,Charlotte,AZ,2022-11-19,Regular
1934,Elizabeth,Brown,elizabeth.martin197@email.com,Charlotte,NC,2023-07-02,Regular
1935,Mark,Thomas,patricia.garcia869@email.com,Phoenix,NY,2021-11-11,Regular
1936,Mary,Lee,matthew.martin410@email.com,Los Angeles,GA,2022-04-15,Basic
1937,Daniel,Garcia,mark.wilson765@email.com,Jacksonville,NY,2021-10-03,Regular
1938,Elizabeth,Martin,william.lopez823@email.com,Chicago,AZ,2023-04-02,Basic
1939,David,Williams,william.anderson380@email.com,Charlotte,CA,2023-09-22,Regular
1940,Susan,Brown,mary.davis328@email.com,Houston,OH,2021-06-04,Premium
1941,Michael,Brown,elizabeth.lopez79@email.com,New York,MA,2022-07-03,Premium
1942,Michael,Taylor,david.hernandez881@email.com,Charlotte,IL,2023-12-25,Regular
1943,Jennifer,Lee,lisa.jackson593@email.com,San Antonio,AZ,2022-12-02,Basic
1944,Christopher,Lee,david.brown940@email.com,Los Angeles,CA,2023-10-22,Basic
1945,Linda,Davis,matthew.taylor549@email.com,Indianapolis,MA,2021-07-24,Basic
1946,Matthew,Williams,james.brown827@email.com,Charlotte,PA,2023-08-01,Regular
1947,Patricia,Miller,susan.davis738@email.com,Houston,PA,2021-01-15,Regular
1948,Patricia,Anderson,mary.jackson841@email.com,Jacksonville,TX,2021-07-15,Premium
1949,Mark,Hernandez,lisa.thomas276@email.com,Fort Worth,OR,2023-01-18,Regular
1950,Michael,Wilson,mark.johnson472@email.com,Dallas,FL,2021-04-01,Regular
1951,David,Hernandez,susan.thomas510@email.com,Miami,WA,2021-08-07,Premium
1952,James,Brown,mark.anderson67@email.com,San Francisco,CA,2023-06-05,Regular
1953,Michael,Martin,emily.smith574@email.com,Seattle,PA,2023-10-14,Regular
1954,Daniel,Jackson,daniel.jackson666@email.com,Miami,NC,2023-09-17,Basic
1955,Daniel,Jones,jane.lopez489@email.com,San Diego,PA,2021-09-28,Basic
1956,Matthew,Hernandez,david.williams699@email.com,San Francisco,PA,2021-02-26,Basic
1957,Mary,Miller,mary.williams978@email.com,Atlanta,OH,2021-09-22,Regular
1958,David,Johnson,william.martin259@email.com,Las Vegas,AZ,2022-12-19,Regular
1959,Elizabeth,Martin,john.lee503@email.com,Los Angeles,OR,2021-05-31,Regular
1960,Mark,Garcia,patricia.jones406@email.com,San Antonio,WA,2021-09-25,Basic
1961,Emily,Hernandez,robert.thomas318@email.com,Houston,NV,2021-04-05,Premium
1962,David,Williams,elizabeth.martinez339@email.com,San Francisco,NY,2021-09-02,Regular
1963,Patricia,Brown,lisa.martin818@email.com,Austin,FL,2021-11-13,Basic
1964,Matthew,Rodriguez,matthew.anderson148@email.com,San Jose,IL,2022-12-24,Regular
1965,Jane,Jones,elizabeth.martin323@email.com,San Diego,OR,2021-09-16,Regular
1966,Sarah,Anderson,john.lee55@email.com,Indianapolis,OH,2022-05-03,Regular
1967,Matthew,Garcia,mary.martin123@email.com,New York,WA,2022-04-10,Premium
1968,David,Lopez,michael.lee66@email.com,Philadelphia,GA,2021-11-02,Regular
1969,Jennifer,Jackson,matthew.anderson748@email.com,Charlotte,FL,2023-07-11,Regular
1970,Emily,Garcia,emily.miller255@email.com,San Jose,NY,2021-01-08,Premium
1971,Emily,Thomas,susan.garcia856@email.com,Chicago,IL,2022-07-05,Premium
1972,James,Davis,emily.smith665@email.com,San Jose,AZ,2022-02-09,Basic
1973,Lisa,Martin,linda.brown340@email.com,Indianapolis,IL,2023-09-04,Regular
1974,Mary,Johnson,michael.brown969@email.com,Austin,PA,2022-11-29,Regular
1975,Matthew,Jones,christopher.martin718@email.com,Portland,OH,2023-11-02,Regular
1976,Jennifer,Brown,christopher.anderson391@email.com,Charlotte,NY,2021-11-27,Basic
1977,Michael,Lee,linda.jones868@email.com,Atlanta,TX,2021-07-31,Regular
1978,William,Wilson,james.garcia99@email.com,Philadelphia,GA,2022-12-05,Regular
1979,Robert,Garcia,jennifer.lopez182@email.com,Fort Worth,TX,2023-02-01,Basic
1980,Elizabeth,Smith,patricia.rodriguez512@email.com,Los Angeles,TX,2022-10-23,Basic
1981,William,Taylor,michael.garcia267@email.com,Philadelphia,CO,2021-09-13,Premium
1982,David,Williams,christopher.miller233@email.com,Denver,IL,2021-06-08,Basic
1983,Jennifer,Smith,mary.williams348@email.com,Philadelphia,WA,2023-05-30,Regular
1984,Susan,Smith,daniel.brown537@email.com,Austin,GA,2022-03-09,Regular
1985,Elizabeth,Garcia,william.smith901@email.com,Dallas,PA,2023-06-28,Premium
1986,Michael,Williams,susan.johnson571@email.com,Fort Worth,CO,2021-06-20,Premium
1987,Matthew,Martin,jane.lopez98@email.com,Atlanta,WA,2022-08-02,Basic
1988,Emily,Martinez,emily.smith987@email.com,Indianapolis,AZ,2021-12-04,Regular
1989,Mark,Anderson,matthew.smith5@email.com,Fort Worth,PA,2021-02-09,Regular
1990,Mark,Taylor,james.wilson314@email.com,Phoenix,IL,2023-08-14,Basic
1991,David,Jones,john.martin577@email.com,Charlotte,NV,2022-11-16,Basic
1992,Emily,Miller,mary.williams979@email.com,Philadelphia,TX,2023-07-31,Premium
1993,Susan,Jones,emily.miller652@email.com,Seattle,OR,2022-09-12,Regular
1994,Susan,Rodriguez,susan.taylor187@email.com,Indianapolis,CA,2021-08-15,Premium
1995,James,Moore,elizabeth.miller354@email.com,San Jose,PA,2022-09-27,Basic
1996,Mark,Thomas,sarah.jones615@email.com,Los Angeles,CO,2022-01-11,Regular
1997,Jane,Anderson,mary.martin182@email.com,Charlotte,NC,2022-09-05,Basic
1998,John,Davis,daniel.garcia520@email.com,Columbus,NV,2023-08-16,Premium
1999,Michael,Garcia,david.thomas32@email.com,Columbus,GA,2022-05-03,Premium
2000,Jane,Lee,susan.johnson958@email.com,Dallas,IL,2023-04-24,Regular
2001,Mark,Johnson,elizabeth.brown827@email.com,Phoenix,NC,2021-11-21,Regular
2002,William,Lee,jennifer.martinez111@email.com,New York,FL,2023-03-01,Regular
2003,Robert,Garcia,mary.garcia605@email.com,Charlotte,TX,2021-09-24,Basic
2004,Mark,Taylor,matthew.garcia922@email.com,Miami,NY,2022-12-10,Regular
2005,Patricia,Lee,sarah.taylor198@email.com,Fort Worth,AZ,2021-06-13,Regular
2006,Susan,Williams,susan.jones628@email.com,Atlanta,NY,2023-11-26,Basic
2007,John,Martinez,james.thomas951@email.com,San Antonio,NV,2022-05-02,Regular
2008,Linda,Lopez,elizabeth.wilson803@email.com,Phoenix,OR,2021-05-24,Basic
2009,Elizabeth,Anderson,daniel.brown685@email.com,San Francisco,IL,2021-12-31,Premium
2010,Jennifer,Smith,elizabeth.williams347@email.com,Chicago,WA,2022-09-08,Regular
2011,Jennifer,Jackson,lisa.lopez145@email.com,Portland,FL,2023-08-21,Premium
2012,Linda,Davis,lisa.taylor193@email.com,San Antonio,FL,2023-07-10,Premium
2013,Lisa,Miller,christopher.johnson367@email.com,Austin,IL,2022-04-28,Basic
2014,Christopher,Brown,jane.taylor831@email.com,San Antonio,NV,2023-06-09,Premium
2015,Jennifer,Moore,mark.brown869@email.com,,NV,2023-08-03,Regular
2016,Daniel,Brown,matthew.williams680@email.com,Seattle,MA,2023-09-11,Regular
2017,Michael,Lee,james.moore577@email.com,Fort Worth,WA,2021-12-18,Regular
2018,Jane,Lopez,mark.jackson535@email.com,San Francisco,WA,2022-06-13,Basic
2019,Emily,Jackson,christopher.jackson659@email.com,Columbus,CA,2022-09-01,Premium
2020,Daniel,Moore,robert.martinez329@email.com,Portland,OH,2022-01-27,Regular
2021,Patricia,Davis,david.thomas782@email.com,Phoenix,IL,2022-09-19,Basic
2022,Linda,Thomas,robert.martinez967@email.com,Jacksonville,CA,2022-02-09,Regular
2023,Daniel,Miller,patricia.wilson446@email.com,Boston,OH,2022-12-03,Basic
2024,Robert,Rodriguez,christopher.williams503@email.com,Phoenix,AZ,2022-09-16,Premium
2025,James,Johnson,john.taylor107@email.com,San Antonio,IL,2023-08-06,Regular
2026,Susan,Miller,james.jackson496@email.com,Indianapolis,WA,2023-11-29,Regular
2027,David,Brown,susan.wilson314@email.com,Columbus,IL,2023-10-12,Basic
2028,James,Jones,linda.martinez790@email.com,Las Vegas,OR,2021-12-04,Basic
2029,James,Taylor,jane.moore852@email.com,Indianapolis,IL,2023-02-10,Regular
2030,Mary,Taylor,jane.miller970@email.com,San Francisco,NY,2023-01-12,Regular
2031,Christopher,Garcia,michael.martinez914@email.com,Boston,AZ,2023-09-03,Premium
2032,David,Garcia,mark.martin556@email.com,Los Angeles,CA,2021-08-14,Regular
2033,Mary,Johnson,emily.hernandez757@email.com,Columbus,FL,2022-11-23,Regular
2034,Matthew,Johnson,jane.jackson29@email.com,Atlanta,OH,2023-04-12,Basic
2035,Elizabeth,Lopez,jane.martinez395@email.com,Portland,NC,2022-09-22,Regular
2036,Sarah,Martinez,robert.lopez988@email.com,New York,NV,2022-04-02,Regular
2037,James,Miller,elizabeth.johnson844@email.com,Dallas,GA,2023-11-28,Premium
2038,Lisa,Anderson,patricia.moore537@email.com,Indianapolis,IL,2021-03-30,Premium
2039,Daniel,Rodriguez,emily.moore380@email.com,Indianapolis,NV,2021-11-17,Regular
2040,Sarah,Hernandez,jane.miller102@email.com,Fort Worth,CA,2021-04-07,Regular
2041,William,Lee,daniel.garcia914@email.com,Denver,PA,2022-04-09,Basic
2042,Daniel,Thomas,lisa.hernandez75@email.com,Atlanta,CO,2022-07-08,Regular
2043,Lisa,Johnson,robert.taylor212@email.com,San Diego,TX,2023-12-30,Regular
2044,David,Brown,mark.lee16@email.com,Philadelphia,WA,2021-02-08,Premium
2045,Sarah,Johnson,jane.wilson211@email.com,Los Angeles,IL,2022-08-31,Basic
2046,Jane,Jackson,sarah.martinez5@email.com,Portland,NV,2021-09-14,Basic
2047,Jennifer,Garcia,lisa.hernandez182@email.com,Austin,FL,2022-08-24,Premium
2048,Christopher,Garcia,christopher.davis381@email.com,Jacksonville,FL,2023-08-23,Basic
2049,Susan,Smith,christopher.johnson160@email.com,San Diego,WA,2023-05-08,Regular
2050,Patricia,Taylor,david.lee253@email.com,Dallas,TX,2021-04-14,Premium
2051,Lisa,Moore,susan.rodriguez904@email.com,New York,OH,2021-03-04,Regular
2052,Emily,Brown,patricia.martin728@email.com,Jacksonville,OR,2021-04-13,Regular
2053,James,Williams,jennifer.miller963@email.com,New York,OR,2022-08-11,Premium
2054,Mark,Davis,william.anderson707@email.com,Atlanta,NY,2021-01-20,Basic
2055,James,Thomas,john.anderson844@email.com,Indianapolis,FL,2021-05-15,Basic
2056,Robert,Martin,patricia.wilson285@email.com,Boston,TX,2023-05-09,Regular
2057,Emily,Martin,robert.taylor260@email.com,Phoenix,IL,2022-12-27,Regular
2058,Linda,Hernandez,susan.smith642@email.com,San Francisco,OR,2023-09-17,Regular
2059,Matthew,Anderson,christopher.johnson713@email.com,San Antonio,PA,2022-04-13,Regular
2060,Daniel,Miller,daniel.jones679@email.com,Denver,GA,2023-09-06,Regular
2061,Linda,Hernandez,lisa.williams653@email.com,Columbus,NY,2023-05-01,Premium
2062,Jennifer,Davis,sarah.brown163@email.com,Las Vegas,TX,2021-09-19,Regular
2063,Linda,Brown,linda.williams188@email.com,Chicago,CA,2022-08-13,Basic
2064,John,Hernandez,elizabeth.hernandez172@email.com,Austin,OR,2021-12-10,Regular
2065,Michael,Davis,william.wilson292@email.com,Boston,TX,2023-04-11,Premium
2066,Christopher,Brown,elizabeth.martinez292@email.com,Charlotte,WA,2023-02-22,Basic
2067,Matthew,Davis,mark.rodriguez112@email.com,Columbus,IL,2021-10-11,Regular
2068,Daniel,Anderson,sarah.wilson843@email.com,Dallas,NC,2021-09-15,Regular
2069,Lisa,Miller,robert.williams569@email.com,New York,NY,2023-01-20,Premium
2070,Robert,Wilson,linda.miller131@email.com,Austin,AZ,2022-06-20,Regular
2071,Mark,Davis,matthew.johnson481@email.com,San Antonio,NC,2021-11-11,Basic
2072,Mary,Williams,linda.brown115@email.com,Atlanta,GA,2021-03-09,Regular
2073,Jane,Taylor,lisa.johnson854@email.com,Miami,OR,2022-03-29,Regular
2074,Jane,Martin,christopher.garcia86@email.com,Las Vegas,PA,2023-04-25,Basic
2075,Jennifer,Taylor,michael.davis447@email.com,Austin,NY,2022-04-18,Basic
2076,Linda,Johnson,susan.lopez449@email.com,Columbus,IL,2021-04-19,Basic
2077,Susan,Anderson,david.thomas612@email.com,Charlotte,IL,2021-06-23,Regular
2078,Linda,Jones,jane.moore786@email.com,Los Angeles,NY,2022-07-04,Regular
2079,Jennifer,Miller,robert.miller743@email.com,Las Vegas,FL,2021-05-01,Basic
2080,Elizabeth,Lee,james.johnson583@email.com,San Francisco,CA,2021-07-25,Basic
2081,John,Thomas,john.jones350@email.com,Indianapolis,CO,2022-11-12,Premium
2082,Sarah,Garcia,william.garcia359@email.com,Boston,WA,2021-10-31,Premium
2083,Patricia,Wilson,daniel.miller924@email.com,Charlotte,NY,2023-08-14,Regular
2084,David,Lopez,jane.wilson390@email.com,San Francisco,CA,2022-05-11,Basic
2085,William,Jones,david.martinez518@email.com,Portland,WA,2021-08-11,Regular
2086,Mary,Thomas,michael.davis189@email.com,Austin,TX,2021-08-21,Regular
2087,Christopher,Miller,robert.hernandez674@email.com,Jacksonville,CO,2023-08-01,Premium
2088,Mary,Lopez,daniel.smith893@email.com,Dallas,TX,2022-01-13,Regular
2089,Jane,Rodriguez,daniel.williams864@email.com,Philadelphia,TX,2022-01-09,Basic
2090,Christopher,Miller,lisa.lee542@email.com,Columbus,PA,2023-03-23,Regular
2091,Jane,Hernandez,jennifer.jackson165@email.com,Chicago,WA,2022-09-29,Basic
2092,Mark,Jones,david.jackson988@email.com,Denver,TX,2021-05-15,Basic
2093,Elizabeth,Johnson,james.johnson115@email.com,Portland,OH,2022-06-14,Regular
2094,Robert,Martin,michael.anderson531@email.com,New York,WA,2023-10-04,Regular
2095,Mary,Johnson,elizabeth.smith634@email.com,San Diego,OH,2022-11-04,Regular
2096,Elizabeth,Rodriguez,emily.hernandez380@email.com,Indianapolis,CA,2023-05-13,Basic
2097,Jennifer,Jones,jane.jones924@email.com,Dallas,WA,2021-01-27,Regular
2098,Michael,Brown,sarah.davis7@email.com,Phoenix,NY,2021-01-24,Regular
2099,Christopher,Thomas,christopher.smith577@email.com,Philadelphia,NY,2021-05-15,Basic
2100,Matthew,Thomas,jane.wilson788@email.com,San Francisco,NY,2023-12-05,Regular
2101,Daniel,Anderson,mark.brown878@email.com,San Antonio,CO,2022-06-29,Basic
2102,Elizabeth,Garcia,lisa.johnson578@email.com,Fort Worth,NY,2021-09-15,Regular
2103,William,Hernandez,elizabeth.williams21@email.com,Las Vegas,IL,2022-04-02,Premium
2104,Susan,Davis,linda.martin661@email.com,Phoenix,MA,2022-03-22,Regular
2105,Susan,Martinez,christopher.martinez703@email.com,Charlotte,WA,2022-11-07,Basic
2106,Sarah,Lee,susan.wilson461@email.com,Las Vegas,CO,2023-12-17,Regular
2107,David,Garcia,lisa.taylor628@email.com,San Antonio,PA,2022-07-13,Basic
2108,Sarah,Lee,william.lopez652@email.com,Philadelphia,FL,2023-07-08,Basic
2109,Christopher,Garcia,daniel.taylor942@email.com,Los Angeles,CA,2022-09-20,Regular
2110,Mary,Martin,david.thomas550@email.com,Portland,FL,2021-12-02,Basic
2111,James,Jackson,mary.davis148@email.com,Philadelphia,IL,2021-11-20,Premium
2112,Elizabeth,Davis,jennifer.garcia987@email.com,Philadelphia,IL,2022-05-12,Regular
2113,Mary,Williams,christopher.rodriguez904@email.com,Miami,OR,2022-10-24,Premium
2114,David,Anderson,emily.lopez758@email.com,Phoenix,PA,2023-05-05,Basic
2115,Robert,Moore,john.anderson825@email.com,San Francisco,FL,2023-05-01,Regular
2116,Susan,Taylor,jennifer.jones44@email.com,Houston,MA,2023-09-13,Premium
2117,Matthew,Miller,daniel.anderson728@email.com,Houston,MA,2023-09-04,Regular
2118,Christopher,Martin,elizabeth.davis412@email.com,Chicago,CO,2021-06-18,Regular
2119,Matthew,Taylor,david.lopez214@email.com,Charlotte,AZ,2022-12-24,Premium
2120,Jane,Thomas,christopher.anderson905@email.com,Jacksonville,MA,2022-05-26,Basic
2121,Jane,Rodriguez,patricia.thomas752@email.com,Miami,OH,2021-02-10,Basic
2122,Jane,Smith,daniel.thomas976@email.com,San Francisco,CA,2021-12-12,Regular
2123,David,Anderson,christopher.thomas373@email.com,Columbus,NC,2021-12-07,Basic
2124,James,Davis,james.hernandez682@email.com,Boston,MA,2023-06-03,Regular
2125,Linda,Davis,christopher.jones741@email.com,Houston,PA,2021-12-01,Basic
2126,Matthew,Hernandez,matthew.miller252@email.com,San Francisco,PA,2022-09-09,Regular
2127,Daniel,Anderson,robert.miller583@email.com,Houston,WA,2023-08-11,Regular
2128,David,Martin,robert.lee373@email.com,Columbus,AZ,2022-04-29,Premium
2129,Susan,Davis,daniel.jackson884@email.com,Philadelphia,NY,2023-04-05,Basic
2130,Matthew,Martin,patricia.lopez660@email.com,Los Angeles,MA,2022-10-27,Regular
2131,David,Jones,jennifer.miller403@email.com,San Jose,OH,2021-01-22,Premium
2132,James,Martin,david.taylor112@email.com,Philadelphia,WA,2021-03-29,Premium
2133,Susan,Smith,elizabeth.thomas308@email.com,Boston,WA,2022-02-20,Regular
2134,James,Anderson,susan.anderson53@email.com,Seattle,GA,2021-10-21,Regular
2135,Emily,Johnson,robert.miller346@email.com,Jacksonville,NV,2021-02-02,Basic
2136,Christopher,Johnson,elizabeth.garcia676@email.com,Houston,IL,2021-03-19,Basic
2137,Susan,Taylor,christopher.moore443@email.com,San Jose,TX,2021-04-24,Premium
2138,Jennifer,Moore,emily.thomas25@email.com,Dallas,NY,2023-06-05,Basic
2139,Mark,Johnson,robert.wilson582@email.com,Seattle,AZ,2022-09-08,Premium
2140,James,Anderson,emily.rodriguez764@email.com,Fort Worth,GA,2023-07-18,Basic
2141,Matthew,Moore,mark.jones657@email.com,Denver,GA,2023-04-13,Basic
2142,Matthew,Wilson,christopher.martin801@email.com,Seattle,PA,2021-05-19,Regular
2143,Elizabeth,Taylor,robert.jones422@email.com,San Diego,MA,2022-10-01,Basic
2144,Linda,Brown,james.thomas252@email.com,Los Angeles,GA,2022-09-09,Regular
2145,Mark,Thomas,david.taylor324@email.com,Jacksonville,TX,2021-10-26,Regular
2146,Jennifer,Taylor,susan.lee544@email.com,Philadelphia,IL,2023-07-14,Basic
2147,Linda,Davis,jane.brown806@email.com,Houston,MA,2023-10-28,Regular
2148,John,Williams,michael.williams22@email.com,Columbus,TX,2023-09-29,Regular
2149,Mary,Jackson,john.johnson340@email.com,Denver,CA,2022-05-26,Regular
2150,James,Smith,michael.hernandez954@email.com,New York,FL,2022-10-28,Basic
2151,Sarah,Anderson,mary.miller762@email.com,San Antonio,CO,2022-10-14,Regular
2152,Patricia,Miller,david.miller315@email.com,Denver,CO,2022-06-17,Premium
2153,Mark,Jones,michael.lopez639@email.com,Philadelphia,OH,2021-04-18,Basic
2154,Jennifer,Lopez,james.martin927@email.com,Philadelphia,OH,2022-08-05,Basic
2155,John,Martinez,daniel.taylor347@email.com,New York,NV,2021-12-27,Premium
2156,Susan,Davis,emily.martinez311@email.com,Philadelphia,GA,2022-05-25,Regular
2157,Linda,Williams,sarah.jackson164@email.com,Las Vegas,NC,2021-09-13,Premium
2158,William,Smith,david.garcia426@email.com,Columbus,GA,2023-04-01,Regular
2159,Mark,Taylor,sarah.jackson933@email.com,Denver,CA,2023-10-07,Regular
2160,Mark,Martinez,susan.anderson163@email.com,Seattle,AZ,2021-10-22,Basic
2161,Lisa,Garcia,elizabeth.jackson644@email.com,New York,PA,2021-05-06,Regular
2162,Jane,Thomas,linda.rodriguez707@email.com,Houston,FL,2023-06-06,Regular
2163,Mark,Martin,lisa.brown680@email.com,Dallas,AZ,2023-06-27,Regular
2164,Linda,Martin,david.thomas100@email.com,Philadelphia,OH,2023-01-15,Basic
2165,Emily,Smith,jane.jones902@email.com,Atlanta,MA,2022-07-03,Regular
2166,Matthew,Thomas,christopher.taylor389@email.com,Fort Worth,AZ,2022-04-06,Basic
2167,Susan,Thomas,linda.garcia786@email.com,Dallas,OR,2022-02-07,Regular
2168,Christopher,Jones,john.martin705@email.com,San Francisco,TX,2022-09-19,Premium
2169,David,Wilson,mary.thomas599@email.com,Chicago,OH,2022-04-19,Regular
2170,Lisa,Garcia,mark.garcia459@email.com,Los Angeles,NY,2023-03-31,Regular
2171,Jane,Lopez,john.taylor970@email.com,Columbus,GA,2021-02-09,Regular
2172,Mark,Thomas,mark.lopez907@email.com,Seattle,MA,2022-07-22,Premium
2173,Sarah,Smith,james.williams908@email.com,New York,CA,2022-10-17,Premium
2174,Robert,Williams,mary.williams182@email.com,Chicago,WA,2022-03-11,Basic
2175,John,Wilson,david.lee308@email.com,Charlotte,AZ,2022-01-11,Regular
2176,Daniel,Hernandez,christopher.jones114@email.com,Charlotte,GA,2022-12-12,Basic
2177,James,Moore,robert.hernandez300@email.com,New York,PA,2021-12-24,Regular
2178,Patricia,Johnson,michael.lopez618@email.com,San Antonio,TX,2023-11-18,Regular
2179,David,Martinez,linda.smith637@email.com,Chicago,CO,2023-08-19,Regular
2180,Patricia,Anderson,mark.anderson174@email.com,Fort Worth,WA,2022-04-01,Regular
2181,Robert,Rodriguez,mary.rodriguez197@email.com,San Antonio,MA,2022-11-16,Regular
2182,Patricia,Lee,matthew.rodriguez533@email.com,Charlotte,NV,2023-07-25,Regular
2183,Matthew,Jackson,john.taylor327@email.com,Los Angeles,CA,2022-02-10,Premium
2184,Susan,Martin,emily.johnson665@email.com,Austin,NV,2022-05-24,Regular
2185,Linda,Miller,lisa.martinez270@email.com,Atlanta,CA,2023-11-13,Regular
2186,Jane,Williams,daniel.anderson346@email.com,New York,CO,2021-07-21,Basic
2187,David,Lee,jane.rodriguez768@email.com,Los Angeles,OH,2022-03-30,Basic
2188,Matthew,Hernandez,daniel.williams341@email.com,San Jose,OH,2022-05-20,Basic
2189,Robert,Johnson,elizabeth.johnson134@email.com,Denver,FL,2021-02-10,Basic
2190,Elizabeth,Moore,susan.smith753@email.com,San Antonio,FL,2023-09-13,Regular
2191,James,Lopez,mark.smith310@email.com,San Antonio,MA,2022-04-22,Regular
2192,Linda,Johnson,christopher.miller927@email.com,Philadelphia,FL,2022-07-22,Basic
2193,Matthew,Brown,linda.wilson398@email.com,Columbus,PA,2022-11-29,Regular
2194,Christopher,Wilson,jane.rodriguez714@email.com,Charlotte,NY,2022-05-25,Regular
2195,James,Lopez,christopher.hernandez376@email.com,Philadelphia,PA,2022-03-03,Premium
2196,Emily,Thomas,matthew.anderson417@email.com,Dallas,IL,2021-04-14,Regular
2197,Daniel,Lee,james.jones966@email.com,Dallas,CO,2022-01-06,Regular
2198,Elizabeth,Johnson,mary.rodriguez566@email.com,Fort Worth,OH,2022-04-17,Basic
2199,James,Lopez,robert.taylor289@email.com,Denver,CO,2023-05-17,Regular
2200,Elizabeth,Lopez,william.williams936@email.com,San Diego,NV,2022-09-28,Regular
2201,Mary,Garcia,daniel.williams825@email.com,Houston,GA,2021-07-27,Basic
2202,William,Jackson,james.moore918@email.com,Charlotte,FL,2022-01-02,Premium
2203,Susan,Williams,sarah.smith831@email.com,Philadelphia,CA,2021-11-09,Regular
2204,Linda,Jackson,david.brown249@email.com,,IL,2022-08-24,Premium
2205,Robert,Miller,michael.garcia383@email.com,Dallas,NY,2023-09-02,Basic
2206,Lisa,Jones,michael.jones586@email.com,Charlotte,GA,2022-06-04,Basic
2207,William,Hernandez,lisa.williams885@email.com,Columbus,WA,2021-02-14,Regular
2208,Elizabeth,Davis,michael.smith741@email.com,San Diego,IL,2023-02-06,Basic
2209,Jennifer,Jackson,john.hernandez892@email.com,Seattle,NC,2022-01-26,Regular
2210,Lisa,Brown,susan.williams160@email.com,New York,CA,2023-07-29,Basic
2211,Jennifer,Taylor,mark.thomas647@email.com,Seattle,OR,2021-11-19,Basic
2212,Jennifer,Martin,james.brown628@email.com,San Diego,MA,2021-04-23,Basic
2213,Robert,Miller,sarah.johnson722@email.com,Denver,CO,2022-05-11,Premium
2214,Linda,Davis,david.miller941@email.com,Los Angeles,PA,2022-04-17,Basic
2215,James,Hernandez,michael.garcia94@email.com,Las Vegas,OH,2022-12-12,Basic
2216,Linda,Lopez,michael.smith444@email.com,Fort Worth,NC,2021-04-02,Regular
2217,Mary,Rodriguez,lisa.miller52@email.com,Austin,NY,2022-10-26,Basic
2218,Elizabeth,Moore,michael.wilson329@email.com,Dallas,FL,2021-05-29,Regular
2219,William,Anderson,matthew.miller488@email.com,Los Angeles,CO,2023-03-30,Basic
2220,Jennifer,Rodriguez,robert.taylor620@email.com,Philadelphia,CA,2021-04-09,Premium
2221,Sarah,Johnson,emily.taylor295@email.com,Jacksonville,GA,2021-09-15,Basic
2222,Mark,Williams,mark.johnson454@email.com,Boston,MA,2022-05-25,Regular
2223,Elizabeth,Lopez,emily.moore7@email.com,,WA,2021-09-28,Premium
2224,Christopher,Lopez,michael.garcia998@email.com,,NY,2022-10-31,Regular
2225,Christopher,Thomas,robert.rodriguez148@email.com,Seattle,IL,2021-07-16,Premium
2226,Mary,Taylor,elizabeth.martin997@email.com,Austin,IL,2021-02-28,Regular
2227,David,Moore,robert.brown720@email.com,Houston,TX,2023-09-26,Regular
2228,Jennifer,Moore,michael.miller192@email.com,Portland,CA,2021-07-03,Regular
2229,Jane,Brown,james.davis167@email.com,Boston,CO,2023-01-19,Regular
2230,Jennifer,Taylor,christopher.martin304@email.com,San Diego,CA,2023-01-01,Regular
2231,Michael,Jackson,susan.anderson519@email.com,Las Vegas,FL,2022-10-27,Basic
2232,Mary,Jackson,jennifer.miller437@email.com,Boston,OH,2023-12-31,Premium
2233,Daniel,Martinez,william.lopez754@email.com,San Diego,CO,2023-10-19,Basic
2234,William,Thomas,lisa.moore8@email.com,Phoenix,NC,2021-04-21,Basic
2235,Linda,Lee,william.martinez773@email.com,Charlotte,CO,2022-07-01,Regular
2236,Robert,Lopez,emily.williams64@email.com,Portland,NV,2021-04-18,Regular
2237,Robert,Williams,michael.taylor353@email.com,,OH,2022-07-14,Basic
2238,Elizabeth,Miller,jane.lee774@email.com,San Francisco,NY,2021-11-08,Premium
2239,William,Thomas,patricia.williams691@email.com,Philadelphia,FL,2021-11-08,Premium
2240,Elizabeth,Williams,daniel.smith763@email.com,Seattle,CO,2022-09-05,Regular
2241,William,Williams,michael.hernandez603@email.com,Chicago,OR,2022-11-30,Basic
2242,David,Wilson,mary.lee695@email.com,Philadelphia,OH,2023-03-17,Premium
2243,Sarah,Garcia,michael.martin269@email.com,Denver,CO,2022-09-18,Regular
2244,Susan,Martinez,james.thomas367@email.com,Houston,FL,2021-05-26,Basic
2245,Mark,Williams,linda.lopez512@email.com,Fort Worth,TX,2021-06-11,Basic
2246,Lisa,Brown,jennifer.taylor321@email.com,San Diego,PA,2021-11-17,Regular
2247,Lisa,Garcia,elizabeth.miller234@email.com,Jacksonville,TX,2023-01-31,Premium
2248,Jane,Rodriguez,mark.garcia44@email.com,Miami,IL,2023-02-02,Basic
2249,Matthew,Brown,mary.anderson477@email.com,Los Angeles,IL,2021-06-29,Regular
2250,Lisa,Jones,daniel.hernandez946@email.com,San Jose,TX,2021-09-27,Premium
2251,Lisa,Taylor,christopher.thomas890@email.com,Denver,CO,2022-10-19,Premium
2252,Jane,Jones,daniel.thomas157@email.com,Columbus,OH,2022-04-22,Basic
2253,Sarah,Miller,david.wilson430@email.com,Los Angeles,CA,2023-11-12,Regular
2254,Patricia,Moore,john.jones808@email.com,Phoenix,NC,2021-03-14,Basic
2255,James,Smith,james.wilson892@email.com,Columbus,PA,2023-09-23,Basic
2256,Linda,Martinez,david.wilson375@email.com,Portland,WA,2023-11-25,Regular
2257,Sarah,Anderson,john.anderson811@email.com,Columbus,IL,2021-06-04,Regular
2258,David,Jackson,emily.jones608@email.com,Charlotte,CA,2021-07-06,Regular
2259,John,Jones,emily.miller98@email.com,Fort Worth,OR,2022-05-26,Regular
2260,Elizabeth,Taylor,john.wilson484@email.com,Miami,IL,2022-12-09,Regular
2261,Emily,Lopez,david.rodriguez346@email.com,Austin,FL,2021-02-13,Basic
2262,Patricia,Anderson,robert.smith510@email.com,Philadelphia,OR,2022-12-17,Regular
2263,Linda,Thomas,christopher.garcia311@email.com,,CO,2022-04-03,Basic
2264,Linda,Smith,elizabeth.rodriguez234@email.com,Philadelphia,NC,2022-09-28,Regular
2265,Robert,Martinez,robert.taylor622@email.com,Seattle,MA,2022-06-05,Regular
2266,Jennifer,Miller,linda.anderson446@email.com,Miami,AZ,2021-05-21,Regular
2267,James,Williams,emily.taylor993@email.com,San Jose,CO,2023-08-22,Regular
2268,Jennifer,Smith,jane.lopez985@email.com,Jacksonville,NC,2021-08-14,Basic
2269,Jane,Davis,sarah.williams976@email.com,San Antonio,PA,2022-11-14,Regular
2270,Michael,Moore,james.taylor623@email.com,Denver,FL,2023-10-16,Regular
2271,Mark,Hernandez,jennifer.jones241@email.com,San Francisco,TX,2022-10-06,Premium
2272,Lisa,Anderson,matthew.taylor823@email.com,Dallas,NV,2023-01-04,Regular
2273,Elizabeth,Martin,robert.anderson503@email.com,Boston,OH,2023-10-14,Regular
2274,Jane,Hernandez,john.martinez647@email.com,Las Vegas,CA,2021-09-06,Regular
2275,Emily,Hernandez,emily.hernandez646@email.com,Miami,CA,2023-03-15,Basic
2276,Patricia,Taylor,jennifer.lee440@email.com,Denver,AZ,2023-06-05,Regular
2277,Emily,Martin,susan.brown614@email.com,Jacksonville,OR,2022-04-18,Basic
2278,Jane,Moore,david.moore289@email.com,New York,IL,2021-12-22,Regular
2279,Christopher,Jackson,james.lopez827@email.com,Charlotte,WA,2023-11-21,Regular
2280,Linda,Thomas,david.lopez579@email.com,Las Vegas,AZ,2021-09-27,Premium
2281,Emily,Thomas,linda.williams19@email.com,New York,TX,2022-07-23,Regular
2282,Jennifer,Martinez,daniel.lopez428@email.com,Indianapolis,NY,2023-04-19,Regular
2283,Jane,Martin,lisa.miller968@email.com,Seattle,NY,2022-05-19,Regular
2284,John,Jones,james.davis932@email.com,Columbus,NY,2021-02-05,Premium
2285,Jennifer,Martinez,james.taylor806@email.com,San Jose,MA,2023-06-01,Premium
2286,Mark,Garcia,william.jackson349@email.com,New York,TX,2021-09-04,Regular
2287,Susan,Rodriguez,mark.hernandez716@email.com,Columbus,OH,2023-04-21,Basic
2288,Sarah,Davis,robert.jones989@email.com,Las Vegas,OR,2021-10-02,Regular
2289,James,Taylor,james.martin995@email.com,San Francisco,PA,2021-06-02,Regular
2290,Jennifer,Lopez,lisa.martin625@email.com,Jacksonville,GA,2023-01-17,Premium
2291,Daniel,Martinez,lisa.davis501@email.com,Columbus,NV,2023-06-05,Regular
2292,Elizabeth,Johnson,mark.taylor912@email.com,New York,TX,2022-05-02,Regular
2293,Matthew,Jones,john.hernandez524@email.com,Philadelphia,WA,2022-10-10,Regular
2294,Linda,Lopez,sarah.wilson769@email.com,Los Angeles,GA,2021-09-27,Regular
2295,David,Martinez,david.lee330@email.com,Seattle,NC,2021-01-19,Premium
2296,Matthew,Thomas,michael.moore503@email.com,New York,WA,2021-01-02,Premium
2297,Daniel,Garcia,daniel.lee923@email.com,Atlanta,NV,2023-07-28,Regular
2298,William,Lee,william.williams461@email.com,Portland,MA,2023-06-12,Premium
2299,Robert,Garcia,christopher.miller811@email.com,Houston,IL,2021-05-30,Premium
2300,Sarah,Jackson,william.jones373@email.com,Denver,OR,2022-10-03,Regular
2301,James,Martinez,jane.taylor253@email.com,Philadelphia,TX,2021-03-27,Basic
2302,Emily,Garcia,lisa.smith336@email.com,Boston,MA,2022-08-16,Regular
2303,Daniel,Garcia,mary.lee495@email.com,Los Angeles,MA,2021-11-12,Regular
2304,William,Jones,elizabeth.jones803@email.com,Philadelphia,CA,2021-04-23,Regular
2305,Emily,Garcia,william.hernandez497@email.com,Philadelphia,TX,2022-10-06,Basic
2306,John,Davis,james.lee905@email.com,Chicago,IL,2023-03-01,Regular
2307,James,Brown,elizabeth.miller844@email.com,Jacksonville,AZ,2023-10-23,Premium
2308,Jennifer,Johnson,robert.lee620@email.com,San Jose,FL,2023-01-05,Regular
2309,Mark,Hernandez,sarah.martinez752@email.com,San Diego,PA,2023-05-11,Premium
2310,Robert,Martin,jane.miller537@email.com,Boston,WA,2023-07-02,Regular
2311,Emily,Jones,matthew.martinez255@email.com,Los Angeles,CO,2023-08-02,Regular
2312,Susan,Thomas,christopher.anderson718@email.com,Dallas,CO,2021-06-08,Basic
2313,Christopher,Rodriguez,john.martinez268@email.com,Dallas,NC,2022-09-19,Regular
2314,Patricia,Lopez,robert.jones304@email.com,Seattle,OR,2022-01-24,Basic
2315,Matthew,Garcia,john.smith668@email.com,Denver,FL,2022-03-18,Basic
2316,James,Miller,patricia.williams378@email.com,Los Angeles,FL,2023-05-16,Premium
2317,Michael,Jackson,daniel.jones458@email.com,Denver,WA,2021-02-19,Regular
2318,Christopher,Johnson,christopher.jackson161@email.com,San Diego,TX,2023-11-01,Regular
2319,Sarah,Hernandez,susan.thomas777@email.com,Philadelphia,IL,2021-03-28,Regular
2320,Emily,Lopez,james.brown960@email.com,Philadelphia,OH,2021-03-19,Regular
2321,David,Jones,william.thomas283@email.com,Jacksonville,GA,2021-08-12,Basic
2322,Linda,Lopez,robert.lee465@email.com,San Antonio,NC,2021-04-01,Basic
2323,James,Thomas,jennifer.garcia601@email.com,San Diego,MA,2021-06-11,Regular
2324,Lisa,Jackson,david.hernandez980@email.com,San Antonio,AZ,2022-08-06,Regular
2325,John,Garcia,john.brown54@email.com,Philadelphia,CA,2023-05-06,Basic
2326,William,Jackson,james.jackson489@email.com,New York,OH,2021-07-16,Basic
2327,Christopher,Martinez,mary.jones323@email.com,Philadelphia,CO,2021-04-13,Basic
2328,Lisa,Brown,christopher.jackson27@email.com,San Diego,NC,2022-03-20,Premium
2329,Daniel,Smith,patricia.hernandez406@email.com,Jacksonville,TX,2021-11-01,Regular
2330,William,Wilson,emily.hernandez628@email.com,Chicago,GA,2023-09-22,Premium
2331,James,Taylor,jane.martinez332@email.com,Los Angeles,CO,2023-11-18,Regular
2332,Jennifer,Jones,mark.martin41@email.com,Phoenix,OH,2023-12-11,Premium
2333,Mark,Thomas,matthew.johnson741@email.com,Jacksonville,FL,2023-10-23,Regular
2334,Mark,Hernandez,david.taylor66@email.com,Miami,PA,2021-07-21,Regular
2335,John,Jones,michael.jones156@email.com,Austin,WA,2022-03-01,Premium
2336,William,Smith,sarah.moore168@email.com,Jacksonville,CA,2021-03-20,Regular
2337,Mary,Jackson,lisa.williams773@email.com,Los Angeles,NV,2022-07-30,Regular
2338,Lisa,Moore,mary.lopez347@email.com,Houston,PA,2023-03-12,Regular
2339,Jane,Hernandez,michael.anderson352@email.com,Boston,NV,2021-08-23,Premium
2340,Sarah,Martinez,michael.taylor411@email.com,Las Vegas,TX,2023-03-02,Regular
2341,Daniel,Taylor,elizabeth.johnson538@email.com,San Diego,NV,2022-05-13,Basic
2342,Jennifer,Martinez,patricia.wilson712@email.com,Austin,NC,2023-12-08,Premium
2343,Emily,Martin,david.jackson843@email.com,San Jose,IL,2021-08-22,Premium
2344,Christopher,Jones,michael.miller460@email.com,Austin,NY,2023-04-15,Regular
2345,Matthew,Martin,emily.brown782@email.com,Portland,CA,2023-11-07,Basic
2346,Jennifer,Thomas,william.davis246@email.com,Atlanta,CA,2023-08-27,Regular
2347,Sarah,Hernandez,jane.jackson25@email.com,,GA,2022-12-23,Regular
2348,Jennifer,Brown,jane.davis491@email.com,San Diego,AZ,2021-07-01,Regular
2349,Mary,Taylor,jane.johnson225@email.com,Fort Worth,CO,2023-12-17,Regular
2350,Susan,Johnson,lisa.jones978@email.com,Denver,OR,2022-12-25,Premium
2351,Lisa,Jones,david.moore328@email.com,Indianapolis,NY,2023-05-12,Regular
2352,Lisa,Jackson,james.wilson775@email.com,Seattle,OR,2021-04-04,Basic
2353,David,Brown,christopher.smith523@email.com,Seattle,FL,2022-12-19,Regular
2354,Linda,Martinez,jennifer.taylor25@email.com,San Jose,GA,2021-03-14,Basic
2355,David,Smith,patricia.jackson70@email.com,Portland,PA,2023-02-21,Basic
2356,Daniel,Wilson,jane.miller604@email.com,San Antonio,IL,2022-11-16,Premium
2357,Susan,Lee,jane.miller236@email.com,Boston,MA,2023-03-31,Basic
2358,Mary,Davis,mark.taylor8@email.com,San Antonio,FL,2021-11-25,Premium
2359,Patricia,Thomas,mary.williams596@email.com,San Diego,FL,2023-02-18,Regular
2360,Elizabeth,Lopez,mary.moore921@email.com,San Antonio,AZ,2023-09-08,Premium
2361,Linda,Williams,emily.wilson218@email.com,Philadelphia,IL,2021-12-27,Premium
2362,Elizabeth,Hernandez,david.jackson8@email.com,San Jose,FL,2023-12-10,Regular
2363,Robert,Johnson,susan.martinez273@email.com,San Diego,OH,2021-03-12,Regular
2364,Lisa,Lee,elizabeth.lopez524@email.com,Fort Worth,OR,2021-01-25,Regular
2365,Susan,Miller,christopher.garcia855@email.com,Philadelphia,GA,2023-09-09,Regular
2366,Michael,Martin,robert.lee263@email.com,Denver,NV,2021-11-16,Premium
2367,Matthew,Moore,james.miller335@email.com,Columbus,TX,2023-09-27,Premium
2368,Daniel,Davis,william.wilson123@email.com,Phoenix,OR,2021-11-17,Regular
2369,Matthew,Rodriguez,jennifer.thomas30@email.com,New York,NV,2021-01-04,Regular
2370,Mary,Miller,daniel.lee991@email.com,Seattle,PA,2021-08-18,Basic
2371,Michael,Smith,matthew.wilson210@email.com,New York,CA,2022-08-18,Regular
2372,Mark,Williams,emily.brown43@email.com,Jacksonville,GA,2023-07-06,Basic
2373,Sarah,Jackson,christopher.brown761@email.com,Denver,IL,2021-11-13,Regular
2374,Jane,Thomas,robert.miller778@email.com,Las Vegas,OH,2022-01-31,Regular
2375,Elizabeth,Williams,mark.martinez853@email.com,Las Vegas,IL,2023-07-28,Regular
2376,Matthew,Moore,robert.martin838@email.com,Seattle,AZ,2022-03-08,Regular
2377,Robert,Wilson,jennifer.lopez475@email.com,Miami,PA,2022-12-22,Regular
2378,Mark,Miller,jane.davis581@email.com,San Diego,PA,2023-05-11,Basic
2379,Elizabeth,Taylor,william.miller524@email.com,Houston,TX,2022-08-03,Regular
2380,David,Hernandez,john.martinez13@email.com,Phoenix,GA,2021-02-06,Basic
2381,Emily,Lee,robert.garcia882@email.com,Dallas,NV,2023-08-13,Basic
2382,James,Lee,james.miller512@email.com,Dallas,TX,2023-11-23,Basic
2383,Matthew,Moore,christopher.hernandez469@email.com,Chicago,OH,2022-04-03,Basic
2384,Daniel,Johnson,christopher.lee772@email.com,Philadelphia,OR,2021-02-28,Regular
2385,Sarah,Lopez,emily.taylor492@email.com,Denver,PA,2023-12-29,Regular
2386,Robert,Wilson,elizabeth.lee293@email.com,Los Angeles,CO,2022-03-31,Regular
2387,Mark,Jones,lisa.williams632@email.com,Charlotte,FL,2021-04-12,Regular
2388,Linda,Anderson,sarah.smith874@email.com,Austin,PA,2023-03-31,Regular
2389,Michael,Lopez,john.lee52@email.com,Boston,NV,2023-06-28,Basic
2390,Matthew,Wilson,john.rodriguez953@email.com,Fort Worth,GA,2023-12-02,Regular
2391,Daniel,Lopez,john.martinez456@email.com,Austin,FL,2023-01-31,Regular
2392,Jane,Smith,christopher.martin985@email.com,Boston,WA,2021-07-31,Premium
2393,Daniel,Martinez,emily.brown55@email.com,Boston,OH,2022-06-07,Regular
2394,David,Lopez,mary.miller662@email.com,Boston,FL,2022-12-11,Premium
2395,Matthew,Lopez,robert.anderson760@email.com,Phoenix,AZ,2022-08-05,Basic
2396,Patricia,Martinez,mary.williams287@email.com,Los Angeles,NC,2022-02-23,Regular
2397,Daniel,Thomas,patricia.smith305@email.com,Houston,OH,2023-04-24,Premium
2398,Mark,Jackson,jane.brown310@email.com,Phoenix,NC,2023-08-04,Premium
2399,Jane,Williams,david.rodriguez468@email.com,San Diego,AZ,2021-06-12,Regular
2400,Elizabeth,Miller,robert.brown942@email.com,San Francisco,WA,2022-06-17,Regular
2401,Daniel,Thomas,john.taylor179@email.com,Fort Worth,FL,2023-03-05,Regular
2402,Jennifer,Anderson,john.brown89@email.com,San Antonio,IL,2023-09-12,Premium
2403,John,Thomas,lisa.thomas891@email.com,Chicago,IL,2022-06-24,Regular
2404,Christopher,Martinez,mark.jackson280@email.com,San Francisco,AZ,2021-03-14,Regular
2405,William,Garcia,william.smith720@email.com,Charlotte,OR,2023-06-10,Regular
2406,John,Anderson,mark.taylor65@email.com,San Jose,GA,2023-02-16,Regular
2407,Robert,Anderson,david.miller67@email.com,Denver,WA,2023-12-15,Regular
2408,Mark,Jones,christopher.wilson31@email.com,Jacksonville,AZ,2023-11-21,Regular
2409,Michael,Martin,jane.taylor443@email.com,Dallas,MA,2023-05-06,Basic
2410,Jane,Lee,daniel.anderson180@email.com,Philadelphia,PA,2023-07-10,Regular
2411,Patricia,Williams,john.martin919@email.com,Chicago,OR,2023-02-03,Regular
2412,Mary,Jones,jane.williams983@email.com,New York,CA,2021-05-21,Premium
2413,Michael,Miller,william.martinez737@email.com,Fort Worth,NY,2022-11-23,Regular
2414,Elizabeth,Martinez,linda.miller822@email.com,Philadelphia,AZ,2023-10-04,Premium
2415,Jane,Taylor,william.smith688@email.com,Boston,FL,2021-07-26,Regular
2416,Michael,Moore,william.miller241@email.com,Dallas,CO,2021-06-22,Basic
2417,Linda,Hernandez,daniel.smith666@email.com,Miami,IL,2023-05-21,Regular
2418,Jane,Williams,jane.martin856@email.com,Chicago,PA,2022-09-16,Premium
2419,Jennifer,Martin,patricia.jackson975@email.com,Denver,NY,2022-12-27,Premium
2420,Patricia,Wilson,linda.davis733@email.com,San Antonio,FL,2023-06-02,Regular
2421,Emily,Williams,jane.martinez373@email.com,Charlotte,WA,2021-04-04,Premium
2422,David,Smith,michael.lee377@email.com,Austin,IL,2022-12-21,Premium
2423,Patricia,Anderson,daniel.taylor558@email.com,Boston,WA,2023-01-19,Basic
2424,Mary,Rodriguez,emily.lopez675@email.com,Houston,FL,2023-04-04,Regular
2425,Christopher,Anderson,mary.jackson554@email.com,Denver,PA,2022-03-01,Regular
2426,Daniel,Garcia,david.hernandez753@email.com,Phoenix,FL,2022-09-14,Basic
2427,Christopher,Jackson,mary.anderson179@email.com,Philadelphia,NC,2022-05-25,Premium
2428,Christopher,Thomas,mark.wilson382@email.com,Fort Worth,NV,2021-07-03,Basic
2429,Michael,Martin,daniel.lopez786@email.com,Charlotte,PA,2023-10-29,Regular
2430,Elizabeth,Jones,jennifer.jones834@email.com,Chicago,OR,2021-04-10,Basic
2431,David,Miller,linda.jackson418@email.com,Portland,CA,2023-06-18,Regular
2432,Mary,Garcia,mary.anderson89@email.com,San Diego,IL,2022-03-06,Basic
2433,Sarah,Wilson,susan.rodriguez907@email.com,Houston,OR,2021-10-28,Basic
2434,Emily,Martinez,david.hernandez947@email.com,San Francisco,CO,2021-02-03,Regular
2435,Elizabeth,Jackson,mary.thomas462@email.com,Jacksonville,NY,2021-03-08,Basic
2436,Christopher,Taylor,elizabeth.garcia912@email.com,San Diego,OR,2021-10-03,Regular
2437,Matthew,Johnson,jane.hernandez519@email.com,Las Vegas,FL,2022-12-17,Regular
2438,David,Martinez,david.lee350@email.com,Fort Worth,GA,2023-12-20,Regular
2439,Lisa,Martin,elizabeth.garcia872@email.com,Phoenix,IL,2022-12-10,Regular
2440,John,Martinez,mark.jones836@email.com,Columbus,GA,2023-05-28,Premium
2441,John,Taylor,robert.wilson84@email.com,Dallas,OH,2022-11-10,Regular
2442,Jennifer,Jackson,patricia.brown514@email.com,San Francisco,NV,2022-03-15,Regular
2443,Daniel,Thomas,elizabeth.johnson533@email.com,Austin,FL,2022-05-07,Basic
2444,Elizabeth,Davis,sarah.martin5@email.com,Phoenix,MA,2023-08-20,Basic
2445,Patricia,Smith,william.jackson681@email.com,Atlanta,OH,2023-09-04,Regular
2446,Elizabeth,Smith,emily.davis701@email.com,Indianapolis,IL,2023-09-15,Regular
2447,Christopher,Jones,james.taylor120@email.com,Miami,WA,2022-05-11,Regular
2448,Lisa,Rodriguez,james.lopez562@email.com,Fort Worth,TX,2021-02-07,Premium
2449,Lisa,Martinez,christopher.moore673@email.com,Dallas,MA,2022-02-14,Premium
2450,Daniel,Taylor,christopher.davis591@email.com,Fort Worth,PA,2021-07-23,Regular
2451,Mary,Brown,mary.anderson705@email.com,Houston,MA,2023-02-15,Regular
2452,David,Martinez,sarah.davis656@email.com,Phoenix,NY,2023-10-12,Basic
2453,William,Anderson,daniel.jones855@email.com,Portland,WA,2023-09-13,Regular
2454,Robert,Garcia,robert.smith915@email.com,New York,OH,2021-08-10,Regular
2455,Sarah,Taylor,matthew.brown508@email.com,Boston,WA,2021-11-26,Regular
2456,Jane,Davis,david.williams712@email.com,Columbus,GA,2023-05-02,Premium
2457,Patricia,Smith,jennifer.davis774@email.com,Houston,TX,2021-08-09,Regular
2458,Susan,Brown,christopher.martinez846@email.com,Charlotte,AZ,2023-01-31,Regular
2459,John,Rodriguez,robert.jackson654@email.com,San Diego,CO,2022-08-03,Regular
2460,Lisa,Taylor,sarah.miller25@email.com,New York,NV,2023-09-12,Regular
2461,Robert,Williams,john.smith303@email.com,New York,AZ,2021-11-11,Basic
2462,Michael,Lee,sarah.miller191@email.com,Denver,OR,2021-01-26,Basic
2463,Sarah,Lopez,michael.williams260@email.com,Denver,IL,2021-07-31,Regular
2464,Susan,Martin,daniel.brown433@email.com,Philadelphia,CA,2021-10-22,Regular
2465,Jane,Taylor,mary.wilson11@email.com,Atlanta,IL,2022-06-22,Regular
2466,Daniel,Martin,susan.martinez352@email.com,Las Vegas,WA,2021-04-28,Regular
2467,Susan,Anderson,christopher.lopez214@email.com,Seattle,CA,2021-10-11,Regular
2468,Jane,Rodriguez,jennifer.anderson635@email.com,Dallas,AZ,2023-02-07,Premium
2469,Lisa,Taylor,mark.taylor651@email.com,Austin,FL,2022-08-18,Regular
2470,Jane,Brown,susan.martin43@email.com,Phoenix,OR,2022-11-22,Regular
2471,Christopher,Lopez,linda.johnson512@email.com,Dallas,GA,2022-10-20,Regular
2472,Daniel,Moore,james.lopez32@email.com,Los Angeles,CO,2021-02-18,Basic
2473,Lisa,Martin,william.taylor882@email.com,San Antonio,PA,2021-04-29,Basic
2474,Elizabeth,Smith,christopher.jackson789@email.com,Philadelphia,NV,2022-12-02,Basic
2475,Robert,Rodriguez,sarah.anderson706@email.com,Portland,NY,2022-08-29,Regular
2476,Jane,Garcia,mark.lee902@email.com,Houston,IL,2021-03-06,Basic
2477,David,Martin,mary.taylor28@email.com,Chicago,IL,2023-11-05,Premium
2478,Matthew,Johnson,christopher.johnson986@email.com,Jacksonville,GA,2021-03-16,Basic
2479,Jennifer,Jones,linda.williams487@email.com,Portland,TX,2022-03-04,Premium
2480,Lisa,Hernandez,william.jackson95@email.com,San Diego,AZ,2023-10-13,Basic
2481,Mark,Thomas,michael.davis742@email.com,Austin,NV,2023-04-03,Regular
2482,James,Jones,sarah.thomas389@email.com,Jacksonville,OH,2023-07-28,Basic
2483,Mark,Lopez,james.davis619@email.com,New York,OH,2022-05-01,Basic
2484,Susan,Garcia,linda.johnson331@email.com,Austin,NC,2023-12-02,Premium
2485,James,Johnson,jennifer.jackson796@email.com,Houston,OR,2023-11-11,Regular
2486,Lisa,Rodriguez,daniel.miller629@email.com,Dallas,MA,2023-09-07,Basic
2487,Jennifer,Lopez,patricia.brown11@email.com,San Antonio,NV,2021-10-04,Regular
2488,David,Anderson,david.martin884@email.com,Las Vegas,OR,2022-09-27,Basic
2489,Matthew,Lopez,john.moore456@email.com,Phoenix,MA,2023-02-13,Regular
2490,Lisa,Johnson,michael.moore186@email.com,Houston,CO,2021-07-19,Regular
2491,Patricia,Martinez,daniel.rodriguez714@email.com,Denver,MA,2023-03-14,Regular
2492,Jennifer,Martinez,mark.wilson821@email.com,Miami,MA,2022-03-16,Regular
2493,William,Moore,elizabeth.johnson260@email.com,Houston,NY,2021-01-28,Basic
2494,Jane,Williams,mark.brown715@email.com,San Jose,AZ,2022-02-19,Regular
2495,Elizabeth,Moore,matthew.taylor179@email.com,,NV,2022-08-01,Regular
2496,Mark,Miller,daniel.martinez875@email.com,Atlanta,PA,2022-05-25,Regular
2497,Emily,Garcia,emily.johnson298@email.com,Los Angeles,OH,2023-12-14,Regular
2498,Patricia,Brown,susan.hernandez437@email.com,Indianapolis,MA,2022-03-27,Basic
2499,Elizabeth,Lee,sarah.jones992@email.com,Charlotte,WA,2021-05-02,Basic
2500,Linda,Garcia,michael.miller494@email.com,San Francisco,OH,2021-02-26,Regular
2501,Jane,Jackson,linda.davis6@email.com,Denver,OR,2021-03-03,Basic
2502,Mary,Hernandez,christopher.garcia792@email.com,Charlotte,NV,2021-06-12,Basic
2503,Christopher,Hernandez,christopher.johnson310@email.com,Miami,IL,2022-08-20,Regular
2504,Matthew,Martinez,emily.davis349@email.com,Phoenix,PA,2022-04-03,Basic
2505,James,Rodriguez,mark.taylor235@email.com,Dallas,CA,2022-10-03,Regular
2506,Patricia,Lopez,daniel.brown104@email.com,Charlotte,OR,2021-11-19,Premium
2507,Patricia,Brown,emily.jones136@email.com,Boston,NC,2022-09-22,Basic
2508,David,Jackson,susan.martin25@email.com,Phoenix,AZ,2022-04-08,Regular
2509,Jennifer,Martin,daniel.taylor376@email.com,Jacksonville,MA,2021-02-06,Basic
2510,Christopher,Lopez,patricia.smith726@email.com,Portland,CO,2023-10-05,Basic
2511,Emily,Jones,matthew.lopez651@email.com,Las Vegas,NY,2022-07-24,Premium
2512,Elizabeth,Smith,elizabeth.brown429@email.com,Dallas,OH,2021-08-06,Basic
2513,Linda,Jones,linda.johnson286@email.com,Phoenix,NY,2023-06-16,Regular
2514,Lisa,Moore,patricia.jackson719@email.com,Phoenix,TX,2023-04-26,Regular
2515,Lisa,Martinez,patricia.williams67@email.com,Chicago,TX,2022-10-06,Regular
2516,Jennifer,Lopez,michael.rodriguez899@email.com,Indianapolis,CO,2022-07-10,Basic
2517,David,Taylor,mary.taylor411@email.com,Seattle,WA,2023-04-27,Premium
2518,Daniel,Anderson,matthew.davis929@email.com,,NC,2023-03-05,Regular
2519,Jane,Hernandez,david.brown25@email.com,,IL,2021-11-09,Regular
2520,Elizabeth,Garcia,emily.williams585@email.com,Dallas,CA,2023-11-15,Basic
2521,Patricia,Brown,emily.miller457@email.com,Miami,AZ,2023-10-14,Regular
2522,Patricia,Miller,elizabeth.lopez571@email.com,Atlanta,OH,2022-02-03,Premium
2523,Elizabeth,Jones,william.taylor69@email.com,Austin,NC,2023-01-06,Regular
2524,Matthew,Moore,emily.martin424@email.com,Portland,CO,2021-07-24,Regular
2525,David,Davis,sarah.jackson41@email.com,Seattle,OR,2023-12-05,Basic
2526,Christopher,Miller,lisa.miller151@email.com,Houston,IL,2023-02-13,Regular
2527,Lisa,Jackson,jennifer.jones765@email.com,Denver,GA,2021-11-18,Regular
2528,William,Lee,christopher.smith381@email.com,Philadelphia,TX,2021-10-25,Basic
2529,Robert,Moore,jane.moore808@email.com,Las Vegas,TX,2022-11-21,Premium
2530,James,Jackson,john.brown538@email.com,New York,OH,2021-11-14,Basic
2531,Michael,Jackson,william.martin544@email.com,San Jose,CO,2023-07-16,Regular
2532,Daniel,Brown,john.martinez902@email.com,Seattle,MA,2022-11-02,Basic
2533,Mary,Anderson,david.hernandez943@email.com,San Francisco,NV,2023-04-08,Regular
2534,Michael,Thomas,lisa.taylor821@email.com,San Francisco,IL,2021-04-25,Premium
2535,Elizabeth,Williams,robert.miller680@email.com,Los Angeles,MA,2021-01-09,Basic
2536,Robert,Brown,linda.taylor491@email.com,Columbus,NY,2021-12-06,Basic
2537,Jane,Jones,robert.brown177@email.com,San Francisco,NV,2021-09-18,Basic
2538,William,Smith,christopher.jackson649@email.com,Miami,WA,2022-05-27,Premium
2539,Christopher,Taylor,elizabeth.williams150@email.com,Fort Worth,MA,2021-03-18,Basic
2540,Susan,Lopez,david.moore149@email.com,Denver,MA,2021-09-23,Basic
2541,Susan,Martinez,michael.taylor526@email.com,San Antonio,AZ,2022-04-05,Regular
2542,Jane,Lopez,michael.martin169@email.com,San Antonio,PA,2022-08-11,Basic
2543,Michael,Jones,lisa.anderson860@email.com,San Diego,CA,2021-03-21,Basic
2544,Robert,Thomas,mary.davis848@email.com,Philadelphia,MA,2023-02-02,Regular
2545,Mark,Lee,william.anderson62@email.com,Denver,NV,2023-02-22,Premium
2546,Elizabeth,Moore,patricia.johnson892@email.com,Denver,FL,2023-08-17,Regular
2547,Robert,Hernandez,james.wilson29@email.com,Seattle,OH,2023-07-14,Premium
2548,Linda,Garcia,robert.lopez401@email.com,Columbus,FL,2021-07-29,Regular
2549,Robert,Martinez,daniel.lee857@email.com,Jacksonville,GA,2022-01-13,Regular
2550,James,Smith,lisa.jones491@email.com,Houston,MA,2023-01-07,Premium
2551,Jennifer,Brown,susan.moore911@email.com,Jacksonville,OH,2021-06-11,Regular
2552,John,Davis,patricia.garcia248@email.com,Boston,NY,2023-01-26,Premium
2553,Robert,Jones,susan.moore295@email.com,Los Angeles,FL,2023-11-29,Basic
2554,Robert,Jones,linda.williams444@email.com,Philadelphia,TX,2021-03-31,Basic
2555,Sarah,Davis,susan.smith428@email.com,Austin,FL,2022-06-22,Premium
2556,Linda,Martinez,michael.jackson87@email.com,Charlotte,CO,2021-07-29,Basic
2557,Lisa,Jones,david.johnson379@email.com,Portland,TX,2023-11-24,Regular
2558,Susan,Miller,william.wilson288@email.com,Seattle,CO,2021-12-06,Regular
2559,Robert,Jones,daniel.hernandez311@email.com,Atlanta,IL,2023-11-05,Premium
2560,Christopher,Williams,elizabeth.lee335@email.com,San Jose,OR,2021-01-25,Regular
2561,Lisa,Anderson,jennifer.taylor524@email.com,Columbus,OR,2022-11-21,Basic
2562,Elizabeth,Brown,linda.wilson776@email.com,Dallas,GA,2021-05-23,Basic
2563,James,Williams,mark.jackson946@email.com,Los Angeles,GA,2023-04-26,Premium
2564,Jennifer,Smith,susan.lee677@email.com,Indianapolis,NC,2023-04-05,Premium
2565,Christopher,Taylor,mark.jones481@email.com,Austin,FL,2023-06-03,Regular
2566,Daniel,Anderson,james.williams709@email.com,Miami,TX,2021-03-30,Regular
2567,Elizabeth,Johnson,linda.hernandez546@email.com,Indianapolis,NY,2021-08-24,Regular
2568,Mary,Miller,matthew.lee647@email.com,Jacksonville,CA,2022-01-04,Regular
2569,Jennifer,Brown,michael.rodriguez645@email.com,Las Vegas,CA,2022-03-22,Basic
2570,William,Johnson,william.rodriguez896@email.com,Indianapolis,IL,2021-09-18,Basic
2571,Mary,Moore,jennifer.lee526@email.com,Indianapolis,NV,2023-09-27,Regular
2572,Matthew,Martin,lisa.hernandez950@email.com,San Antonio,GA,2023-12-16,Basic
2573,Linda,Johnson,james.davis580@email.com,Las Vegas,OR,2022-08-25,Regular
2574,Daniel,Taylor,robert.lopez996@email.com,Seattle,IL,2022-07-19,Regular
2575,Sarah,Brown,jennifer.miller846@email.com,Philadelphia,NY,2023-09-23,Regular
2576,Linda,Rodriguez,james.moore693@email.com,Austin,OR,2021-03-10,Regular
2577,James,Johnson,patricia.rodriguez271@email.com,Portland,OR,2023-02-21,Basic
2578,Robert,Williams,susan.anderson686@email.com,Columbus,NY,2022-02-01,Regular
2579,Mary,Martinez,robert.lee912@email.com,Portland,NV,2023-05-03,Regular
2580,James,Smith,david.martinez195@email.com,San Francisco,NV,2021-06-19,Regular
2581,Patricia,Brown,mary.jackson567@email.com,Phoenix,MA,2022-10-31,Premium
2582,Jane,Brown,james.miller818@email.com,Fort Worth,CO,2021-10-15,Basic
2583,Mark,Lee,daniel.martin533@email.com,Philadelphia,NC,2023-08-29,Regular
2584,Lisa,Miller,emily.brown742@email.com,New York,AZ,2023-03-12,Regular
2585,David,Martin,jennifer.davis211@email.com,Las Vegas,NC,2022-10-24,Regular
2586,John,Miller,susan.hernandez188@email.com,Indianapolis,NV,2022-08-01,Regular
2587,William,Garcia,linda.lopez252@email.com,Dallas,AZ,2022-09-13,Premium
2588,Elizabeth,Lopez,christopher.taylor735@email.com,Fort Worth,IL,2022-09-13,Regular
2589,Mark,Smith,william.martin471@email.com,San Francisco,FL,2021-11-15,Regular
2590,Mark,Williams,elizabeth.hernandez150@email.com,Phoenix,OR,2021-01-31,Basic
2591,Patricia,Jones,william.lee74@email.com,Atlanta,AZ,2021-10-24,Basic
2592,Jennifer,Rodriguez,william.brown990@email.com,Denver,GA,2021-11-24,Basic
2593,David,Martin,christopher.jackson403@email.com,Philadelphia,OR,2022-06-16,Regular
2594,Robert,Lopez,john.williams194@email.com,Jacksonville,NC,2021-11-02,Regular
2595,James,Lopez,william.taylor466@email.com,,TX,2022-05-30,Premium
2596,Lisa,Garcia,elizabeth.martin841@email.com,San Antonio,TX,2023-03-16,Basic
2597,Christopher,Moore,william.moore582@email.com,Miami,GA,2022-01-27,Regular
2598,Mark,Lee,patricia.miller273@email.com,Austin,TX,2021-05-25,Regular
2599,Lisa,Davis,jane.anderson644@email.com,Las Vegas,FL,2022-05-16,Regular
2600,Linda,Moore,linda.lee111@email.com,Jacksonville,OR,2023-08-04,Premium
2601,Elizabeth,Martin,linda.anderson397@email.com,Chicago,OH,2022-04-26,Regular
2602,James,Williams,james.brown144@email.com,Denver,CO,2023-08-05,Premium
2603,William,Brown,emily.brown371@email.com,Fort Worth,WA,2021-06-07,Basic
2604,Linda,Martin,jane.johnson868@email.com,Philadelphia,FL,2022-09-07,Regular
2605,Linda,Smith,michael.rodriguez111@email.com,Seattle,NY,2023-01-22,Premium
2606,Daniel,Moore,elizabeth.jackson275@email.com,Philadelphia,GA,2021-03-27,Regular
2607,Emily,Miller,david.brown948@email.com,Philadelphia,NC,2022-04-09,Premium
2608,Mary,Miller,patricia.miller41@email.com,Philadelphia,IL,2021-05-31,Regular
2609,Emily,Martinez,mark.johnson11@email.com,Jacksonville,MA,2021-08-14,Basic
2610,David,Garcia,sarah.hernandez640@email.com,New York,NC,2023-12-28,Premium
2611,Elizabeth,Jackson,william.martinez441@email.com,Houston,WA,2021-03-06,Basic
2612,Linda,Smith,lisa.davis226@email.com,Seattle,FL,2021-11-09,Premium
2613,Emily,Brown,susan.lee585@email.com,Philadelphia,OH,2023-02-18,Regular
2614,Elizabeth,Miller,william.jackson363@email.com,Jacksonville,MA,2023-02-19,Basic
2615,Jane,Moore,lisa.jones24@email.com,Las Vegas,MA,2021-09-07,Regular
2616,Matthew,Taylor,elizabeth.martin325@email.com,Atlanta,CO,2022-06-24,Premium
2617,Jane,Lopez,lisa.garcia826@email.com,Miami,CA,2021-09-06,Regular
2618,Michael,Martin,christopher.miller555@email.com,Fort Worth,MA,2022-05-25,Regular
2619,Jane,Garcia,susan.smith978@email.com,Philadelphia,TX,2023-04-18,Basic
2620,John,Thomas,emily.williams585@email.com,San Jose,FL,2021-01-14,Regular
2621,Patricia,Brown,susan.rodriguez829@email.com,Charlotte,NY,2023-02-24,Basic
2622,David,Garcia,linda.brown98@email.com,Philadelphia,OR,2021-06-24,Basic
2623,Lisa,Lopez,lisa.anderson227@email.com,Seattle,PA,2021-02-20,Regular
2624,Michael,Wilson,lisa.thomas625@email.com,Columbus,CO,2022-06-25,Basic
2625,David,Anderson,emily.garcia940@email.com,San Antonio,CO,2023-07-20,Regular
2626,John,Miller,lisa.rodriguez110@email.com,Denver,AZ,2021-07-09,Basic
2627,Robert,Moore,john.davis688@email.com,Dallas,WA,2023-10-24,Premium
2628,Matthew,Davis,jennifer.anderson594@email.com,Philadelphia,NV,2021-09-12,Regular
2629,Daniel,Anderson,susan.wilson457@email.com,Miami,AZ,2021-07-28,Regular
2630,Mary,Brown,robert.davis103@email.com,New York,NV,2021-09-14,Regular
2631,Jane,Hernandez,michael.anderson730@email.com,Chicago,FL,2022-10-08,Regular
2632,Susan,Brown,daniel.thomas154@email.com,Philadelphia,NV,2023-02-14,Basic
2633,Susan,Thomas,christopher.lee769@email.com,Philadelphia,NV,2021-10-20,Premium
2634,Linda,Brown,christopher.smith555@email.com,San Diego,WA,2022-09-15,Premium
2635,Linda,Moore,william.miller903@email.com,Dallas,IL,2023-09-23,Basic
2636,John,Jones,linda.anderson809@email.com,Chicago,NY,2023-04-19,Regular
2637,John,Taylor,matthew.hernandez330@email.com,San Jose,NC,2022-03-09,Basic
2638,Elizabeth,Lopez,john.taylor520@email.com,Denver,PA,2022-08-16,Basic
2639,Elizabeth,Martinez,susan.wilson859@email.com,Denver,NV,2021-05-10,Basic
2640,Patricia,Jackson,daniel.lee211@email.com,Philadelphia,FL,2021-04-03,Basic
2641,John,Johnson,mary.jones721@email.com,Boston,AZ,2022-03-28,Regular
2642,John,Williams,michael.lee858@email.com,New York,WA,2022-06-21,Premium
2643,Matthew,Hernandez,christopher.garcia807@email.com,New York,MA,2021-06-10,Basic
2644,William,Taylor,christopher.miller224@email.com,Boston,OR,2022-07-30,Regular
2645,Elizabeth,Brown,james.lopez415@email.com,Portland,NY,2021-07-10,Premium
2646,Jennifer,Wilson,william.davis733@email.com,Miami,CA,2022-02-10,Regular
2647,John,Martinez,jennifer.davis389@email.com,Columbus,OR,2021-05-23,Basic
2648,Matthew,Thomas,susan.taylor984@email.com,Fort Worth,TX,2023-11-23,Regular
2649,Patricia,Lee,john.martin250@email.com,Philadelphia,IL,2021-08-01,Regular
2650,Emily,Martinez,michael.thomas731@email.com,Portland,AZ,2021-08-16,Regular
2651,Sarah,Thomas,john.wilson586@email.com,Charlotte,WA,2021-08-01,Regular
2652,Sarah,Davis,mary.lopez391@email.com,Los Angeles,PA,2022-10-02,Regular
2653,Matthew,Jackson,john.taylor447@email.com,Phoenix,GA,2021-01-20,Regular
2654,David,Anderson,daniel.anderson92@email.com,Columbus,OR,2022-12-02,Premium
2655,Lisa,Martinez,patricia.rodriguez357@email.com,Fort Worth,CA,2021-06-25,Basic
2656,Robert,Anderson,lisa.rodriguez376@email.com,New York,NV,2022-04-20,Regular
2657,Susan,Miller,william.taylor162@email.com,Dallas,WA,2021-11-17,Basic
2658,Matthew,Williams,emily.davis875@email.com,Austin,NV,2022-10-07,Basic
2659,William,Taylor,mark.moore614@email.com,Los Angeles,TX,2021-08-26,Regular
2660,Mary,Lopez,matthew.miller867@email.com,Denver,PA,2023-07-01,Regular
2661,William,Garcia,jane.wilson374@email.com,Jacksonville,NY,2021-01-05,Regular
2662,Christopher,Smith,jane.davis93@email.com,Columbus,OR,2022-09-27,Basic
2663,Michael,Taylor,emily.williams631@email.com,San Antonio,CO,2022-10-01,Regular
2664,Mary,Brown,elizabeth.johnson257@email.com,Philadelphia,NV,2023-07-12,Regular
2665,Christopher,Wilson,michael.moore955@email.com,Chicago,OR,2021-03-20,Regular
2666,Daniel,Thomas,william.thomas153@email.com,San Francisco,NY,2023-10-26,Regular
2667,Mark,Moore,jennifer.jones880@email.com,San Jose,CA,2023-01-10,Premium
2668,Lisa,Williams,patricia.rodriguez892@email.com,Miami,CA,2023-04-29,Regular
2669,Lisa,Brown,emily.davis420@email.com,Los Angeles,NV,2021-01-03,Basic
2670,Jennifer,Jones,jennifer.garcia534@email.com,New York,PA,2022-07-17,Regular
2671,Michael,Wilson,michael.davis893@email.com,Portland,AZ,2021-04-08,Regular
2672,Jane,Wilson,michael.lee54@email.com,San Diego,FL,2023-03-03,Regular
2673,Michael,Martin,mark.garcia296@email.com,Boston,CA,2023-07-18,Basic
2674,Christopher,Brown,elizabeth.taylor965@email.com,Chicago,OH,2021-07-24,Premium
2675,Christopher,Garcia,patricia.garcia242@email.com,Los Angeles,PA,2022-08-30,Basic
2676,Christopher,Williams,john.miller618@email.com,Las Vegas,GA,2023-10-28,Regular
2677,Elizabeth,Lopez,michael.williams792@email.com,Chicago,NV,2023-07-29,Regular
2678,Linda,Miller,sarah.rodriguez837@email.com,Denver,NC,2023-12-15,Premium
2679,Jane,Hernandez,emily.jackson128@email.com,San Diego,MA,2022-03-12,Premium
2680,John,Miller,daniel.jackson780@email.com,San Diego,MA,2021-05-22,Regular
2681,Emily,Lee,mary.garcia157@email.com,Jacksonville,NV,2021-02-14,Regular
2682,Michael,Wilson,elizabeth.garcia252@email.com,San Antonio,MA,2022-02-10,Basic
2683,Linda,Brown,john.hernandez876@email.com,Seattle,CO,2021-08-03,Premium
2684,Patricia,Davis,emily.rodriguez526@email.com,Boston,NY,2022-06-22,Regular
2685,James,Anderson,john.moore517@email.com,Philadelphia,NC,2022-12-26,Regular
2686,Mark,Taylor,jane.wilson139@email.com,Phoenix,NV,2023-03-10,Premium
2687,Sarah,Rodriguez,emily.johnson481@email.com,Philadelphia,NY,2022-07-11,Premium
2688,Matthew,Martin,david.jones248@email.com,San Jose,TX,2022-10-07,Regular
2689,Jane,Martin,susan.lopez588@email.com,Charlotte,NC,2023-08-29,Regular
2690,Lisa,Rodriguez,william.thomas252@email.com,Chicago,MA,2021-09-14,Regular
2691,Robert,Wilson,daniel.garcia728@email.com,Chicago,NC,2021-11-09,Regular
2692,Mark,Lopez,sarah.davis166@email.com,Denver,WA,2023-07-27,Regular
2693,Linda,Taylor,susan.johnson69@email.com,San Diego,CO,2022-11-03,Premium
2694,William,Lee,christopher.jones1@email.com,Fort Worth,GA,2023-08-26,Regular
2695,Jane,Wilson,jennifer.thomas542@email.com,New York,MA,2022-07-05,Basic
2696,Michael,Taylor,linda.wilson564@email.com,Portland,MA,2021-04-22,Regular
2697,William,Moore,elizabeth.wilson911@email.com,Los Angeles,NY,2023-07-21,Regular
2698,Elizabeth,Rodriguez,matthew.thomas986@email.com,Columbus,AZ,2022-07-03,Regular
2699,Mark,Jones,matthew.lopez806@email.com,New York,AZ,2021-02-25,Basic
2700,Jane,Thomas,susan.martin736@email.com,Indianapolis,CO,2022-04-01,Basic
2701,Emily,Brown,christopher.rodriguez537@email.com,Phoenix,CA,2022-03-16,Regular
2702,James,Brown,patricia.garcia516@email.com,Charlotte,NY,2023-07-11,Basic
2703,John,Rodriguez,linda.jones825@email.com,San Francisco,AZ,2022-06-28,Premium
2704,Robert,Taylor,jane.miller76@email.com,Atlanta,NY,2022-06-13,Premium
2705,Mark,Taylor,susan.lopez863@email.com,Los Angeles,AZ,2023-12-12,Basic
2706,David,Davis,jennifer.brown619@email.com,Austin,TX,2023-07-11,Basic
2707,Christopher,Jones,patricia.wilson385@email.com,Fort Worth,CA,2021-01-08,Premium
2708,Michael,Smith,jennifer.lopez25@email.com,Dallas,PA,2022-04-16,Regular
2709,Jennifer,Brown,james.taylor204@email.com,Fort Worth,FL,2022-05-21,Premium
2710,Emily,Johnson,john.miller446@email.com,Houston,FL,2021-08-07,Regular
2711,Mark,Williams,david.thomas886@email.com,Atlanta,NV,2022-04-14,Basic
2712,Lisa,Taylor,mark.jones665@email.com,Las Vegas,NC,2023-03-17,Regular
2713,Mark,Smith,jennifer.wilson251@email.com,Columbus,PA,2022-08-15,Regular
2714,Christopher,Garcia,david.smith923@email.com,Los Angeles,CA,2021-07-02,Regular
2715,Elizabeth,Wilson,lisa.thomas259@email.com,San Francisco,CO,2022-01-16,Premium
2716,James,Lee,linda.wilson478@email.com,Columbus,TX,2023-04-09,Regular
2717,Christopher,Hernandez,daniel.lopez904@email.com,Phoenix,OR,2022-09-08,Regular
2718,David,Jones,robert.thomas134@email.com,Fort Worth,PA,2021-05-26,Basic
2719,Michael,Martinez,patricia.johnson252@email.com,San Jose,TX,2021-01-09,Basic
2720,Matthew,Lee,david.brown303@email.com,San Antonio,NC,2023-03-01,Premium
2721,Mary,Lee,mary.johnson359@email.com,Portland,CO,2021-02-04,Basic
2722,Jane,Brown,daniel.wilson909@email.com,Indianapolis,CO,2022-04-05,Basic
2723,Sarah,Williams,patricia.williams613@email.com,Portland,CA,2021-12-10,Basic
2724,Patricia,Moore,jennifer.lopez841@email.com,Jacksonville,AZ,2023-05-24,Regular
2725,Lisa,Taylor,matthew.jackson489@email.com,New York,NC,2023-07-13,Regular
2726,Michael,Thomas,jane.taylor70@email.com,New York,CO,2022-12-20,Regular
2727,James,Miller,mary.hernandez199@email.com,Denver,TX,2022-04-24,Premium
2728,Susan,Martinez,jennifer.moore170@email.com,Austin,OH,2021-05-14,Regular
2729,Susan,Taylor,john.brown150@email.com,San Diego,AZ,2021-04-04,Regular
2730,Susan,Taylor,elizabeth.rodriguez62@email.com,Charlotte,OH,2022-12-14,Regular
2731,Christopher,Moore,john.moore224@email.com,Philadelphia,PA,2023-09-29,Basic
2732,James,Rodriguez,matthew.lopez25@email.com,San Antonio,PA,2023-03-24,Regular
2733,John,Jackson,daniel.wilson343@email.com,Dallas,NC,2022-05-10,Premium
2734,William,Hernandez,susan.thomas356@email.com,Columbus,NY,2021-06-29,Basic
2735,Daniel,Jackson,susan.hernandez292@email.com,,TX,2021-03-16,Basic
2736,Linda,Jackson,mary.johnson821@email.com,Charlotte,NY,2021-06-16,Basic
2737,Lisa,Smith,matthew.martin127@email.com,Columbus,WA,2021-02-24,Basic
2738,Mary,Johnson,daniel.taylor444@email.com,Atlanta,CO,2023-12-30,Regular
2739,Elizabeth,Anderson,matthew.johnson683@email.com,Phoenix,NY,2023-04-12,Basic
2740,Christopher,Brown,elizabeth.martin519@email.com,San Diego,CA,2022-11-12,Premium
2741,Patricia,Wilson,michael.jones956@email.com,Atlanta,NV,2022-08-28,Regular
2742,Emily,Thomas,christopher.hernandez677@email.com,Houston,FL,2023-04-14,Regular
2743,Mark,Hernandez,daniel.rodriguez148@email.com,San Antonio,NC,2021-07-13,Premium
2744,Christopher,Wilson,david.miller96@email.com,San Antonio,NV,2021-12-06,Premium
2745,Michael,Thomas,susan.wilson283@email.com,Columbus,PA,2022-10-22,Regular
2746,Susan,Thomas,christopher.davis43@email.com,Houston,FL,2022-04-08,Basic
2747,Jennifer,Johnson,jane.martinez13@email.com,New York,AZ,2023-03-23,Regular
2748,Lisa,Johnson,david.miller429@email.com,Miami,OH,2021-03-18,Premium
2749,Michael,Garcia,mark.miller428@email.com,Boston,CA,2023-03-07,Basic
2750,Michael,Jackson,david.anderson561@email.com,Dallas,OH,2022-08-15,Regular
2751,William,Martinez,mark.rodriguez939@email.com,San Jose,OR,2021-02-13,Regular
2752,David,Garcia,robert.smith68@email.com,Portland,OR,2021-05-06,Regular
2753,Christopher,Taylor,emily.johnson272@email.com,Chicago,OH,2022-07-30,Regular
2754,David,Anderson,linda.williams225@email.com,Columbus,NC,2023-06-22,Regular
2755,Christopher,Jones,daniel.garcia948@email.com,San Jose,AZ,2022-08-19,Basic
2756,James,Martinez,linda.brown82@email.com,Phoenix,NY,2023-12-04,Regular
2757,Mary,Wilson,daniel.hernandez632@email.com,San Antonio,CA,2023-03-31,Regular
2758,Sarah,Taylor,mary.taylor979@email.com,Portland,NV,2023-08-09,Basic
2759,Michael,Brown,william.martin572@email.com,Houston,WA,2022-09-08,Basic
2760,John,Martin,elizabeth.hernandez647@email.com,Fort Worth,NY,2023-02-15,Premium
2761,Jennifer,Taylor,james.moore160@email.com,Jacksonville,IL,2023-11-29,Premium
2762,Daniel,Jackson,mark.moore699@email.com,Dallas,NV,2022-07-11,Premium
2763,Mary,Jackson,william.lee797@email.com,San Jose,OH,2023-11-08,Regular
2764,William,Martin,lisa.davis835@email.com,Houston,GA,2022-06-01,Regular
2765,Sarah,Taylor,john.anderson495@email.com,Las Vegas,NV,2023-11-25,Premium
2766,David,Taylor,william.hernandez963@email.com,San Antonio,CO,2021-05-23,Basic
2767,Michael,Jackson,matthew.martinez511@email.com,Charlotte,CA,2023-08-16,Regular
2768,Emily,Garcia,christopher.johnson975@email.com,Philadelphia,FL,2021-01-25,Regular
2769,Patricia,Moore,mark.martinez821@email.com,Charlotte,NV,2022-05-20,Regular
2770,Daniel,Johnson,william.brown844@email.com,San Francisco,WA,2023-04-11,Regular
2771,Elizabeth,Wilson,david.jackson229@email.com,Atlanta,NC,2021-08-07,Premium
2772,Elizabeth,Rodriguez,lisa.davis476@email.com,Fort Worth,MA,2021-02-21,Regular
2773,Matthew,Taylor,david.brown715@email.com,Indianapolis,NC,2021-04-20,Basic
2774,Patricia,Martin,elizabeth.moore372@email.com,Jacksonville,CO,2023-07-23,Regular
2775,Sarah,Wilson,patricia.wilson430@email.com,San Francisco,MA,2023-08-18,Regular
2776,John,Lee,mark.hernandez307@email.com,Columbus,TX,2021-01-09,Regular
2777,Michael,Lopez,michael.davis167@email.com,Los Angeles,OH,2021-05-28,Premium
2778,Mary,Martinez,susan.taylor972@email.com,Columbus,MA,2023-06-30,Premium
2779,Elizabeth,Hernandez,michael.hernandez949@email.com,Portland,CA,2023-09-23,Regular
2780,Michael,Johnson,jane.anderson416@email.com,San Antonio,FL,2022-03-31,Regular
2781,Susan,Smith,patricia.jones425@email.com,Dallas,CA,2023-09-12,Premium
2782,Susan,Martin,linda.smith342@email.com,Boston,CA,2022-10-04,Basic
2783,James,Johnson,mary.brown316@email.com,San Jose,PA,2022-09-27,Basic
2784,Christopher,Jones,lisa.taylor901@email.com,Philadelphia,NC,2022-02-09,Basic
2785,John,Lopez,linda.wilson603@email.com,Boston,NV,2022-02-18,Basic
2786,Jennifer,Lopez,robert.wilson441@email.com,Los Angeles,FL,2021-03-17,Regular
2787,Patricia,Martin,lisa.martinez250@email.com,Dallas,FL,2023-06-29,Basic
2788,Christopher,Smith,susan.garcia345@email.com,,GA,2023-12-17,Premium
2789,Michael,Hernandez,emily.lee335@email.com,Chicago,NC,2021-07-31,Basic
2790,Elizabeth,Wilson,mark.wilson874@email.com,San Francisco,FL,2021-08-15,Basic
2791,Lisa,Brown,michael.brown85@email.com,Austin,CA,2021-06-01,Basic
2792,Mark,Anderson,michael.smith154@email.com,Austin,CA,2023-06-25,Basic
2793,Matthew,Lopez,elizabeth.anderson505@email.com,Houston,WA,2021-08-07,Regular
2794,Emily,Lopez,michael.jones53@email.com,Indianapolis,WA,2023-05-17,Regular
2795,Christopher,Anderson,john.taylor182@email.com,Seattle,OH,2021-04-17,Regular
2796,Emily,Lopez,jane.jones299@email.com,Charlotte,OR,2021-03-16,Regular
2797,David,Johnson,mary.lopez683@email.com,New York,OR,2022-07-24,Premium
2798,William,Davis,mark.williams42@email.com,Chicago,FL,2021-02-18,Regular
2799,Jennifer,Davis,emily.martinez339@email.com,San Francisco,OH,2021-12-15,Basic
2800,William,Davis,sarah.johnson597@email.com,Boston,PA,2021-07-10,Premium
2801,Linda,Martinez,michael.johnson630@email.com,Boston,WA,2022-07-03,Basic
2802,David,Martin,john.miller809@email.com,Denver,MA,2022-08-10,Basic
2803,Michael,Williams,emily.wilson844@email.com,San Antonio,MA,2022-08-25,Basic
2804,Emily,Williams,linda.brown274@email.com,Philadelphia,NC,2021-06-26,Basic
2805,Patricia,Martinez,mark.martinez631@email.com,San Jose,TX,2023-01-01,Regular
2806,William,Brown,matthew.williams852@email.com,Portland,CO,2022-11-16,Basic
2807,Patricia,Hernandez,susan.martinez142@email.com,Philadelphia,TX,2023-05-17,Basic
2808,Jennifer,Garcia,michael.thomas621@email.com,Los Angeles,IL,2023-07-06,Premium
2809,Linda,Smith,william.garcia659@email.com,Philadelphia,FL,2022-07-27,Regular
2810,Michael,Jackson,matthew.brown509@email.com,San Jose,CA,2022-04-11,Basic
2811,Mary,Hernandez,susan.davis706@email.com,Seattle,OH,2022-04-21,Regular
2812,William,Johnson,jennifer.johnson403@email.com,San Diego,OR,2022-04-23,Regular
2813,Lisa,Thomas,james.garcia712@email.com,Charlotte,NY,2023-11-29,Regular
2814,Linda,Anderson,linda.thomas368@email.com,San Jose,MA,2022-09-13,Premium
2815,Susan,Martin,matthew.martinez301@email.com,Dallas,PA,2023-04-14,Regular
2816,Susan,Moore,christopher.anderson827@email.com,Dallas,OR,2022-12-03,Basic
2817,Robert,Anderson,lisa.martinez683@email.com,Chicago,NY,2023-02-06,Regular
2818,Daniel,Rodriguez,james.miller247@email.com,San Francisco,PA,2021-11-28,Premium
2819,Sarah,Smith,daniel.jones721@email.com,Philadelphia,NC,2022-04-14,Premium
2820,David,Taylor,david.johnson82@email.com,San Diego,TX,2021-08-12,Regular
2821,Jennifer,Martin,jane.martin897@email.com,Dallas,PA,2023-09-11,Basic
2822,John,Smith,sarah.jones111@email.com,Jacksonville,TX,2021-02-24,Regular
2823,Christopher,Hernandez,daniel.jones153@email.com,Columbus,AZ,2022-03-09,Regular
2824,James,Wilson,michael.martinez789@email.com,Austin,PA,2022-04-25,Regular
2825,Susan,Martin,james.hernandez594@email.com,San Antonio,CO,2023-01-08,Regular
2826,Christopher,Wilson,lisa.taylor446@email.com,Indianapolis,NC,2022-05-15,Basic
2827,James,Hernandez,patricia.brown953@email.com,Fort Worth,CA,2021-01-03,Basic
2828,Daniel,Martin,elizabeth.martin310@email.com,Denver,WA,2021-04-24,Premium
2829,James,Brown,robert.taylor672@email.com,Dallas,PA,2022-09-30,Regular
2830,Patricia,Taylor,jane.lopez161@email.com,Charlotte,FL,2022-01-04,Premium
2831,Susan,Brown,christopher.miller354@email.com,Denver,PA,2023-02-27,Regular
2832,David,Miller,michael.johnson33@email.com,New York,OH,2023-04-08,Regular
2833,Jennifer,Hernandez,william.wilson192@email.com,Philadelphia,MA,2022-12-14,Premium
2834,James,Taylor,linda.thomas675@email.com,Jacksonville,IL,2022-03-16,Regular
2835,Susan,Moore,christopher.hernandez461@email.com,San Jose,NC,2023-03-02,Regular
2836,Robert,Hernandez,david.hernandez764@email.com,Seattle,PA,2021-08-17,Basic
2837,Linda,Garcia,patricia.hernandez982@email.com,Jacksonville,TX,2023-09-06,Basic
2838,James,Lee,mark.garcia8@email.com,Las Vegas,PA,2023-07-24,Premium
2839,Emily,Martinez,emily.rodriguez426@email.com,San Diego,TX,2022-04-28,Basic
2840,Christopher,Lopez,michael.taylor897@email.com,Fort Worth,TX,2021-08-01,Regular
2841,James,Anderson,james.jones44@email.com,Phoenix,WA,2023-07-20,Regular
2842,Jennifer,Miller,david.davis526@email.com,Columbus,CO,2022-03-20,Basic
2843,Linda,Taylor,susan.taylor981@email.com,Seattle,WA,2022-09-14,Basic
2844,Mark,Williams,william.miller739@email.com,Denver,GA,2023-05-26,Basic
2845,Lisa,Jackson,emily.anderson40@email.com,Los Angeles,GA,2021-11-13,Regular
2846,James,Miller,john.lopez729@email.com,Dallas,NC,2022-07-14,Regular
2847,Christopher,Martinez,james.lee382@email.com,Portland,IL,2023-11-04,Basic
2848,William,Rodriguez,james.smith108@email.com,,AZ,2023-10-12,Regular
2849,Christopher,Johnson,linda.moore207@email.com,Philadelphia,IL,2021-11-08,Regular
2850,Mary,Martinez,robert.jones341@email.com,San Antonio,FL,2022-02-06,Regular
2851,Sarah,Martin,matthew.rodriguez544@email.com,Indianapolis,FL,2022-12-16,Regular
2852,Mark,Wilson,christopher.moore605@email.com,Columbus,CO,2023-12-14,Regular
2853,Robert,Davis,susan.lee202@email.com,Las Vegas,IL,2023-02-10,Premium
2854,Mark,Lee,patricia.johnson466@email.com,Portland,CA,2022-11-06,Basic
2855,Elizabeth,Williams,mark.jackson298@email.com,Dallas,OH,2022-05-14,Premium
2856,Emily,Martin,elizabeth.thomas46@email.com,Chicago,NV,2021-11-11,Regular
2857,Elizabeth,Brown,jennifer.hernandez19@email.com,Miami,GA,2023-09-09,Regular
2858,John,Martin,patricia.martin643@email.com,New York,MA,2023-03-06,Premium
2859,Daniel,Hernandez,michael.taylor850@email.com,New York,OH,2023-07-18,Premium
2860,Robert,Rodriguez,patricia.thomas937@email.com,Boston,PA,2021-07-09,Premium
2861,Daniel,Williams,susan.martin237@email.com,Austin,NC,2022-06-19,Basic
2862,Jennifer,Martin,james.martin229@email.com,San Diego,NY,2021-06-10,Regular
2863,Michael,Moore,daniel.rodriguez308@email.com,Indianapolis,CA,2022-05-10,Basic
2864,Patricia,Taylor,jane.davis685@email.com,Austin,CO,2022-07-15,Regular
2865,Linda,Anderson,mark.rodriguez405@email.com,Miami,PA,2022-02-16,Regular
2866,David,Miller,william.smith544@email.com,Austin,NC,2021-09-12,Regular
2867,Jennifer,Lopez,lisa.johnson228@email.com,San Francisco,OR,2023-09-14,Regular
2868,Lisa,Williams,daniel.davis407@email.com,,AZ,2023-03-11,Basic
2869,William,Martinez,john.anderson49@email.com,Dallas,NV,2023-06-21,Regular
2870,David,Moore,michael.rodriguez549@email.com,Philadelphia,FL,2021-03-10,Regular
2871,Patricia,Martinez,elizabeth.anderson17@email.com,Chicago,FL,2023-06-01,Basic
2872,Christopher,Anderson,matthew.martinez788@email.com,Fort Worth,NC,2021-01-13,Basic
2873,Michael,Jackson,susan.johnson509@email.com,Las Vegas,OH,2023-01-19,Basic
2874,Daniel,Hernandez,mark.miller547@email.com,Dallas,WA,2023-01-16,Regular
2875,Susan,Miller,elizabeth.martinez799@email.com,San Diego,OR,2021-07-27,Basic
2876,Linda,Anderson,sarah.davis948@email.com,Austin,TX,2023-09-06,Regular
2877,Mark,Wilson,christopher.jackson744@email.com,Denver,NY,2022-04-14,Regular
2878,Christopher,Rodriguez,james.garcia559@email.com,Boston,OR,2022-10-17,Regular
2879,Elizabeth,Lee,robert.smith702@email.com,New York,OR,2023-08-06,Regular
2880,Matthew,Moore,patricia.williams337@email.com,Los Angeles,GA,2021-09-14,Premium
2881,Patricia,Thomas,lisa.taylor22@email.com,Denver,TX,2021-08-31,Regular
2882,Elizabeth,Jackson,sarah.jones954@email.com,San Diego,NY,2021-09-06,Basic
2883,Jane,Garcia,william.garcia674@email.com,San Francisco,IL,2023-03-07,Regular
2884,Mary,Smith,jennifer.rodriguez426@email.com,Seattle,GA,2021-10-07,Premium
2885,Elizabeth,Moore,emily.anderson209@email.com,Chicago,NC,2022-11-26,Premium
2886,Susan,Garcia,emily.lopez100@email.com,Dallas,PA,2021-02-20,Basic
2887,Michael,Martin,jennifer.martinez556@email.com,Atlanta,TX,2023-03-17,Regular
2888,Sarah,Taylor,elizabeth.williams79@email.com,Columbus,IL,2022-01-20,Regular
2889,Lisa,Miller,david.brown874@email.com,Los Angeles,NV,2023-01-30,Basic
2890,Mary,Thomas,john.davis68@email.com,San Jose,OR,2022-06-23,Basic
2891,Emily,Rodriguez,william.garcia117@email.com,San Francisco,OH,2023-03-17,Regular
2892,Susan,Jackson,daniel.hernandez125@email.com,Miami,IL,2022-09-12,Regular
2893,Jane,Lee,matthew.jackson477@email.com,Miami,OH,2023-04-01,Basic
2894,Mark,Anderson,matthew.brown493@email.com,Columbus,GA,2022-03-04,Regular
2895,Christopher,Martin,susan.rodriguez805@email.com,Las Vegas,FL,2024-01-01,Premium
2896,James,Johnson,michael.lopez808@email.com,Houston,FL,2023-07-07,Basic
2897,Patricia,Moore,michael.lopez181@email.com,San Jose,WA,2021-02-01,Regular
2898,Sarah,Miller,christopher.miller559@email.com,San Diego,NC,2021-07-28,Regular
2899,John,Lopez,william.smith933@email.com,Charlotte,GA,2022-08-30,Regular
2900,Sarah,Thomas,susan.williams65@email.com,Indianapolis,CO,2022-11-03,Premium
2901,William,Jones,emily.jones351@email.com,Indianapolis,TX,2023-01-09,Premium
2902,Lisa,Davis,emily.moore835@email.com,Dallas,AZ,2023-09-23,Basic
2903,Matthew,Jones,elizabeth.miller491@email.com,Dallas,PA,2021-01-11,Premium
2904,Matthew,Martinez,mary.smith349@email.com,San Antonio,CA,2022-04-18,Regular
2905,Elizabeth,Anderson,christopher.anderson107@email.com,Charlotte,CO,2022-05-02,Regular
2906,Mark,Anderson,matthew.wilson218@email.com,Los Angeles,PA,2022-05-29,Premium
2907,Mark,Hernandez,emily.miller636@email.com,Fort Worth,GA,2021-09-28,Basic
2908,Lisa,Williams,linda.martin766@email.com,Las Vegas,MA,2023-09-01,Regular
2909,Daniel,Miller,michael.davis855@email.com,Fort Worth,MA,2021-07-22,Regular
2910,Mary,Anderson,linda.jackson790@email.com,Chicago,NY,2023-03-21,Regular
2911,Christopher,Rodriguez,daniel.wilson330@email.com,Seattle,IL,2023-03-26,Regular
2912,Daniel,Martinez,mary.miller922@email.com,Charlotte,PA,2021-11-06,Premium
2913,Mark,Garcia,jane.johnson464@email.com,Miami,IL,2023-01-12,Basic
2914,Matthew,Rodriguez,robert.smith585@email.com,Jacksonville,OR,2022-10-22,Basic
2915,David,Lee,mary.smith681@email.com,Columbus,NC,2021-09-16,Regular
2916,Mary,Davis,mary.hernandez426@email.com,Dallas,PA,2021-04-23,Regular
2917,John,Wilson,john.hernandez883@email.com,Columbus,AZ,2022-11-06,Basic
2918,Linda,Davis,daniel.williams138@email.com,Charlotte,FL,2021-02-18,Basic
2919,Sarah,Brown,sarah.lee534@email.com,Phoenix,CA,2021-12-22,Regular
2920,Jennifer,Jones,elizabeth.brown608@email.com,Atlanta,TX,2023-03-09,Regular
2921,Patricia,Miller,david.taylor507@email.com,Fort Worth,NY,2021-04-20,Regular
2922,Michael,Smith,elizabeth.jackson744@email.com,San Diego,GA,2021-01-15,Basic
2923,Sarah,Davis,james.brown640@email.com,Fort Worth,NC,2021-04-09,Basic
2924,David,Martinez,jane.hernandez252@email.com,Seattle,OH,2021-06-14,Premium
2925,Mary,Thomas,jennifer.jackson842@email.com,Chicago,OR,2021-08-16,Regular
2926,Jennifer,Taylor,patricia.martinez40@email.com,Jacksonville,TX,2021-04-24,Basic
2927,James,Jackson,sarah.johnson962@email.com,Atlanta,NV,2021-06-20,Basic
2928,Daniel,Anderson,jennifer.jones713@email.com,San Jose,NY,2022-11-01,Basic
2929,Robert,Anderson,william.wilson157@email.com,Portland,NC,2023-05-19,Basic
2930,Matthew,Johnson,william.hernandez871@email.com,Chicago,NV,2021-06-01,Regular
2931,Linda,Miller,patricia.williams999@email.com,Indianapolis,WA,2023-05-01,Regular
2932,Mary,Garcia,matthew.lopez77@email.com,Jacksonville,NV,2021-05-25,Regular
2933,Linda,Rodriguez,linda.martinez757@email.com,Indianapolis,OH,2023-07-31,Premium
2934,Sarah,Jones,jennifer.anderson24@email.com,Las Vegas,IL,2022-01-30,Regular
2935,Daniel,Smith,john.martinez336@email.com,Boston,NV,2022-06-13,Basic
2936,Daniel,Rodriguez,emily.williams891@email.com,Denver,MA,2022-06-01,Premium
2937,James,Rodriguez,david.moore618@email.com,Los Angeles,OR,2023-11-20,Basic
2938,Michael,Jackson,susan.brown372@email.com,Los Angeles,NY,2021-06-17,Regular
2939,Jennifer,Garcia,sarah.brown999@email.com,Phoenix,CO,2021-10-13,Basic
2940,Jane,Johnson,william.hernandez326@email.com,Charlotte,OH,2021-06-29,Premium
2941,Sarah,Taylor,sarah.garcia591@email.com,San Francisco,GA,2022-04-19,Regular
2942,John,Smith,robert.martin820@email.com,Portland,OR,2021-01-03,Regular
2943,James,Johnson,michael.davis51@email.com,Philadelphia,TX,2021-04-07,Regular
2944,Sarah,Williams,william.martinez862@email.com,Denver,NC,2023-11-15,Basic
2945,Emily,Hernandez,elizabeth.jackson935@email.com,Houston,OR,2021-10-14,Basic
2946,Lisa,Lee,michael.jackson958@email.com,New York,MA,2022-01-31,Premium
2947,Matthew,Martinez,mark.jackson305@email.com,Indianapolis,OR,2023-12-24,Regular
2948,Emily,Williams,elizabeth.martinez103@email.com,San Jose,IL,2022-09-13,Regular
2949,Elizabeth,Anderson,christopher.johnson320@email.com,Austin,OH,2023-02-08,Regular
2950,Emily,Lopez,patricia.williams674@email.com,Los Angeles,GA,2021-04-15,Basic
2951,James,Williams,james.rodriguez759@email.com,Portland,OH,2023-04-10,Basic
2952,Elizabeth,Wilson,jane.jones71@email.com,Charlotte,OH,2023-09-07,Regular
2953,Patricia,Jones,sarah.martin5@email.com,,OH,2021-09-19,Basic
2954,Daniel,Davis,sarah.taylor44@email.com,,NV,2022-02-07,Regular
2955,Lisa,Brown,linda.lopez416@email.com,Fort Worth,MA,2022-03-23,Basic
2956,Christopher,Martin,elizabeth.brown271@email.com,New York,GA,2021-05-31,Regular
2957,Emily,Moore,emily.martin963@email.com,San Jose,CA,2021-05-06,Basic
2958,Emily,Brown,elizabeth.davis84@email.com,,CA,2022-06-25,Basic
2959,Patricia,Moore,james.garcia190@email.com,Jacksonville,NV,2022-06-22,Regular
2960,Christopher,Martin,mark.brown646@email.com,Columbus,GA,2023-12-20,Basic
2961,John,Moore,john.taylor224@email.com,Columbus,NC,2021-09-13,Premium
2962,Susan,Rodriguez,david.garcia756@email.com,Los Angeles,AZ,2023-10-09,Regular
2963,Robert,Taylor,matthew.davis418@email.com,Austin,IL,2023-08-13,Regular
2964,Daniel,Williams,john.moore897@email.com,Los Angeles,PA,2022-05-17,Basic
2965,Mark,Davis,william.martin814@email.com,San Diego,IL,2023-04-26,Basic
2966,Patricia,Lee,robert.taylor561@email.com,Portland,MA,2023-01-14,Basic
2967,Christopher,Brown,lisa.johnson441@email.com,San Diego,MA,2022-10-12,Basic
2968,John,Hernandez,robert.lee683@email.com,Charlotte,OH,2023-05-09,Regular
2969,Robert,Hernandez,christopher.miller845@email.com,Dallas,CO,2021-05-24,Basic
2970,Robert,Martin,matthew.martinez353@email.com,Columbus,NC,2021-10-11,Regular
2971,William,Wilson,david.wilson998@email.com,Denver,NV,2021-09-16,Regular
2972,Michael,Davis,mark.anderson933@email.com,Indianapolis,FL,2021-05-28,Premium
2973,Mark,Anderson,mark.martinez276@email.com,San Diego,TX,2023-12-23,Basic
2974,Sarah,Miller,lisa.lee877@email.com,San Antonio,NY,2021-10-06,Basic
2975,Elizabeth,Jones,sarah.anderson262@email.com,New York,GA,2021-10-14,Regular
2976,Emily,Brown,susan.taylor2@email.com,Fort Worth,WA,2021-02-12,Premium
2977,Mary,Garcia,sarah.wilson605@email.com,San Francisco,NY,2023-04-22,Basic
2978,James,Miller,robert.rodriguez708@email.com,Miami,NY,2022-03-13,Premium
2979,Robert,Rodriguez,david.martin189@email.com,Charlotte,OH,2021-06-17,Basic
2980,Daniel,Thomas,mark.brown991@email.com,Atlanta,NV,2023-12-14,Basic
2981,Sarah,Anderson,lisa.jones729@email.com,San Antonio,CA,2023-03-26,Regular
2982,William,Rodriguez,jane.davis256@email.com,New York,IL,2022-08-12,Regular
2983,Linda,Martin,jane.williams701@email.com,Fort Worth,CA,2021-09-06,Basic
2984,Matthew,Johnson,christopher.jones989@email.com,San Francisco,NY,2023-09-12,Basic
2985,James,Taylor,robert.rodriguez983@email.com,Portland,OR,2023-02-27,Regular
2986,Susan,Jackson,sarah.martin3@email.com,Houston,IL,2021-05-10,Basic
2987,Christopher,Lopez,robert.brown850@email.com,Seattle,MA,2022-04-03,Premium
2988,Susan,Brown,john.anderson110@email.com,Phoenix,OR,2021-03-01,Regular
2989,Christopher,Hernandez,james.miller458@email.com,Philadelphia,AZ,2021-11-15,Basic
2990,Mark,Jackson,david.jones742@email.com,Las Vegas,IL,2022-01-24,Basic
2991,Sarah,Anderson,sarah.lopez333@email.com,Philadelphia,TX,2023-04-27,Premium
2992,Mary,Taylor,patricia.wilson676@email.com,Columbus,AZ,2022-06-21,Basic
2993,Mary,Davis,matthew.rodriguez455@email.com,Columbus,CO,2021-08-27,Regular
2994,Daniel,Rodriguez,robert.jones212@email.com,San Francisco,AZ,2023-06-13,Regular
2995,Susan,Jones,christopher.lopez193@email.com,Denver,OH,2022-05-04,Premium
2996,Emily,Lopez,lisa.taylor501@email.com,Miami,TX,2023-05-18,Basic
2997,Jennifer,Taylor,william.anderson51@email.com,Dallas,NV,2023-11-04,Premium
2998,Susan,Lopez,william.smith444@email.com,Chicago,CO,2022-01-23,Regular
2999,Mark,Martinez,daniel.garcia63@email.com,Boston,NY,2022-10-11,Regular
3000,Michael,Smith,jane.thomas537@email.com,New York,PA,2021-05-16,Basic
3001,David,Lee,jennifer.miller424@email.com,Indianapolis,MA,2023-04-28,Regular
3002,James,Johnson,sarah.martinez145@email.com,Charlotte,CO,2023-08-06,Basic
3003,Sarah,Johnson,jennifer.rodriguez182@email.com,Indianapolis,OH,2023-06-09,Regular
3004,Lisa,Davis,patricia.smith485@email.com,Miami,OR,2022-07-15,Regular
3005,Jennifer,Rodriguez,matthew.williams601@email.com,Indianapolis,OR,2021-01-31,Regular
3006,Sarah,Jackson,daniel.lopez311@email.com,Columbus,MA,2022-05-15,Basic
3007,Emily,Wilson,lisa.thomas206@email.com,Austin,CO,2021-10-29,Basic
3008,Mary,Martinez,william.taylor987@email.com,San Antonio,OH,2022-04-07,Premium
3009,David,Lopez,christopher.rodriguez165@email.com,Indianapolis,OH,2021-05-19,Regular
3010,Matthew,Brown,linda.davis449@email.com,Austin,CA,2022-04-13,Premium
3011,Christopher,Jackson,david.smith800@email.com,Atlanta,GA,2022-01-03,Regular
3012,Patricia,Davis,lisa.taylor394@email.com,Boston,WA,2022-12-05,Regular
3013,Susan,Thomas,lisa.jackson522@email.com,Los Angeles,OR,2021-10-14,Regular
3014,David,Wilson,david.brown275@email.com,Fort Worth,NV,2023-12-29,Regular
3015,Mark,Smith,mary.moore261@email.com,San Francisco,GA,2021-11-02,Regular
3016,Christopher,Wilson,sarah.rodriguez883@email.com,San Antonio,MA,2023-04-04,Regular
3017,Patricia,Rodriguez,matthew.martinez765@email.com,Denver,NV,2023-07-20,Basic
3018,Emily,Martinez,christopher.smith65@email.com,Columbus,FL,2021-07-28,Regular
3019,Linda,Williams,mark.brown248@email.com,San Antonio,NV,2021-12-25,Premium
3020,Elizabeth,Davis,jennifer.rodriguez830@email.com,San Jose,CA,2023-02-19,Basic
3021,Emily,Martinez,lisa.jackson877@email.com,Atlanta,CO,2022-05-08,Regular
3022,Elizabeth,Miller,susan.martin819@email.com,Philadelphia,WA,2023-08-03,Regular
3023,Emily,Garcia,matthew.garcia643@email.com,Portland,WA,2022-06-17,Regular
3024,Linda,Thomas,linda.moore4@email.com,Indianapolis,CO,2022-10-20,Regular
3025,Jennifer,Hernandez,david.smith336@email.com,Portland,OH,2021-12-05,Premium
3026,David,Anderson,elizabeth.anderson582@email.com,Boston,CA,2022-01-17,Regular
3027,Emily,Johnson,james.smith493@email.com,Indianapolis,FL,2022-10-04,Basic
3028,James,Rodriguez,robert.garcia112@email.com,San Francisco,PA,2022-01-14,Regular
3029,Daniel,Williams,jennifer.anderson258@email.com,Fort Worth,MA,2023-04-29,Regular
3030,Susan,Taylor,william.martin205@email.com,New York,WA,2022-06-11,Regular
3031,Jane,Taylor,christopher.lee579@email.com,Las Vegas,FL,2022-06-13,Premium
3032,Mary,Anderson,mark.lopez99@email.com,Austin,PA,2022-09-10,Regular
3033,John,Hernandez,christopher.taylor640@email.com,Miami,GA,2023-12-02,Basic
3034,Linda,Anderson,robert.davis333@email.com,Austin,FL,2022-07-25,Premium
3035,David,Brown,jane.hernandez366@email.com,New York,FL,2022-05-24,Regular
3036,Robert,Garcia,linda.davis546@email.com,Atlanta,GA,2023-05-30,Regular
3037,Christopher,Rodriguez,james.taylor234@email.com,Miami,OH,2023-06-10,Regular
3038,Elizabeth,Moore,patricia.jackson17@email.com,San Jose,FL,2023-11-05,Basic
3039,Matthew,Williams,michael.brown579@email.com,Denver,AZ,2021-08-20,Premium
3040,Linda,Lopez,david.davis421@email.com,Phoenix,NY,2021-08-26,Regular
3041,Patricia,Anderson,jane.miller479@email.com,Phoenix,WA,2021-06-02,Premium
3042,Linda,Lee,patricia.jackson757@email.com,Houston,WA,2022-09-26,Basic
3043,Patricia,Jackson,michael.brown698@email.com,Portland,MA,2022-04-01,Premium
3044,Daniel,Hernandez,elizabeth.thomas736@email.com,Charlotte,CO,2022-03-29,Regular
3045,Linda,Thomas,david.davis756@email.com,Los Angeles,FL,2021-04-05,Basic
3046,Emily,Smith,robert.miller380@email.com,Dallas,NC,2023-05-23,Basic
3047,Michael,Johnson,sarah.johnson263@email.com,Miami,OR,2022-06-12,Regular
3048,Mark,Garcia,john.martin419@email.com,Seattle,TX,2021-02-19,Regular
3049,John,Thomas,sarah.rodriguez659@email.com,Columbus,TX,2023-12-01,Regular
3050,Lisa,Jones,mark.thomas915@email.com,Portland,AZ,2021-02-20,Regular
3051,Jennifer,Smith,robert.williams349@email.com,Chicago,GA,2022-10-19,Regular
3052,Jane,Wilson,lisa.lee122@email.com,Seattle,AZ,2023-10-21,Regular
3053,William,Miller,michael.rodriguez811@email.com,Fort Worth,NY,2023-09-08,Regular
3054,Lisa,Martinez,susan.jackson765@email.com,Atlanta,NY,2021-06-24,Regular
3055,Elizabeth,Hernandez,lisa.johnson488@email.com,Las Vegas,WA,2022-11-15,Regular
3056,Jennifer,Martin,william.jackson172@email.com,Charlotte,MA,2022-10-12,Basic
3057,Emily,Williams,john.taylor837@email.com,New York,PA,2022-12-14,Regular
3058,Daniel,Brown,robert.anderson909@email.com,Columbus,IL,2021-04-25,Premium
3059,Mark,Garcia,james.brown91@email.com,Fort Worth,IL,2023-03-07,Premium
3060,Linda,Davis,matthew.martin235@email.com,San Antonio,NV,2021-12-08,Basic
3061,Elizabeth,Moore,mark.rodriguez1@email.com,Philadelphia,OR,2023-09-14,Regular
3062,Matthew,Jones,patricia.lopez958@email.com,Los Angeles,OR,2023-12-23,Premium
3063,Sarah,Lee,mary.thomas570@email.com,Chicago,AZ,2023-09-08,Regular
3064,Mark,Anderson,emily.smith757@email.com,Fort Worth,IL,2021-04-17,Regular
3065,Sarah,Hernandez,sarah.martin22@email.com,Philadelphia,CO,2021-12-18,Regular
3066,William,Thomas,william.miller177@email.com,Denver,FL,2022-12-31,Regular
3067,Elizabeth,Taylor,emily.davis756@email.com,Atlanta,CO,2021-07-20,Premium
3068,Mary,Jones,jane.garcia201@email.com,New York,MA,2021-11-08,Basic
3069,Elizabeth,Rodriguez,robert.miller136@email.com,San Francisco,PA,2021-02-02,Regular
3070,Jane,Garcia,jennifer.thomas63@email.com,San Antonio,TX,2022-06-30,Regular
3071,Daniel,Martin,daniel.davis634@email.com,Denver,GA,2023-03-11,Basic
3072,Elizabeth,Hernandez,david.johnson121@email.com,Denver,OH,2022-04-28,Regular
3073,Robert,Martinez,robert.lopez643@email.com,Philadelphia,WA,2023-08-17,Regular
3074,Patricia,Miller,jennifer.anderson158@email.com,Indianapolis,TX,2021-12-11,Regular
3075,Sarah,Williams,michael.garcia486@email.com,Boston,MA,2021-08-27,Regular
3076,Lisa,Anderson,christopher.smith176@email.com,Chicago,IL,2023-04-25,Basic
3077,Jennifer,Lopez,mary.johnson546@email.com,Atlanta,IL,2022-01-01,Basic
3078,Jane,Garcia,emily.anderson112@email.com,Denver,OR,2023-03-24,Premium
3079,Daniel,Wilson,michael.garcia217@email.com,Seattle,CA,2023-03-21,Premium
3080,William,Wilson,michael.jones426@email.com,Philadelphia,WA,2021-02-16,Basic
3081,Mary,Martin,sarah.anderson235@email.com,San Francisco,CA,2022-03-20,Basic
3082,Michael,Davis,emily.rodriguez731@email.com,Houston,GA,2021-10-26,Basic
3083,Daniel,Smith,matthew.jackson906@email.com,Seattle,AZ,2022-01-25,Regular
3084,Sarah,Smith,matthew.martin921@email.com,Phoenix,TX,2022-10-26,Regular
3085,Lisa,Jackson,mark.hernandez908@email.com,Columbus,WA,2023-11-08,Basic
3086,Robert,Lee,daniel.garcia849@email.com,Portland,MA,2022-09-01,Regular
3087,Mark,Davis,susan.jackson677@email.com,Austin,NY,2021-05-29,Regular
3088,Mary,Williams,mark.miller977@email.com,San Antonio,OH,2021-01-14,Premium
3089,Susan,Thomas,daniel.anderson177@email.com,San Diego,NY,2021-12-25,Regular
3090,Patricia,Miller,susan.thomas286@email.com,Charlotte,PA,2022-10-17,Regular
3091,Emily,Rodriguez,james.rodriguez621@email.com,Chicago,MA,2022-12-07,Regular
3092,Susan,Garcia,robert.smith201@email.com,Charlotte,AZ,2023-09-30,Basic
3093,David,Johnson,christopher.martinez385@email.com,Las Vegas,OH,2023-08-18,Regular
3094,Robert,Wilson,elizabeth.thomas950@email.com,New York,CO,2022-04-11,Basic
3095,Robert,Lee,michael.martin119@email.com,Seattle,TX,2023-07-22,Premium
3096,Jane,Anderson,david.johnson236@email.com,Columbus,FL,2022-02-05,Regular
3097,Mark,Lee,elizabeth.brown574@email.com,San Jose,NY,2023-01-06,Basic
3098,Mary,Rodriguez,linda.wilson932@email.com,Boston,GA,2023-09-29,Premium
3099,Elizabeth,Jones,mark.jones55@email.com,Dallas,CA,2022-10-09,Premium
3100,William,Williams,matthew.garcia552@email.com,Philadelphia,PA,2022-12-11,Regular
3101,Susan,Lopez,lisa.jones247@email.com,Fort Worth,OH,2021-05-19,Premium
3102,Elizabeth,Garcia,jane.moore879@email.com,Denver,GA,2021-10-27,Basic
3103,Emily,Martin,susan.jackson906@email.com,San Jose,CO,2022-06-06,Basic
3104,James,Brown,michael.davis552@email.com,Philadelphia,WA,2023-07-14,Regular
3105,Jennifer,Smith,elizabeth.williams348@email.com,New York,CA,2022-07-06,Regular
3106,Jennifer,Moore,matthew.jackson96@email.com,San Antonio,CA,2021-06-24,Regular
3107,Mark,Anderson,william.rodriguez341@email.com,Portland,NV,2021-05-31,Basic
3108,William,Thomas,elizabeth.jones848@email.com,Portland,PA,2021-05-12,Premium
3109,Matthew,Taylor,emily.johnson438@email.com,Denver,NY,2023-09-09,Regular
3110,Sarah,Brown,linda.miller144@email.com,Seattle,MA,2022-03-20,Regular
3111,David,Davis,lisa.williams531@email.com,Atlanta,MA,2023-03-13,Regular
3112,Patricia,Miller,david.lee453@email.com,Atlanta,CA,2023-07-23,Regular
3113,Jane,Miller,michael.anderson739@email.com,San Diego,NY,2021-01-25,Basic
3114,William,Rodriguez,elizabeth.williams756@email.com,Chicago,CA,2022-03-24,Premium
3115,David,Martinez,james.thomas169@email.com,Atlanta,FL,2023-12-17,Premium
3116,David,Taylor,william.hernandez31@email.com,San Diego,MA,2023-05-22,Basic
3117,Lisa,Wilson,jane.smith799@email.com,Austin,OR,2021-10-31,Basic
3118,David,Jones,john.smith884@email.com,San Jose,NV,2022-12-29,Premium
3119,James,Anderson,john.williams331@email.com,Atlanta,IL,2023-03-16,Regular
3120,Lisa,Miller,emily.martin84@email.com,Miami,FL,2023-08-07,Regular
3121,Christopher,Lee,michael.miller493@email.com,Boston,NY,2023-06-02,Regular
3122,Linda,Miller,sarah.thomas803@email.com,Portland,NY,2021-08-02,Regular
3123,David,Martinez,elizabeth.lopez59@email.com,New York,NC,2021-07-31,Premium
3124,Mark,Miller,susan.smith737@email.com,Houston,NY,2021-11-25,Regular
3125,William,Anderson,david.lopez321@email.com,San Jose,IL,2023-01-18,Basic
3126,Patricia,Garcia,christopher.brown814@email.com,Jacksonville,FL,2022-08-21,Regular
3127,Christopher,Anderson,matthew.martinez771@email.com,Denver,PA,2021-11-25,Regular
3128,Daniel,Jones,jennifer.rodriguez164@email.com,Boston,NC,2022-02-25,Premium
3129,Michael,Smith,michael.jackson833@email.com,Columbus,WA,2022-03-02,Basic
3130,Michael,Martinez,david.lee685@email.com,Charlotte,MA,2021-03-04,Basic
3131,Christopher,Rodriguez,mark.jackson489@email.com,New York,TX,2021-01-30,Basic
3132,Matthew,Davis,jennifer.taylor535@email.com,Fort Worth,CO,2021-03-29,Basic
3133,William,Lee,michael.jones180@email.com,Boston,AZ,2023-01-11,Basic
3134,Mary,Thomas,jennifer.moore637@email.com,Philadelphia,OR,2023-03-26,Regular
3135,Daniel,Davis,jane.hernandez389@email.com,Chicago,OH,2022-05-26,Regular
3136,Linda,Lopez,linda.johnson520@email.com,Boston,NV,2021-03-07,Regular
3137,James,Martin,patricia.thomas27@email.com,Austin,PA,2023-11-07,Basic
3138,Mark,Thomas,jane.lee51@email.com,Seattle,WA,2021-10-27,Basic
3139,John,Williams,john.rodriguez908@email.com,Charlotte,OH,2021-12-07,Regular
3140,Michael,Smith,lisa.wilson354@email.com,San Antonio,OR,2022-06-02,Premium
3141,Daniel,Taylor,james.williams371@email.com,New York,NC,2021-10-13,Regular
3142,Mary,Jones,matthew.rodriguez543@email.com,Jacksonville,NV,2023-11-14,Basic
3143,Michael,Hernandez,david.wilson387@email.com,Dallas,OR,2023-08-14,Regular
3144,Elizabeth,Wilson,mark.brown242@email.com,Boston,TX,2022-04-03,Regular
3145,Christopher,Miller,patricia.jones817@email.com,Indianapolis,TX,2021-12-17,Regular
3146,Robert,Wilson,william.moore234@email.com,Philadelphia,PA,2021-08-15,Regular
3147,Patricia,Anderson,james.lopez678@email.com,Dallas,AZ,2021-03-22,Basic
3148,Robert,Lee,jane.lopez318@email.com,San Diego,NC,2023-08-25,Regular
3149,Linda,Rodriguez,emily.martin385@email.com,Seattle,NC,2023-12-05,Basic
3150,William,Williams,jane.jackson732@email.com,Indianapolis,MA,2023-12-11,Regular
3151,James,Brown,jane.taylor55@email.com,Las Vegas,TX,2022-02-20,Regular
3152,Jennifer,Jackson,patricia.miller247@email.com,Dallas,PA,2021-06-20,Regular
3153,James,Johnson,patricia.lee877@email.com,Atlanta,OH,2021-12-18,Basic
3154,Elizabeth,Johnson,susan.jackson472@email.com,San Diego,NV,2023-06-23,Regular
3155,Mark,Hernandez,susan.lopez806@email.com,Los Angeles,CA,2022-04-16,Regular
3156,David,Davis,john.lee798@email.com,Portland,WA,2023-05-25,Regular
3157,Mark,Taylor,matthew.garcia129@email.com,Phoenix,IL,2022-12-25,Basic
3158,Linda,Lopez,michael.johnson275@email.com,Portland,CA,2022-08-19,Premium
3159,James,Lee,jane.brown887@email.com,Atlanta,AZ,2022-12-16,Basic
3160,Jane,Lee,christopher.rodriguez855@email.com,Las Vegas,WA,2021-11-02,Regular
3161,Jane,Johnson,matthew.brown912@email.com,Chicago,FL,2022-01-12,Regular
3162,Sarah,Smith,elizabeth.moore757@email.com,Charlotte,OH,2021-01-06,Premium
3163,Daniel,Rodriguez,john.rodriguez641@email.com,Las Vegas,WA,2023-08-25,Regular
3164,John,Moore,william.garcia561@email.com,Seattle,CA,2021-10-01,Regular
3165,Sarah,Lee,linda.taylor902@email.com,Houston,OR,2021-01-14,Premium
3166,Emily,Wilson,lisa.moore199@email.com,Columbus,AZ,2021-05-12,Regular
3167,Daniel,Martinez,christopher.miller542@email.com,San Francisco,FL,2023-07-09,Basic
3168,Daniel,Wilson,michael.wilson275@email.com,Indianapolis,TX,2021-02-16,Premium
3169,John,Lopez,lisa.jones690@email.com,New York,NV,2022-08-28,Basic
3170,Patricia,Jones,michael.jones714@email.com,Fort Worth,MA,2021-10-10,Regular
3171,Robert,Jackson,christopher.lee695@email.com,Miami,NC,2023-08-21,Regular
3172,David,Johnson,jennifer.garcia535@email.com,Fort Worth,NV,2022-06-03,Regular
3173,Jennifer,Martin,mark.martinez418@email.com,Miami,FL,2021-05-23,Premium
3174,Emily,Garcia,jennifer.garcia22@email.com,Dallas,CO,2023-06-14,Premium
3175,William,Rodriguez,lisa.anderson775@email.com,Atlanta,FL,2021-11-25,Premium
3176,Michael,Garcia,david.lopez740@email.com,San Diego,OR,2023-10-01,Premium
3177,Mary,Moore,matthew.anderson220@email.com,Atlanta,AZ,2023-05-31,Regular
3178,William,Taylor,sarah.martinez984@email.com,Houston,CO,2022-03-05,Basic
3179,Michael,Hernandez,william.williams474@email.com,Austin,OR,2023-03-22,Basic
3180,Mary,Thomas,jane.wilson299@email.com,Miami,TX,2022-10-31,Regular
3181,Emily,Jones,christopher.garcia364@email.com,Indianapolis,GA,2021-05-16,Premium
3182,Jane,Williams,mary.martinez888@email.com,Denver,IL,2021-11-18,Regular
3183,Christopher,Hernandez,jane.garcia413@email.com,Los Angeles,NY,2022-11-02,Regular
3184,Jennifer,Moore,lisa.lopez349@email.com,Houston,NV,2022-12-25,Regular
3185,Lisa,Anderson,elizabeth.garcia301@email.com,Fort Worth,TX,2022-11-11,Regular
3186,Patricia,Jones,robert.smith685@email.com,Miami,CA,2021-07-07,Regular
3187,Michael,Rodriguez,michael.taylor387@email.com,Dallas,OH,2021-02-09,Regular
3188,Sarah,Brown,jennifer.anderson812@email.com,Denver,MA,2021-02-07,Regular
3189,John,Hernandez,william.martinez526@email.com,Las Vegas,IL,2023-01-15,Basic
3190,Robert,Johnson,mark.moore518@email.com,Atlanta,OR,2021-06-15,Basic
3191,Linda,Jones,john.davis749@email.com,Phoenix,CO,2021-03-08,Regular
3192,Michael,Taylor,sarah.lopez248@email.com,Miami,FL,2023-11-18,Basic
3193,David,Rodriguez,elizabeth.moore532@email.com,Indianapolis,FL,2021-08-24,Basic
3194,Mark,Lopez,emily.rodriguez340@email.com,Chicago,PA,2022-09-14,Regular
3195,Lisa,Anderson,david.thomas625@email.com,Austin,IL,2022-06-09,Regular
3196,Matthew,Martinez,jane.hernandez39@email.com,New York,GA,2021-09-21,Regular
3197,Daniel,Rodriguez,jennifer.johnson874@email.com,San Antonio,NC,2021-09-21,Basic
3198,John,Lee,jennifer.davis210@email.com,Charlotte,IL,2023-05-30,Basic
3199,John,Rodriguez,robert.miller994@email.com,Los Angeles,AZ,2021-12-21,Premium
3200,James,Moore,mary.miller849@email.com,Houston,FL,2022-03-02,Regular
3201,Sarah,Hernandez,matthew.rodriguez602@email.com,San Francisco,NC,2021-04-08,Regular
3202,Patricia,Anderson,james.brown405@email.com,Los Angeles,PA,2021-01-27,Regular
3203,David,Garcia,lisa.jones826@email.com,Boston,AZ,2022-03-06,Premium
3204,Linda,Hernandez,sarah.williams97@email.com,Phoenix,OR,2023-05-07,Basic
3205,Michael,Taylor,susan.thomas539@email.com,Columbus,NV,2021-01-22,Regular
3206,Lisa,Jones,daniel.brown558@email.com,Miami,WA,2023-07-15,Basic
3207,Christopher,Jackson,jane.lee204@email.com,San Jose,NV,2021-10-03,Basic
3208,Michael,Thomas,lisa.martin94@email.com,Los Angeles,IL,2021-09-22,Basic
3209,Sarah,Johnson,robert.taylor222@email.com,Charlotte,MA,2022-05-08,Regular
3210,Sarah,Miller,david.wilson660@email.com,Los Angeles,OH,2022-10-22,Regular
3211,James,Jones,james.davis41@email.com,San Antonio,CO,2021-03-20,Premium
3212,Mary,Johnson,patricia.johnson741@email.com,New York,IL,2021-11-11,Regular
3213,Jennifer,Davis,michael.williams941@email.com,Indianapolis,AZ,2023-12-20,Premium
3214,David,Garcia,susan.moore509@email.com,Miami,NY,2022-04-18,Regular
3215,Christopher,Johnson,james.wilson98@email.com,Seattle,NY,2021-01-06,Regular
3216,David,Taylor,daniel.moore879@email.com,Los Angeles,GA,2022-01-25,Premium
3217,David,Rodriguez,patricia.jackson738@email.com,Indianapolis,NY,2022-07-11,Premium
3218,Michael,Garcia,matthew.smith11@email.com,Miami,MA,2021-10-19,Premium
3219,Matthew,Thomas,emily.miller841@email.com,Chicago,NV,2022-07-17,Basic
3220,Mark,Anderson,john.smith601@email.com,Charlotte,MA,2022-02-09,Basic
3221,John,Brown,sarah.hernandez798@email.com,Philadelphia,CO,2023-07-25,Regular
3222,Susan,Taylor,patricia.brown563@email.com,Fort Worth,CO,2022-11-09,Premium
3223,Emily,Johnson,david.lee537@email.com,Phoenix,IL,2022-02-24,Premium
3224,Daniel,Thomas,john.davis705@email.com,Indianapolis,NY,2021-08-23,Premium
3225,Mary,Lopez,christopher.hernandez484@email.com,Philadelphia,NC,2023-06-10,Premium
3226,Robert,Jackson,linda.rodriguez747@email.com,Boston,FL,2021-10-17,Basic
3227,David,Taylor,jennifer.lee123@email.com,Columbus,CO,2021-03-03,Regular
3228,Patricia,Thomas,patricia.smith904@email.com,Seattle,NY,2021-08-18,Regular
3229,Susan,Taylor,susan.miller402@email.com,Philadelphia,CA,2023-05-02,Premium
3230,Daniel,Brown,mary.lee812@email.com,Miami,AZ,2023-03-23,Regular
3231,Robert,Jones,mary.jones908@email.com,San Jose,CO,2022-03-29,Regular
3232,Michael,Brown,jane.williams319@email.com,San Jose,MA,2021-09-11,Regular
3233,Sarah,Lopez,susan.williams828@email.com,Indianapolis,FL,2023-05-15,Regular
3234,David,Williams,sarah.moore655@email.com,Austin,GA,2023-05-24,Premium
3235,Sarah,Miller,mark.martinez112@email.com,New York,NY,2023-03-01,Regular
3236,Mark,Martinez,elizabeth.martinez232@email.com,,PA,2023-08-24,Regular
3237,Christopher,Garcia,lisa.wilson543@email.com,New York,CA,2022-09-18,Regular
3238,Mary,Garcia,linda.hernandez859@email.com,,WA,2021-01-19,Basic
3239,Patricia,Moore,john.martin143@email.com,Phoenix,NY,2022-05-25,Regular
3240,James,Rodriguez,patricia.miller175@email.com,Indianapolis,NC,2022-02-27,Regular
3241,David,Martin,emily.miller622@email.com,Indianapolis,GA,2021-01-03,Regular
3242,Lisa,Martin,susan.moore152@email.com,Atlanta,PA,2022-06-05,Regular
3243,William,Miller,michael.davis463@email.com,Denver,AZ,2023-02-05,Regular
3244,Michael,Martin,william.hernandez346@email.com,Austin,TX,2022-07-25,Regular
3245,Lisa,Smith,patricia.williams95@email.com,Denver,OR,2022-06-02,Basic
3246,Elizabeth,Moore,william.johnson713@email.com,Philadelphia,IL,2021-05-12,Premium
3247,Susan,Martin,jennifer.jones533@email.com,Miami,OH,2021-02-08,Regular
3248,Susan,Garcia,elizabeth.anderson964@email.com,Miami,NV,2023-03-09,Regular
3249,Susan,Anderson,jane.lopez646@email.com,Charlotte,CA,2021-07-23,Basic
3250,Jennifer,Williams,john.hernandez244@email.com,Miami,FL,2023-06-12,Regular
3251,John,Davis,linda.wilson439@email.com,Dallas,CO,2023-03-12,Regular
3252,Jennifer,Taylor,patricia.johnson532@email.com,Chicago,TX,2022-06-25,Premium
3253,Robert,Brown,sarah.brown765@email.com,Chicago,MA,2023-08-09,Regular
3254,Matthew,Hernandez,david.anderson800@email.com,Columbus,NY,2021-01-09,Premium
3255,Susan,Smith,john.johnson967@email.com,Seattle,NV,2021-03-04,Regular
3256,Matthew,Martinez,robert.johnson533@email.com,New York,CO,2022-08-12,Premium
3257,Robert,Brown,robert.lopez400@email.com,Columbus,MA,2022-08-18,Regular
3258,Christopher,Wilson,christopher.lee91@email.com,Denver,MA,2022-11-10,Regular
3259,Jennifer,Lopez,john.wilson158@email.com,Atlanta,TX,2021-02-26,Regular
3260,Jane,Martin,daniel.williams329@email.com,Houston,TX,2021-07-24,Basic
3261,Lisa,Brown,robert.brown976@email.com,Las Vegas,PA,2022-11-06,Regular
3262,Linda,Hernandez,emily.miller261@email.com,Boston,NV,2021-07-14,Regular
3263,Christopher,Jones,james.lopez54@email.com,Fort Worth,FL,2023-10-01,Regular
3264,Sarah,Smith,patricia.moore564@email.com,Houston,OR,2023-04-14,Premium
3265,Lisa,Williams,emily.anderson586@email.com,Philadelphia,CO,2022-09-06,Basic
3266,Linda,Thomas,sarah.taylor642@email.com,San Francisco,NV,2021-10-20,Premium
3267,Susan,Taylor,linda.anderson782@email.com,Fort Worth,TX,2023-04-26,Regular
3268,Michael,Thomas,elizabeth.jones637@email.com,Fort Worth,FL,2021-12-15,Regular
3269,Matthew,Rodriguez,robert.moore852@email.com,Phoenix,WA,2023-11-23,Regular
3270,John,Lee,william.martinez768@email.com,New York,MA,2021-01-08,Regular
3271,Mary,Smith,jane.brown248@email.com,Seattle,GA,2021-09-23,Regular
3272,James,Hernandez,jennifer.jackson6@email.com,Los Angeles,OR,2022-08-29,Premium
3273,David,Johnson,matthew.thomas799@email.com,Indianapolis,NV,2021-07-16,Basic
3274,Christopher,Lee,robert.hernandez306@email.com,Phoenix,TX,2021-09-01,Regular
3275,Mark,Thomas,lisa.taylor884@email.com,New York,GA,2023-01-05,Basic
3276,Patricia,Hernandez,elizabeth.moore140@email.com,San Diego,NY,2021-01-13,Basic
3277,Mary,Martin,patricia.johnson218@email.com,Boston,CA,2022-10-13,Basic
3278,Elizabeth,Jones,lisa.lopez630@email.com,Houston,NV,2021-02-07,Regular
3279,Emily,Miller,sarah.johnson105@email.com,Charlotte,NY,2023-04-16,Regular
3280,Linda,Johnson,mary.thomas708@email.com,Los Angeles,NY,2023-05-02,Basic
3281,Michael,Martinez,john.lee842@email.com,Miami,MA,2021-07-22,Regular
3282,John,Hernandez,jane.moore378@email.com,Philadelphia,NY,2022-02-04,Premium
3283,Mark,Johnson,mark.martin725@email.com,Columbus,WA,2021-09-08,Basic
3284,Michael,Williams,michael.martinez293@email.com,San Antonio,NY,2022-11-07,Basic
3285,John,Jackson,mark.garcia958@email.com,Atlanta,NC,2021-11-29,Regular
3286,William,Lee,john.thomas262@email.com,Dallas,OR,2022-11-10,Premium
3287,Robert,Wilson,mark.garcia413@email.com,Dallas,WA,2023-02-02,Regular
3288,Jane,Williams,susan.martin639@email.com,Dallas,WA,2021-11-24,Basic
3289,Jane,Wilson,patricia.lee587@email.com,San Antonio,TX,2022-05-16,Basic
3290,Christopher,Rodriguez,christopher.martinez851@email.com,Austin,CA,2021-11-30,Regular
3291,Matthew,Garcia,elizabeth.lee778@email.com,Boston,NC,2021-09-30,Premium
3292,Jennifer,Davis,susan.thomas92@email.com,Fort Worth,OH,2021-04-09,Basic
3293,Matthew,Wilson,matthew.martinez149@email.com,Miami,NC,2022-10-27,Regular
3294,Patricia,Williams,elizabeth.lopez594@email.com,Miami,CA,2023-10-28,Regular
3295,Patricia,Smith,christopher.martin255@email.com,Philadelphia,MA,2022-01-31,Basic
3296,Christopher,Miller,david.hernandez579@email.com,Miami,NY,2023-07-23,Premium
3297,Michael,Garcia,sarah.martinez22@email.com,Dallas,GA,2023-07-01,Regular
3298,Elizabeth,Wilson,matthew.martinez584@email.com,,AZ,2022-09-15,Premium
3299,Elizabeth,Wilson,susan.miller977@email.com,Indianapolis,OR,2022-04-27,Regular
3300,Susan,Martinez,emily.miller111@email.com,Atlanta,OR,2022-12-18,Basic
3301,David,Jones,emily.davis302@email.com,San Francisco,NC,2022-07-10,Regular
3302,William,Brown,david.anderson414@email.com,New York,NY,2021-04-28,Basic
3303,Michael,Martinez,mark.jackson984@email.com,Chicago,IL,2022-09-19,Regular
3304,Jennifer,Taylor,jane.anderson638@email.com,Philadelphia,NC,2023-10-15,Regular
3305,Michael,Anderson,john.jackson485@email.com,New York,CO,2023-04-09,Regular
3306,Matthew,Martinez,david.wilson656@email.com,Las Vegas,TX,2021-12-24,Regular
3307,Robert,Lee,sarah.thomas783@email.com,Las Vegas,PA,2022-11-28,Regular
3308,David,Jones,patricia.smith658@email.com,San Jose,MA,2022-02-11,Premium
3309,Elizabeth,Lopez,daniel.garcia768@email.com,Atlanta,AZ,2023-01-16,Regular
3310,James,Brown,robert.martinez576@email.com,Atlanta,CA,2021-04-06,Regular
3311,Christopher,Lopez,lisa.moore622@email.com,Phoenix,PA,2021-08-07,Basic
3312,Mark,Moore,lisa.hernandez687@email.com,San Jose,NC,2021-06-28,Regular
3313,Michael,Miller,susan.lopez666@email.com,Philadelphia,NV,2021-08-26,Basic
3314,Jennifer,Taylor,lisa.moore142@email.com,Atlanta,WA,2022-11-07,Premium
3315,Patricia,Thomas,elizabeth.smith857@email.com,Jacksonville,GA,2021-11-22,Regular
3316,Lisa,Wilson,jennifer.smith919@email.com,San Antonio,IL,2022-10-27,Regular
3317,Jane,Taylor,mary.anderson909@email.com,Columbus,WA,2022-10-17,Regular
3318,Lisa,Rodriguez,sarah.jones924@email.com,Boston,CO,2023-11-04,Premium
3319,Michael,Martin,mark.lee445@email.com,New York,NY,2023-06-11,Basic
3320,Patricia,Lee,james.smith563@email.com,Denver,WA,2022-01-07,Basic
3321,Sarah,Anderson,david.wilson605@email.com,Chicago,MA,2023-08-07,Regular
3322,Daniel,Williams,mary.jackson693@email.com,Phoenix,TX,2023-07-02,Premium
3323,Susan,Anderson,david.anderson677@email.com,San Diego,NY,2021-12-29,Basic
3324,Susan,Lopez,william.williams803@email.com,Charlotte,NV,2023-04-04,Regular
3325,Jane,Lee,elizabeth.wilson587@email.com,,AZ,2021-03-24,Basic
3326,Jennifer,Garcia,christopher.lopez417@email.com,San Diego,MA,2022-03-29,Basic
3327,Emily,Anderson,michael.miller16@email.com,New York,TX,2021-06-18,Basic
3328,Sarah,Anderson,elizabeth.taylor829@email.com,Philadelphia,CO,2023-07-01,Regular
3329,John,Williams,patricia.brown689@email.com,Seattle,OH,2022-07-20,Premium
3330,David,Johnson,david.miller827@email.com,Dallas,FL,2023-12-25,Regular
3331,John,Moore,matthew.hernandez586@email.com,Denver,FL,2021-02-08,Regular
3332,Emily,Hernandez,james.brown258@email.com,Charlotte,CA,2022-05-03,Basic
3333,Linda,Thomas,robert.rodriguez409@email.com,Fort Worth,TX,2021-02-10,Premium
3334,Mary,Davis,elizabeth.jones247@email.com,Portland,GA,2022-06-06,Premium
3335,Matthew,Jones,mark.martinez871@email.com,Los Angeles,FL,2023-01-05,Basic
3336,Matthew,Taylor,matthew.rodriguez642@email.com,San Diego,FL,2023-12-29,Basic
3337,William,Moore,jane.smith853@email.com,Boston,IL,2023-11-06,Basic
3338,Emily,Moore,emily.taylor771@email.com,Fort Worth,NC,2021-01-15,Basic
3339,Mary,Williams,lisa.smith7@email.com,Miami,NV,2023-08-23,Regular
3340,David,Martinez,matthew.anderson615@email.com,Charlotte,CO,2021-08-30,Regular
3341,William,Thomas,christopher.wilson65@email.com,New York,NY,2023-06-04,Basic
3342,Sarah,Anderson,jane.brown854@email.com,Phoenix,NC,2021-05-19,Regular
3343,John,Williams,christopher.moore207@email.com,San Jose,GA,2022-09-26,Regular
3344,James,Taylor,michael.williams685@email.com,San Diego,GA,2021-09-26,Premium
3345,Patricia,Martinez,robert.lee343@email.com,Fort Worth,CA,2021-12-31,Regular
3346,William,Jones,john.johnson969@email.com,Austin,IL,2022-03-27,Basic
3347,Matthew,Jones,michael.wilson541@email.com,Phoenix,IL,2023-01-24,Regular
3348,Michael,Martinez,jane.lee664@email.com,Portland,CO,2022-11-04,Regular
3349,William,Davis,william.williams301@email.com,San Jose,CO,2022-08-28,Regular
3350,Mark,Moore,susan.williams879@email.com,Los Angeles,FL,2023-01-17,Regular
3351,Michael,Anderson,james.johnson465@email.com,Jacksonville,NC,2022-01-06,Regular
3352,Linda,Martinez,patricia.garcia884@email.com,,CA,2021-04-03,Regular
3353,Daniel,Martin,matthew.miller893@email.com,San Diego,PA,2022-10-30,Basic
3354,Matthew,Johnson,mark.thomas658@email.com,,OR,2022-12-24,Regular
3355,Mary,Jackson,patricia.jones52@email.com,Columbus,OR,2023-04-14,Premium
3356,Jane,Williams,mary.davis653@email.com,Dallas,GA,2023-06-27,Premium
3357,Linda,Johnson,william.rodriguez18@email.com,Indianapolis,WA,2022-10-20,Regular
3358,Mark,Moore,linda.thomas454@email.com,,AZ,2023-07-01,Regular
3359,Emily,Brown,susan.martinez401@email.com,Portland,GA,2023-10-13,Basic
3360,Mary,Moore,emily.johnson732@email.com,Seattle,OH,2021-06-30,Regular
3361,Emily,Anderson,daniel.jones744@email.com,Charlotte,NV,2021-08-08,Basic
3362,William,Anderson,christopher.anderson688@email.com,Jacksonville,MA,2022-01-21,Regular
3363,Sarah,Brown,david.lee141@email.com,Dallas,AZ,2023-07-09,Regular
3364,Mark,Thomas,mary.smith569@email.com,Atlanta,GA,2022-04-03,Regular
3365,Sarah,Martin,michael.taylor743@email.com,New York,OH,2021-02-07,Basic
3366,Lisa,Rodriguez,linda.wilson946@email.com,San Diego,OR,2022-09-18,Regular
3367,Matthew,Lopez,jane.garcia579@email.com,Fort Worth,NY,2022-11-10,Regular
3368,John,Rodriguez,susan.williams788@email.com,Portland,OR,2023-08-16,Regular
3369,Jane,Martin,william.smith407@email.com,Dallas,PA,2023-04-24,Premium
3370,John,Williams,matthew.jackson270@email.com,Indianapolis,NV,2021-10-20,Regular
3371,Lisa,Moore,michael.miller204@email.com,Seattle,MA,2023-06-25,Regular
3372,Jane,Smith,robert.thomas238@email.com,Phoenix,TX,2022-05-28,Regular
3373,Linda,Brown,michael.jones978@email.com,Houston,CA,2022-10-28,Regular
3374,Mary,Thomas,james.lopez733@email.com,Jacksonville,OR,2021-08-02,Regular
3375,Christopher,Garcia,emily.miller354@email.com,,OR,2021-06-29,Basic
3376,David,Garcia,christopher.brown479@email.com,Denver,CA,2023-03-08,Basic
3377,Emily,Wilson,elizabeth.williams476@email.com,Charlotte,NY,2021-01-02,Basic
3378,Jane,Johnson,john.miller870@email.com,San Francisco,PA,2023-01-01,Premium
3379,Elizabeth,Williams,emily.brown81@email.com,San Diego,CO,2023-12-23,Premium
3380,Patricia,Anderson,susan.garcia1@email.com,Indianapolis,NC,2023-08-10,Regular
3381,Lisa,Martinez,christopher.brown225@email.com,Jacksonville,TX,2021-03-21,Regular
3382,James,Hernandez,patricia.davis845@email.com,Dallas,CO,2021-08-12,Regular
3383,Lisa,Martin,matthew.hernandez136@email.com,Portland,GA,2022-12-15,Premium
3384,Patricia,Thomas,daniel.taylor560@email.com,Fort Worth,MA,2021-12-10,Regular
3385,James,Thomas,mark.lopez386@email.com,Columbus,TX,2022-01-07,Premium
3386,William,Lee,sarah.miller224@email.com,Phoenix,NY,2021-08-27,Basic
3387,Michael,Rodriguez,daniel.williams913@email.com,San Antonio,OR,2022-02-25,Regular
3388,Mark,Hernandez,elizabeth.martinez315@email.com,Phoenix,WA,2022-02-17,Regular
3389,Mary,Garcia,william.martin51@email.com,San Diego,FL,2023-02-16,Premium
3390,Sarah,Miller,emily.martin331@email.com,Columbus,OH,2023-12-05,Regular
3391,Matthew,Garcia,jane.jones885@email.com,Los Angeles,NV,2023-02-09,Regular
3392,Jane,Williams,christopher.martinez523@email.com,Fort Worth,TX,2021-05-05,Basic
3393,Emily,Lee,jane.brown442@email.com,Fort Worth,WA,2021-01-16,Basic
3394,Lisa,Rodriguez,william.martinez55@email.com,Charlotte,OH,2023-11-19,Regular
3395,Matthew,Brown,lisa.thomas210@email.com,Boston,WA,2022-02-05,Basic
3396,Jane,Anderson,william.brown408@email.com,Boston,NC,2022-07-12,Basic
3397,Christopher,Jackson,linda.jackson111@email.com,Indianapolis,AZ,2023-07-29,Basic
3398,Michael,Smith,david.thomas759@email.com,Columbus,IL,2023-06-06,Basic
3399,Daniel,Smith,linda.moore175@email.com,San Jose,CA,2021-05-25,Regular
3400,Jennifer,Wilson,emily.williams15@email.com,Denver,NC,2021-09-24,Regular
3401,Jennifer,Brown,emily.williams900@email.com,Chicago,WA,2023-11-06,Premium
3402,James,Smith,linda.martin550@email.com,Phoenix,CA,2023-11-24,Premium
3403,Michael,Garcia,emily.brown644@email.com,Jacksonville,MA,2022-04-11,Basic
3404,Elizabeth,Taylor,robert.rodriguez532@email.com,Denver,AZ,2021-01-15,Regular
3405,Daniel,Thomas,patricia.garcia587@email.com,San Jose,IL,2023-10-13,Basic
3406,John,Wilson,elizabeth.hernandez753@email.com,Denver,CO,2022-07-30,Basic
3407,Mary,Lee,linda.lee449@email.com,San Francisco,FL,2023-03-11,Basic
3408,Robert,Taylor,lisa.anderson888@email.com,Atlanta,WA,2021-08-05,Basic
3409,Jennifer,Martinez,lisa.jackson249@email.com,Philadelphia,TX,2021-08-28,Regular
3410,Mark,Lee,sarah.moore182@email.com,Phoenix,OH,2022-05-20,Premium
3411,Jennifer,Lee,elizabeth.hernandez419@email.com,Las Vegas,FL,2023-09-09,Regular
3412,Susan,Lopez,john.hernandez235@email.com,Los Angeles,MA,2021-09-17,Premium
3413,Lisa,Wilson,mark.thomas983@email.com,Dallas,OR,2023-08-14,Premium
3414,Daniel,Martinez,john.taylor805@email.com,Philadelphia,PA,2021-08-04,Regular
3415,Mary,Williams,mark.jackson737@email.com,Boston,CO,2022-11-04,Basic
3416,Mark,Jones,patricia.wilson698@email.com,,NY,2023-03-18,Regular
3417,Linda,Jones,sarah.thomas490@email.com,Fort Worth,GA,2021-04-10,Regular
3418,Robert,Smith,jane.wilson882@email.com,Philadelphia,MA,2022-03-28,Regular
3419,Elizabeth,Miller,linda.davis922@email.com,Philadelphia,CA,2022-03-09,Regular
3420,Lisa,Brown,christopher.moore799@email.com,Columbus,FL,2023-12-03,Premium
3421,David,Smith,david.smith374@email.com,Denver,GA,2023-09-22,Basic
3422,John,Miller,john.wilson554@email.com,Boston,OH,2023-11-30,Regular
3423,Patricia,Smith,david.williams675@email.com,Phoenix,FL,2022-12-24,Basic
3424,John,Miller,emily.garcia230@email.com,New York,OH,2021-10-26,Premium
3425,Lisa,Taylor,mary.hernandez691@email.com,Fort Worth,MA,2023-11-18,Basic
3426,Elizabeth,Jones,emily.williams403@email.com,Columbus,OR,2023-01-19,Regular
3427,Mary,Davis,mary.smith796@email.com,Fort Worth,CA,2023-11-15,Regular
3428,John,Anderson,james.jackson459@email.com,Chicago,NC,2023-03-24,Regular
3429,James,Jackson,sarah.rodriguez415@email.com,Charlotte,OH,2023-11-16,Basic
3430,John,Miller,mark.jones751@email.com,Denver,OH,2021-08-03,Regular
3431,Christopher,Williams,michael.moore667@email.com,Denver,FL,2022-06-13,Regular
3432,Jennifer,Martinez,emily.williams585@email.com,Columbus,OR,2022-04-26,Basic
3433,Sarah,Thomas,david.hernandez582@email.com,Philadelphia,NV,2023-08-16,Basic
3434,Robert,Jones,christopher.thomas774@email.com,San Antonio,IL,2023-03-22,Regular
3435,Matthew,Taylor,susan.johnson571@email.com,Jacksonville,CO,2022-05-13,Basic
3436,Lisa,Anderson,mark.jackson792@email.com,Fort Worth,NC,2021-04-15,Regular
3437,Patricia,Smith,william.davis441@email.com,Boston,NC,2021-01-18,Regular
3438,Linda,Brown,susan.lee555@email.com,Denver,GA,2021-01-09,Regular
3439,Jane,Garcia,jennifer.jackson889@email.com,Boston,TX,2023-08-22,Basic
3440,David,Jones,john.garcia130@email.com,Atlanta,FL,2022-05-01,Basic
3441,William,Thomas,jane.hernandez818@email.com,Phoenix,NV,2023-10-14,Regular
3442,Michael,Taylor,jane.lee709@email.com,Denver,TX,2022-08-06,Regular
3443,Jane,Taylor,lisa.jackson444@email.com,Las Vegas,FL,2022-09-01,Regular
3444,Lisa,Smith,susan.rodriguez520@email.com,Boston,NC,2022-07-21,Basic
3445,Matthew,Thomas,jennifer.jones306@email.com,Las Vegas,NC,2022-10-03,Basic
3446,Patricia,Martin,susan.hernandez867@email.com,Seattle,NV,2023-08-06,Regular
3447,Mary,Davis,susan.moore567@email.com,San Diego,CO,2022-06-02,Basic
3448,Daniel,Miller,michael.williams291@email.com,San Antonio,CO,2022-09-27,Basic
3449,Michael,Martinez,mary.thomas642@email.com,Austin,PA,2022-07-22,Regular
3450,Mark,Martin,elizabeth.moore469@email.com,Seattle,NY,2021-08-14,Premium
3451,Sarah,Wilson,jane.thomas94@email.com,Las Vegas,CA,2021-03-30,Regular
3452,Matthew,Johnson,mary.garcia241@email.com,San Francisco,MA,2023-07-15,Regular
3453,David,Hernandez,elizabeth.wilson459@email.com,Fort Worth,CO,2023-04-06,Regular
3454,Christopher,Smith,christopher.taylor201@email.com,Seattle,FL,2021-12-15,Regular
3455,Michael,Brown,elizabeth.garcia27@email.com,Indianapolis,NV,2023-05-23,Basic
3456,Mark,Anderson,susan.thomas282@email.com,Charlotte,GA,2021-10-05,Premium
3457,Mark,Anderson,christopher.williams987@email.com,Portland,GA,2023-03-01,Regular
3458,Jane,Taylor,susan.williams737@email.com,San Francisco,CO,2022-12-05,Regular
3459,Patricia,Martin,daniel.taylor626@email.com,Charlotte,IL,2022-08-07,Regular
3460,David,Lee,elizabeth.taylor394@email.com,Boston,OH,2022-04-21,Regular
3461,Lisa,Jackson,elizabeth.jones878@email.com,Philadelphia,NV,2022-09-02,Regular
3462,Jennifer,Martinez,susan.martin938@email.com,Jacksonville,FL,2023-07-15,Premium
3463,William,Johnson,patricia.moore510@email.com,Columbus,IL,2022-12-28,Regular
3464,James,Taylor,david.jones328@email.com,New York,WA,2021-08-12,Regular
3465,Christopher,Wilson,matthew.martin201@email.com,San Jose,IL,2023-03-12,Premium
3466,James,Taylor,linda.johnson810@email.com,Houston,IL,2021-03-05,Basic
3467,James,Moore,elizabeth.hernandez698@email.com,San Diego,FL,2022-06-15,Regular
3468,Daniel,Martin,matthew.smith409@email.com,Dallas,FL,2022-05-26,Regular
3469,William,Lee,emily.davis378@email.com,Indianapolis,FL,2022-11-30,Basic
3470,Lisa,Taylor,jane.rodriguez905@email.com,Philadelphia,OH,2023-11-22,Premium
3471,Michael,Davis,john.lopez774@email.com,Los Angeles,NC,2022-03-05,Premium
3472,Robert,Johnson,christopher.wilson746@email.com,Indianapolis,OR,2023-11-23,Basic
3473,David,Moore,susan.hernandez703@email.com,Dallas,MA,2022-11-06,Regular
3474,Mark,Smith,daniel.martin40@email.com,Boston,NC,2021-04-21,Regular
3475,Sarah,Anderson,john.brown172@email.com,San Diego,NY,2023-08-05,Basic
3476,David,Martin,william.jackson181@email.com,Houston,WA,2023-05-29,Basic
3477,Sarah,Hernandez,james.lopez275@email.com,Austin,MA,2023-01-16,Basic
3478,Emily,Jackson,william.garcia957@email.com,San Antonio,MA,2023-11-03,Regular
3479,Daniel,Williams,matthew.wilson472@email.com,Boston,TX,2022-10-06,Regular
3480,Daniel,Rodriguez,mark.wilson201@email.com,Indianapolis,OH,2023-07-12,Regular
3481,James,Anderson,david.lopez847@email.com,Las Vegas,CO,2023-11-06,Premium
3482,Patricia,Taylor,susan.martinez191@email.com,San Antonio,FL,2022-04-02,Regular
3483,Sarah,Brown,lisa.jones700@email.com,Boston,CA,2023-10-15,Regular
3484,Elizabeth,Taylor,elizabeth.martin868@email.com,Chicago,FL,2022-11-07,Basic
3485,Mary,Lee,william.wilson851@email.com,Phoenix,OR,2023-05-04,Regular
3486,Robert,Lopez,lisa.miller560@email.com,Phoenix,PA,2021-05-28,Regular
3487,Daniel,Thomas,mark.brown349@email.com,Fort Worth,IL,2023-02-14,Regular
3488,Jennifer,Anderson,christopher.garcia267@email.com,New York,IL,2023-09-04,Premium
3489,Daniel,Smith,michael.hernandez192@email.com,New York,NC,2023-12-14,Premium
3490,William,Garcia,elizabeth.hernandez740@email.com,New York,NV,2022-09-26,Regular
3491,Sarah,Martinez,linda.garcia936@email.com,Chicago,CO,2022-03-23,Premium
3492,Michael,Miller,james.wilson172@email.com,San Jose,WA,2022-09-20,Regular
3493,Emily,Taylor,mark.garcia414@email.com,San Jose,CO,2021-03-21,Basic
3494,Jennifer,Lopez,mark.davis890@email.com,Los Angeles,NV,2023-09-29,Basic
3495,Susan,Thomas,lisa.hernandez543@email.com,Miami,MA,2022-03-08,Regular
3496,Jane,Davis,susan.lopez105@email.com,Atlanta,NC,2021-04-27,Regular
3497,Robert,Moore,lisa.moore109@email.com,Portland,WA,2023-06-26,Basic
3498,James,Davis,elizabeth.wilson379@email.com,Charlotte,NY,2021-07-20,Basic
3499,David,Martin,mary.smith975@email.com,,OH,2023-08-13,Premium
3500,Michael,Hernandez,linda.moore270@email.com,Phoenix,AZ,2023-08-12,Basic
3501,Lisa,Lee,christopher.jackson333@email.com,Boston,WA,2023-03-06,Regular
3502,Mary,Thomas,john.lee329@email.com,Las Vegas,WA,2021-07-12,Basic
3503,Christopher,Jones,linda.martinez845@email.com,Las Vegas,TX,2022-01-31,Basic
3504,Matthew,Martinez,william.davis8@email.com,Chicago,GA,2022-10-10,Premium
3505,Jane,Wilson,robert.martinez644@email.com,San Jose,PA,2021-02-22,Basic
3506,Jennifer,Anderson,susan.brown899@email.com,Las Vegas,WA,2021-01-06,Regular
3507,William,Lopez,matthew.martin77@email.com,Miami,NC,2023-10-05,Basic
3508,Emily,Taylor,sarah.taylor614@email.com,Atlanta,CA,2023-11-07,Regular
3509,John,Garcia,linda.garcia49@email.com,San Diego,IL,2023-12-31,Basic
3510,Christopher,Lee,robert.moore854@email.com,Los Angeles,PA,2022-03-23,Premium
3511,Daniel,Miller,james.martin242@email.com,San Jose,PA,2023-03-06,Regular
3512,Elizabeth,Martinez,william.johnson89@email.com,Las Vegas,WA,2021-11-17,Premium
3513,Elizabeth,Williams,mary.miller404@email.com,Denver,OH,2021-11-01,Basic
3514,Lisa,Taylor,jennifer.williams334@email.com,Chicago,OH,2022-01-26,Basic
3515,Sarah,Jones,jennifer.thomas111@email.com,San Antonio,OH,2022-02-09,Basic
3516,Daniel,Garcia,james.hernandez208@email.com,San Jose,IL,2023-10-24,Basic
3517,Sarah,Miller,sarah.miller747@email.com,Houston,FL,2022-10-21,Premium
3518,David,Garcia,emily.lopez635@email.com,New York,PA,2022-08-02,Regular
3519,Sarah,Lee,robert.anderson488@email.com,San Antonio,WA,2021-01-28,Premium
3520,John,Taylor,matthew.brown244@email.com,Indianapolis,OR,2022-04-29,Regular
3521,Jane,Brown,patricia.thomas872@email.com,Denver,OH,2022-01-23,Regular
3522,Lisa,Anderson,james.johnson17@email.com,San Francisco,FL,2023-04-18,Regular
3523,David,Taylor,susan.rodriguez976@email.com,Austin,AZ,2022-11-28,Regular
3524,Robert,Martinez,david.brown291@email.com,Phoenix,NY,2021-09-24,Premium
3525,Christopher,Davis,michael.johnson795@email.com,Miami,NC,2022-11-14,Premium
3526,Mary,Miller,mary.garcia468@email.com,,OR,2021-03-30,Premium
3527,Michael,Jackson,christopher.lee542@email.com,San Francisco,TX,2022-01-19,Basic
3528,Mark,Johnson,sarah.martin537@email.com,Phoenix,NV,2022-04-05,Basic
3529,Mark,Smith,linda.jackson62@email.com,Los Angeles,NC,2021-06-28,Basic
3530,William,Lopez,susan.jones776@email.com,Denver,PA,2021-10-11,Regular
3531,Michael,Rodriguez,linda.smith279@email.com,Boston,MA,2023-03-16,Regular
3532,John,Lopez,mary.jones241@email.com,Seattle,NC,2022-10-08,Basic
3533,Michael,Garcia,matthew.moore572@email.com,Columbus,NY,2022-02-05,Regular
3534,Robert,Garcia,mary.wilson167@email.com,Miami,PA,2021-11-21,Regular
3535,Daniel,Moore,david.hernandez571@email.com,Austin,NY,2023-07-29,Regular
3536,David,Johnson,patricia.anderson60@email.com,Atlanta,NV,2022-05-03,Premium
3537,Michael,Williams,james.martin519@email.com,Fort Worth,CA,2022-10-05,Regular
3538,James,Hernandez,patricia.thomas552@email.com,San Jose,NV,2022-11-09,Regular
3539,Sarah,Anderson,daniel.rodriguez306@email.com,Philadelphia,MA,2021-09-01,Regular
3540,Jane,Brown,emily.jones505@email.com,Las Vegas,NV,2022-08-07,Premium
3541,Daniel,Lee,james.moore346@email.com,Atlanta,AZ,2023-07-12,Regular
3542,Jane,Davis,william.jackson648@email.com,Portland,CA,2021-11-16,Basic
3543,Emily,Brown,james.martin433@email.com,Phoenix,GA,2022-06-22,Premium
3544,Mark,Jackson,mary.hernandez807@email.com,San Jose,OH,2021-04-20,Regular
3545,Patricia,Davis,susan.martinez183@email.com,New York,CA,2022-01-21,Basic
3546,Christopher,Taylor,matthew.jones312@email.com,Austin,NV,2021-10-14,Premium
3547,Linda,Rodriguez,susan.brown991@email.com,Boston,GA,2021-09-20,Premium
3548,John,Hernandez,michael.anderson341@email.com,Portland,FL,2022-05-19,Regular
3549,Christopher,Lopez,john.jones955@email.com,Miami,PA,2022-07-03,Regular
3550,Patricia,Johnson,john.johnson44@email.com,Phoenix,OH,2023-09-15,Regular
3551,Emily,Jackson,david.martinez382@email.com,Los Angeles,NC,2023-09-25,Basic
3552,Mary,Rodriguez,lisa.martin663@email.com,Indianapolis,WA,2021-06-03,Premium
3553,Robert,Jones,lisa.williams982@email.com,Philadelphia,TX,2022-08-22,Regular
3554,Emily,Moore,lisa.jones659@email.com,San Diego,WA,2023-05-19,Regular
3555,William,Lee,sarah.hernandez890@email.com,Austin,CA,2022-11-07,Premium
3556,William,Brown,james.williams214@email.com,San Diego,OR,2021-03-10,Regular
3557,Daniel,Johnson,john.hernandez349@email.com,New York,IL,2022-05-13,Regular
3558,David,Thomas,linda.johnson535@email.com,Denver,WA,2023-01-02,Regular
3559,Jane,Thomas,robert.anderson569@email.com,San Francisco,OR,2022-10-05,Premium
3560,Susan,Brown,emily.brown291@email.com,Columbus,PA,2023-01-24,Regular
3561,Susan,Brown,jennifer.martinez872@email.com,,OR,2022-12-07,Regular
3562,Susan,Lee,matthew.moore632@email.com,Boston,FL,2023-07-14,Basic
3563,Lisa,Lee,christopher.wilson601@email.com,Houston,PA,2021-03-27,Premium
3564,Jennifer,Brown,susan.taylor148@email.com,Boston,GA,2021-11-01,Regular
3565,Linda,Jackson,linda.davis434@email.com,Dallas,CA,2021-03-17,Regular
3566,Patricia,Johnson,daniel.thomas737@email.com,,NC,2021-03-25,Basic
3567,Elizabeth,Moore,jennifer.anderson154@email.com,Boston,NC,2023-04-22,Regular
3568,Linda,Brown,john.jones376@email.com,Fort Worth,OH,2021-08-21,Regular
3569,Jane,Garcia,matthew.garcia942@email.com,Phoenix,CA,2023-08-22,Basic
3570,Michael,Brown,mary.martinez215@email.com,Denver,CO,2022-05-31,Basic
3571,William,Miller,michael.moore224@email.com,Seattle,CA,2021-05-31,Regular
3572,Christopher,Lopez,emily.jackson828@email.com,Los Angeles,OR,2022-02-03,Regular
3573,David,Garcia,sarah.jones195@email.com,Miami,AZ,2023-05-07,Basic
3574,Patricia,Martinez,michael.jones205@email.com,Jacksonville,NC,2022-09-26,Basic
3575,Robert,Thomas,susan.jones900@email.com,Fort Worth,FL,2022-06-28,Basic
3576,Matthew,Moore,john.martinez640@email.com,Seattle,NY,2023-01-09,Regular
3577,Lisa,Taylor,michael.johnson387@email.com,Phoenix,NY,2022-07-16,Premium
3578,Elizabeth,Brown,john.williams533@email.com,New York,OR,2023-08-21,Regular
3579,John,Jones,lisa.anderson269@email.com,Chicago,CO,2023-03-14,Basic
3580,Christopher,Lopez,linda.garcia209@email.com,San Francisco,PA,2021-08-16,Regular
3581,Mary,Hernandez,elizabeth.thomas354@email.com,Atlanta,GA,2021-11-24,Regular
3582,Linda,Jones,john.jackson170@email.com,Jacksonville,NY,2021-08-09,Basic
3583,Elizabeth,Brown,linda.wilson532@email.com,San Diego,NY,2022-05-26,Regular
3584,Linda,Miller,michael.thomas182@email.com,,MA,2021-07-10,Basic
3585,Mary,Thomas,emily.lopez492@email.com,New York,WA,2021-10-30,Regular
3586,Mark,Anderson,daniel.hernandez267@email.com,Charlotte,IL,2023-09-06,Regular
3587,Matthew,Smith,mary.jackson643@email.com,Boston,AZ,2021-01-30,Regular
3588,James,Davis,william.taylor139@email.com,Columbus,AZ,2023-05-08,Basic
3589,Christopher,Taylor,christopher.jones884@email.com,Columbus,WA,2022-10-28,Premium
3590,William,Hernandez,mark.johnson334@email.com,Houston,MA,2021-03-02,Premium
3591,Emily,Martinez,david.lee93@email.com,Indianapolis,CO,2023-06-16,Basic
3592,John,Moore,matthew.thomas392@email.com,Columbus,IL,2023-04-10,Premium
3593,James,Garcia,elizabeth.davis748@email.com,Denver,NC,2021-07-31,Regular
3594,Susan,Williams,sarah.wilson55@email.com,Austin,OH,2021-11-12,Regular
3595,Lisa,Rodriguez,elizabeth.garcia736@email.com,San Francisco,NC,2021-12-12,Regular
3596,John,Lopez,daniel.brown661@email.com,Phoenix,OR,2021-11-03,Regular
3597,William,Anderson,linda.garcia65@email.com,Miami,NV,2022-05-01,Regular
3598,Jane,Lopez,daniel.miller204@email.com,Las Vegas,OH,2021-02-24,Regular
3599,Linda,Davis,daniel.miller949@email.com,Miami,PA,2023-01-17,Regular
3600,Matthew,Jones,mark.martin990@email.com,San Jose,CO,2023-03-02,Regular
3601,Mary,Moore,emily.smith334@email.com,New York,OH,2022-08-30,Premium
3602,Mark,Anderson,emily.garcia159@email.com,San Jose,NY,2022-08-04,Regular
3603,Lisa,Davis,mark.martin932@email.com,San Diego,CO,2023-05-09,Premium
3604,Emily,Jones,susan.miller759@email.com,San Jose,TX,2022-12-24,Regular
3605,Sarah,Anderson,patricia.garcia979@email.com,San Francisco,CO,2022-05-24,Regular
3606,Lisa,Anderson,sarah.anderson819@email.com,Dallas,NY,2021-01-09,Premium
3607,Lisa,Anderson,james.martin78@email.com,,GA,2022-06-10,Basic
3608,William,Thomas,jennifer.davis567@email.com,Portland,IL,2023-01-30,Regular
3609,Elizabeth,Moore,elizabeth.jones243@email.com,Philadelphia,WA,2023-01-28,Basic
3610,Jane,Lopez,emily.hernandez669@email.com,Austin,TX,2022-10-26,Basic
3611,Lisa,Smith,mary.davis809@email.com,San Diego,NY,2022-11-28,Regular
3612,Mark,Thomas,mark.jackson209@email.com,Chicago,CA,2022-11-13,Premium
3613,Christopher,Jones,james.jackson963@email.com,Atlanta,CA,2021-04-15,Regular
3614,Mary,Smith,jennifer.rodriguez428@email.com,San Antonio,MA,2021-09-16,Basic
3615,Emily,Moore,sarah.taylor743@email.com,San Francisco,NV,2023-04-16,Regular
3616,Emily,Williams,daniel.taylor225@email.com,Atlanta,IL,2022-03-11,Premium
3617,Lisa,Williams,emily.wilson297@email.com,Boston,PA,2022-11-13,Regular
3618,Mark,Hernandez,lisa.smith585@email.com,,CO,2023-05-28,Basic
3619,James,Hernandez,james.rodriguez887@email.com,Fort Worth,NY,2021-01-14,Basic
3620,Mary,Wilson,william.martin831@email.com,Houston,CA,2023-10-21,Premium
3621,Mark,Garcia,linda.lee733@email.com,New York,CO,2023-10-18,Regular
3622,John,Anderson,sarah.garcia915@email.com,Los Angeles,NC,2023-09-25,Regular
3623,Mary,Johnson,daniel.lee845@email.com,San Francisco,FL,2022-10-01,Regular
3624,Mark,Wilson,mark.thomas3@email.com,San Francisco,OR,2022-03-20,Basic
3625,Mark,Johnson,emily.martin179@email.com,San Francisco,CO,2022-04-21,Regular
3626,David,Jones,daniel.williams166@email.com,San Antonio,NY,2021-10-08,Regular
3627,Mark,Martin,jane.hernandez253@email.com,Miami,OH,2023-09-27,Premium
3628,Robert,Johnson,susan.thomas778@email.com,Philadelphia,AZ,2023-04-20,Basic
3629,Linda,Moore,matthew.taylor737@email.com,Chicago,IL,2022-01-28,Basic
3630,Elizabeth,Martinez,sarah.miller503@email.com,San Francisco,WA,2021-05-07,Regular
3631,Jennifer,Anderson,james.jones594@email.com,Jacksonville,GA,2022-06-23,Basic
3632,Emily,Wilson,elizabeth.moore249@email.com,Los Angeles,NY,2023-04-22,Premium
3633,Linda,Jackson,david.jones29@email.com,San Diego,FL,2021-03-14,Regular
3634,Jane,Martinez,sarah.jones813@email.com,Columbus,CO,2021-03-01,Regular
3635,Michael,Hernandez,mary.wilson747@email.com,Chicago,CO,2023-12-01,Premium
3636,Jane,Lopez,jane.jackson193@email.com,Denver,WA,2021-12-31,Regular
3637,Lisa,Smith,emily.johnson905@email.com,Atlanta,PA,2022-05-16,Basic
3638,Susan,Rodriguez,jane.rodriguez780@email.com,Philadelphia,IL,2023-03-31,Premium
3639,Lisa,Moore,elizabeth.taylor622@email.com,Los Angeles,IL,2023-02-12,Regular
3640,John,Lee,daniel.moore516@email.com,Phoenix,IL,2021-10-19,Regular
3641,Matthew,Jones,matthew.martin449@email.com,Portland,TX,2023-05-19,Regular
3642,Linda,Wilson,mary.miller710@email.com,Austin,OR,2021-02-05,Basic
3643,John,Thomas,mary.moore366@email.com,Boston,TX,2022-01-12,Regular
3644,James,Miller,emily.davis653@email.com,Las Vegas,FL,2022-01-12,Regular
3645,Susan,Jackson,elizabeth.wilson947@email.com,Denver,WA,2021-11-03,Basic
3646,Robert,Lee,jane.johnson207@email.com,Boston,TX,2021-05-08,Premium
3647,David,Lee,john.rodriguez310@email.com,Las Vegas,OR,2023-06-29,Regular
3648,James,Thomas,lisa.wilson661@email.com,Chicago,CA,2023-02-07,Regular
3649,Emily,Lopez,michael.martin876@email.com,Denver,CO,2022-11-22,Regular
3650,James,Wilson,mark.hernandez113@email.com,San Antonio,NC,2021-02-17,Basic
3651,Jane,Miller,daniel.williams356@email.com,Indianapolis,NY,2023-04-01,Basic
3652,John,Martinez,emily.miller893@email.com,San Francisco,FL,2021-08-02,Regular
3653,David,Williams,mark.williams24@email.com,San Antonio,IL,2023-07-27,Basic
3654,Mark,Johnson,david.martin172@email.com,San Antonio,NV,2021-03-18,Premium
3655,David,Jackson,mark.lopez680@email.com,Charlotte,NY,2023-06-04,Premium
3656,Sarah,Hernandez,john.williams311@email.com,Los Angeles,NY,2023-08-05,Regular
3657,Matthew,Wilson,robert.taylor284@email.com,San Antonio,GA,2021-02-18,Regular
3658,Mary,Jones,matthew.miller59@email.com,San Jose,OH,2021-05-18,Regular
3659,Michael,Moore,susan.miller934@email.com,Las Vegas,CO,2022-11-29,Regular
3660,Mary,Jackson,john.martin426@email.com,,TX,2021-08-09,Basic
3661,Christopher,Martinez,linda.williams216@email.com,San Jose,NY,2021-12-20,Regular
3662,Mark,Miller,mark.taylor96@email.com,,IL,2021-03-21,Regular
3663,Sarah,Williams,susan.brown149@email.com,Dallas,GA,2021-04-25,Premium
3664,James,Moore,christopher.johnson649@email.com,Charlotte,AZ,2022-03-01,Premium
3665,Jennifer,Jackson,david.jones119@email.com,San Jose,GA,2022-03-04,Regular
3666,James,Martinez,robert.garcia121@email.com,Seattle,IL,2022-06-02,Regular
3667,David,Moore,daniel.anderson478@email.com,Boston,NV,2022-09-26,Basic
3668,Emily,Hernandez,david.johnson118@email.com,New York,FL,2021-03-09,Premium
3669,Patricia,Garcia,susan.williams119@email.com,Dallas,CO,2023-07-26,Premium
3670,Linda,Smith,sarah.wilson413@email.com,San Francisco,MA,2023-06-13,Regular
3671,James,Smith,sarah.jones936@email.com,Columbus,FL,2023-09-02,Regular
3672,Emily,Jackson,emily.johnson124@email.com,New York,IL,2021-12-02,Premium
3673,Elizabeth,Martin,susan.johnson458@email.com,Charlotte,AZ,2021-08-23,Basic
3674,Susan,Rodriguez,david.hernandez678@email.com,Las Vegas,MA,2023-02-23,Premium
3675,Mary,Davis,matthew.thomas955@email.com,Seattle,GA,2022-01-09,Regular
3676,Lisa,Martinez,lisa.miller948@email.com,Columbus,WA,2021-06-01,Regular
3677,Mark,Anderson,susan.miller38@email.com,Phoenix,OH,2022-02-01,Premium
3678,Emily,Moore,jennifer.martin198@email.com,San Diego,PA,2022-05-02,Regular
3679,Christopher,Brown,patricia.wilson346@email.com,Austin,TX,2022-04-19,Basic
3680,Jennifer,Johnson,robert.jackson14@email.com,Chicago,OH,2021-05-29,Regular
3681,Jennifer,Lopez,emily.thomas667@email.com,New York,GA,2021-11-19,Basic
3682,David,Rodriguez,jennifer.moore107@email.com,Portland,MA,2023-02-13,Premium
3683,Emily,Moore,david.martinez181@email.com,San Francisco,CO,2021-10-28,Basic
3684,John,Lopez,sarah.williams292@email.com,Columbus,AZ,2021-08-19,Regular
3685,Mark,Brown,john.jackson700@email.com,Austin,NY,2021-01-06,Regular
3686,Christopher,Johnson,christopher.moore144@email.com,Chicago,MA,2022-11-22,Regular
3687,Mark,Brown,james.smith591@email.com,Boston,GA,2022-04-05,Basic
3688,Jane,Thomas,james.jones154@email.com,Chicago,PA,2021-02-20,Regular
3689,Emily,Martinez,susan.martinez385@email.com,San Francisco,OH,2023-09-11,Premium
3690,Susan,Martin,david.smith861@email.com,Miami,NV,2021-06-24,Premium
3691,James,Smith,mark.miller718@email.com,Los Angeles,GA,2021-11-23,Basic
3692,Susan,Thomas,mary.lopez739@email.com,Portland,MA,2021-12-21,Regular
3693,Lisa,Hernandez,christopher.williams830@email.com,Seattle,CA,2023-05-06,Basic
3694,Mark,Davis,john.miller733@email.com,Jacksonville,GA,2021-03-28,Regular
3695,Sarah,Martin,mark.lee354@email.com,Chicago,CO,2021-04-24,Regular
3696,Linda,Martin,david.martin509@email.com,San Francisco,GA,2021-09-15,Premium
3697,David,Jackson,john.brown235@email.com,Portland,AZ,2021-10-25,Basic
3698,James,Lee,daniel.brown146@email.com,San Diego,AZ,2023-11-13,Regular
3699,Michael,Davis,william.miller435@email.com,Atlanta,FL,2022-04-23,Basic
3700,Lisa,Lopez,mary.jackson335@email.com,Philadelphia,CO,2023-08-07,Regular
3701,Mary,Martinez,elizabeth.lopez397@email.com,Seattle,WA,2023-06-30,Regular
3702,James,Martinez,jennifer.jones218@email.com,Denver,PA,2022-07-27,Regular
3703,Emily,Martin,john.rodriguez965@email.com,Jacksonville,NV,2022-01-08,Regular
3704,Michael,Jones,michael.jones27@email.com,Chicago,FL,2023-07-19,Basic
3705,James,Wilson,david.taylor953@email.com,Dallas,CO,2021-04-21,Basic
3706,Daniel,Moore,jane.anderson127@email.com,Jacksonville,GA,2022-10-09,Basic
3707,John,Davis,mary.lee166@email.com,Fort Worth,NV,2022-08-09,Basic
3708,William,Brown,linda.davis571@email.com,San Antonio,OH,2022-10-26,Regular
3709,Robert,Hernandez,linda.rodriguez62@email.com,Dallas,AZ,2023-10-03,Regular
3710,Lisa,Moore,emily.lee635@email.com,Los Angeles,NY,2023-07-01,Basic
3711,Michael,Martin,jane.thomas737@email.com,Boston,MA,2021-12-08,Premium
3712,Mary,Miller,michael.anderson437@email.com,Chicago,FL,2021-10-25,Basic
3713,William,Lopez,mark.smith423@email.com,Seattle,NC,2021-05-08,Basic
3714,Sarah,Thomas,lisa.jones130@email.com,Jacksonville,NV,2023-03-31,Regular
3715,John,Brown,jennifer.moore666@email.com,Indianapolis,OH,2022-02-01,Basic
3716,Jane,Jones,sarah.hernandez328@email.com,New York,GA,2021-11-05,Regular
3717,Christopher,Anderson,william.garcia848@email.com,Jacksonville,TX,2021-11-22,Regular
3718,Daniel,Anderson,john.davis719@email.com,Jacksonville,PA,2023-11-28,Premium
3719,Patricia,Williams,jennifer.johnson256@email.com,Seattle,CO,2021-02-22,Regular
3720,Emily,Williams,jane.brown18@email.com,Las Vegas,AZ,2021-06-12,Regular
3721,Patricia,Johnson,susan.lopez930@email.com,Chicago,AZ,2021-12-09,Regular
3722,Linda,Anderson,christopher.taylor578@email.com,Las Vegas,PA,2023-05-14,Basic
3723,Christopher,Jones,daniel.lopez434@email.com,Las Vegas,TX,2021-04-19,Basic
3724,Mary,Taylor,jennifer.lee67@email.com,Houston,AZ,2022-08-20,Premium
3725,Elizabeth,Miller,mary.thomas605@email.com,Austin,PA,2022-06-14,Regular
3726,Christopher,Thomas,mary.lopez292@email.com,Charlotte,MA,2023-05-02,Basic
3727,Sarah,Williams,patricia.garcia969@email.com,Dallas,CA,2023-05-09,Premium
3728,Linda,Lopez,lisa.rodriguez492@email.com,Dallas,AZ,2023-01-19,Premium
3729,Mark,Moore,sarah.jones857@email.com,Portland,FL,2023-10-28,Premium
3730,Lisa,Wilson,william.thomas445@email.com,Boston,CO,2022-10-26,Regular
3731,Emily,Martin,john.brown46@email.com,Fort Worth,FL,2021-10-09,Premium
3732,Daniel,Jackson,elizabeth.johnson788@email.com,Atlanta,NV,2022-07-09,Basic
3733,Michael,Moore,sarah.moore126@email.com,Jacksonville,NC,2023-10-03,Regular
3734,Jane,Wilson,jane.miller28@email.com,San Diego,NC,2023-04-17,Regular
3735,Jennifer,Rodriguez,patricia.jackson236@email.com,Boston,CO,2021-01-27,Regular
3736,John,Martin,sarah.thomas409@email.com,Atlanta,OR,2023-05-04,Regular
3737,James,Taylor,william.williams501@email.com,Houston,FL,2021-02-09,Regular
3738,William,Anderson,emily.anderson529@email.com,Fort Worth,PA,2023-05-24,Basic
3739,Sarah,Thomas,jane.jackson14@email.com,Los Angeles,NV,2022-06-28,Basic
3740,Michael,Taylor,matthew.brown832@email.com,Miami,OR,2023-06-21,Regular
3741,James,Anderson,mary.thomas110@email.com,San Francisco,NC,2021-11-15,Basic
3742,Emily,Garcia,david.martin32@email.com,San Francisco,TX,2022-06-11,Basic
3743,Christopher,Jones,sarah.hernandez722@email.com,New York,CO,2022-12-03,Basic
3744,Emily,Moore,jane.thomas87@email.com,Los Angeles,MA,2021-12-29,Premium
3745,Michael,Jones,robert.moore44@email.com,San Jose,OR,2023-01-11,Premium
3746,Elizabeth,Taylor,patricia.thomas105@email.com,New York,AZ,2023-08-03,Regular
3747,Michael,Thomas,lisa.johnson474@email.com,Denver,NC,2022-03-22,Regular
3748,James,Jones,lisa.hernandez82@email.com,San Diego,TX,2023-07-17,Regular
3749,Susan,Moore,jane.martinez370@email.com,New York,GA,2023-08-12,Regular
3750,Susan,Moore,matthew.rodriguez504@email.com,Portland,AZ,2022-05-29,Basic
3751,Linda,Brown,jennifer.miller821@email.com,San Jose,NC,2023-08-20,Basic
3752,John,Miller,christopher.garcia117@email.com,Austin,MA,2023-10-11,Basic
3753,Patricia,Thomas,robert.smith18@email.com,San Jose,OR,2022-06-19,Regular
3754,Emily,Taylor,mark.anderson187@email.com,Houston,TX,2021-01-29,Regular
3755,Susan,Johnson,mary.jackson881@email.com,Seattle,CO,2023-06-24,Regular
3756,Patricia,Garcia,matthew.lopez458@email.com,Dallas,NV,2021-01-08,Premium
3757,Emily,Jackson,patricia.anderson611@email.com,New York,PA,2022-07-13,Premium
3758,Jane,Lopez,william.taylor31@email.com,San Diego,CO,2023-05-04,Regular
3759,Sarah,Brown,robert.brown575@email.com,Boston,NC,2022-10-14,Regular
3760,James,Lee,john.hernandez204@email.com,Portland,FL,2023-09-08,Basic
3761,Robert,Anderson,robert.lee413@email.com,Seattle,CO,2023-08-17,Premium
3762,Robert,Brown,emily.thomas945@email.com,Phoenix,IL,2023-07-28,Basic
3763,Patricia,Brown,william.anderson911@email.com,Philadelphia,OR,2021-04-19,Regular
3764,Elizabeth,Lopez,christopher.anderson843@email.com,,FL,2023-06-08,Regular
3765,Elizabeth,Martin,david.williams362@email.com,Seattle,OR,2021-06-26,Regular
3766,William,Martinez,mark.williams538@email.com,New York,OH,2021-10-19,Regular
3767,Jennifer,Johnson,lisa.jones717@email.com,Atlanta,TX,2023-11-19,Regular
3768,Jennifer,Moore,linda.smith33@email.com,San Antonio,FL,2023-10-22,Regular
3769,Lisa,Jones,jane.rodriguez413@email.com,Denver,FL,2023-07-19,Premium
3770,Sarah,Brown,patricia.anderson103@email.com,Fort Worth,OR,2021-11-10,Premium
3771,Jane,Lopez,jennifer.hernandez642@email.com,Fort Worth,AZ,2022-09-20,Regular
3772,Christopher,Martinez,mark.smith774@email.com,Philadelphia,NC,2021-11-14,Basic
3773,Mark,Lopez,michael.brown52@email.com,Las Vegas,PA,2023-03-28,Regular
3774,Elizabeth,Martinez,daniel.martin498@email.com,Las Vegas,TX,2023-12-06,Basic
3775,Linda,Martinez,daniel.brown936@email.com,Los Angeles,IL,2021-05-06,Regular
3776,David,Taylor,william.johnson21@email.com,San Diego,NY,2021-10-07,Basic
3777,Jane,Smith,william.martin242@email.com,Indianapolis,OR,2023-11-16,Basic
3778,Mary,Jones,elizabeth.jackson70@email.com,Jacksonville,CO,2021-10-28,Regular
3779,John,Jones,mark.rodriguez588@email.com,Seattle,GA,2023-04-02,Regular
3780,Patricia,Martin,john.hernandez256@email.com,Seattle,OH,2021-05-26,Basic
3781,Michael,Anderson,michael.hernandez804@email.com,Fort Worth,OH,2023-02-13,Regular
3782,Jennifer,Johnson,emily.johnson262@email.com,Atlanta,PA,2022-06-11,Regular
3783,Susan,Martinez,susan.lee514@email.com,Dallas,NC,2021-09-02,Premium
3784,Linda,Martinez,jane.martin305@email.com,Miami,OH,2023-06-16,Basic
3785,Robert,Miller,susan.taylor952@email.com,Portland,NY,2021-02-24,Basic
3786,Sarah,Garcia,christopher.lee542@email.com,Las Vegas,NV,2021-01-03,Premium
3787,John,Taylor,linda.davis664@email.com,New York,NC,2022-12-01,Regular
3788,Robert,Smith,michael.miller475@email.com,Atlanta,NV,2022-02-06,Regular
3789,Emily,Brown,mark.thomas702@email.com,Charlotte,WA,2023-10-07,Premium
3790,Jennifer,Jackson,sarah.anderson392@email.com,Seattle,AZ,2021-06-02,Basic
3791,Michael,Lopez,susan.jackson768@email.com,Seattle,TX,2023-11-23,Regular
3792,Linda,Williams,jennifer.brown421@email.com,New York,IL,2023-05-19,Premium
3793,Sarah,Johnson,christopher.brown153@email.com,Phoenix,GA,2021-03-10,Regular
3794,Jennifer,Anderson,robert.taylor294@email.com,Fort Worth,NV,2022-11-17,Basic
3795,Christopher,Taylor,jane.taylor492@email.com,Austin,CO,2023-03-04,Premium
3796,Linda,Martin,mark.rodriguez255@email.com,Philadelphia,FL,2023-03-26,Regular
3797,Linda,Martinez,lisa.garcia781@email.com,Boston,GA,2023-11-22,Regular
3798,William,Martin,james.anderson188@email.com,Portland,GA,2021-01-22,Premium
3799,Michael,Thomas,robert.moore686@email.com,Austin,WA,2022-02-17,Premium
3800,Elizabeth,Hernandez,mark.lee297@email.com,Chicago,NC,2021-06-02,Regular
3801,Christopher,Wilson,mark.martin934@email.com,Fort Worth,TX,2023-04-03,Regular
3802,Emily,Taylor,sarah.lee457@email.com,San Jose,CO,2023-02-14,Basic
3803,Mary,Lee,john.williams729@email.com,Portland,OR,2022-09-18,Basic
3804,Christopher,Jones,william.garcia905@email.com,Columbus,CO,2023-08-25,Basic
3805,Mary,Jones,patricia.jones27@email.com,Portland,AZ,2023-01-24,Regular
3806,Emily,Moore,robert.thomas53@email.com,Boston,AZ,2021-05-12,Basic
3807,Daniel,Thomas,matthew.thomas840@email.com,San Antonio,TX,2021-10-23,Regular
3808,Jane,Thomas,elizabeth.garcia109@email.com,San Antonio,OR,2023-08-13,Regular
3809,William,Thomas,michael.anderson57@email.com,Las Vegas,MA,2023-12-09,Premium
3810,Daniel,Jones,emily.smith646@email.com,San Diego,FL,2022-01-26,Premium
3811,Daniel,Hernandez,william.brown871@email.com,Austin,WA,2021-09-10,Regular
3812,William,Williams,elizabeth.williams241@email.com,Las Vegas,MA,2021-12-23,Regular
3813,Lisa,Lee,mary.lee586@email.com,Columbus,PA,2022-06-22,Regular
3814,William,Lee,matthew.lee517@email.com,Phoenix,OR,2021-10-01,Regular
3815,Mark,Anderson,mark.thomas923@email.com,San Antonio,NC,2023-01-10,Regular
3816,Jane,Wilson,david.brown86@email.com,Los Angeles,NY,2022-05-03,Regular
3817,David,Davis,daniel.smith749@email.com,San Antonio,PA,2023-02-04,Regular
3818,Sarah,Wilson,elizabeth.moore641@email.com,Boston,NY,2022-07-08,Basic
3819,Michael,Hernandez,mark.martinez951@email.com,Charlotte,GA,2021-06-20,Basic
3820,Mary,Jackson,matthew.smith835@email.com,San Jose,MA,2023-03-28,Regular
3821,Elizabeth,Johnson,michael.jackson951@email.com,Dallas,GA,2021-02-06,Regular
3822,Patricia,Thomas,christopher.rodriguez312@email.com,New York,AZ,2021-06-23,Regular
3823,Mark,Rodriguez,elizabeth.jones165@email.com,Indianapolis,PA,2021-06-25,Basic
3824,Lisa,Williams,sarah.thomas970@email.com,Indianapolis,GA,2022-06-20,Regular
3825,Elizabeth,Garcia,mary.moore526@email.com,Los Angeles,NY,2021-02-10,Regular
3826,Jane,Smith,lisa.martin451@email.com,Columbus,PA,2023-12-06,Premium
3827,Christopher,Martin,matthew.lopez449@email.com,San Francisco,MA,2023-06-21,Regular
3828,Matthew,Martinez,john.jackson177@email.com,Los Angeles,NY,2021-01-06,Regular
3829,Patricia,Jackson,jane.smith266@email.com,Indianapolis,WA,2021-08-31,Basic
3830,Elizabeth,Brown,elizabeth.johnson429@email.com,Las Vegas,IL,2023-08-24,Regular
3831,Linda,Jackson,linda.hernandez485@email.com,Boston,NC,2021-01-03,Regular
3832,Mark,Williams,michael.garcia863@email.com,Seattle,AZ,2023-11-20,Basic
3833,Lisa,Miller,robert.wilson577@email.com,San Francisco,FL,2023-03-31,Basic
3834,Linda,Lee,michael.martinez610@email.com,Los Angeles,OH,2023-09-23,Regular
3835,Jennifer,Jackson,christopher.williams783@email.com,Boston,IL,2021-07-30,Regular
3836,Michael,Martin,michael.garcia524@email.com,Philadelphia,MA,2023-01-22,Regular
3837,Christopher,Johnson,linda.martin277@email.com,Los Angeles,OR,2021-12-16,Basic
3838,Jane,Martin,emily.lee687@email.com,Atlanta,NY,2021-03-22,Premium
3839,Matthew,Moore,patricia.jackson926@email.com,Portland,NY,2023-09-10,Basic
3840,Mark,Miller,matthew.jones475@email.com,Houston,OH,2023-08-16,Regular
3841,Matthew,Taylor,christopher.martin966@email.com,Boston,TX,2021-07-31,Regular
3842,Mark,Moore,linda.johnson274@email.com,Portland,AZ,2021-04-23,Premium
3843,Susan,Smith,jane.martin364@email.com,Boston,IL,2023-08-24,Regular
3844,David,Brown,lisa.brown265@email.com,Chicago,NV,2022-08-08,Regular
3845,Sarah,Jackson,michael.martin434@email.com,Seattle,GA,2021-04-30,Premium
3846,Daniel,Garcia,sarah.lopez438@email.com,Las Vegas,WA,2022-08-07,Regular
3847,Emily,Smith,jane.taylor922@email.com,Portland,GA,2022-04-09,Basic
3848,Emily,Rodriguez,elizabeth.davis182@email.com,Miami,TX,2022-04-06,Regular
3849,Robert,Miller,linda.martinez691@email.com,San Jose,WA,2023-05-20,Basic
3850,Robert,Davis,elizabeth.jackson230@email.com,San Diego,NY,2023-02-03,Premium
3851,David,Martin,james.wilson363@email.com,Chicago,MA,2023-06-26,Regular
3852,Jane,Thomas,sarah.thomas595@email.com,Chicago,OH,2023-02-16,Premium
3853,Patricia,Williams,christopher.garcia300@email.com,San Antonio,OH,2023-07-17,Regular
3854,Michael,Jackson,jane.lee949@email.com,Atlanta,TX,2021-11-07,Basic
3855,Patricia,Lee,patricia.martinez856@email.com,Phoenix,NV,2022-08-25,Regular
3856,Robert,Hernandez,susan.wilson393@email.com,Fort Worth,MA,2023-04-25,Premium
3857,David,Wilson,elizabeth.davis738@email.com,Fort Worth,OH,2021-06-20,Regular
3858,Susan,Martin,william.lee440@email.com,,NV,2021-04-20,Regular
3859,William,Johnson,john.rodriguez464@email.com,Houston,IL,2022-11-02,Regular
3860,James,Taylor,matthew.martinez156@email.com,Austin,OR,2021-05-18,Basic
3861,Michael,Smith,michael.thomas12@email.com,Seattle,WA,2021-07-07,Basic
3862,Michael,Hernandez,david.jackson347@email.com,Dallas,PA,2021-03-13,Regular
3863,Christopher,Anderson,sarah.wilson146@email.com,Seattle,AZ,2021-01-02,Regular
3864,Elizabeth,Garcia,emily.lopez594@email.com,Austin,CO,2021-04-15,Regular
3865,Christopher,Anderson,lisa.anderson282@email.com,Seattle,GA,2023-08-19,Premium
3866,Elizabeth,Smith,elizabeth.jackson129@email.com,Los Angeles,NV,2021-04-15,Regular
3867,James,Moore,john.moore991@email.com,Austin,PA,2021-08-06,Regular
3868,William,Hernandez,mark.davis273@email.com,Philadelphia,CO,2023-10-14,Regular
3869,Matthew,Wilson,elizabeth.wilson546@email.com,Fort Worth,CO,2023-01-12,Regular
3870,Daniel,Rodriguez,matthew.davis629@email.com,,CO,2021-02-27,Premium
3871,John,Williams,jane.anderson141@email.com,Philadelphia,NY,2021-12-28,Regular
3872,Susan,Brown,william.wilson492@email.com,Atlanta,TX,2021-01-25,Premium
3873,Mark,Brown,david.moore456@email.com,Houston,NC,2023-02-02,Premium
3874,Matthew,Jackson,susan.martin70@email.com,Houston,NV,2021-04-09,Basic
3875,Patricia,Garcia,patricia.smith639@email.com,Boston,NY,2021-11-01,Premium
3876,Sarah,Martinez,michael.williams308@email.com,Miami,CA,2022-12-14,Regular
3877,Patricia,Jones,michael.miller850@email.com,Fort Worth,FL,2022-08-15,Premium
3878,David,Garcia,sarah.martin918@email.com,Los Angeles,IL,2023-08-28,Basic
3879,David,Rodriguez,lisa.lopez678@email.com,San Jose,PA,2021-12-01,Regular
3880,Mark,Williams,susan.garcia841@email.com,Charlotte,NC,2022-04-16,Regular
3881,Mark,Jones,robert.anderson111@email.com,Atlanta,PA,2021-12-26,Regular
3882,Mark,Martinez,lisa.miller487@email.com,Atlanta,CA,2021-03-09,Basic
3883,Sarah,Anderson,patricia.smith350@email.com,Philadelphia,PA,2021-06-17,Basic
3884,Sarah,Garcia,emily.davis45@email.com,Phoenix,NY,2021-01-25,Regular
3885,Mark,Johnson,william.hernandez570@email.com,New York,CO,2021-12-19,Basic
3886,Sarah,Lee,matthew.brown411@email.com,Austin,IL,2023-08-22,Basic
3887,Jennifer,Hernandez,james.smith932@email.com,San Diego,MA,2023-01-17,Basic
3888,Elizabeth,Garcia,emily.lopez929@email.com,Boston,MA,2023-08-28,Regular
3889,Mary,Smith,william.martinez508@email.com,San Francisco,CO,2022-07-05,Regular
3890,Patricia,Johnson,david.rodriguez128@email.com,,NY,2023-08-02,Regular
3891,William,Martinez,susan.brown440@email.com,New York,AZ,2022-11-15,Basic
3892,Christopher,Wilson,james.johnson894@email.com,San Francisco,PA,2022-04-17,Regular
3893,Linda,Brown,robert.martinez281@email.com,San Francisco,NY,2023-05-15,Regular
3894,Mark,Hernandez,john.martin427@email.com,Dallas,CO,2022-10-21,Regular
3895,Susan,Jones,christopher.williams482@email.com,Jacksonville,IL,2023-07-14,Basic
3896,Linda,Anderson,linda.williams791@email.com,Portland,NC,2022-09-26,Basic
3897,Jane,Hernandez,matthew.jones717@email.com,Dallas,CA,2022-06-06,Premium
3898,Emily,Rodriguez,william.lee552@email.com,San Jose,AZ,2021-12-09,Basic
3899,William,Wilson,mark.jackson646@email.com,San Francisco,TX,2022-12-11,Regular
3900,Christopher,Brown,jane.jackson555@email.com,Las Vegas,PA,2021-11-06,Basic
3901,David,Johnson,john.wilson473@email.com,Portland,TX,2023-02-25,Regular
3902,Susan,Miller,elizabeth.jones100@email.com,Los Angeles,NV,2022-06-13,Regular
3903,Susan,Davis,william.williams454@email.com,Seattle,CA,2021-12-06,Basic
3904,Christopher,Lee,william.anderson530@email.com,Atlanta,IL,2021-04-26,Regular
3905,Jane,Martin,sarah.davis860@email.com,,NV,2022-07-31,Basic
3906,Christopher,Davis,james.lee190@email.com,Phoenix,OH,2021-06-20,Regular
3907,James,Taylor,christopher.wilson970@email.com,Miami,WA,2023-04-09,Regular
3908,Lisa,Moore,william.jackson433@email.com,San Antonio,AZ,2022-08-06,Regular
3909,Jane,Moore,susan.jackson633@email.com,Chicago,GA,2021-08-20,Regular
3910,Linda,Wilson,lisa.martin406@email.com,Charlotte,CO,2022-12-17,Regular
3911,William,Brown,susan.jackson451@email.com,Chicago,CO,2022-03-09,Premium
3912,Mary,Rodriguez,jennifer.moore391@email.com,San Jose,CO,2023-06-22,Regular
3913,John,Johnson,mark.martinez706@email.com,Fort Worth,CO,2022-08-21,Premium
3914,James,Hernandez,michael.hernandez349@email.com,Las Vegas,TX,2021-03-22,Basic
3915,Jennifer,Thomas,mark.rodriguez322@email.com,Chicago,OR,2023-01-21,Basic
3916,Jennifer,Jackson,jane.brown128@email.com,Boston,TX,2021-07-10,Regular
3917,William,Anderson,susan.jones740@email.com,Denver,GA,2022-01-20,Basic
3918,Linda,Williams,susan.garcia60@email.com,Austin,OH,2022-05-04,Regular
3919,Sarah,Taylor,linda.lopez253@email.com,Las Vegas,WA,2023-07-29,Regular
3920,Lisa,Smith,christopher.johnson360@email.com,San Diego,OR,2022-04-16,Basic
3921,David,Anderson,sarah.williams486@email.com,Denver,OR,2023-06-29,Basic
3922,Jennifer,Davis,michael.anderson700@email.com,Dallas,GA,2023-05-18,Regular
3923,Daniel,Smith,jane.davis853@email.com,Columbus,PA,2023-03-21,Basic
3924,James,Rodriguez,susan.jackson771@email.com,San Francisco,TX,2023-07-06,Regular
3925,William,Jackson,elizabeth.wilson213@email.com,Fort Worth,CA,2023-02-16,Basic
3926,Patricia,Martin,patricia.hernandez255@email.com,Columbus,GA,2023-12-29,Premium
3927,Susan,Brown,patricia.jones103@email.com,Phoenix,MA,2021-08-24,Regular
3928,Michael,Davis,matthew.martin267@email.com,Columbus,MA,2023-02-11,Regular
3929,Robert,Jackson,james.lopez614@email.com,Philadelphia,NV,2021-01-10,Regular
3930,Daniel,Jones,jane.wilson498@email.com,San Diego,CA,2023-12-22,Premium
3931,Robert,Martinez,john.johnson26@email.com,Austin,CA,2022-10-18,Basic
3932,Patricia,Martin,susan.martin309@email.com,Portland,IL,2022-12-05,Premium
3933,Linda,Anderson,david.martinez544@email.com,Denver,TX,2023-10-14,Regular
3934,Matthew,Thomas,mark.rodriguez184@email.com,Fort Worth,CO,2021-07-01,Regular
3935,Mary,Williams,jane.martinez943@email.com,New York,PA,2023-07-27,Regular
3936,Jane,Moore,christopher.wilson699@email.com,Jacksonville,WA,2022-09-09,Regular
3937,Matthew,Miller,william.jackson629@email.com,San Diego,NY,2021-04-06,Regular
3938,Emily,Jones,patricia.anderson510@email.com,New York,AZ,2023-01-14,Premium
3939,Michael,Lopez,patricia.johnson335@email.com,Phoenix,OR,2023-12-03,Premium
3940,Jennifer,Jackson,patricia.rodriguez166@email.com,Las Vegas,IL,2022-09-03,Regular
3941,Matthew,Garcia,john.martinez323@email.com,Fort Worth,FL,2023-03-12,Basic
3942,Christopher,Davis,patricia.lopez502@email.com,Chicago,PA,2023-11-24,Basic
3943,David,Jackson,daniel.hernandez551@email.com,Las Vegas,IL,2023-11-09,Premium
3944,Matthew,Anderson,john.martin462@email.com,Seattle,NV,2021-06-11,Regular
3945,Mark,Jackson,jennifer.hernandez988@email.com,San Jose,OH,2022-07-18,Premium
3946,John,Thomas,lisa.miller801@email.com,New York,OR,2022-07-13,Premium
3947,Emily,Johnson,matthew.lee30@email.com,Phoenix,AZ,2021-03-13,Regular
3948,Robert,Smith,patricia.jones249@email.com,Jacksonville,IL,2023-11-22,Regular
3949,Robert,Thomas,mary.rodriguez819@email.com,San Francisco,NC,2021-04-30,Premium
3950,Jane,Lee,christopher.wilson803@email.com,Seattle,FL,2022-03-10,Regular
3951,Lisa,Martinez,david.garcia789@email.com,Charlotte,OR,2022-11-23,Premium
3952,Jane,Garcia,patricia.hernandez718@email.com,New York,CO,2023-10-28,Basic
3953,Daniel,Smith,jennifer.johnson112@email.com,San Antonio,FL,2023-04-01,Basic
3954,Jane,Johnson,christopher.hernandez619@email.com,Fort Worth,NV,2021-12-17,Premium
3955,Mary,Taylor,susan.lopez235@email.com,Indianapolis,IL,2022-08-04,Regular
3956,Robert,Rodriguez,jane.smith712@email.com,Fort Worth,GA,2021-04-03,Basic
3957,William,Lee,patricia.garcia877@email.com,Los Angeles,CO,2022-12-30,Basic
3958,Mary,Rodriguez,emily.brown180@email.com,Austin,PA,2023-06-29,Regular
3959,Daniel,Wilson,david.martinez186@email.com,Los Angeles,CA,2022-06-08,Premium
3960,Matthew,Lopez,daniel.anderson988@email.com,Fort Worth,MA,2022-06-28,Premium
3961,Christopher,Miller,linda.taylor319@email.com,San Diego,NY,2022-11-09,Regular
3962,Sarah,Martin,christopher.jones783@email.com,Los Angeles,NC,2021-02-24,Regular
3963,John,Moore,james.lee69@email.com,Fort Worth,PA,2023-06-14,Premium
3964,Lisa,Martinez,christopher.smith107@email.com,Fort Worth,OH,2022-03-05,Regular
3965,Mary,Johnson,michael.garcia288@email.com,San Diego,TX,2022-01-10,Premium
3966,Linda,Garcia,sarah.williams382@email.com,Columbus,NC,2022-06-14,Basic
3967,Susan,Jackson,matthew.rodriguez547@email.com,New York,TX,2023-02-05,Regular
3968,Daniel,Martin,matthew.wilson62@email.com,Jacksonville,NC,2022-05-14,Premium
3969,Emily,Williams,john.jackson16@email.com,Los Angeles,MA,2022-10-12,Regular
3970,Linda,Martinez,sarah.taylor603@email.com,Phoenix,CO,2021-10-25,Regular
3971,Mark,Williams,matthew.wilson493@email.com,Las Vegas,PA,2023-06-23,Basic
3972,Elizabeth,Wilson,linda.jackson131@email.com,Indianapolis,PA,2021-08-12,Regular
3973,Mary,Brown,robert.williams178@email.com,Miami,AZ,2021-07-19,Regular
3974,Mary,Jones,mark.lee904@email.com,Chicago,PA,2021-08-27,Basic
3975,Emily,Jackson,mary.thomas954@email.com,Miami,CA,2021-07-05,Regular
3976,William,Rodriguez,john.rodriguez457@email.com,Miami,AZ,2021-04-27,Basic
3977,Michael,Anderson,david.anderson812@email.com,Columbus,CO,2023-11-28,Regular
3978,Jennifer,Miller,william.garcia654@email.com,Dallas,GA,2023-02-01,Regular
3979,John,Lee,patricia.williams151@email.com,New York,FL,2021-05-26,Premium
3980,Christopher,Moore,sarah.garcia55@email.com,Boston,NY,2023-12-31,Regular
3981,Jane,Hernandez,robert.moore258@email.com,Seattle,GA,2022-05-28,Basic
3982,Emily,Hernandez,lisa.taylor351@email.com,Denver,WA,2023-04-21,Basic
3983,Mark,Rodriguez,lisa.anderson355@email.com,Houston,OR,2023-05-19,Regular
3984,Robert,Thomas,mark.wilson888@email.com,New York,NV,2023-11-14,Regular
3985,Lisa,Rodriguez,elizabeth.johnson473@email.com,San Antonio,CO,2022-10-21,Basic
3986,Lisa,Davis,elizabeth.lopez998@email.com,Denver,CA,2022-04-01,Basic
3987,Robert,Hernandez,emily.lopez272@email.com,Los Angeles,WA,2021-12-06,Premium
3988,William,Hernandez,matthew.garcia318@email.com,Denver,TX,2021-06-06,Regular
3989,Patricia,Miller,david.brown688@email.com,Houston,PA,2022-05-13,Regular
3990,Matthew,Thomas,elizabeth.davis516@email.com,Philadelphia,CA,2023-01-02,Basic
3991,John,Lee,james.rodriguez371@email.com,Los Angeles,CA,2023-04-24,Premium
3992,John,Hernandez,william.johnson33@email.com,Las Vegas,OH,2021-08-30,Regular
3993,Linda,Smith,patricia.rodriguez313@email.com,,CO,2023-10-22,Basic
3994,David,Jones,mary.martinez668@email.com,Miami,NV,2022-03-06,Premium
3995,Emily,Smith,daniel.hernandez758@email.com,New York,NV,2021-04-18,Regular
3996,Susan,Lee,david.miller866@email.com,Phoenix,AZ,2023-07-19,Regular
3997,John,Taylor,michael.brown144@email.com,Jacksonville,PA,2022-02-11,Regular
3998,Lisa,Smith,robert.jones958@email.com,Phoenix,OR,2022-07-18,Regular
3999,William,Smith,daniel.martinez789@email.com,New York,PA,2023-12-26,Regular
4000,Susan,Garcia,elizabeth.lee784@email.com,Boston,PA,2021-01-18,Premium
4001,Jennifer,Anderson,linda.lee752@email.com,Dallas,GA,2021-03-23,Regular
4002,William,Jackson,michael.thomas449@email.com,Austin,CO,2021-11-16,Basic
4003,Patricia,Taylor,christopher.miller249@email.com,Philadelphia,TX,2021-10-30,Basic
4004,Christopher,Wilson,jennifer.garcia502@email.com,Portland,MA,2023-05-08,Premium
4005,Mary,Jackson,emily.smith197@email.com,San Antonio,OH,2022-06-27,Premium
4006,Daniel,Williams,elizabeth.jackson389@email.com,Charlotte,MA,2021-11-14,Regular
4007,William,Williams,emily.williams920@email.com,Jacksonville,NY,2022-12-10,Regular
4008,Robert,Jackson,linda.lopez732@email.com,Denver,NV,2023-10-12,Regular
4009,Daniel,Smith,john.jackson63@email.com,Charlotte,GA,2021-10-02,Regular
4010,Jennifer,Thomas,michael.lee803@email.com,Portland,FL,2021-01-18,Premium
4011,Matthew,Brown,christopher.davis847@email.com,Boston,IL,2022-11-17,Premium
4012,Susan,Lopez,jane.rodriguez337@email.com,Jacksonville,OH,2022-11-11,Regular
4013,Christopher,Wilson,robert.johnson396@email.com,San Diego,IL,2022-08-31,Regular
4014,Mark,Lee,susan.davis333@email.com,Houston,NC,2021-12-02,Premium
4015,Sarah,Lopez,elizabeth.moore850@email.com,Denver,OR,2023-11-25,Regular
4016,John,Wilson,david.rodriguez640@email.com,Miami,CA,2023-09-19,Regular
4017,Matthew,Garcia,lisa.hernandez869@email.com,Philadelphia,FL,2021-07-28,Basic
4018,Mary,Smith,lisa.martinez13@email.com,Fort Worth,OH,2021-10-16,Basic
4019,Elizabeth,Brown,jane.brown528@email.com,Los Angeles,TX,2021-05-12,Regular
4020,Susan,Thomas,michael.wilson452@email.com,Los Angeles,TX,2022-08-01,Regular
4021,Susan,Lopez,linda.moore294@email.com,Boston,OH,2023-08-22,Regular
4022,Jennifer,Miller,matthew.williams863@email.com,Portland,AZ,2022-06-08,Regular
4023,Jennifer,Thomas,patricia.lopez177@email.com,Seattle,FL,2022-07-28,Regular
4024,Sarah,Smith,william.rodriguez261@email.com,Columbus,CA,2023-07-05,Basic
4025,Linda,Davis,mary.rodriguez269@email.com,Los Angeles,OR,2022-09-17,Regular
4026,Michael,Smith,patricia.johnson846@email.com,Phoenix,IL,2023-03-03,Basic
4027,James,Rodriguez,elizabeth.miller840@email.com,Charlotte,OR,2021-01-11,Regular
4028,William,Lopez,elizabeth.lopez705@email.com,Jacksonville,CA,2022-08-27,Premium
4029,James,Miller,michael.taylor618@email.com,,CO,2021-12-24,Basic
4030,William,Williams,susan.miller462@email.com,San Jose,PA,2022-05-23,Regular
4031,William,Lee,elizabeth.brown16@email.com,Atlanta,OR,2023-07-23,Regular
4032,Jennifer,Martinez,james.davis660@email.com,Austin,OH,2021-08-01,Regular
4033,Robert,Davis,susan.brown151@email.com,Dallas,PA,2023-09-14,Premium
4034,David,Davis,elizabeth.thomas984@email.com,Dallas,FL,2022-06-01,Basic
4035,Matthew,Taylor,matthew.moore677@email.com,Miami,MA,2023-08-30,Premium
4036,Lisa,Lopez,william.jackson753@email.com,Denver,MA,2022-01-05,Basic
4037,Jane,Johnson,christopher.lee582@email.com,Phoenix,GA,2021-06-15,Basic
4038,Susan,Rodriguez,mark.anderson601@email.com,Los Angeles,OR,2022-06-22,Basic
4039,Christopher,Taylor,matthew.moore796@email.com,Austin,MA,2023-05-31,Regular
4040,James,Lee,david.lee63@email.com,San Jose,IL,2021-06-10,Regular
4041,David,Miller,jennifer.hernandez493@email.com,Las Vegas,GA,2023-07-28,Basic
4042,John,Smith,mark.jones858@email.com,Seattle,FL,2022-01-11,Regular
4043,Linda,Miller,linda.brown281@email.com,Boston,AZ,2023-10-20,Regular
4044,Jennifer,Wilson,daniel.jones260@email.com,San Jose,NV,2022-11-20,Regular
4045,William,Brown,christopher.davis38@email.com,Portland,CA,2021-04-08,Regular
4046,Patricia,Rodriguez,michael.lee554@email.com,San Jose,IL,2022-07-10,Regular
4047,Christopher,Martin,christopher.rodriguez180@email.com,Austin,GA,2022-12-06,Regular
4048,Christopher,Moore,william.jones927@email.com,San Diego,FL,2021-10-23,Regular
4049,Jane,Taylor,robert.jackson665@email.com,Indianapolis,NY,2022-01-06,Basic
4050,Mark,Garcia,lisa.martin461@email.com,Chicago,NC,2023-05-18,Regular
4051,Mark,Jackson,emily.moore242@email.com,Houston,AZ,2023-07-03,Basic
4052,Robert,Miller,lisa.martin812@email.com,Seattle,NC,2023-05-27,Regular
4053,James,Martin,sarah.jones116@email.com,New York,CA,2023-10-29,Basic
4054,Lisa,Lee,elizabeth.taylor31@email.com,Miami,NC,2023-11-28,Regular
4055,Elizabeth,Martin,christopher.garcia967@email.com,Seattle,GA,2023-07-21,Basic
4056,Linda,Garcia,mark.miller177@email.com,Houston,CO,2023-12-11,Premium
4057,Mary,Williams,matthew.moore947@email.com,Portland,OH,2023-08-03,Basic
4058,Matthew,Martin,jane.martin571@email.com,Seattle,FL,2023-08-22,Premium
4059,Jennifer,Jones,robert.garcia150@email.com,Boston,IL,2022-11-09,Basic
4060,Emily,Williams,sarah.johnson836@email.com,Fort Worth,NY,2022-08-24,Basic
4061,Elizabeth,Jones,sarah.smith190@email.com,Jacksonville,WA,2022-07-25,Regular
4062,Emily,Rodriguez,lisa.garcia911@email.com,Miami,WA,2022-11-06,Regular
4063,Jennifer,Martin,john.smith65@email.com,Jacksonville,NV,2023-11-17,Basic
4064,Sarah,Davis,matthew.wilson473@email.com,Indianapolis,NY,2022-06-13,Regular
4065,Linda,Moore,patricia.wilson118@email.com,San Antonio,FL,2023-07-15,Basic
4066,David,Rodriguez,jane.smith521@email.com,San Jose,WA,2022-08-27,Premium
4067,William,Miller,susan.jackson942@email.com,San Jose,TX,2021-05-22,Premium
4068,Elizabeth,Smith,linda.wilson125@email.com,Austin,CA,2022-04-28,Basic
4069,Emily,Jackson,john.jackson86@email.com,Fort Worth,WA,2022-07-23,Regular
4070,James,Lee,jennifer.miller382@email.com,Fort Worth,OR,2021-01-09,Basic
4071,Michael,Rodriguez,christopher.williams296@email.com,Philadelphia,FL,2021-08-25,Regular
4072,Lisa,Jackson,jane.davis920@email.com,Philadelphia,TX,2021-10-06,Regular
4073,Mary,Thomas,elizabeth.martinez951@email.com,Boston,NY,2022-03-13,Regular
4074,Lisa,Smith,james.davis657@email.com,Atlanta,GA,2023-05-02,Regular
4075,Jennifer,Anderson,michael.martin523@email.com,Jacksonville,OR,2021-01-07,Regular
4076,Patricia,Johnson,jane.taylor283@email.com,Phoenix,TX,2022-11-04,Regular
4077,James,Hernandez,patricia.jackson657@email.com,Houston,NV,2023-06-10,Regular
4078,Mary,Anderson,david.miller323@email.com,San Francisco,WA,2022-01-08,Regular
4079,William,Anderson,jennifer.anderson888@email.com,Boston,WA,2023-07-19,Basic
4080,Mark,Rodriguez,mark.hernandez853@email.com,San Francisco,PA,2022-11-13,Regular
4081,Jennifer,Brown,sarah.johnson4@email.com,Los Angeles,CA,2021-05-12,Regular
4082,Daniel,Moore,robert.smith469@email.com,Austin,FL,2022-03-04,Regular
4083,Sarah,Thomas,christopher.garcia4@email.com,,MA,2022-05-30,Regular
4084,Linda,Taylor,mary.rodriguez967@email.com,Columbus,OH,2023-02-11,Basic
4085,Jane,Lopez,james.martin389@email.com,Fort Worth,NY,2022-05-26,Regular
4086,Mark,Moore,daniel.williams340@email.com,,AZ,2023-11-23,Premium
4087,Mark,Johnson,john.johnson447@email.com,San Diego,PA,2021-02-25,Premium
4088,Susan,Davis,patricia.wilson433@email.com,Columbus,NY,2021-08-16,Regular
4089,Michael,Johnson,william.williams76@email.com,Houston,MA,2021-11-10,Basic
4090,Linda,Rodriguez,john.wilson939@email.com,Columbus,PA,2022-07-25,Premium
4091,Robert,Anderson,mary.martinez889@email.com,Phoenix,MA,2023-12-18,Basic
4092,Matthew,Jackson,michael.williams721@email.com,San Jose,WA,2022-08-10,Regular
4093,Sarah,Thomas,lisa.martinez2@email.com,Seattle,OR,2022-08-27,Regular
4094,Christopher,Hernandez,daniel.jackson332@email.com,Columbus,WA,2023-09-08,Basic
4095,Matthew,Smith,sarah.wilson629@email.com,New York,NC,2022-05-12,Regular
4096,Jennifer,Wilson,mark.rodriguez791@email.com,Charlotte,IL,2023-05-15,Regular
4097,Patricia,Miller,susan.taylor43@email.com,New York,NV,2022-12-17,Premium
4098,Jane,Hernandez,matthew.lee16@email.com,San Jose,OR,2023-04-14,Premium
4099,David,Williams,mary.jackson779@email.com,Charlotte,IL,2021-09-01,Regular
4100,David,Martin,robert.anderson430@email.com,Miami,NV,2021-05-24,Premium
4101,Robert,Smith,elizabeth.miller302@email.com,Phoenix,CO,2023-01-08,Regular
4102,James,Davis,elizabeth.jones387@email.com,Columbus,MA,2023-04-19,Regular
4103,Patricia,Anderson,elizabeth.martin579@email.com,Fort Worth,MA,2023-04-04,Regular
4104,Mark,Williams,susan.wilson164@email.com,New York,FL,2021-10-06,Premium
4105,Daniel,Davis,christopher.lee471@email.com,Phoenix,OH,2021-09-28,Regular
4106,David,Miller,john.moore240@email.com,San Antonio,TX,2022-05-07,Regular
4107,James,Garcia,elizabeth.anderson572@email.com,Jacksonville,CO,2021-05-08,Basic
4108,Emily,Hernandez,elizabeth.moore920@email.com,Chicago,GA,2023-08-12,Premium
4109,Michael,Martinez,mark.brown484@email.com,Jacksonville,CA,2021-02-27,Basic
4110,Linda,Williams,matthew.taylor801@email.com,Indianapolis,IL,2023-05-08,Regular
4111,James,Brown,susan.williams373@email.com,Jacksonville,GA,2022-11-18,Regular
4112,Emily,Smith,john.lopez823@email.com,New York,TX,2022-06-01,Regular
4113,James,Taylor,mark.anderson185@email.com,Chicago,AZ,2023-11-28,Premium
4114,Jane,Anderson,mary.thomas865@email.com,,GA,2021-03-03,Premium
4115,John,Smith,michael.martin466@email.com,San Antonio,TX,2022-10-10,Regular
4116,Daniel,Martin,christopher.smith710@email.com,Atlanta,OR,2022-04-21,Regular
4117,William,Hernandez,susan.davis130@email.com,New York,GA,2021-07-29,Basic
4118,Robert,Rodriguez,john.williams136@email.com,Chicago,NC,2023-02-15,Regular
4119,Emily,Davis,patricia.lopez466@email.com,Charlotte,NV,2021-03-13,Premium
4120,Mark,Brown,matthew.martin573@email.com,San Diego,NC,2021-09-26,Basic
4121,Emily,Taylor,emily.wilson16@email.com,Atlanta,NC,2021-09-25,Regular
4122,Linda,Davis,jennifer.williams567@email.com,Las Vegas,NY,2023-07-10,Regular
4123,Michael,Hernandez,john.martin378@email.com,Miami,AZ,2022-09-06,Regular
4124,David,Johnson,david.williams803@email.com,Chicago,NC,2022-05-10,Basic
4125,Susan,Hernandez,daniel.lopez344@email.com,Columbus,PA,2022-05-24,Basic
4126,Patricia,Moore,matthew.hernandez995@email.com,San Francisco,OR,2021-04-19,Regular
4127,Patricia,Davis,sarah.thomas499@email.com,Houston,NV,2022-03-13,Regular
4128,Christopher,Williams,daniel.martinez724@email.com,Austin,CA,2023-06-21,Basic
4129,Patricia,Lee,michael.jones500@email.com,Columbus,CO,2021-12-27,Regular
4130,Linda,Lee,jennifer.wilson617@email.com,Los Angeles,AZ,2023-10-05,Premium
4131,Christopher,Thomas,emily.williams99@email.com,Jacksonville,CO,2021-05-19,Regular
4132,John,Brown,elizabeth.jackson149@email.com,Indianapolis,IL,2023-04-28,Regular
4133,Jane,Thomas,william.williams624@email.com,Charlotte,NY,2021-11-28,Regular
4134,Elizabeth,Martin,mark.wilson963@email.com,,IL,2022-08-06,Regular
4135,Robert,Brown,david.anderson273@email.com,Los Angeles,PA,2022-09-03,Regular
4136,Mary,Williams,emily.garcia145@email.com,Jacksonville,WA,2023-07-25,Premium
4137,John,Johnson,susan.taylor343@email.com,Phoenix,OR,2022-12-23,Basic
4138,James,Johnson,matthew.martin77@email.com,Philadelphia,TX,2023-05-07,Regular
4139,Matthew,Wilson,daniel.johnson831@email.com,Dallas,FL,2022-01-21,Regular
4140,Robert,Hernandez,william.lopez273@email.com,San Jose,AZ,2021-05-09,Regular
4141,John,Williams,david.brown844@email.com,Chicago,PA,2021-08-04,Regular
4142,John,Jones,elizabeth.lopez698@email.com,San Antonio,NY,2021-09-24,Premium
4143,Lisa,Johnson,jennifer.lopez498@email.com,San Diego,OR,2021-06-06,Premium
4144,Lisa,Thomas,jane.hernandez446@email.com,Denver,CO,2022-03-06,Basic
4145,Mary,Johnson,matthew.jones3@email.com,Austin,IL,2021-01-30,Basic
4146,Jennifer,Martinez,mark.jones130@email.com,San Jose,NC,2023-10-04,Regular
4147,David,Lee,mary.taylor851@email.com,Charlotte,IL,2022-01-16,Premium
4148,Sarah,Anderson,john.martin19@email.com,Denver,GA,2023-09-27,Regular
4149,Christopher,Williams,jane.williams648@email.com,Dallas,MA,2021-04-08,Basic
4150,Matthew,Brown,christopher.davis948@email.com,Los Angeles,TX,2023-03-21,Basic
4151,Mark,Johnson,james.anderson282@email.com,Portland,CA,2023-05-03,Premium
4152,Jennifer,Jackson,jane.thomas176@email.com,Fort Worth,TX,2021-06-08,Premium
4153,Emily,Johnson,robert.jones286@email.com,Dallas,AZ,2022-10-16,Basic
4154,Michael,Martinez,linda.garcia516@email.com,Las Vegas,IL,2022-09-04,Regular
4155,Jane,Wilson,emily.jackson626@email.com,Las Vegas,OH,2022-12-12,Regular
4156,Jennifer,Wilson,james.rodriguez6@email.com,Jacksonville,PA,2023-11-12,Premium
4157,Jennifer,Brown,jane.williams498@email.com,San Antonio,GA,2022-11-10,Regular
4158,Daniel,Lee,matthew.moore188@email.com,Houston,PA,2023-11-18,Basic
4159,Matthew,Anderson,emily.rodriguez735@email.com,Atlanta,OH,2023-04-02,Basic
4160,Susan,Davis,daniel.davis93@email.com,Austin,FL,2023-02-11,Regular
4161,Matthew,Lee,david.anderson75@email.com,Portland,OH,2022-04-20,Regular
4162,James,Lee,christopher.jackson947@email.com,Charlotte,IL,2022-12-26,Premium
4163,Patricia,Smith,mary.smith494@email.com,Denver,WA,2023-06-06,Regular
4164,David,Thomas,michael.johnson806@email.com,Los Angeles,WA,2022-10-30,Regular
4165,James,Wilson,mary.jackson657@email.com,Austin,CA,2022-08-31,Regular
4166,Linda,Thomas,jane.williams119@email.com,Las Vegas,CA,2021-06-13,Regular
4167,Mary,Anderson,mark.lopez999@email.com,Charlotte,MA,2023-12-07,Regular
4168,Robert,Lee,john.lee183@email.com,Houston,PA,2021-02-28,Premium
4169,Emily,Lee,daniel.brown836@email.com,Denver,AZ,2021-12-05,Regular
4170,Christopher,Brown,michael.hernandez191@email.com,Las Vegas,WA,2023-12-06,Premium
4171,John,Hernandez,patricia.williams766@email.com,Chicago,NY,2021-12-27,Premium
4172,Lisa,Smith,jane.lopez233@email.com,Miami,MA,2022-11-25,Basic
4173,Lisa,Thomas,daniel.johnson841@email.com,Indianapolis,AZ,2021-10-13,Regular
4174,David,Moore,mark.jones205@email.com,Miami,CO,2021-06-05,Regular
4175,Robert,Hernandez,jane.johnson474@email.com,Denver,AZ,2021-12-17,Basic
4176,John,Martin,michael.anderson608@email.com,Seattle,TX,2023-12-08,Basic
4177,Mark,Miller,james.smith5@email.com,,NV,2023-02-20,Regular
4178,Matthew,Brown,linda.rodriguez928@email.com,Columbus,CA,2023-06-06,Basic
4179,Emily,Brown,michael.moore588@email.com,Las Vegas,NC,2021-03-26,Regular
4180,Sarah,Smith,jennifer.jackson729@email.com,San Jose,OR,2022-10-10,Regular
4181,Mary,Lee,james.martinez233@email.com,Portland,MA,2022-07-13,Regular
4182,Jane,Williams,david.martin535@email.com,Fort Worth,TX,2023-03-10,Regular
4183,Christopher,Martin,daniel.anderson608@email.com,Denver,CO,2023-12-14,Regular
4184,William,Miller,elizabeth.martin219@email.com,San Antonio,AZ,2022-09-28,Regular
4185,Elizabeth,Martin,patricia.lopez135@email.com,Columbus,TX,2021-12-26,Premium
4186,Susan,Jones,susan.rodriguez286@email.com,Austin,FL,2023-10-25,Regular
4187,Jane,Moore,linda.brown424@email.com,Fort Worth,NV,2021-11-17,Premium
4188,Susan,Rodriguez,michael.lee813@email.com,Houston,WA,2023-12-27,Regular
4189,Jane,Lopez,matthew.jones486@email.com,Seattle,PA,2022-08-10,Regular
4190,Sarah,Anderson,robert.martinez831@email.com,San Diego,TX,2023-07-09,Basic
4191,John,Taylor,elizabeth.williams219@email.com,San Antonio,NV,2021-03-15,Basic
4192,Jane,Lee,michael.johnson265@email.com,Austin,GA,2022-11-04,Basic
4193,Sarah,Thomas,james.johnson158@email.com,Portland,CA,2021-11-12,Regular
4194,Patricia,Garcia,mary.jackson680@email.com,Boston,NV,2021-04-02,Basic
4195,Daniel,Davis,susan.wilson228@email.com,San Francisco,NY,2022-05-12,Regular
4196,Christopher,Jones,emily.williams480@email.com,,CO,2021-06-12,Premium
4197,Sarah,Johnson,jennifer.miller995@email.com,Miami,CO,2022-03-28,Premium
4198,Elizabeth,Johnson,mary.thomas263@email.com,Atlanta,OR,2021-12-10,Regular
4199,William,Jones,matthew.davis346@email.com,Seattle,IL,2023-08-01,Regular
4200,Linda,Martinez,david.anderson543@email.com,Charlotte,CO,2021-07-06,Regular
4201,David,Martin,jane.wilson883@email.com,Fort Worth,WA,2021-12-10,Basic
4202,Robert,Anderson,william.jackson446@email.com,Seattle,OH,2022-03-06,Premium
4203,John,Moore,jane.anderson459@email.com,New York,OH,2021-11-23,Premium
4204,Jennifer,Lopez,robert.martin562@email.com,Jacksonville,CA,2021-02-04,Basic
4205,Patricia,Martinez,lisa.rodriguez913@email.com,Atlanta,CO,2022-03-02,Premium
4206,Sarah,Martin,jennifer.jackson516@email.com,Charlotte,CO,2023-06-05,Regular
4207,Matthew,Jackson,robert.jackson311@email.com,Los Angeles,CA,2023-02-21,Regular
4208,William,Jones,emily.hernandez820@email.com,Philadelphia,PA,2023-12-08,Regular
4209,Susan,Jones,lisa.wilson944@email.com,San Diego,NY,2023-06-13,Premium
4210,Susan,Taylor,jennifer.wilson937@email.com,Las Vegas,FL,2022-08-24,Premium
4211,David,Martinez,david.jackson49@email.com,Portland,IL,2021-09-17,Premium
4212,Patricia,Lee,james.hernandez55@email.com,San Francisco,CO,2023-06-26,Regular
4213,Sarah,Hernandez,daniel.thomas950@email.com,San Francisco,WA,2023-09-12,Regular
4214,Matthew,Martinez,william.johnson403@email.com,Las Vegas,CA,2023-03-09,Regular
4215,Susan,Lopez,mary.thomas635@email.com,Chicago,CO,2021-10-06,Regular
4216,Sarah,Smith,james.lopez82@email.com,Seattle,NV,2023-05-26,Basic
4217,Jennifer,Moore,mary.wilson164@email.com,Dallas,OH,2022-11-24,Premium
4218,Sarah,Martin,robert.martin188@email.com,,WA,2022-01-17,Regular
4219,Sarah,Jones,john.lee35@email.com,New York,IL,2023-08-24,Regular
4220,Linda,Johnson,elizabeth.hernandez924@email.com,Miami,FL,2021-10-22,Regular
4221,Robert,Davis,james.brown44@email.com,Houston,NV,2023-12-20,Regular
4222,Susan,Moore,linda.martinez749@email.com,Denver,GA,2023-08-06,Regular
4223,Robert,Jackson,john.lee105@email.com,Philadelphia,PA,2023-02-15,Basic
4224,William,Johnson,lisa.brown974@email.com,Philadelphia,GA,2021-03-01,Basic
4225,Matthew,Anderson,michael.brown474@email.com,New York,CA,2022-05-14,Regular
4226,Robert,Lopez,matthew.wilson98@email.com,Boston,NV,2021-11-03,Basic
4227,Mary,Miller,susan.smith146@email.com,Jacksonville,OH,2021-01-13,Regular
4228,Patricia,Miller,james.martinez722@email.com,Columbus,TX,2023-11-02,Regular
4229,Jennifer,Miller,daniel.wilson56@email.com,San Francisco,OR,2023-09-17,Regular
4230,Emily,Williams,emily.garcia650@email.com,San Diego,IL,2023-07-09,Premium
4231,Jane,Hernandez,john.wilson735@email.com,San Antonio,NC,2022-04-09,Basic
4232,Elizabeth,Miller,susan.lopez942@email.com,San Antonio,CA,2022-07-05,Regular
4233,Linda,Taylor,lisa.hernandez838@email.com,Phoenix,OR,2023-06-16,Regular
4234,Robert,Thomas,william.williams699@email.com,Portland,FL,2021-06-13,Basic
4235,Linda,Lee,emily.smith915@email.com,Portland,IL,2021-01-15,Premium
4236,James,Hernandez,michael.jones187@email.com,Boston,CO,2023-04-13,Regular
4237,Lisa,Martin,daniel.hernandez804@email.com,Portland,WA,2022-01-08,Premium
4238,John,Martin,mark.lopez893@email.com,San Francisco,CA,2022-04-12,Basic
4239,John,Hernandez,jane.smith162@email.com,San Antonio,MA,2022-03-31,Basic
4240,Michael,Lee,patricia.johnson81@email.com,Atlanta,NY,2022-06-29,Regular
4241,Sarah,Martinez,james.brown346@email.com,Phoenix,MA,2022-12-12,Regular
4242,Mark,Anderson,robert.garcia929@email.com,San Antonio,NC,2023-01-25,Regular
4243,Linda,Hernandez,mary.martin266@email.com,Denver,OH,2023-09-11,Basic
4244,David,Garcia,daniel.lee348@email.com,Fort Worth,TX,2022-05-13,Regular
4245,Michael,Brown,jane.thomas290@email.com,San Jose,OR,2022-12-02,Regular
4246,Matthew,Thomas,jane.taylor103@email.com,Dallas,WA,2023-05-21,Basic
4247,Michael,Johnson,daniel.miller865@email.com,Los Angeles,IL,2021-12-22,Regular
4248,Sarah,Taylor,david.thomas610@email.com,Philadelphia,IL,2022-01-31,Premium
4249,William,Davis,elizabeth.johnson954@email.com,Seattle,CA,2021-09-22,Regular
4250,Lisa,Smith,mary.martin691@email.com,Phoenix,WA,2023-07-17,Basic
4251,Daniel,Davis,mary.smith936@email.com,Austin,NC,2023-10-21,Regular
4252,Jennifer,Davis,lisa.williams50@email.com,San Diego,TX,2021-03-16,Premium
4253,William,Thomas,john.wilson295@email.com,Philadelphia,FL,2021-04-25,Regular
4254,Daniel,Lee,susan.miller994@email.com,Fort Worth,WA,2022-06-06,Regular
4255,Jane,Miller,jennifer.smith209@email.com,Charlotte,NV,2022-11-09,Premium
4256,Sarah,Davis,mark.brown4@email.com,Fort Worth,CA,2022-03-13,Regular
4257,Emily,Taylor,william.lopez130@email.com,Boston,GA,2022-11-27,Basic
4258,Jane,Hernandez,jane.miller439@email.com,Denver,PA,2023-12-23,Regular
4259,Jennifer,Wilson,jane.moore627@email.com,Miami,OH,2023-01-01,Regular
4260,Mary,Miller,jennifer.williams74@email.com,Philadelphia,TX,2023-08-21,Regular
4261,James,Wilson,elizabeth.martinez642@email.com,Dallas,CO,2022-03-24,Premium
4262,Patricia,Garcia,susan.brown979@email.com,,OH,2021-05-05,Basic
4263,Sarah,Smith,lisa.hernandez902@email.com,Charlotte,FL,2021-09-15,Regular
4264,Sarah,Lopez,susan.lee914@email.com,San Francisco,GA,2023-08-05,Regular
4265,Jane,Smith,emily.jackson368@email.com,San Diego,OH,2022-03-28,Regular
4266,John,Williams,mary.davis932@email.com,Boston,CA,2021-09-17,Regular
4267,David,Lopez,mary.martin349@email.com,Portland,GA,2021-12-15,Regular
4268,Emily,Smith,david.johnson371@email.com,Philadelphia,NY,2022-12-07,Premium
4269,James,Jackson,christopher.williams35@email.com,San Diego,PA,2023-07-07,Basic
4270,Mary,Brown,jane.anderson987@email.com,Las Vegas,IL,2021-02-16,Basic
4271,Daniel,Jones,linda.martin964@email.com,Seattle,WA,2022-10-02,Regular
4272,Susan,Martinez,mark.smith660@email.com,Austin,NC,2021-12-01,Basic
4273,William,Thomas,john.wilson585@email.com,Miami,CO,2022-06-06,Premium
4274,Michael,Miller,patricia.jackson61@email.com,Phoenix,OH,2021-03-27,Regular
4275,Mary,Martin,michael.jackson397@email.com,Los Angeles,OH,2021-11-09,Regular
4276,James,Lopez,daniel.taylor270@email.com,Phoenix,NY,2022-11-10,Regular
4277,Emily,Johnson,jane.davis491@email.com,San Diego,OH,2022-12-02,Regular
4278,Sarah,Smith,matthew.rodriguez712@email.com,Atlanta,CO,2022-11-23,Regular
4279,Christopher,Miller,david.miller679@email.com,Philadelphia,AZ,2022-08-18,Premium
4280,Christopher,Miller,robert.martin869@email.com,New York,PA,2023-04-21,Regular
4281,Daniel,Martinez,jennifer.martinez595@email.com,Denver,OR,2023-12-04,Premium
4282,William,Garcia,mary.davis22@email.com,Houston,WA,2022-04-02,Basic
4283,Christopher,Davis,john.wilson503@email.com,Dallas,MA,2023-07-11,Regular
4284,Linda,Rodriguez,daniel.wilson777@email.com,Portland,WA,2023-07-28,Premium
4285,Patricia,Garcia,emily.hernandez336@email.com,New York,OR,2021-03-21,Regular
4286,Emily,Hernandez,john.miller165@email.com,Chicago,MA,2022-08-24,Regular
4287,Sarah,Jackson,mary.smith75@email.com,Columbus,CA,2021-08-02,Basic
4288,David,Davis,linda.miller389@email.com,Boston,PA,2021-08-01,Regular
4289,Jane,Garcia,james.rodriguez134@email.com,San Antonio,OR,2023-05-02,Regular
4290,Emily,Miller,christopher.garcia293@email.com,San Diego,TX,2023-09-04,Basic
4291,Sarah,Smith,sarah.thomas551@email.com,Philadelphia,NY,2021-05-22,Regular
4292,Patricia,Garcia,william.garcia597@email.com,Indianapolis,AZ,2023-01-07,Premium
4293,Mark,Rodriguez,jane.garcia678@email.com,Dallas,AZ,2023-05-13,Regular
4294,Linda,Brown,mark.jones225@email.com,San Jose,PA,2022-08-08,Basic
4295,Mark,Smith,lisa.martinez339@email.com,Phoenix,NY,2023-03-30,Regular
4296,Daniel,Jones,sarah.williams16@email.com,San Antonio,NY,2023-08-01,Regular
4297,Emily,Wilson,jane.martin41@email.com,San Jose,GA,2022-04-22,Premium
4298,Susan,Brown,patricia.johnson365@email.com,San Francisco,IL,2023-12-17,Premium
4299,Christopher,Hernandez,lisa.smith653@email.com,Atlanta,NY,2023-03-12,Regular
4300,Mary,Miller,elizabeth.jackson936@email.com,Chicago,IL,2022-12-05,Regular
4301,Susan,Martinez,patricia.moore260@email.com,Boston,GA,2023-02-18,Premium
4302,John,Thomas,lisa.smith156@email.com,Denver,CO,2021-01-21,Basic
4303,David,Davis,sarah.williams394@email.com,Indianapolis,FL,2022-09-01,Basic
4304,Linda,Lopez,christopher.thomas226@email.com,Phoenix,MA,2022-07-25,Regular
4305,Linda,Lopez,david.lee950@email.com,Boston,GA,2023-11-21,Basic
4306,Sarah,Garcia,john.martinez918@email.com,New York,NC,2022-06-26,Premium
4307,Patricia,Moore,james.thomas343@email.com,Atlanta,TX,2023-06-03,Regular
4308,Daniel,Lee,mark.jackson809@email.com,San Francisco,NC,2023-10-20,Regular
4309,Jane,Anderson,elizabeth.thomas332@email.com,Austin,OH,2022-04-13,Basic
4310,Michael,Williams,mark.garcia90@email.com,Austin,NC,2022-03-01,Basic
4311,William,Brown,emily.martin755@email.com,Chicago,WA,2022-01-19,Regular
4312,James,Jones,mark.anderson320@email.com,Austin,NY,2022-01-01,Basic
4313,John,Jones,emily.wilson48@email.com,Dallas,NV,2021-05-25,Premium
4314,Matthew,Miller,lisa.davis430@email.com,Portland,TX,2021-11-30,Basic
4315,Mark,Miller,emily.smith906@email.com,Austin,MA,2022-08-04,Basic
4316,Mark,Jackson,david.thomas379@email.com,Phoenix,AZ,2022-11-08,Premium
4317,Lisa,Wilson,mary.moore192@email.com,Fort Worth,CO,2022-12-23,Basic
4318,James,Lopez,michael.rodriguez474@email.com,Los Angeles,PA,2023-12-31,Premium
4319,Matthew,Hernandez,daniel.smith712@email.com,Charlotte,NV,2023-08-11,Regular
4320,Matthew,Lee,susan.jones2@email.com,Austin,NY,2023-06-16,Regular
4321,Susan,Anderson,daniel.brown94@email.com,Columbus,IL,2021-03-01,Regular
4322,Sarah,Davis,mary.garcia232@email.com,Denver,WA,2021-01-22,Basic
4323,Patricia,Johnson,elizabeth.smith186@email.com,Portland,PA,2023-05-17,Regular
4324,Lisa,Lee,robert.anderson718@email.com,,NC,2021-11-28,Regular
4325,Linda,Martin,emily.brown663@email.com,Boston,FL,2022-05-05,Basic
4326,Mary,Miller,susan.garcia70@email.com,Chicago,OH,2022-06-21,Basic
4327,Christopher,Jackson,mary.moore805@email.com,San Antonio,GA,2022-10-03,Premium
4328,David,Martinez,sarah.moore587@email.com,Seattle,FL,2022-07-26,Basic
4329,Elizabeth,Jones,linda.smith703@email.com,San Diego,NY,2021-11-23,Premium
4330,Susan,Hernandez,mary.martin97@email.com,Houston,TX,2023-05-14,Basic
4331,Jane,Davis,patricia.brown792@email.com,New York,CO,2022-07-17,Regular
4332,John,Johnson,sarah.moore448@email.com,New York,GA,2021-03-07,Premium
4333,Emily,Rodriguez,robert.jackson381@email.com,Portland,NY,2023-09-27,Regular
4334,Matthew,Jones,james.jackson564@email.com,Fort Worth,AZ,2023-04-25,Regular
4335,Linda,Moore,michael.martin902@email.com,San Jose,NY,2021-02-19,Regular
4336,Linda,Martin,james.martin768@email.com,San Diego,WA,2022-10-24,Premium
4337,Emily,Taylor,daniel.taylor172@email.com,San Antonio,GA,2022-02-27,Regular
4338,Michael,Miller,sarah.wilson570@email.com,Atlanta,MA,2021-05-02,Basic
4339,Linda,Williams,matthew.johnson726@email.com,,GA,2021-06-24,Regular
4340,James,Taylor,jane.hernandez940@email.com,Philadelphia,TX,2021-09-21,Regular
4341,Lisa,Lee,lisa.taylor548@email.com,Columbus,AZ,2021-04-07,Regular
4342,James,Williams,susan.miller69@email.com,Miami,FL,2022-04-07,Premium
4343,William,Garcia,elizabeth.wilson624@email.com,Las Vegas,CO,2022-05-17,Basic
4344,Jane,Moore,david.moore931@email.com,Phoenix,MA,2023-11-14,Basic
4345,Matthew,Wilson,mark.taylor921@email.com,Phoenix,OH,2021-03-01,Regular
4346,Lisa,Moore,emily.moore283@email.com,San Francisco,CO,2021-08-29,Regular
4347,Elizabeth,Lopez,james.martinez888@email.com,Charlotte,PA,2022-05-10,Basic
4348,Christopher,Taylor,jane.brown527@email.com,Charlotte,AZ,2023-10-31,Regular
4349,Christopher,Moore,david.garcia740@email.com,Charlotte,CO,2023-10-19,Basic
4350,Lisa,Thomas,linda.garcia2@email.com,San Antonio,CA,2021-07-06,Regular
4351,Michael,Garcia,jane.garcia565@email.com,San Antonio,NC,2023-02-09,Basic
4352,Daniel,Hernandez,robert.lee302@email.com,Chicago,MA,2021-10-22,Regular
4353,Daniel,Lopez,elizabeth.jones641@email.com,Columbus,MA,2022-04-04,Regular
4354,Mark,Moore,lisa.jones679@email.com,Las Vegas,IL,2022-05-23,Basic
4355,Daniel,Taylor,david.johnson259@email.com,Indianapolis,TX,2022-12-30,Regular
4356,Michael,Taylor,michael.rodriguez286@email.com,Portland,GA,2023-05-19,Regular
4357,Linda,Taylor,linda.rodriguez671@email.com,Los Angeles,FL,2021-04-20,Regular
4358,Daniel,Rodriguez,robert.jones947@email.com,Fort Worth,NC,2022-10-19,Regular
4359,James,Martin,matthew.brown68@email.com,Fort Worth,NC,2021-06-05,Regular
4360,Sarah,Wilson,patricia.lopez592@email.com,San Jose,CA,2021-03-20,Premium
4361,Linda,Martin,susan.miller718@email.com,Las Vegas,NY,2021-02-04,Premium
4362,John,Johnson,john.jones754@email.com,San Francisco,CA,2021-08-28,Regular
4363,Sarah,Miller,john.jones37@email.com,New York,NV,2023-01-20,Basic
4364,Christopher,Davis,robert.johnson284@email.com,Charlotte,TX,2022-03-24,Regular
4365,Patricia,Miller,david.davis873@email.com,New York,OR,2022-02-28,Regular
4366,Jane,Thomas,david.jones735@email.com,San Antonio,NC,2023-07-26,Regular
4367,Elizabeth,Davis,daniel.taylor368@email.com,Seattle,CO,2022-07-28,Premium
4368,Elizabeth,Wilson,david.brown250@email.com,Jacksonville,IL,2022-02-09,Regular
4369,John,Miller,mary.miller43@email.com,Los Angeles,OH,2022-10-30,Premium
4370,Michael,Martinez,david.moore96@email.com,San Diego,IL,2023-04-07,Premium
4371,Susan,Anderson,patricia.hernandez908@email.com,Fort Worth,CA,2023-07-28,Regular
4372,Susan,Wilson,jane.anderson260@email.com,Los Angeles,NY,2021-02-13,Regular
4373,Jennifer,Martin,christopher.miller3@email.com,Austin,OR,2021-09-22,Premium
4374,Matthew,Garcia,jane.lopez733@email.com,Boston,GA,2023-07-11,Regular
4375,Elizabeth,Lopez,susan.davis958@email.com,Austin,PA,2023-10-03,Regular
4376,Robert,Rodriguez,daniel.thomas471@email.com,Philadelphia,CA,2021-12-06,Regular
4377,Daniel,Jackson,mary.wilson925@email.com,Boston,TX,2023-11-14,Regular
4378,James,Williams,mark.brown626@email.com,Indianapolis,TX,2023-08-02,Basic
4379,Mary,Jones,elizabeth.davis136@email.com,San Jose,AZ,2021-05-26,Premium
4380,Jane,Williams,michael.smith668@email.com,Phoenix,FL,2022-10-15,Regular
4381,Lisa,Martinez,emily.lee92@email.com,Miami,NY,2023-02-20,Premium
4382,Daniel,Thomas,patricia.williams481@email.com,San Jose,CA,2023-01-20,Premium
4383,James,Moore,jennifer.wilson886@email.com,Chicago,NC,2023-06-03,Regular
4384,Elizabeth,Lopez,susan.johnson882@email.com,Las Vegas,AZ,2023-01-24,Regular
4385,Susan,Davis,emily.martin768@email.com,Los Angeles,IL,2023-08-06,Basic
4386,Susan,Martin,matthew.miller123@email.com,Miami,IL,2022-08-29,Regular
4387,Linda,Johnson,john.rodriguez254@email.com,San Francisco,NY,2022-12-25,Basic
4388,Mary,Thomas,elizabeth.rodriguez69@email.com,Portland,CA,2023-10-11,Premium
4389,Daniel,Moore,susan.wilson402@email.com,San Jose,TX,2022-11-29,Premium
4390,Sarah,Lee,emily.jones582@email.com,Las Vegas,NC,2022-12-04,Premium
4391,Sarah,Hernandez,michael.miller962@email.com,Los Angeles,CO,2023-01-30,Premium
4392,Lisa,Anderson,sarah.anderson499@email.com,Phoenix,NC,2023-01-24,Regular
4393,John,Thomas,john.moore58@email.com,San Francisco,IL,2021-02-22,Regular
4394,James,Thomas,mary.wilson571@email.com,Dallas,PA,2022-12-03,Premium
4395,Mary,Anderson,mary.anderson862@email.com,New York,GA,2022-10-26,Basic
4396,Jennifer,Anderson,christopher.thomas977@email.com,Atlanta,TX,2022-05-07,Basic
4397,Elizabeth,Lopez,jane.wilson240@email.com,Miami,IL,2023-03-04,Regular
4398,Matthew,Taylor,christopher.jones87@email.com,Columbus,NY,2021-10-02,Premium
4399,Mary,Hernandez,mark.moore824@email.com,San Francisco,GA,2021-06-19,Premium
4400,Sarah,Rodriguez,christopher.lopez371@email.com,Jacksonville,NC,2023-06-27,Premium
4401,Jane,Wilson,jane.martinez596@email.com,Indianapolis,MA,2021-08-23,Premium
4402,Emily,Smith,jennifer.rodriguez308@email.com,Philadelphia,TX,2022-09-08,Regular
4403,Linda,Garcia,jane.thomas989@email.com,Columbus,CO,2023-11-19,Regular
4404,David,Thomas,patricia.wilson202@email.com,Charlotte,MA,2023-01-17,Regular
4405,Patricia,Davis,jennifer.lee789@email.com,Columbus,CA,2022-08-10,Basic
4406,Sarah,Rodriguez,robert.davis582@email.com,Phoenix,NV,2021-06-02,Regular
4407,William,Williams,patricia.lopez9@email.com,Jacksonville,GA,2022-04-05,Basic
4408,Susan,Lopez,jennifer.lee386@email.com,Denver,CO,2022-12-08,Premium
4409,Robert,Williams,emily.thomas195@email.com,New York,FL,2021-11-25,Regular
4410,Robert,Martinez,david.garcia395@email.com,Columbus,NC,2022-10-03,Regular
4411,Sarah,Moore,david.anderson904@email.com,Philadelphia,CA,2021-09-26,Premium
4412,Christopher,Moore,sarah.williams303@email.com,New York,MA,2023-01-22,Premium
4413,Robert,Jackson,david.rodriguez222@email.com,Los Angeles,GA,2021-10-21,Regular
4414,Daniel,Williams,patricia.jones942@email.com,San Diego,CO,2021-05-07,Regular
4415,Robert,Rodriguez,james.jackson713@email.com,Portland,FL,2023-07-18,Regular
4416,James,Davis,james.rodriguez690@email.com,Fort Worth,TX,2023-12-21,Regular
4417,Sarah,Brown,david.brown696@email.com,San Antonio,FL,2023-10-23,Regular
4418,Patricia,Brown,matthew.moore652@email.com,Indianapolis,OR,2021-12-02,Premium
4419,Jane,Williams,jane.jackson753@email.com,Atlanta,NY,2021-06-02,Regular
4420,Mark,Lopez,linda.lee974@email.com,Jacksonville,TX,2023-03-19,Premium
4421,Sarah,Johnson,susan.brown758@email.com,Miami,NC,2022-10-04,Premium
4422,Daniel,Jackson,susan.anderson152@email.com,Fort Worth,WA,2021-07-17,Basic
4423,Daniel,Miller,lisa.martinez930@email.com,Dallas,CO,2021-05-18,Regular
4424,Mark,Hernandez,michael.lee585@email.com,Columbus,CO,2022-01-14,Basic
4425,Matthew,Miller,christopher.rodriguez226@email.com,Las Vegas,CO,2021-07-09,Regular
4426,David,Hernandez,robert.jackson347@email.com,Chicago,CA,2022-09-06,Regular
4427,Linda,Rodriguez,lisa.jones738@email.com,San Jose,CO,2023-02-06,Regular
4428,John,Martinez,jennifer.thomas998@email.com,Denver,MA,2023-10-04,Premium
4429,Matthew,Rodriguez,emily.lopez683@email.com,Charlotte,OH,2022-08-28,Premium
4430,Jane,Miller,jane.lopez545@email.com,Dallas,TX,2022-08-29,Basic
4431,Elizabeth,Lee,lisa.davis252@email.com,,MA,2022-10-17,Regular
4432,Patricia,Jones,william.miller973@email.com,Boston,FL,2021-11-02,Regular
4433,Mark,Jackson,jane.davis80@email.com,San Francisco,WA,2021-05-03,Regular
4434,Linda,Rodriguez,michael.lopez869@email.com,,NY,2022-02-23,Basic
4435,Matthew,Smith,matthew.taylor416@email.com,Denver,OH,2021-03-24,Premium
4436,Emily,Martinez,john.lopez737@email.com,San Antonio,MA,2021-10-05,Regular
4437,Mark,Martinez,william.lopez885@email.com,Houston,NC,2023-08-28,Regular
4438,Emily,Lopez,daniel.wilson939@email.com,Indianapolis,WA,2023-03-01,Basic
4439,David,Wilson,mark.rodriguez512@email.com,San Antonio,MA,2022-06-21,Basic
4440,Sarah,Wilson,james.thomas412@email.com,Denver,AZ,2023-08-07,Regular
4441,Christopher,Martin,mark.rodriguez740@email.com,Portland,CO,2022-02-19,Basic
4442,Susan,Smith,james.miller370@email.com,Denver,OH,2021-02-22,Basic
4443,Susan,Taylor,lisa.anderson380@email.com,Atlanta,FL,2023-11-17,Regular
4444,James,Moore,mark.taylor878@email.com,San Francisco,OH,2021-10-17,Regular
4445,Matthew,Jones,william.wilson396@email.com,Las Vegas,IL,2022-09-07,Regular
4446,Christopher,Wilson,susan.moore392@email.com,Denver,NY,2021-04-27,Basic
4447,Patricia,Davis,michael.anderson214@email.com,Seattle,NY,2022-01-22,Premium
4448,Susan,Davis,william.jones81@email.com,Portland,NY,2023-01-13,Basic
4449,Lisa,Miller,emily.hernandez293@email.com,Dallas,PA,2022-05-11,Regular
4450,William,Taylor,mary.smith549@email.com,Boston,IL,2021-12-19,Basic
4451,Christopher,Davis,john.martin341@email.com,Chicago,CA,2021-07-07,Regular
4452,James,Moore,susan.martinez521@email.com,Dallas,AZ,2021-12-12,Regular
4453,Jennifer,Martin,michael.hernandez190@email.com,Boston,MA,2022-08-06,Basic
4454,Daniel,Jackson,christopher.lee147@email.com,Portland,MA,2022-08-09,Basic
4455,David,Thomas,james.lopez590@email.com,Indianapolis,CA,2021-01-20,Basic
4456,David,Thomas,christopher.wilson310@email.com,Columbus,GA,2021-12-21,Premium
4457,Patricia,Hernandez,daniel.garcia116@email.com,Los Angeles,NY,2022-02-15,Regular
4458,Susan,Williams,lisa.smith465@email.com,Denver,OH,2023-06-13,Premium
4459,Matthew,Hernandez,william.jones246@email.com,Las Vegas,NV,2022-04-24,Regular
4460,Jennifer,Miller,mary.martin122@email.com,Boston,NY,2022-08-17,Regular
4461,Elizabeth,Anderson,william.garcia395@email.com,Austin,OH,2021-02-15,Regular
4462,James,Anderson,sarah.martinez54@email.com,Austin,CA,2022-05-29,Regular
4463,Elizabeth,Miller,william.jackson598@email.com,New York,FL,2021-07-04,Basic
4464,Robert,Thomas,robert.davis812@email.com,San Jose,TX,2021-12-27,Premium
4465,Robert,Thomas,emily.anderson837@email.com,Boston,AZ,2021-07-01,Regular
4466,Robert,Jackson,sarah.martinez796@email.com,Portland,NC,2021-03-21,Regular
4467,Susan,Smith,james.martinez219@email.com,Atlanta,PA,2023-01-11,Premium
4468,Jennifer,Lopez,jane.thomas581@email.com,San Antonio,OR,2021-12-04,Premium
4469,Mary,Jones,patricia.davis674@email.com,Phoenix,GA,2022-12-26,Basic
4470,David,Martin,daniel.davis107@email.com,Columbus,NY,2023-09-07,Basic
4471,Emily,Jones,john.smith547@email.com,Columbus,GA,2022-10-12,Basic
4472,Matthew,Martinez,sarah.taylor963@email.com,San Jose,CO,2021-05-06,Basic
4473,Elizabeth,Smith,matthew.lopez942@email.com,San Antonio,CO,2021-02-25,Regular
4474,James,Taylor,emily.jones955@email.com,Phoenix,NC,2022-08-02,Regular
4475,Sarah,Lopez,sarah.williams378@email.com,Phoenix,OR,2023-09-07,Regular
4476,Mary,Hernandez,elizabeth.thomas95@email.com,Las Vegas,WA,2022-06-02,Regular
4477,Elizabeth,Davis,elizabeth.rodriguez326@email.com,San Diego,PA,2021-07-01,Regular
4478,Linda,Anderson,emily.miller372@email.com,Denver,CA,2021-10-07,Regular
4479,Mark,Anderson,william.garcia444@email.com,Dallas,IL,2022-04-30,Regular
4480,Mark,Wilson,matthew.thomas266@email.com,Fort Worth,TX,2021-11-12,Regular
4481,Patricia,Jackson,william.taylor50@email.com,Houston,OH,2022-10-28,Premium
4482,Elizabeth,Martinez,sarah.taylor199@email.com,Phoenix,NY,2022-09-12,Regular
4483,Jennifer,Hernandez,emily.smith709@email.com,Houston,NC,2023-04-13,Regular
4484,Patricia,Martin,matthew.anderson816@email.com,Philadelphia,PA,2021-01-17,Regular
4485,John,Smith,james.jones228@email.com,Portland,CA,2021-06-26,Regular
4486,Matthew,Martin,daniel.thomas464@email.com,Seattle,GA,2021-06-28,Basic
4487,Sarah,Johnson,david.martin441@email.com,Denver,CA,2021-08-22,Premium
4488,John,Jones,christopher.hernandez417@email.com,Portland,NV,2022-02-22,Regular
4489,Christopher,Jones,robert.miller480@email.com,Seattle,GA,2022-09-12,Basic
4490,David,Hernandez,john.brown286@email.com,Miami,WA,2022-04-23,Regular
4491,Jane,Martin,jane.johnson948@email.com,Chicago,GA,2022-06-21,Regular
4492,Jane,Lee,mary.jones834@email.com,Atlanta,CA,2023-10-26,Regular
4493,Robert,Lee,daniel.jackson65@email.com,Houston,WA,2023-01-22,Regular
4494,William,Martin,john.lopez334@email.com,Austin,AZ,2023-08-27,Basic
4495,Emily,Wilson,matthew.johnson38@email.com,Boston,GA,2021-05-21,Basic
4496,Jennifer,Wilson,john.jones496@email.com,San Jose,CO,2022-02-18,Regular
4497,William,Miller,emily.jones68@email.com,Seattle,AZ,2022-03-15,Regular
4498,David,Wilson,jennifer.garcia328@email.com,Austin,PA,2023-06-05,Premium
4499,Jane,Williams,daniel.miller123@email.com,San Diego,AZ,2021-12-27,Regular
4500,Jennifer,Jackson,patricia.smith619@email.com,,NV,2023-08-04,Regular
4501,Robert,Wilson,jennifer.davis991@email.com,New York,PA,2023-05-26,Regular
4502,Elizabeth,Miller,mark.brown788@email.com,New York,FL,2023-05-02,Regular
4503,Jane,Taylor,robert.wilson542@email.com,Portland,WA,2021-06-28,Regular
4504,Mary,Brown,michael.taylor169@email.com,Chicago,OH,2022-01-16,Premium
4505,Daniel,Hernandez,jane.miller125@email.com,Philadelphia,IL,2023-10-08,Regular
4506,Sarah,Martin,robert.wilson638@email.com,Atlanta,WA,2022-05-05,Regular
4507,Susan,Thomas,mary.lopez727@email.com,Charlotte,FL,2022-08-18,Basic
4508,Elizabeth,Martinez,david.moore795@email.com,Columbus,PA,2021-09-21,Premium
4509,Lisa,Williams,christopher.garcia929@email.com,Las Vegas,PA,2021-08-26,Regular
4510,Elizabeth,Garcia,john.lee661@email.com,Portland,FL,2021-08-27,Basic
4511,Christopher,Brown,emily.martin744@email.com,Philadelphia,OR,2021-11-05,Premium
4512,Lisa,Jackson,linda.davis353@email.com,Phoenix,CA,2021-02-23,Regular
4513,Matthew,Garcia,david.lopez990@email.com,San Antonio,WA,2021-12-05,Premium
4514,Jennifer,Johnson,susan.lopez848@email.com,Denver,IL,2021-06-26,Regular
4515,Jane,Lee,robert.davis152@email.com,Indianapolis,OH,2022-02-22,Regular
4516,Christopher,Taylor,emily.jones656@email.com,Portland,FL,2023-10-27,Regular
4517,Christopher,Smith,daniel.davis717@email.com,San Jose,OH,2021-06-21,Regular
4518,Patricia,Garcia,susan.miller916@email.com,San Francisco,CA,2022-04-04,Basic
4519,James,Miller,matthew.lee623@email.com,San Jose,TX,2021-03-22,Premium
4520,Elizabeth,Williams,emily.smith295@email.com,Philadelphia,OH,2021-07-08,Premium
4521,Jane,Wilson,mary.taylor708@email.com,Miami,OH,2022-08-17,Basic
4522,John,Martinez,lisa.lopez231@email.com,Philadelphia,MA,2022-09-18,Regular
4523,William,Miller,david.davis434@email.com,Austin,CO,2021-03-12,Basic
4524,Robert,Davis,patricia.williams520@email.com,Fort Worth,GA,2021-11-30,Regular
4525,Susan,Martinez,mary.johnson481@email.com,Portland,CA,2023-12-13,Basic
4526,Daniel,Moore,christopher.williams930@email.com,Charlotte,MA,2021-04-14,Regular
4527,Lisa,Williams,jane.jackson471@email.com,Las Vegas,GA,2023-12-18,Basic
4528,Mary,Thomas,jane.moore192@email.com,Indianapolis,CO,2021-05-24,Basic
4529,Mark,Johnson,christopher.lee510@email.com,Portland,NC,2023-02-17,Regular
4530,Elizabeth,Lopez,sarah.moore827@email.com,San Francisco,NC,2023-04-25,Premium
4531,Susan,Moore,emily.miller391@email.com,Chicago,FL,2022-09-11,Regular
4532,Robert,Smith,jane.brown15@email.com,Indianapolis,GA,2023-01-09,Premium
4533,Robert,Garcia,linda.brown160@email.com,Indianapolis,IL,2021-11-20,Regular
4534,Jennifer,Hernandez,christopher.brown363@email.com,Indianapolis,OR,2022-01-21,Regular
4535,Daniel,Anderson,elizabeth.davis915@email.com,Phoenix,FL,2021-08-28,Regular
4536,Emily,Wilson,elizabeth.jackson648@email.com,Phoenix,TX,2021-08-09,Regular
4537,Michael,Garcia,emily.williams987@email.com,San Antonio,WA,2021-03-15,Regular
4538,Emily,Brown,linda.anderson946@email.com,Charlotte,PA,2023-11-17,Regular
4539,Emily,Jones,william.jackson881@email.com,Indianapolis,FL,2021-11-12,Premium
4540,Matthew,Jackson,william.wilson490@email.com,Miami,CA,2021-05-24,Premium
4541,Sarah,Anderson,robert.hernandez454@email.com,Seattle,IL,2022-03-21,Premium
4542,Christopher,Taylor,william.jones149@email.com,Miami,MA,2022-01-29,Regular
4543,Jane,Williams,robert.miller708@email.com,San Francisco,FL,2022-10-20,Regular
4544,Patricia,Wilson,david.jones976@email.com,Los Angeles,GA,2023-03-15,Regular
4545,William,Miller,emily.moore18@email.com,Austin,OR,2022-02-28,Regular
4546,Elizabeth,Jones,sarah.lee300@email.com,Atlanta,FL,2021-07-12,Basic
4547,William,Miller,william.jones355@email.com,Seattle,NV,2023-06-25,Premium
4548,David,Martinez,elizabeth.martin158@email.com,San Jose,GA,2021-11-07,Regular
4549,Emily,Anderson,emily.garcia752@email.com,Chicago,OH,2022-04-24,Regular
4550,Mark,Taylor,mary.wilson59@email.com,Fort Worth,NC,2023-06-02,Basic
4551,William,Garcia,christopher.garcia841@email.com,Indianapolis,TX,2023-03-28,Basic
4552,John,Lee,susan.hernandez217@email.com,Los Angeles,NY,2023-09-29,Premium
4553,James,Martin,mary.johnson922@email.com,Fort Worth,PA,2021-04-21,Premium
4554,Daniel,Martinez,christopher.davis854@email.com,Portland,PA,2022-09-08,Basic
4555,David,Martin,linda.davis69@email.com,Chicago,OH,2021-05-22,Regular
4556,Jane,Miller,sarah.jackson57@email.com,Las Vegas,TX,2023-09-19,Regular
4557,David,Moore,william.wilson701@email.com,San Antonio,OH,2021-06-24,Regular
4558,James,Thomas,linda.rodriguez108@email.com,Portland,CA,2021-01-24,Regular
4559,Susan,Rodriguez,lisa.smith498@email.com,Las Vegas,TX,2022-03-22,Basic
4560,Jane,Miller,james.davis878@email.com,Dallas,NC,2021-07-08,Basic
4561,Susan,Smith,elizabeth.martinez791@email.com,Denver,OR,2021-08-24,Basic
4562,Jennifer,Jones,sarah.jackson332@email.com,Miami,OR,2023-11-03,Regular
4563,Linda,Thomas,david.smith910@email.com,Jacksonville,NC,2023-09-09,Basic
4564,Mark,Williams,michael.davis794@email.com,Fort Worth,OH,2022-08-19,Premium
4565,Elizabeth,Wilson,christopher.garcia411@email.com,San Jose,MA,2021-03-15,Regular
4566,Mary,Lee,jane.moore804@email.com,Charlotte,AZ,2022-10-20,Basic
4567,Michael,Davis,jennifer.wilson235@email.com,Las Vegas,OR,2021-03-03,Regular
4568,James,Moore,mark.taylor673@email.com,Denver,NY,2021-08-18,Regular
4569,Matthew,Hernandez,mary.wilson65@email.com,Boston,IL,2022-05-05,Premium
4570,Lisa,Martin,james.rodriguez810@email.com,Seattle,MA,2022-02-26,Basic
4571,Emily,Taylor,linda.johnson371@email.com,Dallas,IL,2021-11-22,Regular
4572,Matthew,Thomas,james.rodriguez583@email.com,Fort Worth,TX,2021-02-16,Regular
4573,Michael,Thomas,michael.garcia960@email.com,New York,CO,2022-05-25,Regular
4574,Matthew,Martin,michael.lopez89@email.com,Atlanta,CO,2022-07-12,Basic
4575,Emily,Johnson,patricia.rodriguez74@email.com,Austin,NV,2022-06-24,Basic
4576,Patricia,Williams,michael.martin785@email.com,Indianapolis,MA,2023-01-24,Regular
4577,Elizabeth,Martinez,james.hernandez439@email.com,Columbus,GA,2023-05-31,Regular
4578,Elizabeth,Thomas,william.smith584@email.com,Atlanta,AZ,2021-02-26,Regular
4579,Christopher,Lopez,michael.martin739@email.com,Charlotte,CO,2023-10-07,Basic
4580,Michael,Martinez,christopher.martin217@email.com,Boston,FL,2021-06-06,Regular
4581,Mary,Wilson,mark.hernandez462@email.com,Dallas,CA,2022-06-09,Basic
4582,Lisa,Lee,elizabeth.taylor367@email.com,Denver,AZ,2023-11-30,Regular
4583,Robert,Garcia,emily.johnson489@email.com,Fort Worth,AZ,2023-08-31,Basic
4584,James,Anderson,john.jones19@email.com,San Antonio,GA,2023-03-12,Basic
4585,James,Davis,william.garcia446@email.com,Atlanta,FL,2022-12-08,Regular
4586,Mary,Garcia,emily.smith73@email.com,Seattle,NV,2021-04-29,Basic
4587,Jennifer,Lee,susan.taylor99@email.com,San Diego,FL,2023-10-13,Regular
4588,Robert,Anderson,david.williams154@email.com,New York,IL,2023-07-19,Premium
4589,Susan,Thomas,jennifer.williams964@email.com,Boston,OH,2022-12-12,Regular
4590,Matthew,Wilson,robert.martin250@email.com,Charlotte,FL,2021-11-11,Basic
4591,Linda,Garcia,patricia.lee414@email.com,Phoenix,TX,2023-01-04,Regular
4592,Elizabeth,Martin,daniel.jackson581@email.com,San Antonio,MA,2023-07-30,Regular
4593,John,Brown,daniel.wilson38@email.com,Fort Worth,TX,2021-11-08,Regular
4594,Sarah,Wilson,mark.moore486@email.com,Houston,NY,2022-04-09,Regular
4595,Mary,Johnson,robert.williams169@email.com,Los Angeles,AZ,2021-06-04,Regular
4596,Daniel,Davis,patricia.taylor915@email.com,Seattle,CO,2023-02-12,Regular
4597,Lisa,Garcia,linda.davis82@email.com,Los Angeles,CA,2022-03-04,Basic
4598,Susan,Rodriguez,susan.garcia136@email.com,Denver,CA,2021-08-29,Regular
4599,Susan,Jackson,daniel.wilson692@email.com,Phoenix,GA,2023-03-19,Regular
4600,Lisa,Martinez,john.thomas983@email.com,Columbus,OH,2021-02-23,Regular
4601,Jane,Williams,james.martin987@email.com,Chicago,FL,2022-02-06,Premium
4602,James,Miller,matthew.jackson637@email.com,Fort Worth,GA,2023-10-16,Basic
4603,Christopher,Taylor,linda.jackson431@email.com,Fort Worth,CA,2023-10-29,Basic
4604,Sarah,Anderson,mary.davis861@email.com,Phoenix,CO,2021-06-07,Regular
4605,Christopher,Jackson,robert.martin922@email.com,New York,AZ,2021-07-10,Basic
4606,William,Brown,jennifer.miller119@email.com,Houston,IL,2021-04-23,Basic
4607,Elizabeth,Lopez,susan.williams646@email.com,Columbus,CO,2022-10-09,Basic
4608,Jennifer,Williams,christopher.hernandez317@email.com,Austin,CO,2023-06-20,Premium
4609,John,Brown,robert.smith977@email.com,Jacksonville,CA,2021-03-05,Basic
4610,Matthew,Moore,matthew.martin653@email.com,Austin,PA,2022-01-20,Regular
4611,Mary,Hernandez,james.garcia239@email.com,Las Vegas,IL,2023-02-16,Regular
4612,Matthew,Anderson,sarah.jones47@email.com,Charlotte,AZ,2022-02-26,Premium
4613,Matthew,Thomas,emily.brown601@email.com,Atlanta,NC,2021-05-04,Regular
4614,Daniel,Garcia,michael.lopez863@email.com,Indianapolis,TX,2023-05-20,Premium
4615,Linda,Rodriguez,john.lopez498@email.com,Columbus,CA,2023-03-29,Regular
4616,Jane,Miller,christopher.rodriguez290@email.com,Dallas,WA,2023-08-04,Regular
4617,Jennifer,Moore,mark.thomas819@email.com,Austin,FL,2021-02-16,Basic
4618,Robert,Johnson,jennifer.taylor8@email.com,San Francisco,NC,2021-01-28,Basic
4619,James,Thomas,jane.smith144@email.com,Atlanta,MA,2022-12-09,Regular
4620,Matthew,Smith,patricia.jackson476@email.com,Indianapolis,FL,2022-07-30,Basic
4621,Michael,Williams,christopher.martinez317@email.com,Fort Worth,TX,2023-04-05,Basic
4622,Sarah,Thomas,elizabeth.anderson509@email.com,Austin,NV,2023-03-24,Basic
4623,Emily,Wilson,christopher.martinez587@email.com,Austin,NV,2023-03-25,Premium
4624,Elizabeth,Hernandez,daniel.martin461@email.com,Jacksonville,FL,2022-05-18,Regular
4625,Elizabeth,Wilson,jennifer.williams430@email.com,San Francisco,AZ,2021-10-08,Basic
4626,John,Miller,robert.wilson912@email.com,Jacksonville,OH,2022-05-23,Regular
4627,Michael,Wilson,mary.anderson708@email.com,Houston,NY,2022-03-23,Regular
4628,Robert,Johnson,jane.rodriguez879@email.com,Philadelphia,OR,2023-08-03,Regular
4629,Robert,Smith,james.johnson24@email.com,Dallas,AZ,2021-05-02,Regular
4630,Patricia,Rodriguez,patricia.davis362@email.com,San Francisco,FL,2021-03-01,Regular
4631,Sarah,Brown,james.davis482@email.com,Columbus,PA,2023-10-07,Premium
4632,Robert,Jones,robert.johnson603@email.com,Dallas,FL,2021-08-10,Regular
4633,Elizabeth,Hernandez,christopher.rodriguez579@email.com,New York,NC,2022-10-14,Basic
4634,Patricia,Thomas,patricia.lee191@email.com,New York,WA,2023-12-07,Basic
4635,Michael,Taylor,daniel.thomas81@email.com,Los Angeles,FL,2021-01-19,Premium
4636,David,Thomas,sarah.martin666@email.com,Fort Worth,WA,2021-02-24,Basic
4637,John,Williams,mary.jones583@email.com,Indianapolis,NC,2023-10-12,Regular
4638,Daniel,Williams,christopher.davis329@email.com,Charlotte,NV,2021-05-15,Regular
4639,James,Jackson,robert.johnson712@email.com,Austin,OH,2022-07-16,Basic
4640,Jane,Davis,mary.martin478@email.com,Indianapolis,NV,2021-04-10,Basic
4641,Michael,Thomas,john.garcia377@email.com,Columbus,NY,2023-05-12,Basic
4642,Michael,Jones,mary.brown166@email.com,Indianapolis,TX,2022-02-10,Regular
4643,Jane,Taylor,matthew.garcia474@email.com,Phoenix,FL,2022-05-27,Basic
4644,Emily,Rodriguez,patricia.miller437@email.com,San Jose,NC,2022-01-09,Premium
4645,William,Garcia,jennifer.davis81@email.com,Atlanta,NC,2022-03-19,Basic
4646,Elizabeth,Garcia,james.lee297@email.com,Los Angeles,GA,2022-09-03,Basic
4647,Michael,Smith,matthew.lee871@email.com,Jacksonville,TX,2022-03-18,Regular
4648,Mark,Lee,elizabeth.martin782@email.com,Chicago,NY,2021-03-04,Regular
4649,Lisa,Brown,james.lee403@email.com,Columbus,NY,2023-04-12,Basic
4650,William,Garcia,mary.martinez424@email.com,Fort Worth,AZ,2022-11-23,Premium
4651,Patricia,Martinez,patricia.davis306@email.com,Jacksonville,NC,2023-12-31,Premium
4652,Christopher,Brown,james.rodriguez896@email.com,Dallas,TX,2023-10-03,Basic
4653,Daniel,Jackson,jennifer.davis315@email.com,Austin,OH,2022-08-24,Regular
4654,Christopher,Wilson,william.williams811@email.com,Houston,CO,2022-08-08,Basic
4655,Patricia,Garcia,jennifer.lee125@email.com,Phoenix,WA,2023-12-14,Regular
4656,James,Williams,christopher.martin951@email.com,Philadelphia,NV,2022-01-30,Premium
4657,John,Smith,susan.martin251@email.com,Dallas,CO,2021-12-17,Basic
4658,Christopher,Rodriguez,susan.davis854@email.com,San Jose,TX,2022-05-14,Regular
4659,Sarah,Jones,william.rodriguez593@email.com,Dallas,FL,2023-08-17,Premium
4660,Elizabeth,Thomas,daniel.martinez232@email.com,Chicago,MA,2022-11-18,Basic
4661,John,Lopez,mark.rodriguez899@email.com,Indianapolis,TX,2021-01-11,Regular
4662,Susan,Garcia,patricia.rodriguez18@email.com,Denver,MA,2023-10-07,Regular
4663,Michael,Miller,matthew.jackson176@email.com,Boston,OR,2022-01-17,Regular
4664,Mark,Johnson,david.davis49@email.com,San Francisco,CA,2021-10-19,Basic
4665,Jane,Jackson,mark.hernandez513@email.com,San Jose,GA,2023-12-11,Basic
4666,Michael,Miller,patricia.jones620@email.com,New York,PA,2022-10-28,Basic
4667,Mary,Thomas,linda.miller590@email.com,Phoenix,WA,2021-10-17,Premium
4668,Matthew,Johnson,elizabeth.moore597@email.com,San Antonio,IL,2023-02-05,Basic
4669,Sarah,Moore,william.brown256@email.com,San Antonio,MA,2022-11-23,Regular
4670,Jennifer,Brown,emily.brown991@email.com,Indianapolis,IL,2022-07-16,Regular
4671,Jennifer,Wilson,john.martin457@email.com,Columbus,GA,2022-12-31,Regular
4672,Susan,Martinez,david.johnson708@email.com,Seattle,MA,2022-10-10,Basic
4673,Michael,Thomas,emily.brown882@email.com,Columbus,WA,2021-08-19,Basic
4674,Jennifer,Johnson,linda.johnson491@email.com,New York,CA,2022-03-10,Premium
4675,Daniel,Lee,james.martinez921@email.com,,CO,2021-08-23,Regular
4676,Christopher,Smith,matthew.lopez198@email.com,San Diego,CO,2023-05-12,Basic
4677,Christopher,Johnson,jennifer.anderson380@email.com,Austin,IL,2021-02-19,Premium
4678,John,Wilson,james.taylor820@email.com,San Francisco,OH,2022-03-16,Basic
4679,Linda,Miller,mark.jones880@email.com,,NV,2022-09-29,Regular
4680,Emily,Davis,david.johnson251@email.com,Las Vegas,NY,2023-11-30,Regular
4681,Elizabeth,Lopez,john.johnson310@email.com,Chicago,FL,2021-12-05,Regular
4682,Lisa,Davis,william.martin444@email.com,Charlotte,PA,2022-04-27,Regular
4683,David,Miller,jennifer.wilson952@email.com,New York,WA,2023-05-28,Basic
4684,Christopher,Williams,michael.jones741@email.com,,TX,2023-10-13,Regular
4685,Elizabeth,Smith,susan.davis581@email.com,Columbus,AZ,2022-02-27,Basic
4686,Jennifer,Anderson,jane.smith145@email.com,San Antonio,CA,2023-09-29,Regular
4687,David,Smith,mary.brown140@email.com,Los Angeles,NY,2022-02-05,Premium
4688,Jennifer,Smith,sarah.miller752@email.com,Boston,NV,2023-03-23,Premium
4689,Mary,Hernandez,daniel.hernandez880@email.com,San Jose,AZ,2022-01-30,Regular
4690,John,Miller,christopher.lopez542@email.com,Dallas,NY,2021-10-25,Basic
4691,Elizabeth,Williams,susan.wilson195@email.com,Phoenix,FL,2022-05-08,Regular
4692,Elizabeth,Davis,james.martin346@email.com,San Antonio,MA,2023-12-26,Regular
4693,David,Brown,linda.smith569@email.com,Indianapolis,NV,2021-02-04,Regular
4694,Sarah,Garcia,patricia.williams945@email.com,Miami,CO,2021-03-08,Regular
4695,Jane,Garcia,mark.lee224@email.com,Columbus,IL,2022-06-13,Regular
4696,John,Johnson,michael.rodriguez723@email.com,Los Angeles,WA,2022-04-28,Basic
4697,Mark,Anderson,mary.jackson306@email.com,Philadelphia,CA,2023-04-23,Regular
4698,Susan,Moore,robert.rodriguez713@email.com,Los Angeles,CA,2022-06-07,Regular
4699,Christopher,Brown,james.wilson398@email.com,Portland,NC,2023-06-19,Premium
4700,Elizabeth,Hernandez,lisa.williams75@email.com,Austin,OH,2023-01-16,Basic
4701,Elizabeth,Hernandez,lisa.jackson564@email.com,Las Vegas,IL,2023-11-29,Regular
4702,Michael,Jackson,mary.johnson907@email.com,Los Angeles,IL,2022-09-30,Premium
4703,Jennifer,Miller,robert.martinez912@email.com,Seattle,NC,2023-04-27,Regular
4704,Robert,Lee,emily.miller849@email.com,Boston,IL,2023-05-13,Regular
4705,Mary,Miller,patricia.garcia956@email.com,Las Vegas,AZ,2022-07-15,Regular
4706,Robert,Jackson,david.johnson879@email.com,Seattle,OH,2023-11-26,Regular
4707,Patricia,Wilson,lisa.miller318@email.com,San Diego,CA,2023-06-02,Basic
4708,Matthew,Anderson,daniel.martinez188@email.com,New York,NC,2023-09-10,Premium
4709,David,Brown,william.anderson213@email.com,Boston,TX,2022-06-29,Basic
4710,Emily,Davis,sarah.smith309@email.com,Dallas,NY,2021-07-21,Regular
4711,Emily,Miller,lisa.thomas732@email.com,Las Vegas,CA,2023-03-16,Regular
4712,Lisa,Brown,mark.anderson517@email.com,Chicago,NC,2022-04-18,Regular
4713,Susan,Lopez,christopher.jackson852@email.com,San Antonio,CA,2023-10-03,Regular
4714,William,Hernandez,john.johnson566@email.com,Dallas,OH,2021-06-30,Basic
4715,Robert,Garcia,james.jones583@email.com,Atlanta,MA,2021-09-24,Regular
4716,Sarah,Smith,william.wilson772@email.com,Denver,WA,2021-03-21,Regular
4717,Emily,Wilson,mark.johnson157@email.com,New York,GA,2023-03-31,Regular
4718,Mark,Hernandez,michael.taylor449@email.com,Denver,FL,2022-04-12,Basic
4719,Jane,Smith,jennifer.williams477@email.com,Columbus,CO,2021-08-05,Regular
4720,Elizabeth,Wilson,william.miller39@email.com,Miami,NY,2023-07-26,Basic
4721,Daniel,Miller,jennifer.miller862@email.com,Chicago,OR,2022-11-13,Regular
4722,Elizabeth,Thomas,james.johnson159@email.com,Boston,OR,2022-12-08,Premium
4723,Michael,Davis,lisa.jackson813@email.com,San Francisco,OH,2021-12-12,Regular
4724,Jennifer,Williams,mary.johnson168@email.com,Boston,PA,2023-06-25,Regular
4725,Michael,Rodriguez,emily.jackson625@email.com,San Francisco,CO,2023-09-12,Regular
4726,William,Lee,william.anderson401@email.com,Denver,OH,2023-03-30,Premium
4727,Sarah,Lopez,james.garcia460@email.com,San Francisco,NC,2021-03-18,Basic
4728,Robert,Johnson,james.garcia204@email.com,Phoenix,WA,2021-09-07,Basic
4729,Mark,Williams,robert.jones533@email.com,Dallas,MA,2022-06-17,Basic
4730,Linda,Miller,david.lee813@email.com,Austin,GA,2023-01-04,Premium
4731,James,Anderson,lisa.smith140@email.com,,OR,2023-11-18,Premium
4732,Mary,Martinez,john.jones339@email.com,Seattle,MA,2022-09-11,Premium
4733,David,Lee,christopher.martin111@email.com,Dallas,NC,2021-01-10,Basic
4734,Lisa,Taylor,robert.miller899@email.com,Houston,CO,2023-11-17,Basic
4735,Sarah,Brown,john.davis23@email.com,San Antonio,AZ,2021-07-31,Regular
4736,Jennifer,Jackson,lisa.miller260@email.com,Jacksonville,OR,2021-08-16,Premium
4737,Susan,Martin,patricia.thomas452@email.com,Fort Worth,WA,2022-07-06,Regular
4738,Michael,Garcia,michael.brown687@email.com,Boston,OH,2022-06-03,Regular
4739,Robert,Rodriguez,patricia.thomas374@email.com,Dallas,NV,2021-06-12,Regular
4740,James,Brown,john.thomas877@email.com,Indianapolis,AZ,2023-01-28,Regular
4741,Linda,Lee,patricia.jones795@email.com,New York,WA,2023-06-19,Basic
4742,Daniel,Hernandez,linda.lee625@email.com,San Jose,WA,2022-01-01,Premium
4743,James,Wilson,mary.hernandez256@email.com,Austin,OH,2021-08-19,Premium
4744,Susan,Jones,jane.garcia285@email.com,Los Angeles,WA,2022-10-01,Basic
4745,Jennifer,Hernandez,mary.miller58@email.com,Charlotte,WA,2022-03-15,Regular
4746,Mark,Garcia,michael.garcia933@email.com,San Antonio,NY,2023-02-16,Premium
4747,David,Hernandez,lisa.martin570@email.com,Jacksonville,PA,2021-05-21,Premium
4748,Mark,Taylor,william.taylor175@email.com,Fort Worth,IL,2021-05-29,Premium
4749,Mark,Williams,lisa.smith222@email.com,Portland,NV,2023-04-29,Regular
4750,Mary,Hernandez,william.jones48@email.com,San Francisco,OR,2023-02-20,Basic
4751,James,Smith,david.jackson304@email.com,San Jose,IL,2021-08-31,Regular
4752,Patricia,Lee,daniel.williams970@email.com,,CA,2021-07-28,Regular
4753,Emily,Martin,mark.smith94@email.com,New York,OH,2022-09-21,Regular
4754,John,Thomas,daniel.garcia981@email.com,Denver,CA,2023-03-03,Regular
4755,James,Wilson,emily.jones300@email.com,Austin,CA,2021-03-05,Basic
4756,Lisa,Moore,jane.lopez60@email.com,San Francisco,AZ,2022-02-11,Basic
4757,Lisa,Davis,daniel.anderson939@email.com,Miami,NC,2023-02-08,Premium
4758,Patricia,Moore,william.jackson474@email.com,Miami,OR,2021-06-05,Basic
4759,William,Martin,sarah.taylor658@email.com,San Diego,FL,2021-07-02,Regular
4760,Mary,Smith,linda.hernandez845@email.com,Denver,GA,2023-11-24,Basic
4761,David,Davis,william.anderson109@email.com,Dallas,PA,2021-12-07,Regular
4762,James,Smith,susan.lee959@email.com,Atlanta,FL,2023-03-30,Basic
4763,Linda,Lee,emily.rodriguez52@email.com,New York,PA,2021-02-15,Basic
4764,Daniel,Brown,christopher.lopez656@email.com,Austin,NC,2022-11-13,Regular
4765,Daniel,Martinez,elizabeth.davis550@email.com,Denver,MA,2022-12-01,Regular
4766,Mary,Davis,daniel.jones808@email.com,Miami,CA,2022-11-27,Basic
4767,Jennifer,Anderson,linda.jones348@email.com,Seattle,NC,2022-07-07,Basic
4768,Linda,Davis,matthew.williams185@email.com,Los Angeles,WA,2023-02-16,Premium
4769,Elizabeth,Lee,david.hernandez614@email.com,Phoenix,NC,2022-12-20,Basic
4770,Sarah,Williams,jane.martin801@email.com,Atlanta,CO,2022-06-13,Regular
4771,Emily,Johnson,james.wilson404@email.com,Columbus,CA,2021-12-26,Premium
4772,Susan,Jones,elizabeth.martinez730@email.com,New York,NV,2023-03-27,Regular
4773,Michael,Lopez,william.moore743@email.com,Philadelphia,NY,2023-10-23,Regular
4774,William,Taylor,david.davis498@email.com,Portland,FL,2022-05-21,Basic
4775,David,Martinez,lisa.miller463@email.com,Boston,CA,2023-02-17,Regular
4776,Elizabeth,Miller,mark.williams814@email.com,Dallas,OH,2023-11-04,Basic
4777,Robert,Jones,emily.brown134@email.com,Dallas,TX,2022-06-08,Premium
4778,William,Wilson,michael.williams49@email.com,Phoenix,CO,2022-04-20,Regular
4779,Michael,Miller,sarah.moore469@email.com,Miami,GA,2023-10-21,Regular
4780,Michael,Johnson,matthew.johnson242@email.com,Los Angeles,CO,2023-07-15,Regular
4781,John,Davis,mary.jackson426@email.com,San Diego,OR,2021-07-03,Premium
4782,Matthew,Lee,susan.johnson686@email.com,Chicago,OR,2022-07-01,Premium
4783,John,Thomas,michael.thomas876@email.com,Jacksonville,MA,2021-02-25,Regular
4784,Mark,Hernandez,jane.taylor299@email.com,Indianapolis,PA,2022-02-11,Regular
4785,Mark,Jones,jane.davis613@email.com,Boston,FL,2022-08-18,Regular
4786,Christopher,Rodriguez,david.lopez107@email.com,Phoenix,OR,2022-07-13,Regular
4787,Mark,Hernandez,mark.lee633@email.com,Austin,TX,2022-10-07,Basic
4788,Robert,Johnson,william.lopez183@email.com,Indianapolis,CA,2022-07-30,Basic
4789,Jane,Moore,susan.hernandez753@email.com,Dallas,FL,2022-11-24,Regular
4790,Elizabeth,Anderson,sarah.taylor105@email.com,Boston,TX,2022-12-27,Regular
4791,William,Martinez,emily.garcia146@email.com,New York,OR,2023-04-21,Premium
4792,Elizabeth,Smith,linda.wilson767@email.com,Charlotte,CA,2023-05-19,Basic
4793,Elizabeth,Davis,william.davis226@email.com,San Antonio,IL,2021-02-28,Premium
4794,Linda,Hernandez,elizabeth.thomas187@email.com,San Jose,WA,2021-01-19,Regular
4795,David,Hernandez,emily.smith370@email.com,Phoenix,OH,2022-04-18,Regular
4796,Mary,Davis,jennifer.jones148@email.com,Los Angeles,PA,2021-01-15,Regular
4797,Christopher,Miller,sarah.wilson181@email.com,,OR,2021-06-26,Premium
4798,Lisa,Jackson,christopher.hernandez702@email.com,Houston,PA,2021-07-09,Basic
4799,Mark,Johnson,william.martin901@email.com,Denver,OH,2023-04-28,Premium
4800,Jennifer,Davis,christopher.miller931@email.com,Las Vegas,OR,2021-10-09,Regular
4801,David,Davis,robert.smith709@email.com,,IL,2021-11-08,Premium
4802,Daniel,Lee,elizabeth.miller208@email.com,Atlanta,MA,2023-10-14,Premium
4803,Matthew,Wilson,jennifer.martinez310@email.com,Charlotte,OR,2021-11-03,Basic
4804,Matthew,Moore,daniel.smith313@email.com,San Francisco,GA,2022-03-28,Premium
4805,Michael,Hernandez,matthew.moore512@email.com,San Jose,FL,2023-12-07,Basic
4806,Christopher,Garcia,matthew.lee595@email.com,Seattle,CA,2023-02-10,Regular
4807,Mary,Thomas,james.smith278@email.com,Columbus,FL,2023-08-24,Premium
4808,Matthew,Smith,daniel.smith824@email.com,Charlotte,WA,2022-07-01,Basic
4809,John,Williams,emily.smith881@email.com,Jacksonville,AZ,2021-09-15,Regular
4810,Lisa,Taylor,mary.lee700@email.com,Boston,WA,2021-07-22,Basic
4811,Susan,Williams,christopher.moore701@email.com,Jacksonville,FL,2023-07-01,Premium
4812,Emily,Miller,mary.williams627@email.com,Houston,TX,2022-03-02,Basic
4813,Matthew,Johnson,james.miller807@email.com,Atlanta,OH,2023-03-11,Premium
4814,David,Jones,daniel.taylor264@email.com,San Jose,NV,2023-12-23,Regular
4815,Daniel,Miller,susan.garcia407@email.com,Chicago,NC,2022-04-20,Basic
4816,Emily,Jones,patricia.miller164@email.com,Indianapolis,NC,2024-01-01,Basic
4817,Emily,Williams,susan.hernandez425@email.com,Columbus,CA,2023-01-23,Basic
4818,Mark,Garcia,lisa.rodriguez190@email.com,Las Vegas,CA,2021-04-24,Basic
4819,Mark,Martin,daniel.taylor486@email.com,Dallas,WA,2022-10-28,Basic
4820,David,Jackson,james.garcia164@email.com,Atlanta,OR,2023-07-13,Premium
4821,Linda,Miller,mary.martin158@email.com,Indianapolis,NV,2021-02-13,Regular
4822,Mary,Davis,john.anderson83@email.com,Las Vegas,TX,2022-02-01,Regular
4823,Jane,Moore,christopher.lopez556@email.com,Philadelphia,NC,2022-06-14,Regular
4824,Lisa,Williams,michael.jones829@email.com,San Antonio,OR,2021-03-02,Regular
4825,Linda,Anderson,susan.jones29@email.com,New York,MA,2021-06-24,Regular
4826,Lisa,Thomas,mary.martin743@email.com,Indianapolis,MA,2023-04-13,Premium
4827,Michael,Martinez,emily.jones607@email.com,Indianapolis,WA,2023-01-09,Regular
4828,William,Garcia,jennifer.brown74@email.com,Las Vegas,CO,2021-03-09,Premium
4829,Mary,Miller,james.anderson224@email.com,Phoenix,WA,2021-08-21,Regular
4830,Lisa,Davis,jane.jones606@email.com,Boston,NV,2021-05-23,Regular
4831,Jane,Anderson,james.hernandez776@email.com,Austin,WA,2022-01-23,Basic
4832,Robert,Garcia,mark.wilson239@email.com,Miami,NY,2023-04-24,Basic
4833,Matthew,Lee,patricia.davis475@email.com,Indianapolis,FL,2022-06-16,Regular
4834,Mary,Davis,david.anderson177@email.com,Fort Worth,NC,2021-02-09,Premium
4835,Christopher,Martinez,susan.martinez681@email.com,Portland,IL,2022-05-08,Regular
4836,Linda,Martinez,emily.johnson442@email.com,Indianapolis,MA,2022-07-18,Premium
4837,Daniel,Martin,christopher.williams344@email.com,Dallas,NY,2023-12-17,Regular
4838,Jane,Thomas,william.lee527@email.com,Houston,CA,2022-05-31,Regular
4839,Jane,Miller,john.jackson348@email.com,Denver,GA,2022-07-12,Premium
4840,James,Rodriguez,sarah.miller210@email.com,Columbus,TX,2022-01-22,Regular
4841,Sarah,Taylor,sarah.davis671@email.com,Philadelphia,CO,2023-08-29,Basic
4842,Matthew,Williams,elizabeth.johnson45@email.com,San Diego,OR,2023-08-08,Basic
4843,William,Lopez,william.martin548@email.com,Miami,NY,2021-03-11,Regular
4844,William,Wilson,lisa.garcia66@email.com,San Diego,OH,2021-02-01,Premium
4845,Mark,Wilson,michael.garcia871@email.com,Philadelphia,CA,2023-05-11,Premium
4846,Elizabeth,Garcia,david.brown973@email.com,Columbus,FL,2021-12-20,Regular
4847,Mark,Taylor,emily.williams382@email.com,New York,OH,2023-09-25,Basic
4848,Emily,Thomas,jennifer.moore679@email.com,Las Vegas,PA,2022-11-09,Premium
4849,Christopher,Anderson,sarah.lopez552@email.com,Miami,TX,2022-11-18,Basic
4850,Christopher,Moore,david.anderson557@email.com,Jacksonville,GA,2021-09-12,Premium
4851,Mary,Lee,patricia.jackson512@email.com,Las Vegas,CO,2022-09-17,Basic
4852,Mark,Anderson,christopher.martinez916@email.com,Seattle,MA,2022-01-07,Regular
4853,Michael,Jones,john.brown782@email.com,Fort Worth,IL,2022-12-29,Basic
4854,Matthew,Taylor,mark.brown544@email.com,Portland,CA,2022-06-07,Regular
4855,William,Smith,james.rodriguez570@email.com,Boston,FL,2022-08-07,Regular
4856,Christopher,Wilson,elizabeth.johnson399@email.com,Dallas,TX,2023-03-04,Premium
4857,Lisa,Anderson,jennifer.martinez769@email.com,Philadelphia,GA,2023-05-27,Premium
4858,Matthew,Williams,david.smith44@email.com,Charlotte,MA,2022-11-06,Basic
4859,Christopher,Martinez,christopher.garcia584@email.com,Columbus,TX,2022-08-25,Basic
4860,Mary,Lee,matthew.taylor453@email.com,San Francisco,FL,2021-10-11,Basic
4861,Mary,Jackson,matthew.taylor251@email.com,San Jose,NV,2021-06-23,Regular
4862,Linda,Jones,james.moore336@email.com,Indianapolis,CA,2023-09-02,Basic
4863,Linda,Jackson,christopher.wilson289@email.com,San Antonio,GA,2022-12-26,Premium
4864,Susan,Garcia,christopher.martinez794@email.com,,OR,2023-06-11,Regular
4865,John,Rodriguez,sarah.lee446@email.com,,TX,2021-09-25,Regular
4866,Matthew,Wilson,david.miller304@email.com,San Antonio,CA,2023-08-31,Regular
4867,David,Thomas,emily.brown626@email.com,Portland,OH,2022-12-04,Regular
4868,Daniel,Martinez,david.anderson829@email.com,New York,WA,2021-12-12,Premium
4869,Emily,Thomas,david.garcia77@email.com,Fort Worth,OR,2023-10-23,Regular
4870,Lisa,Martinez,robert.garcia18@email.com,Fort Worth,NC,2021-01-16,Basic
4871,Michael,Wilson,jennifer.williams47@email.com,Philadelphia,PA,2021-01-25,Regular
4872,Matthew,Jackson,jennifer.garcia627@email.com,Denver,AZ,2021-08-18,Premium
4873,William,Lee,william.jackson223@email.com,San Antonio,WA,2023-04-30,Premium
4874,Robert,Taylor,sarah.martinez751@email.com,Atlanta,NY,2021-05-17,Regular
4875,David,Williams,linda.moore940@email.com,Miami,GA,2023-07-05,Regular
4876,Emily,Hernandez,mark.brown93@email.com,Atlanta,OR,2022-02-24,Regular
4877,Emily,Jones,linda.lee458@email.com,Chicago,NY,2022-07-09,Regular
4878,Mary,Taylor,david.anderson603@email.com,Jacksonville,AZ,2022-09-19,Regular
4879,Susan,Miller,susan.lee628@email.com,Chicago,MA,2023-08-03,Regular
4880,Sarah,Jones,william.martin708@email.com,Indianapolis,WA,2022-08-06,Basic
4881,Lisa,Miller,matthew.brown668@email.com,Chicago,OR,2022-10-16,Regular
4882,Patricia,Smith,emily.moore716@email.com,Charlotte,NY,2022-01-13,Regular
4883,James,Smith,robert.brown754@email.com,Seattle,TX,2022-04-25,Basic
4884,Sarah,Moore,elizabeth.smith59@email.com,Indianapolis,OH,2022-10-04,Premium
4885,Linda,Lopez,lisa.anderson433@email.com,Phoenix,CO,2021-08-29,Premium
4886,Linda,Taylor,patricia.smith756@email.com,San Jose,IL,2023-04-19,Basic
4887,Linda,Wilson,emily.smith64@email.com,Phoenix,WA,2022-03-12,Regular
4888,Robert,Anderson,john.lopez959@email.com,Fort Worth,PA,2022-04-12,Regular
4889,Mark,Wilson,robert.garcia553@email.com,Jacksonville,MA,2021-11-29,Premium
4890,Emily,Lopez,james.miller558@email.com,Austin,AZ,2023-05-16,Regular
4891,Patricia,Wilson,christopher.miller894@email.com,Denver,PA,2022-07-25,Regular
4892,John,Taylor,sarah.smith330@email.com,San Jose,NC,2023-11-20,Premium
4893,Lisa,Martinez,jane.hernandez830@email.com,Columbus,GA,2023-09-24,Regular
4894,Jane,Martin,emily.rodriguez251@email.com,Boston,PA,2021-07-06,Regular
4895,David,Williams,matthew.davis564@email.com,Seattle,NC,2021-04-05,Regular
4896,Mark,Anderson,john.lopez567@email.com,Denver,TX,2021-04-19,Premium
4897,Mark,Johnson,emily.anderson863@email.com,New York,PA,2021-07-05,Premium
4898,Emily,Brown,susan.garcia676@email.com,Columbus,MA,2023-07-01,Regular
4899,David,Wilson,mark.lee64@email.com,Phoenix,FL,2021-01-27,Premium
4900,Matthew,Martin,jane.thomas408@email.com,,NV,2023-08-11,Basic
4901,Jane,Garcia,elizabeth.anderson168@email.com,Phoenix,OR,2021-07-31,Premium
4902,Mark,Miller,daniel.anderson956@email.com,Charlotte,OR,2021-09-14,Regular
4903,David,Anderson,lisa.davis182@email.com,Las Vegas,TX,2022-08-05,Premium
4904,Jane,Rodriguez,elizabeth.miller904@email.com,Phoenix,CO,2022-11-23,Regular
4905,Emily,Lopez,matthew.lee915@email.com,San Diego,WA,2023-07-08,Basic
4906,William,Moore,christopher.miller220@email.com,Miami,NV,2023-04-10,Premium
4907,Emily,Taylor,linda.anderson922@email.com,San Francisco,WA,2021-06-03,Basic
4908,Matthew,Lopez,michael.moore345@email.com,Houston,NC,2022-05-06,Regular
4909,Christopher,Johnson,sarah.jackson935@email.com,Charlotte,GA,2021-03-25,Basic
4910,Susan,Wilson,christopher.garcia408@email.com,Boston,OR,2022-07-09,Regular
4911,Mark,Anderson,daniel.brown254@email.com,Indianapolis,CA,2022-09-10,Basic
4912,John,Davis,patricia.jackson313@email.com,Denver,IL,2022-08-01,Regular
4913,Jennifer,Davis,sarah.smith997@email.com,New York,OH,2021-07-04,Regular
4914,Michael,Taylor,michael.miller159@email.com,Phoenix,OR,2022-08-14,Premium
4915,Robert,Johnson,matthew.garcia206@email.com,Philadelphia,AZ,2021-12-22,Premium
4916,Daniel,Lopez,lisa.lee157@email.com,San Diego,MA,2022-05-18,Basic
4917,Susan,Smith,sarah.jackson870@email.com,San Francisco,TX,2022-10-04,Regular
4918,Linda,Jones,matthew.davis358@email.com,Atlanta,WA,2022-12-20,Regular
4919,Linda,Rodriguez,emily.thomas755@email.com,Denver,CO,2021-11-03,Basic
4920,Emily,Lee,susan.williams542@email.com,Los Angeles,IL,2022-02-18,Regular
4921,Lisa,Thomas,linda.hernandez726@email.com,Los Angeles,IL,2022-03-13,Basic
4922,Patricia,Jones,john.wilson976@email.com,Portland,NV,2023-09-17,Basic
4923,Susan,Rodriguez,linda.taylor395@email.com,Columbus,PA,2021-12-13,Regular
4924,David,Davis,sarah.johnson433@email.com,Austin,GA,2024-01-01,Basic
4925,Mark,Lee,mary.martin172@email.com,Dallas,NV,2023-08-25,Premium
4926,Emily,Martin,john.jackson536@email.com,Portland,PA,2023-01-06,Regular
4927,Susan,Garcia,sarah.rodriguez254@email.com,Seattle,CA,2023-04-11,Regular
4928,Matthew,Smith,michael.lee131@email.com,Miami,OH,2023-10-05,Regular
4929,William,Brown,daniel.lee456@email.com,Miami,GA,2021-09-13,Basic
4930,Emily,Williams,patricia.brown472@email.com,Charlotte,AZ,2022-03-03,Basic
4931,James,Wilson,matthew.brown361@email.com,Los Angeles,CA,2021-04-09,Regular
4932,Daniel,Wilson,mark.anderson594@email.com,Atlanta,OR,2021-10-11,Regular
4933,Susan,Martin,elizabeth.davis555@email.com,Seattle,WA,2023-04-30,Basic
4934,Mark,Williams,jennifer.lopez677@email.com,Dallas,MA,2022-10-30,Regular
4935,Michael,Moore,linda.garcia753@email.com,Charlotte,MA,2023-02-14,Regular
4936,Lisa,Miller,john.jones719@email.com,Charlotte,IL,2022-07-15,Regular
4937,Christopher,Anderson,christopher.wilson378@email.com,Denver,PA,2023-07-24,Basic
4938,Christopher,Garcia,christopher.jackson394@email.com,Austin,NC,2023-08-26,Regular
4939,David,Anderson,emily.lee891@email.com,Portland,NV,2021-07-16,Basic
4940,Sarah,Rodriguez,mary.martin850@email.com,Dallas,NV,2021-06-19,Basic
4941,John,Martinez,sarah.jones332@email.com,Chicago,CA,2022-12-01,Regular
4942,Robert,Moore,daniel.miller316@email.com,Miami,CO,2023-11-27,Regular
4943,Matthew,Jackson,susan.moore608@email.com,Charlotte,MA,2021-09-24,Basic
4944,Matthew,Wilson,mark.garcia352@email.com,Columbus,OR,2021-05-13,Regular
4945,Patricia,Martin,james.davis617@email.com,San Francisco,NV,2023-12-11,Basic
4946,David,Martinez,william.anderson644@email.com,Austin,OR,2023-08-18,Basic
4947,Susan,Anderson,john.thomas756@email.com,Austin,AZ,2021-03-18,Regular
4948,Sarah,Williams,jennifer.jones594@email.com,San Antonio,OR,2023-12-05,Basic
4949,Emily,Brown,susan.smith456@email.com,Denver,OH,2022-07-23,Basic
4950,Linda,Martin,william.taylor147@email.com,Indianapolis,OR,2021-05-30,Basic
4951,Susan,Lopez,susan.anderson434@email.com,Chicago,FL,2021-01-05,Regular
4952,Susan,Jones,mark.martinez65@email.com,Seattle,NV,2023-09-26,Premium
4953,Jane,Rodriguez,daniel.martin634@email.com,Seattle,IL,2021-09-05,Regular
4954,Elizabeth,Miller,christopher.taylor23@email.com,Boston,NV,2021-08-26,Regular
4955,Matthew,Wilson,elizabeth.smith567@email.com,Atlanta,NV,2023-05-04,Regular
4956,Sarah,Martinez,susan.thomas315@email.com,Los Angeles,CA,2021-09-02,Basic
4957,Michael,Smith,linda.rodriguez573@email.com,Charlotte,OR,2021-06-05,Regular
4958,Linda,Garcia,mary.lee872@email.com,Las Vegas,MA,2022-09-08,Regular
4959,David,Taylor,mark.martinez416@email.com,San Antonio,IL,2023-04-02,Premium
4960,Susan,Smith,william.williams977@email.com,Charlotte,MA,2022-06-12,Basic
4961,Elizabeth,Brown,matthew.miller822@email.com,Indianapolis,TX,2022-06-06,Regular
4962,John,Williams,susan.moore868@email.com,Chicago,FL,2023-02-21,Regular
4963,Patricia,Anderson,jennifer.brown421@email.com,Jacksonville,GA,2021-06-17,Regular
4964,Matthew,Moore,daniel.davis296@email.com,Denver,NY,2021-07-31,Basic
4965,Patricia,Anderson,daniel.moore967@email.com,Chicago,CA,2023-10-31,Regular
4966,Mary,Martinez,james.miller409@email.com,Austin,MA,2022-05-09,Regular
4967,Jane,Anderson,mark.jackson828@email.com,San Francisco,NC,2021-05-04,Basic
4968,Matthew,Garcia,elizabeth.brown390@email.com,Boston,FL,2023-07-26,Basic
4969,Patricia,Garcia,jennifer.martin547@email.com,Los Angeles,TX,2023-01-14,Basic
4970,Lisa,Lopez,john.rodriguez297@email.com,Seattle,WA,2022-09-14,Regular
4971,Linda,Garcia,james.smith812@email.com,Denver,WA,2021-12-20,Regular
4972,Christopher,Jones,susan.garcia679@email.com,San Jose,AZ,2022-09-11,Basic
4973,Mary,Miller,matthew.wilson897@email.com,Jacksonville,PA,2023-09-30,Regular
4974,Mark,Taylor,john.hernandez989@email.com,Indianapolis,AZ,2022-03-12,Basic
4975,Mark,Garcia,emily.brown856@email.com,Boston,CA,2023-11-24,Regular
4976,Sarah,Moore,jane.garcia409@email.com,Portland,OR,2022-11-21,Regular
4977,Patricia,Brown,david.thomas41@email.com,Miami,TX,2022-01-14,Premium
4978,David,Thomas,christopher.wilson297@email.com,Fort Worth,MA,2022-05-09,Regular
4979,William,Martin,elizabeth.lee924@email.com,Philadelphia,GA,2023-10-15,Premium
4980,Linda,Miller,jane.smith861@email.com,Fort Worth,NC,2023-09-16,Premium
4981,Lisa,Garcia,elizabeth.garcia278@email.com,Seattle,AZ,2022-08-22,Basic
4982,Michael,Miller,elizabeth.rodriguez368@email.com,San Antonio,PA,2023-10-12,Regular
4983,Jennifer,Johnson,matthew.brown789@email.com,Indianapolis,TX,2023-07-28,Regular
4984,Susan,Garcia,lisa.smith570@email.com,Dallas,CA,2021-01-10,Basic
4985,Elizabeth,Miller,elizabeth.martin569@email.com,Seattle,PA,2021-04-26,Regular
4986,Patricia,Rodriguez,robert.johnson338@email.com,Indianapolis,FL,2023-08-19,Premium
4987,William,Anderson,linda.martinez683@email.com,Charlotte,TX,2021-09-05,Basic
4988,Robert,Thomas,elizabeth.jackson243@email.com,Columbus,GA,2021-10-29,Regular
4989,John,Lee,susan.lee755@email.com,San Antonio,NY,2022-11-29,Basic
4990,John,Brown,linda.rodriguez854@email.com,Indianapolis,WA,2022-05-12,Basic
4991,Mark,Garcia,sarah.jackson356@email.com,New York,TX,2021-12-20,Basic
4992,Matthew,Williams,patricia.davis15@email.com,Phoenix,NY,2022-11-16,Regular
4993,Sarah,Martinez,david.thomas808@email.com,New York,NV,2021-07-14,Regular
4994,Matthew,Williams,mary.smith49@email.com,Atlanta,GA,2021-11-18,Regular
4995,John,Wilson,john.miller48@email.com,San Francisco,GA,2021-06-27,Premium
4996,Christopher,Brown,mary.wilson779@email.com,Fort Worth,OH,2021-03-05,Basic
4997,Robert,Rodriguez,christopher.brown607@email.com,Chicago,WA,2021-12-01,Premium
4998,James,Williams,susan.lopez661@email.com,Phoenix,FL,2021-12-06,Regular
4999,Patricia,Hernandez,robert.smith934@email.com,San Diego,NC,2023-04-12,Basic
5000,Mary,Smith,mary.wilson300@email.com,Denver,CO,2023-09-17,Regular
