order_id,customer_id,order_date,status,payment_method,shipping_cost
1,3227,2022-05-26,Completed,Debit Card,5.99
2,2757,2022-05-04,Completed,Credit Card,0.0
3,4721,2022-08-09,Cancelled,Credit Card,5.99
4,4068,2023-06-30,Completed,Debit Card,0.0
5,1453,2023-11-10,Cancelled,Credit Card,9.99
6,4005,2022-12-17,Completed,Debit Card,5.99
7,3275,2021-10-07,Completed,Cash,9.99
8,3779,2022-06-28,Completed,Credit Card,14.99
9,3504,2023-11-08,Completed,Debit Card,5.99
10,4258,2022-08-10,Completed,Credit Card,5.99
11,4034,2022-08-13,Completed,Credit Card,5.99
12,3902,2023-07-22,Completed,Credit Card,0.0
13,3999,2021-01-13,Completed,Credit Card,14.99
14,3000,2022-08-11,Completed,Credit Card,5.99
15,4653,2021-08-31,Completed,Credit Card,0.0
16,1718,2022-09-30,Completed,PayPal,9.99
17,2957,2023-02-01,Completed,Debit Card,0.0
18,4580,2021-03-14,Completed,Cash,0.0
19,3483,2022-11-05,Completed,Debit Card,5.99
20,590,2023-03-01,Cancelled,Credit Card,5.99
21,1710,2022-03-11,Completed,Credit Card,5.99
22,2529,2022-02-06,Completed,Credit Card,5.99
23,732,2023-09-15,Returned,Credit Card,0.0
24,3978,2021-03-24,Completed,Debit Card,5.99
25,2105,2023-05-26,Pending,Debit Card,5.99
26,4880,2022-11-17,Completed,Credit Card,14.99
27,598,2021-08-05,Completed,Credit Card,0.0
28,4791,2021-05-15,Completed,Credit Card,0.0
29,2835,2023-12-07,Completed,Credit Card,14.99
30,1803,2021-08-02,Completed,Credit Card,14.99
31,4550,2023-03-18,Completed,PayPal,9.99
32,193,2021-09-05,Completed,Credit Card,0.0
33,4487,2022-02-10,Completed,Debit Card,5.99
34,4460,2024-01-01,Completed,Credit Card,5.99
35,2440,2023-06-22,Completed,Credit Card,9.99
36,1468,2023-01-16,Completed,PayPal,0.0
37,3542,2022-12-15,Completed,Debit Card,0.0
38,4026,2022-10-30,Returned,Credit Card,5.99
39,1068,2022-07-27,Completed,PayPal,0.0
40,1573,2021-12-01,Pending,Credit Card,5.99
41,1643,2021-12-31,Completed,Credit Card,9.99
42,4980,2023-12-11,Completed,PayPal,9.99
43,4972,2021-07-31,Completed,Debit Card,5.99
44,107,2022-01-27,Completed,Credit Card,9.99
45,4015,2022-05-20,Completed,Credit Card,0.0
46,3327,2021-11-07,Completed,PayPal,0.0
47,942,2022-08-15,Completed,Credit Card,5.99
48,2977,2021-06-06,Completed,Credit Card,0.0
49,226,2023-08-01,Completed,Debit Card,0.0
50,272,2023-08-05,Completed,Cash,5.99
51,770,2021-06-28,Completed,Credit Card,14.99
52,615,2021-06-15,Completed,PayPal,14.99
53,672,2023-12-01,Completed,Debit Card,5.99
54,1835,2021-01-12,Completed,Credit Card,0.0
55,4996,2021-08-10,Completed,Debit Card,0.0
56,871,2023-02-12,Completed,Cash,5.99
57,2739,2023-06-24,Completed,Credit Card,0.0
58,2523,2023-08-02,Completed,Credit Card,0.0
59,4307,2022-08-27,Completed,Cash,5.99
60,2,2022-02-01,Completed,Debit Card,5.99
61,2522,2023-02-16,Pending,Credit Card,0.0
62,2319,2021-04-16,Pending,Debit Card,9.99
63,1503,2022-06-25,Completed,Debit Card,9.99
64,1629,2024-01-23,Completed,PayPal,5.99
65,3381,2021-01-06,Completed,Cash,0.0
66,2058,2023-12-01,Completed,Credit Card,14.99
67,4092,2022-11-11,Completed,Credit Card,5.99
68,1281,2021-11-14,Completed,Debit Card,0.0
69,612,2023-06-18,Pending,Credit Card,5.99
70,2143,2021-07-23,Completed,Debit Card,5.99
71,4793,2022-06-13,Completed,Credit Card,5.99
72,4946,2022-04-03,Completed,Credit Card,5.99
73,105,2023-05-02,Completed,Credit Card,5.99
74,713,2022-07-10,Completed,Debit Card,9.99
75,21,2023-08-22,Returned,PayPal,5.99
76,4298,2022-06-02,Completed,Credit Card,0.0
77,3226,2022-02-25,Completed,Credit Card,0.0
78,797,2022-09-19,Completed,Credit Card,5.99
79,3150,2023-09-10,Completed,PayPal,5.99
80,2049,2023-03-11,Completed,Credit Card,0.0
81,3771,2023-11-25,Completed,Debit Card,5.99
82,4962,2023-12-29,Completed,Debit Card,0.0
83,152,2022-03-11,Completed,Credit Card,9.99
84,2555,2023-11-02,Completed,PayPal,9.99
85,4939,2023-05-06,Completed,Credit Card,0.0
86,4676,2021-06-16,Completed,Debit Card,5.99
87,734,2023-03-12,Completed,Credit Card,14.99
88,2807,2021-07-05,Completed,Credit Card,0.0
89,3943,2023-12-15,Completed,Debit Card,14.99
90,1837,2023-09-12,Completed,Credit Card,5.99
91,4345,2023-07-30,Completed,Debit Card,5.99
92,220,2023-02-24,Completed,Debit Card,0.0
93,3125,2022-09-21,Completed,Debit Card,9.99
94,3721,2022-10-10,Completed,Credit Card,5.99
95,4689,2023-12-09,Completed,Debit Card,9.99
96,3121,2021-04-25,Completed,Debit Card,9.99
97,3783,2024-01-11,Completed,Credit Card,5.99
98,1894,2022-08-23,Completed,Debit Card,0.0
99,3172,2022-01-23,Completed,Cash,0.0
100,3704,2021-06-16,Completed,Credit Card,0.0
101,1487,2023-04-29,Completed,Cash,9.99
102,300,2022-10-14,Completed,Credit Card,0.0
103,4785,2021-11-29,Completed,Credit Card,5.99
104,3231,2021-05-18,Completed,Credit Card,5.99
105,969,2023-07-05,Completed,Debit Card,9.99
106,370,2021-03-16,Completed,Credit Card,5.99
107,1485,2021-02-26,Completed,PayPal,14.99
108,1587,2022-10-20,Completed,PayPal,9.99
109,3753,2022-02-01,Completed,Debit Card,9.99
110,1485,2021-05-13,Returned,Credit Card,0.0
111,3542,2021-10-02,Returned,Cash,0.0
112,2504,2023-05-10,Cancelled,PayPal,0.0
113,1833,2021-02-10,Completed,Credit Card,5.99
114,1421,2023-01-29,Completed,Debit Card,9.99
115,469,2022-10-15,Completed,Debit Card,0.0
116,2981,2023-10-01,Completed,Debit Card,0.0
117,4170,2022-09-05,Completed,Credit Card,5.99
118,3170,2021-05-08,Completed,Credit Card,0.0
119,4650,2021-10-14,Completed,Credit Card,5.99
120,4636,2023-12-25,Completed,Credit Card,0.0
121,3595,2022-09-11,Completed,Debit Card,5.99
122,1297,2022-11-20,Pending,Cash,5.99
123,2187,2023-01-23,Completed,Cash,5.99
124,2975,2024-01-07,Completed,Debit Card,0.0
125,3842,2023-06-24,Pending,Debit Card,0.0
126,849,2023-05-18,Completed,Credit Card,9.99
127,2983,2022-10-20,Completed,Debit Card,9.99
128,2965,2023-02-06,Completed,Credit Card,5.99
129,3637,2021-07-12,Completed,Credit Card,5.99
130,1602,2021-12-16,Cancelled,Debit Card,0.0
131,1286,2023-05-02,Completed,Credit Card,9.99
132,4006,2023-11-23,Completed,Credit Card,9.99
133,3825,2021-07-05,Completed,PayPal,5.99
134,59,2022-04-11,Completed,Credit Card,14.99
135,972,2021-03-13,Returned,Credit Card,0.0
136,948,2023-10-13,Completed,Credit Card,5.99
137,2750,2023-11-28,Completed,Credit Card,14.99
138,2526,2022-05-11,Completed,Credit Card,5.99
139,786,2023-07-13,Completed,PayPal,0.0
140,3822,2022-03-06,Pending,Credit Card,9.99
141,4089,2021-08-12,Completed,PayPal,0.0
142,1685,2023-12-02,Completed,Credit Card,9.99
143,1499,2022-05-11,Completed,Credit Card,0.0
144,3390,2022-12-15,Completed,Debit Card,5.99
145,38,2022-09-21,Completed,Debit Card,5.99
146,4803,2021-08-12,Cancelled,Debit Card,0.0
147,3474,2021-12-17,Completed,Cash,9.99
148,4162,2022-04-29,Cancelled,Credit Card,9.99
149,2788,2022-06-20,Completed,Credit Card,5.99
150,3329,2022-11-03,Completed,PayPal,0.0
151,4165,2021-12-20,Completed,Credit Card,9.99
152,4521,2022-02-18,Completed,Credit Card,9.99
153,4392,2021-12-28,Pending,Credit Card,9.99
154,4509,2023-01-28,Completed,Debit Card,5.99
155,3442,2023-11-24,Completed,Credit Card,0.0
156,515,2021-04-25,Completed,Credit Card,9.99
157,287,2022-01-06,Completed,Credit Card,9.99
158,4291,2022-08-15,Completed,Debit Card,5.99
159,2811,2022-12-13,Completed,Credit Card,5.99
160,4956,2022-10-16,Completed,Credit Card,5.99
161,3886,2023-10-21,Completed,,9.99
162,1643,2021-06-08,Completed,Cash,9.99
163,2841,2021-07-28,Completed,Debit Card,9.99
164,4104,2023-02-24,Completed,PayPal,5.99
165,3101,2022-01-02,Completed,Credit Card,5.99
166,3923,2023-08-11,Returned,Credit Card,9.99
167,4843,2022-07-07,Completed,Credit Card,0.0
168,2404,2022-03-02,Completed,PayPal,5.99
169,1742,2022-11-13,Completed,Credit Card,5.99
170,1594,2021-07-30,Completed,PayPal,14.99
171,3365,2022-08-03,Completed,Cash,0.0
172,2244,2021-09-15,Completed,Credit Card,0.0
173,2225,2023-11-20,Completed,Credit Card,0.0
174,4065,2023-04-24,Completed,Credit Card,5.99
175,419,2022-02-16,Completed,Credit Card,0.0
176,1379,2021-10-02,Completed,Credit Card,5.99
177,3135,2023-10-13,Cancelled,PayPal,9.99
178,1645,2021-04-23,Completed,Credit Card,5.99
179,1232,2021-11-12,Completed,Credit Card,0.0
180,4015,2022-02-25,Pending,Credit Card,9.99
181,3241,2021-07-24,Completed,Cash,5.99
182,4037,2023-08-10,Completed,Debit Card,0.0
183,3476,2022-06-10,Completed,Cash,5.99
184,2873,2021-03-10,Pending,Cash,9.99
185,4871,2021-09-23,Completed,Credit Card,9.99
186,3226,2023-12-11,Pending,Credit Card,5.99
187,2162,2021-06-02,Completed,Credit Card,0.0
188,2743,2021-04-02,Completed,Credit Card,9.99
189,4246,2023-02-18,Pending,Debit Card,5.99
190,3641,2021-01-06,Completed,Credit Card,9.99
191,3173,2023-09-20,Completed,Credit Card,5.99
192,3155,2023-03-06,Completed,Debit Card,0.0
193,2125,2022-04-21,Completed,Debit Card,0.0
194,4779,2022-08-31,Pending,Debit Card,0.0
195,2172,2022-07-15,Completed,Credit Card,0.0
196,3626,2022-03-02,Completed,PayPal,0.0
197,642,2022-03-02,Completed,Debit Card,5.99
198,2858,2022-07-28,Completed,Credit Card,5.99
199,2897,2023-05-01,Completed,PayPal,5.99
200,1955,2021-01-05,Completed,Cash,5.99
201,2254,2022-01-07,Completed,Credit Card,9.99
202,3632,2023-02-08,Returned,Credit Card,14.99
203,2071,2022-03-03,Completed,Credit Card,0.0
204,2620,2022-05-19,Completed,Credit Card,5.99
205,296,2023-01-21,Returned,PayPal,0.0
206,1063,2023-03-27,Completed,Credit Card,0.0
207,2075,2022-07-23,Completed,PayPal,5.99
208,193,2021-06-01,Completed,Debit Card,5.99
209,2987,2023-04-07,Cancelled,Debit Card,9.99
210,1978,2022-01-03,Completed,Credit Card,5.99
211,3627,2024-01-26,Pending,Credit Card,0.0
212,4057,2023-10-12,Completed,Credit Card,9.99
213,1390,2021-03-19,Completed,Credit Card,0.0
214,4920,2021-12-17,Completed,Credit Card,0.0
215,46,2022-11-09,Completed,PayPal,0.0
216,4581,2021-11-05,Completed,Credit Card,14.99
217,2236,2021-07-13,Completed,PayPal,5.99
218,4295,2023-01-08,Completed,Credit Card,5.99
219,3264,2021-06-30,Completed,PayPal,9.99
220,2580,2022-07-05,Completed,Cash,5.99
221,1860,2022-04-12,Completed,Credit Card,9.99
222,2120,2022-12-20,Completed,PayPal,5.99
223,2727,2021-07-15,Completed,Debit Card,14.99
224,222,2023-08-31,Completed,PayPal,9.99
225,1942,2021-09-25,Completed,Debit Card,5.99
226,3613,2022-02-10,Completed,Credit Card,5.99
227,2863,2023-02-20,Completed,Credit Card,14.99
228,2291,2023-11-06,Cancelled,Credit Card,5.99
229,4539,2023-01-20,Completed,Debit Card,5.99
230,267,2021-03-31,Completed,Cash,9.99
231,3949,2022-06-24,Completed,Debit Card,5.99
232,4301,2022-10-01,Completed,Credit Card,0.0
233,60,2024-01-03,Completed,PayPal,5.99
234,3069,2023-01-15,Completed,PayPal,5.99
235,1881,2021-12-14,Completed,Credit Card,0.0
236,4359,2023-03-07,Completed,Credit Card,5.99
237,1769,2021-04-16,Completed,Credit Card,9.99
238,1628,2021-10-18,Completed,PayPal,0.0
239,4372,2022-05-19,Completed,PayPal,0.0
240,3047,2022-11-15,Completed,Credit Card,9.99
241,3301,2022-08-12,Returned,Credit Card,5.99
242,4755,2023-08-22,Completed,PayPal,0.0
243,1545,2021-11-11,Completed,Cash,9.99
244,1529,2021-12-12,Pending,PayPal,5.99
245,4974,2022-06-10,Completed,Debit Card,5.99
246,991,2021-03-14,Completed,Credit Card,5.99
247,2029,2022-10-17,Completed,Debit Card,0.0
248,3335,2023-01-08,Cancelled,Credit Card,9.99
249,4923,2022-05-01,Completed,PayPal,5.99
250,3112,2021-04-04,Completed,Credit Card,5.99
251,2482,2023-04-11,Completed,PayPal,9.99
252,4300,2021-06-07,Returned,Credit Card,0.0
253,352,2021-08-26,Completed,PayPal,0.0
254,2267,2022-04-08,Completed,Credit Card,0.0
255,240,2021-02-04,Cancelled,Credit Card,0.0
256,3889,2021-01-09,Completed,Debit Card,5.99
257,1814,2022-06-30,Completed,Credit Card,5.99
258,3757,2023-01-19,Completed,Cash,0.0
259,1713,2023-12-24,Completed,Debit Card,0.0
260,454,2021-10-04,Cancelled,Debit Card,0.0
261,2252,2023-08-28,Completed,PayPal,14.99
262,716,2023-01-16,Completed,PayPal,5.99
263,2882,2021-12-05,Completed,Debit Card,5.99
264,11,2022-02-07,Completed,Cash,5.99
265,3165,2022-07-03,Returned,Credit Card,5.99
266,1790,2021-04-16,Completed,Credit Card,0.0
267,1448,2023-11-04,Completed,Debit Card,14.99
268,2110,2023-10-05,Completed,Credit Card,9.99
269,241,2021-03-15,Cancelled,Credit Card,5.99
270,2575,2023-02-06,Completed,Credit Card,5.99
271,847,2023-05-08,Completed,Credit Card,5.99
272,376,2022-04-07,Completed,PayPal,0.0
273,1157,2022-03-25,Completed,Debit Card,0.0
274,3340,2022-11-16,Completed,Cash,5.99
275,2958,2023-01-20,Completed,PayPal,0.0
276,4232,2023-01-03,Completed,Credit Card,0.0
277,1888,2023-04-03,Completed,Credit Card,5.99
278,4367,2022-05-07,Completed,Credit Card,14.99
279,3703,2023-11-09,Pending,PayPal,14.99
280,4764,2023-01-30,Completed,Credit Card,0.0
281,3538,2021-05-10,Returned,Credit Card,0.0
282,1688,2023-12-13,Completed,Cash,5.99
283,1656,2021-11-12,Completed,Debit Card,9.99
284,2387,2022-06-18,Cancelled,Credit Card,14.99
285,3233,2022-03-06,Completed,Credit Card,9.99
286,3828,2023-06-18,Completed,PayPal,5.99
287,2304,2022-09-01,Returned,PayPal,0.0
288,3499,2023-12-22,Completed,Credit Card,0.0
289,2183,2023-03-09,Completed,Credit Card,0.0
290,3229,2021-03-28,Completed,PayPal,5.99
291,3538,2021-03-31,Completed,PayPal,0.0
292,306,2022-12-09,Completed,PayPal,9.99
293,2029,2023-01-07,Completed,Debit Card,9.99
294,1790,2023-09-28,Completed,Cash,0.0
295,1119,2022-03-04,Completed,Credit Card,14.99
296,3979,2022-02-19,Completed,Credit Card,5.99
297,1611,2023-12-11,Completed,Debit Card,14.99
298,4673,2021-01-07,Completed,Debit Card,14.99
299,3888,2023-08-02,Completed,PayPal,0.0
300,2167,2021-09-15,Completed,Credit Card,5.99
301,914,2023-04-12,Completed,PayPal,0.0
302,2750,2023-03-07,Completed,Credit Card,9.99
303,4872,2021-01-02,Completed,Debit Card,5.99
304,1202,2022-08-15,Cancelled,,14.99
305,440,2021-01-21,Completed,Debit Card,0.0
306,4716,2022-09-15,Completed,Debit Card,5.99
307,2324,2022-05-31,Completed,Credit Card,14.99
308,572,2023-07-23,Completed,Credit Card,5.99
309,438,2023-01-29,Cancelled,Debit Card,0.0
310,728,2021-02-23,Cancelled,PayPal,5.99
311,174,2021-07-30,Completed,Credit Card,0.0
312,1467,2023-07-21,Completed,Credit Card,0.0
313,4008,2022-10-07,Pending,Credit Card,5.99
314,3574,2021-02-01,Returned,Cash,0.0
315,368,2022-11-14,Completed,Credit Card,9.99
316,3957,2023-04-25,Completed,Credit Card,5.99
317,4369,2023-03-14,Completed,PayPal,9.99
318,903,2022-12-12,Returned,Debit Card,0.0
319,4886,2022-10-24,Completed,Credit Card,0.0
320,2687,2023-11-23,Completed,Cash,0.0
321,942,2021-03-21,Completed,Debit Card,0.0
322,3210,2023-03-26,Completed,Debit Card,5.99
323,2450,2022-10-24,Completed,Credit Card,5.99
324,4242,2024-01-01,Returned,PayPal,14.99
325,2150,2023-03-24,Completed,Credit Card,5.99
326,4849,2023-10-15,Completed,Credit Card,0.0
327,3781,2021-09-30,Completed,Credit Card,0.0
328,3898,2021-12-02,Completed,PayPal,9.99
329,4635,2022-02-18,Completed,Debit Card,5.99
330,3845,2021-12-13,Completed,Debit Card,9.99
331,1657,2022-08-16,Completed,Credit Card,0.0
332,4247,2022-01-08,Completed,Debit Card,0.0
333,1609,2021-03-28,Completed,PayPal,0.0
334,1934,2022-06-01,Completed,Credit Card,9.99
335,178,2022-05-07,Returned,PayPal,0.0
336,3499,2021-02-07,Pending,Credit Card,5.99
337,715,2021-05-06,Completed,PayPal,5.99
338,2160,2023-03-29,Completed,Credit Card,5.99
339,2062,2022-05-05,Pending,Debit Card,0.0
340,1761,2021-05-12,Completed,Cash,5.99
341,2634,2021-08-04,Completed,Cash,0.0
342,3664,2021-03-18,Pending,Credit Card,14.99
343,3041,2023-05-30,Completed,Credit Card,0.0
344,2209,2023-08-20,Completed,Credit Card,0.0
345,3876,2021-07-26,Returned,PayPal,5.99
346,4327,2022-05-20,Completed,Debit Card,9.99
347,4834,2023-02-21,Completed,Credit Card,0.0
348,1724,2022-05-11,Completed,Credit Card,5.99
349,2797,2022-11-28,Completed,Cash,0.0
350,188,2021-06-10,Completed,Debit Card,0.0
351,2818,2021-07-06,Completed,Credit Card,5.99
352,1503,2022-09-09,Returned,Credit Card,0.0
353,3358,2021-10-29,Completed,Credit Card,5.99
354,260,2021-04-12,Completed,Debit Card,9.99
355,1522,2021-11-12,Completed,Cash,9.99
356,3829,2024-01-27,Completed,PayPal,0.0
357,238,2023-03-26,Completed,Credit Card,5.99
358,3306,2021-08-11,Returned,PayPal,14.99
359,4325,2021-10-01,Cancelled,Credit Card,9.99
360,3854,2021-10-23,Completed,Credit Card,0.0
361,2738,2022-03-19,Completed,Cash,5.99
362,3545,2021-11-20,Completed,Credit Card,14.99
363,3854,2023-04-23,Completed,Credit Card,5.99
364,496,2021-09-05,Completed,Cash,9.99
365,3940,2022-07-07,Completed,Credit Card,5.99
366,698,2021-01-05,Returned,PayPal,0.0
367,4439,2021-09-27,Completed,Cash,0.0
368,981,2022-08-12,Completed,Debit Card,0.0
369,1311,2022-11-07,Completed,Credit Card,0.0
370,4913,2022-09-03,Completed,Credit Card,9.99
371,1494,2021-10-07,Completed,Credit Card,5.99
372,1960,2021-10-26,Completed,Credit Card,9.99
373,3270,2022-06-20,Completed,PayPal,5.99
374,778,2021-11-16,Completed,Credit Card,5.99
375,1790,2021-12-16,Completed,Credit Card,0.0
376,4670,2022-08-12,Completed,Debit Card,14.99
377,900,2022-05-07,Completed,Debit Card,5.99
378,1044,2021-02-15,Completed,PayPal,5.99
379,1537,2021-11-01,Completed,Credit Card,14.99
380,4031,2022-04-19,Completed,PayPal,5.99
381,3783,2021-09-27,Completed,Debit Card,9.99
382,2078,2021-04-25,Completed,Credit Card,9.99
383,2982,2021-01-31,Completed,Credit Card,0.0
384,4901,2021-02-25,Completed,Credit Card,0.0
385,4819,2021-07-17,Completed,Debit Card,14.99
386,4268,2022-01-26,Completed,Credit Card,5.99
387,2438,2021-09-23,Completed,Cash,0.0
388,840,2023-07-06,Returned,,5.99
389,1697,2023-12-15,Completed,Cash,5.99
390,2036,2021-12-17,Cancelled,Credit Card,9.99
391,4082,2024-01-21,Completed,Credit Card,14.99
392,3369,2021-11-26,Completed,Credit Card,14.99
393,4101,2022-06-27,Cancelled,Credit Card,14.99
394,3653,2022-04-28,Completed,PayPal,0.0
395,74,2022-11-13,Completed,Credit Card,9.99
396,2740,2021-05-06,Completed,Credit Card,0.0
397,4138,2023-09-28,Completed,Credit Card,0.0
398,96,2021-07-16,Completed,Credit Card,9.99
399,4009,2022-04-23,Completed,PayPal,5.99
400,4742,2022-11-19,Cancelled,Debit Card,14.99
401,542,2022-04-17,Completed,Debit Card,0.0
402,368,2021-11-28,Returned,Credit Card,9.99
403,3314,2022-10-23,Returned,Cash,0.0
404,2977,2023-02-19,Completed,Debit Card,0.0
405,976,2021-08-27,Completed,Credit Card,5.99
406,246,2023-09-20,Cancelled,Credit Card,5.99
407,3501,2023-04-22,Returned,Cash,5.99
408,2190,2022-01-12,Completed,Debit Card,14.99
409,335,2022-07-29,Completed,Debit Card,5.99
410,4063,2023-11-30,Completed,Credit Card,0.0
411,294,2022-07-17,Completed,Credit Card,0.0
412,3728,2023-04-16,Completed,Debit Card,5.99
413,4324,2023-09-27,Completed,Debit Card,5.99
414,1680,2023-02-09,Completed,Debit Card,5.99
415,4407,2022-08-09,Completed,Debit Card,0.0
416,2469,2021-04-25,Completed,Credit Card,9.99
417,3616,2024-01-06,Completed,PayPal,0.0
418,4350,2023-07-20,Completed,Cash,5.99
419,2203,2023-07-28,Completed,PayPal,5.99
420,4197,2023-01-14,Completed,Credit Card,0.0
421,1608,2022-03-18,Completed,Credit Card,9.99
422,88,2023-02-09,Completed,PayPal,5.99
423,1868,2021-05-22,Returned,Debit Card,5.99
424,2084,2022-07-18,Completed,Debit Card,5.99
425,4240,2021-01-08,Completed,Cash,14.99
426,2878,2022-01-23,Completed,Debit Card,5.99
427,3789,2021-01-01,Returned,Debit Card,5.99
428,1746,2023-08-11,Completed,Credit Card,0.0
429,3546,2021-03-23,Completed,Credit Card,0.0
430,2692,2021-04-21,Completed,Credit Card,0.0
431,2333,2023-03-15,Completed,Cash,14.99
432,60,2022-05-19,Completed,Credit Card,5.99
433,2385,2022-05-02,Completed,Credit Card,9.99
434,2149,2023-02-11,Completed,PayPal,0.0
435,1060,2021-04-23,Completed,Debit Card,5.99
436,3926,2021-09-21,Completed,Debit Card,14.99
437,1514,2023-09-21,Completed,Credit Card,0.0
438,4212,2022-01-20,Completed,PayPal,5.99
439,474,2021-09-07,Completed,Credit Card,14.99
440,82,2022-11-16,Completed,Credit Card,14.99
441,1550,2023-05-17,Completed,Credit Card,9.99
442,965,2023-08-21,Completed,Credit Card,9.99
443,3701,2021-12-02,Completed,Credit Card,5.99
444,4540,2023-05-14,Returned,Debit Card,0.0
445,4146,2021-05-22,Completed,Credit Card,9.99
446,2006,2023-10-01,Completed,Debit Card,14.99
447,3195,2022-02-10,Completed,Credit Card,5.99
448,2100,2023-05-30,Completed,Credit Card,0.0
449,2013,2022-01-19,Completed,,5.99
450,678,2021-10-26,Completed,Cash,5.99
451,3507,2022-08-20,Completed,PayPal,0.0
452,4035,2022-10-20,Completed,Cash,9.99
453,4254,2024-01-22,Completed,Debit Card,5.99
454,2668,2023-08-22,Completed,Debit Card,5.99
455,4118,2023-07-12,Completed,Debit Card,5.99
456,2188,2023-07-21,Completed,Debit Card,0.0
457,2139,2022-02-05,Completed,Credit Card,5.99
458,2189,2024-01-19,Completed,Debit Card,5.99
459,342,2022-01-09,Returned,Credit Card,5.99
460,4513,2022-09-08,Returned,Credit Card,0.0
461,4604,2022-02-02,Completed,Debit Card,5.99
462,4691,2023-10-27,Completed,Credit Card,5.99
463,2585,2021-11-16,Completed,Credit Card,14.99
464,4814,2021-05-12,Completed,Credit Card,9.99
465,1767,2022-07-27,Completed,Cash,9.99
466,197,2023-06-05,Completed,Credit Card,5.99
467,1638,2021-12-07,Completed,Credit Card,5.99
468,1526,2021-11-24,Cancelled,PayPal,0.0
469,276,2021-12-06,Completed,Credit Card,9.99
470,3778,2022-01-17,Completed,Credit Card,5.99
471,3046,2021-11-25,Completed,Credit Card,9.99
472,3570,2023-12-22,Completed,Credit Card,5.99
473,42,2022-04-02,Completed,Credit Card,0.0
474,2804,2022-02-08,Completed,Credit Card,0.0
475,1266,2023-12-06,Completed,Credit Card,9.99
476,3468,2021-06-19,Completed,PayPal,0.0
477,444,2022-02-08,Completed,Debit Card,0.0
478,1018,2023-10-22,Completed,Debit Card,14.99
479,2963,2022-10-29,Completed,Credit Card,5.99
480,1303,2021-12-28,Completed,Credit Card,0.0
481,1694,2021-12-01,Completed,PayPal,0.0
482,310,2022-03-22,Completed,Credit Card,0.0
483,1068,2022-11-23,Completed,PayPal,5.99
484,4973,2021-02-27,Completed,Credit Card,9.99
485,4900,2023-02-28,Completed,PayPal,0.0
486,3295,2021-10-24,Returned,Credit Card,9.99
487,3122,2023-09-21,Completed,Credit Card,0.0
488,1605,2021-02-26,Completed,PayPal,0.0
489,1794,2022-08-20,Completed,PayPal,14.99
490,175,2021-03-28,Pending,Credit Card,0.0
491,4919,2021-07-16,Completed,Cash,9.99
492,1353,2022-07-24,Completed,Credit Card,9.99
493,2015,2022-09-05,Completed,Credit Card,0.0
494,2935,2021-06-02,Completed,Debit Card,5.99
495,3274,2021-12-18,Completed,Debit Card,5.99
496,2889,2022-09-30,Completed,Cash,14.99
497,2169,2022-11-25,Completed,Credit Card,5.99
498,27,2021-11-25,Cancelled,Credit Card,5.99
499,2006,2022-01-15,Completed,Debit Card,0.0
500,241,2021-11-14,Completed,Credit Card,5.99
501,3606,2022-05-31,Completed,Credit Card,0.0
502,4893,2023-01-28,Completed,Credit Card,0.0
503,4860,2023-03-06,Completed,Credit Card,14.99
504,962,2023-06-26,Completed,Credit Card,0.0
505,2894,2021-02-23,Completed,Credit Card,0.0
506,2255,2023-12-06,Completed,Debit Card,5.99
507,493,2022-03-28,Completed,Debit Card,9.99
508,1475,2022-04-10,Completed,Credit Card,0.0
509,3793,2022-12-15,Completed,Credit Card,0.0
510,1708,2021-03-12,Completed,Credit Card,0.0
511,1339,2022-07-27,Completed,Credit Card,0.0
512,211,2023-04-30,Pending,Debit Card,5.99
513,963,2021-11-17,Cancelled,Cash,5.99
514,1196,2022-01-23,Completed,Debit Card,5.99
515,4992,2022-02-07,Completed,Debit Card,5.99
516,2927,2023-07-30,Completed,Credit Card,9.99
517,1762,2022-07-25,Completed,Credit Card,5.99
518,766,2021-08-20,Completed,Cash,14.99
519,4575,2022-12-23,Completed,Cash,5.99
520,2674,2022-02-07,Completed,Credit Card,9.99
521,36,2022-12-02,Completed,Credit Card,5.99
522,181,2022-04-25,Completed,PayPal,5.99
523,2394,2022-03-01,Completed,Credit Card,9.99
524,1049,2023-12-06,Completed,PayPal,0.0
525,1643,2023-07-05,Completed,PayPal,5.99
526,643,2023-11-08,Completed,Credit Card,9.99
527,4356,2023-01-18,Completed,Cash,9.99
528,1148,2021-06-13,Completed,Cash,5.99
529,320,2021-02-14,Completed,Cash,5.99
530,3150,2022-11-29,Completed,Credit Card,0.0
531,4237,2022-05-12,Completed,Credit Card,14.99
532,1035,2021-03-08,Completed,Debit Card,5.99
533,455,2022-07-03,Completed,Credit Card,9.99
534,2466,2022-11-28,Completed,Credit Card,0.0
535,4329,2023-09-15,Completed,Credit Card,0.0
536,1020,2023-01-11,Completed,Debit Card,5.99
537,267,2022-12-09,Completed,Credit Card,5.99
538,4642,2021-05-02,Cancelled,Credit Card,5.99
539,1946,2023-11-08,Completed,Credit Card,0.0
540,459,2022-01-15,Completed,Debit Card,0.0
541,2840,2022-12-09,Completed,Debit Card,0.0
542,2436,2023-09-04,Completed,Credit Card,0.0
543,4348,2021-09-22,Cancelled,,0.0
544,2359,2022-04-06,Completed,Credit Card,9.99
545,3673,2022-01-08,Completed,Debit Card,5.99
546,1782,2022-01-27,Completed,PayPal,5.99
547,4229,2021-01-29,Completed,PayPal,14.99
548,2941,2021-01-12,Completed,Credit Card,5.99
549,3633,2023-09-15,Completed,Cash,14.99
550,3977,2021-01-10,Completed,Cash,0.0
551,4916,2023-05-13,Completed,Debit Card,5.99
552,3663,2021-05-24,Completed,Credit Card,5.99
553,1676,2023-06-12,Pending,Credit Card,5.99
554,4808,2022-09-14,Completed,Debit Card,5.99
555,4305,2023-10-28,Completed,Credit Card,0.0
556,1232,2022-09-03,Completed,PayPal,9.99
557,2220,2023-03-18,Completed,Credit Card,5.99
558,2700,2023-07-24,Completed,Debit Card,0.0
559,2683,2022-08-07,Completed,Credit Card,5.99
560,1940,2023-08-14,Completed,Credit Card,9.99
561,4312,2022-12-18,Completed,Credit Card,0.0
562,860,2021-12-11,Returned,Credit Card,0.0
563,3070,2021-07-20,Completed,Debit Card,9.99
564,694,2022-07-05,Completed,PayPal,14.99
565,4390,2024-01-27,Pending,Debit Card,0.0
566,1285,2022-05-27,Completed,Debit Card,14.99
567,3982,2023-01-22,Completed,Debit Card,5.99
568,1191,2023-02-19,Completed,Credit Card,14.99
569,1539,2023-01-14,Completed,Credit Card,5.99
570,4221,2021-03-26,Returned,Credit Card,9.99
571,1132,2023-02-20,Returned,Debit Card,9.99
572,3577,2021-10-07,Completed,Credit Card,0.0
573,2249,2021-10-13,Completed,Credit Card,0.0
574,1078,2023-07-28,Completed,Debit Card,5.99
575,4808,2021-01-02,Completed,Cash,0.0
576,2909,2021-12-20,Completed,Debit Card,5.99
577,807,2022-11-13,Completed,PayPal,14.99
578,4133,2021-09-24,Returned,Debit Card,0.0
579,2813,2023-01-26,Pending,Credit Card,5.99
580,1513,2022-06-26,Completed,Debit Card,5.99
581,2969,2021-07-31,Completed,PayPal,5.99
582,2992,2021-08-15,Completed,Credit Card,0.0
583,3826,2021-05-08,Completed,Credit Card,0.0
584,3431,2023-01-24,Completed,Credit Card,9.99
585,4325,2022-12-29,Completed,Credit Card,9.99
586,4309,2023-04-21,Completed,PayPal,9.99
587,650,2021-12-31,Completed,Credit Card,9.99
588,2757,2022-09-14,Completed,Credit Card,5.99
589,2773,2021-05-27,Pending,PayPal,9.99
590,4848,2021-10-20,Completed,Debit Card,5.99
591,337,2023-05-16,Completed,Debit Card,0.0
592,1997,2023-04-16,Completed,PayPal,5.99
593,440,2023-07-02,Completed,Credit Card,0.0
594,4205,2023-05-12,Returned,Debit Card,5.99
595,1016,2023-11-06,Completed,Credit Card,0.0
596,4712,2021-02-23,Completed,Credit Card,5.99
597,3468,2022-06-28,Completed,Credit Card,5.99
598,2690,2021-04-12,Completed,Credit Card,9.99
599,2485,2022-10-04,Completed,Cash,5.99
600,2145,2023-04-04,Completed,Cash,14.99
601,4111,2022-09-11,Completed,PayPal,0.0
602,3715,2023-09-18,Completed,Credit Card,5.99
603,3176,2021-03-14,Completed,Cash,5.99
604,847,2022-05-24,Completed,Debit Card,14.99
605,2774,2022-02-15,Completed,Credit Card,5.99
606,123,2023-05-19,Completed,Debit Card,5.99
607,2410,2022-07-01,Cancelled,Credit Card,0.0
608,4199,2021-12-16,Cancelled,Credit Card,0.0
609,4542,2022-08-15,Completed,PayPal,5.99
610,2308,2022-10-28,Completed,Debit Card,9.99
611,4794,2022-02-11,Completed,Credit Card,0.0
612,944,2021-11-16,Completed,Debit Card,0.0
613,2666,2021-02-18,Completed,Cash,0.0
614,250,2023-05-31,Completed,Debit Card,0.0
615,4182,2022-10-18,Completed,Credit Card,14.99
616,4687,2022-07-09,Completed,Credit Card,9.99
617,1116,2022-04-06,Cancelled,Credit Card,5.99
618,2092,2021-10-15,Completed,Cash,0.0
619,2361,2023-04-16,Completed,Credit Card,14.99
620,3336,2021-05-18,Completed,Credit Card,0.0
621,2380,2022-08-28,Completed,Credit Card,5.99
622,337,2022-03-28,Pending,PayPal,14.99
623,1945,2022-09-04,Completed,Debit Card,5.99
624,2724,2021-05-01,Completed,Debit Card,0.0
625,220,2022-03-02,Completed,Credit Card,0.0
626,3635,2023-09-07,Completed,Credit Card,14.99
627,3384,2021-05-26,Completed,Cash,0.0
628,4880,2022-12-09,Completed,Cash,5.99
629,2959,2021-11-02,Completed,Cash,9.99
630,2840,2022-06-30,Completed,Cash,9.99
631,2887,2022-01-25,Completed,PayPal,5.99
632,4927,2021-09-03,Completed,Debit Card,0.0
633,1724,2021-03-30,Completed,PayPal,5.99
634,3017,2021-05-14,Completed,Debit Card,0.0
635,2725,2022-11-18,Completed,Credit Card,0.0
636,4165,2023-04-23,Completed,Credit Card,9.99
637,4185,2023-12-29,Completed,Cash,0.0
638,638,2022-05-22,Completed,Credit Card,0.0
639,508,2021-03-03,Completed,PayPal,5.99
640,4160,2023-01-18,Completed,Credit Card,5.99
641,1099,2022-05-09,Completed,Credit Card,9.99
642,1250,2021-06-09,Completed,Credit Card,9.99
643,3659,2022-01-17,Completed,Credit Card,5.99
644,3594,2021-12-01,Completed,Credit Card,5.99
645,2702,2023-01-15,Completed,Credit Card,5.99
646,2458,2021-12-01,Completed,PayPal,0.0
647,3663,2023-04-03,Completed,Credit Card,5.99
648,3703,2022-07-19,Completed,Credit Card,5.99
649,4069,2023-06-29,Completed,Credit Card,0.0
650,4040,2022-07-31,Completed,Debit Card,0.0
651,2225,2023-06-17,Completed,Debit Card,5.99
652,3049,2024-01-30,Completed,Debit Card,5.99
653,4706,2023-08-08,Completed,Credit Card,5.99
654,1474,2021-05-07,Completed,Credit Card,9.99
655,3031,2023-06-10,Completed,Debit Card,5.99
656,2326,2023-06-17,Completed,PayPal,14.99
657,963,2023-02-20,Completed,Credit Card,5.99
658,1034,2022-08-18,Cancelled,Credit Card,5.99
659,1777,2022-08-01,Returned,Credit Card,0.0
660,4214,2021-12-01,Completed,Credit Card,5.99
661,3665,2023-11-03,Completed,Debit Card,9.99
662,1216,2023-04-28,Completed,Debit Card,5.99
663,2364,2022-04-22,Completed,Credit Card,0.0
664,4808,2021-03-17,Completed,Credit Card,5.99
665,2035,2023-08-14,Completed,Cash,0.0
666,3953,2021-03-03,Completed,PayPal,5.99
667,4884,2023-08-01,Completed,PayPal,5.99
668,3850,2023-12-10,Completed,Credit Card,5.99
669,316,2021-06-12,Completed,Debit Card,9.99
670,140,2021-03-23,Completed,Credit Card,5.99
671,4043,2021-05-22,Cancelled,Credit Card,5.99
672,509,2021-03-17,Completed,Credit Card,5.99
673,2335,2021-08-12,Completed,Debit Card,9.99
674,2712,2021-10-04,Completed,Credit Card,9.99
675,2984,2022-08-26,Returned,PayPal,0.0
676,4914,2022-08-17,Completed,Credit Card,5.99
677,2329,2023-12-09,Completed,Credit Card,5.99
678,4485,2021-01-19,Completed,Credit Card,0.0
679,2544,2023-02-01,Completed,Credit Card,0.0
680,4663,2023-03-14,Completed,Credit Card,0.0
681,3409,2022-09-01,Completed,Credit Card,9.99
682,3784,2021-09-21,Completed,Credit Card,5.99
683,2173,2021-08-03,Pending,Credit Card,5.99
684,865,2021-08-19,Completed,Debit Card,5.99
685,3575,2023-11-09,Completed,Credit Card,9.99
686,3493,2023-09-15,Completed,Debit Card,5.99
687,1087,2022-09-22,Completed,Debit Card,5.99
688,1618,2021-02-10,Pending,Credit Card,0.0
689,4618,2021-02-22,Completed,PayPal,5.99
690,2793,2022-07-27,Completed,Debit Card,5.99
691,3456,2022-06-09,Completed,Credit Card,5.99
692,4003,2021-05-23,Completed,Cash,5.99
693,962,2021-04-22,Completed,PayPal,5.99
694,1262,2021-05-07,Completed,Cash,5.99
695,2703,2023-06-19,Completed,Debit Card,5.99
696,2983,2021-12-14,Completed,Credit Card,0.0
697,4802,2022-01-29,Completed,Credit Card,5.99
698,1811,2021-05-27,Completed,Debit Card,9.99
699,2815,2022-08-24,Returned,Cash,9.99
700,245,2021-12-21,Completed,Debit Card,14.99
701,1383,2021-03-05,Completed,PayPal,0.0
702,3690,2022-08-04,Completed,Credit Card,0.0
703,3531,2022-03-02,Completed,Credit Card,5.99
704,3660,2021-02-03,Completed,Cash,0.0
705,2159,2023-04-29,Pending,PayPal,0.0
706,171,2022-08-16,Completed,Cash,5.99
707,3077,2021-04-26,Cancelled,PayPal,0.0
708,2467,2022-06-27,Completed,Credit Card,0.0
709,1016,2021-06-25,Completed,Debit Card,14.99
710,1269,2021-09-24,Pending,Cash,0.0
711,1254,2021-05-31,Completed,Debit Card,0.0
712,4021,2021-05-01,Returned,Credit Card,0.0
713,1209,2023-07-28,Completed,Credit Card,9.99
714,3955,2021-03-24,Pending,Debit Card,9.99
715,3255,2022-07-17,Completed,Credit Card,0.0
716,2953,2022-02-28,Completed,Debit Card,0.0
717,1617,2021-06-03,Completed,Credit Card,9.99
718,515,2021-03-01,Completed,Credit Card,0.0
719,2319,2022-12-14,Completed,PayPal,14.99
720,3014,2023-01-29,Completed,Credit Card,5.99
721,928,2021-01-20,Completed,PayPal,0.0
722,1655,2022-03-21,Completed,Credit Card,9.99
723,2264,2021-06-30,Completed,Cash,5.99
724,846,2023-01-17,Completed,Credit Card,0.0
725,4067,2023-12-06,Completed,Credit Card,5.99
726,405,2023-11-18,Completed,PayPal,9.99
727,458,2023-07-23,Completed,PayPal,0.0
728,2777,2024-01-31,Completed,Credit Card,5.99
729,2318,2022-10-11,Completed,Cash,0.0
730,2987,2021-03-21,Pending,Debit Card,9.99
731,2756,2023-03-04,Completed,Cash,5.99
732,4553,2023-05-01,Completed,Debit Card,0.0
733,1972,2021-02-01,Completed,Credit Card,5.99
734,2374,2023-06-01,Completed,Credit Card,9.99
735,2894,2023-07-01,Completed,Credit Card,9.99
736,2914,2023-01-03,Completed,Debit Card,5.99
737,2755,2021-08-26,Completed,Credit Card,9.99
738,2979,2022-07-02,Completed,Credit Card,5.99
739,3565,2021-08-26,Completed,Credit Card,0.0
740,1535,2022-06-27,Completed,Credit Card,9.99
741,1008,2023-12-06,Cancelled,PayPal,5.99
742,3474,2022-04-12,Completed,Debit Card,5.99
743,4574,2022-12-09,Completed,PayPal,14.99
744,1759,2021-05-28,Returned,Cash,5.99
745,1668,2022-11-12,Completed,Debit Card,0.0
746,3056,2023-04-06,Completed,Cash,9.99
747,3963,2021-02-13,Completed,Credit Card,0.0
748,3397,2022-12-21,Returned,Credit Card,5.99
749,3398,2021-09-04,Returned,Credit Card,0.0
750,4170,2022-06-29,Completed,Credit Card,0.0
751,443,2021-09-27,Completed,PayPal,5.99
752,4592,2023-07-27,Completed,Debit Card,5.99
753,2918,2023-08-30,Completed,Credit Card,5.99
754,64,2021-04-16,Completed,Debit Card,9.99
755,2471,2021-11-16,Pending,Debit Card,5.99
756,4756,2021-05-14,Completed,Credit Card,5.99
757,751,2022-12-03,Completed,Debit Card,9.99
758,246,2022-04-17,Completed,Cash,9.99
759,4119,2024-01-11,Completed,PayPal,5.99
760,3420,2023-03-07,Completed,Debit Card,5.99
761,417,2021-08-24,Completed,Credit Card,5.99
762,2407,2021-08-03,Pending,Credit Card,5.99
763,1646,2022-11-17,Pending,Credit Card,5.99
764,651,2021-09-08,Completed,PayPal,5.99
765,3881,2021-08-29,Cancelled,Credit Card,0.0
766,728,2021-06-12,Completed,Credit Card,14.99
767,3036,2023-06-09,Completed,Cash,9.99
768,2701,2021-12-23,Completed,PayPal,0.0
769,3863,2023-08-23,Completed,Debit Card,0.0
770,4581,2021-07-17,Pending,Credit Card,9.99
771,2631,2022-06-09,Completed,Credit Card,9.99
772,1300,2022-03-02,Completed,Credit Card,14.99
773,766,2023-01-28,Completed,Debit Card,0.0
774,4744,2022-01-30,Completed,Credit Card,0.0
775,3743,2022-06-24,Completed,PayPal,14.99
776,4777,2021-08-18,Completed,Cash,0.0
777,1897,2021-03-15,Completed,Credit Card,9.99
778,1828,2023-03-16,Completed,Credit Card,0.0
779,3203,2021-08-04,Completed,Debit Card,9.99
780,4555,2023-05-14,Completed,Cash,0.0
781,3144,2022-10-29,Completed,PayPal,5.99
782,379,2021-01-22,Completed,Credit Card,5.99
783,1988,2022-06-06,Completed,Credit Card,14.99
784,562,2023-10-19,Completed,PayPal,0.0
785,3443,2022-01-18,Completed,Debit Card,0.0
786,296,2022-10-13,Pending,Credit Card,0.0
787,4289,2022-12-14,Completed,Debit Card,9.99
788,4717,2022-03-18,Completed,PayPal,5.99
789,4241,2021-09-06,Returned,Credit Card,5.99
790,4147,2021-03-15,Completed,PayPal,0.0
791,4476,2023-10-15,Completed,Credit Card,5.99
792,2870,2022-02-14,Completed,PayPal,5.99
793,201,2023-10-20,Returned,Debit Card,5.99
794,721,2021-06-02,Pending,Credit Card,9.99
795,274,2022-01-18,Completed,Debit Card,0.0
796,3020,2021-10-26,Completed,PayPal,5.99
797,3046,2021-01-15,Completed,Cash,9.99
798,4521,2023-06-18,Returned,Credit Card,14.99
799,1614,2021-10-25,Returned,Debit Card,9.99
800,4893,2022-10-22,Completed,Debit Card,0.0
801,642,2021-03-07,Completed,Debit Card,5.99
802,761,2024-01-23,Completed,PayPal,0.0
803,885,2022-09-20,Completed,Credit Card,0.0
804,3027,2022-10-20,Completed,Credit Card,5.99
805,1677,2021-12-29,Completed,Debit Card,9.99
806,1419,2022-09-08,Completed,Credit Card,0.0
807,359,2021-02-10,Completed,Cash,0.0
808,1326,2024-01-29,Returned,Debit Card,5.99
809,3326,2023-11-26,Completed,Credit Card,0.0
810,2336,2023-06-14,Completed,PayPal,5.99
811,398,2021-03-12,Completed,Credit Card,0.0
812,271,2023-05-28,Returned,Debit Card,0.0
813,1556,2021-09-20,Completed,Credit Card,5.99
814,1945,2022-10-13,Completed,Credit Card,9.99
815,1779,2022-04-17,Completed,Credit Card,5.99
816,4675,2022-04-26,Completed,Debit Card,9.99
817,3551,2023-04-15,Completed,Credit Card,0.0
818,1991,2021-03-21,Completed,Credit Card,9.99
819,4095,2021-07-23,Pending,Credit Card,5.99
820,4813,2021-01-31,Completed,Credit Card,9.99
821,349,2022-05-02,Completed,Cash,5.99
822,1516,2021-06-02,Completed,Credit Card,0.0
823,20,2021-07-21,Completed,PayPal,0.0
824,1935,2022-07-05,Completed,Debit Card,5.99
825,4452,2021-05-01,Completed,Debit Card,0.0
826,4592,2021-02-22,Completed,Credit Card,14.99
827,3667,2023-11-01,Completed,Cash,0.0
828,4250,2021-08-23,Completed,Credit Card,5.99
829,1390,2021-12-04,Completed,Debit Card,0.0
830,515,2023-07-15,Completed,Cash,0.0
831,4585,2021-08-15,Returned,PayPal,5.99
832,4361,2021-10-05,Completed,Debit Card,5.99
833,1731,2022-01-14,Completed,Cash,9.99
834,4328,2023-11-24,Completed,Debit Card,0.0
835,2435,2023-12-03,Completed,Credit Card,14.99
836,2322,2023-07-06,Completed,Credit Card,5.99
837,3685,2022-09-19,Cancelled,Credit Card,14.99
838,4258,2021-06-07,Completed,Credit Card,0.0
839,814,2022-11-18,Completed,PayPal,9.99
840,3377,2022-06-11,Completed,Debit Card,5.99
841,3710,2021-11-04,Completed,Credit Card,5.99
842,3542,2022-12-30,Completed,PayPal,0.0
843,3312,2022-06-27,Completed,Credit Card,5.99
844,2036,2022-01-28,Completed,Cash,0.0
845,2237,2022-09-03,Cancelled,Cash,5.99
846,1107,2022-11-09,Completed,Cash,5.99
847,65,2021-04-01,Completed,PayPal,9.99
848,4454,2021-11-01,Completed,Credit Card,14.99
849,1906,2023-04-10,Completed,Debit Card,0.0
850,2450,2023-05-24,Completed,Credit Card,5.99
851,4199,2022-06-18,Completed,Credit Card,5.99
852,760,2021-12-22,Returned,Debit Card,9.99
853,1521,2023-09-09,Cancelled,Credit Card,14.99
854,2409,2022-05-13,Cancelled,Cash,14.99
855,1527,2023-12-27,Completed,Cash,14.99
856,3316,2023-06-07,Completed,Credit Card,9.99
857,3564,2023-03-18,Completed,Debit Card,14.99
858,2393,2023-06-15,Completed,Credit Card,5.99
859,3939,2022-07-25,Completed,PayPal,14.99
860,2279,2024-01-29,Completed,Debit Card,9.99
861,1220,2021-05-09,Completed,Credit Card,0.0
862,3384,2021-06-20,Completed,Credit Card,0.0
863,2515,2021-03-18,Completed,Credit Card,0.0
864,2252,2022-11-16,Completed,,9.99
865,246,2021-05-24,Completed,Credit Card,5.99
866,2111,2021-12-17,Completed,Credit Card,0.0
867,3794,2021-10-05,Completed,PayPal,9.99
868,4578,2023-08-18,Completed,PayPal,0.0
869,1591,2021-10-31,Completed,PayPal,9.99
870,1364,2022-07-10,Completed,Debit Card,9.99
871,4055,2022-01-23,Completed,Debit Card,14.99
872,4910,2021-02-09,Completed,Debit Card,0.0
873,3557,2023-05-23,Completed,Credit Card,14.99
874,3330,2023-10-07,Completed,Debit Card,5.99
875,1963,2023-08-23,Completed,Credit Card,5.99
876,3624,2023-10-17,Completed,Credit Card,5.99
877,4866,2023-11-25,Cancelled,Cash,5.99
878,2681,2022-04-24,Completed,Credit Card,14.99
879,4246,2023-03-01,Completed,Cash,5.99
880,762,2023-07-22,Completed,Credit Card,14.99
881,4503,2023-07-29,Completed,Credit Card,0.0
882,3887,2023-11-06,Completed,Debit Card,5.99
883,3635,2021-05-17,Completed,PayPal,5.99
884,2477,2021-01-24,Returned,Debit Card,5.99
885,2234,2023-10-08,Completed,PayPal,14.99
886,4993,2021-01-07,Completed,Credit Card,9.99
887,4641,2023-11-12,Completed,Cash,5.99
888,1383,2021-10-03,Pending,Credit Card,9.99
889,2549,2022-05-30,Completed,PayPal,5.99
890,3180,2021-04-21,Completed,Credit Card,0.0
891,4313,2023-10-28,Completed,PayPal,5.99
892,3653,2022-04-02,Completed,Debit Card,5.99
893,724,2023-01-05,Completed,Credit Card,14.99
894,2507,2021-06-20,Completed,Cash,0.0
895,2108,2022-03-25,Completed,,5.99
896,3146,2022-01-27,Completed,Credit Card,0.0
897,4996,2021-07-18,Pending,PayPal,0.0
898,1780,2022-12-29,Completed,Credit Card,5.99
899,4662,2023-07-20,Returned,Credit Card,0.0
900,2744,2022-01-01,Completed,Debit Card,9.99
901,2043,2021-04-23,Completed,PayPal,5.99
902,753,2022-01-05,Completed,Credit Card,0.0
903,2680,2022-05-25,Completed,Debit Card,5.99
904,2706,2023-06-05,Completed,Debit Card,0.0
905,3582,2023-03-01,Completed,PayPal,9.99
906,3305,2021-06-21,Completed,Cash,0.0
907,2548,2023-03-05,Completed,PayPal,0.0
908,1182,2021-12-02,Completed,Debit Card,5.99
909,1606,2021-02-03,Completed,Credit Card,14.99
910,2287,2021-06-18,Completed,Credit Card,9.99
911,84,2023-07-03,Completed,Debit Card,0.0
912,1251,2021-11-06,Pending,Cash,0.0
913,3104,2022-10-29,Completed,Debit Card,5.99
914,4779,2021-08-28,Completed,Credit Card,9.99
915,92,2021-10-15,Completed,Credit Card,5.99
916,4551,2023-02-21,Completed,Debit Card,5.99
917,4632,2023-04-02,Returned,Debit Card,0.0
918,3073,2021-04-29,Completed,Debit Card,0.0
919,2198,2023-05-08,Completed,Debit Card,5.99
920,4827,2023-05-17,Completed,Credit Card,0.0
921,3184,2021-08-15,Completed,Cash,0.0
922,3199,2021-06-29,Returned,Debit Card,0.0
923,3427,2021-02-10,Completed,Credit Card,5.99
924,4255,2022-07-09,Completed,Credit Card,0.0
925,524,2021-01-04,Completed,Cash,5.99
926,998,2022-05-06,Completed,PayPal,14.99
927,4406,2021-02-25,Completed,Credit Card,0.0
928,1492,2022-01-05,Completed,Credit Card,5.99
929,1140,2023-09-05,Completed,Credit Card,9.99
930,4724,2023-03-12,Cancelled,Credit Card,5.99
931,1196,2023-09-18,Completed,Debit Card,0.0
932,1991,2022-03-20,Completed,Debit Card,0.0
933,1118,2023-04-24,Completed,Debit Card,5.99
934,2182,2021-02-12,Returned,Debit Card,5.99
935,3144,2023-12-19,Completed,Credit Card,0.0
936,4590,2023-05-05,Completed,Credit Card,9.99
937,4020,2022-04-14,Completed,Credit Card,9.99
938,1126,2022-02-28,Completed,Credit Card,0.0
939,1522,2022-03-24,Completed,Credit Card,9.99
940,430,2022-12-11,Completed,Debit Card,0.0
941,1856,2021-04-01,Completed,PayPal,5.99
942,3832,2023-03-13,Completed,PayPal,0.0
943,1703,2023-03-12,Completed,PayPal,5.99
944,1888,2023-04-09,Cancelled,Debit Card,0.0
945,3982,2023-10-08,Returned,Debit Card,5.99
946,4572,2023-05-27,Completed,Credit Card,0.0
947,2211,2021-01-18,Completed,Cash,9.99
948,437,2022-11-29,Completed,Credit Card,0.0
949,3169,2022-12-27,Completed,Credit Card,0.0
950,527,2021-02-10,Completed,Credit Card,0.0
951,1670,2023-12-14,Completed,Cash,0.0
952,4217,2021-02-24,Completed,Cash,9.99
953,3389,2021-03-17,Completed,PayPal,14.99
954,4030,2022-11-27,Completed,Debit Card,9.99
955,2465,2021-04-10,Completed,Debit Card,9.99
956,4267,2021-04-20,Completed,Cash,0.0
957,2677,2024-01-29,Completed,Debit Card,0.0
958,4062,2022-03-23,Completed,Cash,5.99
959,4108,2021-03-30,Completed,Credit Card,14.99
960,2004,2023-05-03,Completed,Credit Card,5.99
961,422,2022-01-18,Completed,PayPal,5.99
962,2175,2023-01-09,Pending,Credit Card,0.0
963,2701,2021-04-09,Completed,Cash,0.0
964,2686,2023-11-01,Completed,Debit Card,5.99
965,4786,2021-03-15,Completed,Cash,9.99
966,3155,2022-12-21,Cancelled,Credit Card,0.0
967,2667,2023-01-30,Pending,Debit Card,9.99
968,3682,2023-06-02,Completed,Credit Card,14.99
969,3272,2022-08-28,Pending,Debit Card,9.99
970,3047,2022-10-01,Completed,Debit Card,14.99
971,3772,2021-06-09,Completed,Cash,0.0
972,4116,2022-08-13,Completed,Debit Card,14.99
973,3157,2021-05-19,Completed,Credit Card,5.99
974,4601,2021-09-17,Cancelled,Cash,9.99
975,18,2022-06-20,Completed,Credit Card,0.0
976,444,2022-03-09,Returned,Credit Card,5.99
977,2889,2023-05-06,Completed,Credit Card,0.0
978,2764,2021-05-15,Completed,PayPal,0.0
979,550,2023-03-15,Completed,Credit Card,14.99
980,1080,2021-04-09,Completed,Credit Card,9.99
981,3241,2023-02-01,Completed,Cash,5.99
982,3924,2021-01-27,Completed,PayPal,5.99
983,3477,2022-01-04,Returned,Credit Card,9.99
984,2140,2021-03-28,Completed,PayPal,5.99
985,2093,2023-06-21,Completed,Cash,9.99
986,4929,2023-03-29,Completed,Credit Card,5.99
987,2163,2021-07-08,Completed,PayPal,5.99
988,1760,2021-08-29,Pending,Debit Card,14.99
989,3394,2023-10-31,Completed,Debit Card,5.99
990,1837,2021-08-13,Completed,Credit Card,5.99
991,1357,2022-09-28,Completed,Debit Card,14.99
992,3825,2024-01-04,Completed,Credit Card,14.99
993,299,2022-03-08,Completed,PayPal,14.99
994,3012,2023-04-26,Completed,Credit Card,5.99
995,3368,2023-10-08,Completed,Credit Card,5.99
996,880,2023-12-05,Completed,Credit Card,0.0
997,2092,2022-06-24,Completed,PayPal,0.0
998,3559,2021-01-30,Completed,Credit Card,9.99
999,2910,2022-05-01,Completed,Credit Card,0.0
1000,1581,2021-10-02,Completed,Credit Card,5.99
1001,2059,2021-07-11,Completed,PayPal,14.99
1002,2075,2023-07-11,Completed,Credit Card,14.99
1003,1455,2023-06-26,Cancelled,PayPal,0.0
1004,347,2022-07-26,Completed,Credit Card,5.99
1005,504,2021-07-11,Completed,Credit Card,9.99
1006,2391,2021-09-01,Returned,Debit Card,5.99
1007,1237,2023-09-07,Completed,,9.99
1008,720,2023-06-11,Completed,Credit Card,9.99
1009,4179,2023-06-18,Completed,Credit Card,5.99
1010,3534,2022-11-13,Completed,Credit Card,5.99
1011,3630,2023-01-31,Completed,Debit Card,5.99
1012,2049,2021-02-17,Completed,Credit Card,5.99
1013,3735,2021-03-25,Returned,,5.99
1014,818,2022-07-26,Completed,Credit Card,9.99
1015,3021,2022-01-21,Completed,Credit Card,14.99
1016,1125,2023-10-09,Completed,Credit Card,0.0
1017,416,2022-11-26,Completed,Debit Card,14.99
1018,2045,2022-02-12,Completed,Debit Card,5.99
1019,2669,2021-08-04,Completed,Credit Card,9.99
1020,679,2022-11-12,Completed,Cash,0.0
1021,4706,2023-07-02,Completed,Credit Card,0.0
1022,760,2022-12-27,Cancelled,Debit Card,5.99
1023,4683,2021-09-28,Cancelled,Debit Card,5.99
1024,4323,2021-12-30,Completed,Credit Card,0.0
1025,2848,2022-10-22,Completed,PayPal,9.99
1026,178,2021-04-18,Completed,PayPal,5.99
1027,2788,2024-01-08,Cancelled,Credit Card,14.99
1028,3350,2022-05-23,Completed,Debit Card,5.99
1029,3065,2023-03-18,Completed,Credit Card,0.0
1030,830,2021-03-15,Completed,Debit Card,5.99
1031,1929,2022-02-10,Completed,Credit Card,14.99
1032,1834,2021-05-01,Completed,PayPal,5.99
1033,2594,2022-03-13,Completed,Credit Card,0.0
1034,4484,2023-05-20,Completed,Credit Card,14.99
1035,2618,2023-10-13,Completed,Credit Card,0.0
1036,407,2022-08-20,Completed,Credit Card,5.99
1037,4452,2023-05-30,Completed,Debit Card,5.99
1038,718,2023-06-25,Cancelled,Credit Card,5.99
1039,2156,2023-01-08,Completed,PayPal,0.0
1040,1537,2023-03-22,Cancelled,Credit Card,14.99
1041,1521,2023-08-25,Completed,Debit Card,14.99
1042,1523,2023-01-23,Completed,Debit Card,5.99
1043,4610,2022-02-21,Completed,Cash,0.0
1044,4102,2022-10-28,Completed,Cash,0.0
1045,3898,2021-06-03,Completed,PayPal,0.0
1046,3468,2022-10-09,Completed,PayPal,5.99
1047,3365,2022-05-24,Completed,Credit Card,5.99
1048,1678,2022-06-14,Completed,PayPal,0.0
1049,1526,2023-10-09,Completed,Cash,5.99
1050,4014,2022-08-06,Pending,Credit Card,9.99
1051,4842,2022-02-18,Completed,Debit Card,9.99
1052,391,2021-10-07,Returned,Credit Card,5.99
1053,2287,2023-10-14,Completed,Debit Card,9.99
1054,1056,2021-01-03,Completed,Credit Card,5.99
1055,1698,2023-11-28,Completed,Debit Card,5.99
1056,1675,2021-08-03,Completed,Debit Card,9.99
1057,4489,2021-12-16,Completed,Cash,9.99
1058,785,2021-04-27,Completed,Debit Card,5.99
1059,13,2023-07-28,Completed,PayPal,5.99
1060,3295,2024-01-23,Completed,Credit Card,14.99
1061,333,2021-04-02,Completed,Credit Card,5.99
1062,4141,2021-02-22,Completed,Credit Card,5.99
1063,635,2022-03-01,Completed,Credit Card,9.99
1064,4023,2023-10-06,Completed,Credit Card,0.0
1065,355,2024-01-11,Completed,Debit Card,5.99
1066,313,2021-07-02,Completed,Debit Card,14.99
1067,2979,2021-01-05,Completed,Debit Card,5.99
1068,1238,2021-08-25,Completed,Credit Card,0.0
1069,1040,2021-01-07,Completed,Credit Card,5.99
1070,4941,2022-05-26,Completed,Debit Card,0.0
1071,668,2021-10-21,Pending,Credit Card,5.99
1072,4332,2021-01-12,Completed,Credit Card,0.0
1073,2190,2023-10-27,Completed,Credit Card,5.99
1074,2864,2021-11-08,Completed,Credit Card,5.99
1075,3762,2022-05-06,Completed,Credit Card,5.99
1076,2421,2022-06-11,Completed,Credit Card,5.99
1077,4755,2021-07-18,Completed,Credit Card,0.0
1078,3330,2023-04-10,Completed,Debit Card,5.99
1079,2965,2021-01-20,Completed,Credit Card,5.99
1080,4904,2021-02-20,Completed,,0.0
1081,172,2023-08-09,Completed,Cash,9.99
1082,2735,2022-12-13,Returned,PayPal,9.99
1083,1088,2023-09-29,Completed,Credit Card,0.0
1084,3876,2023-12-02,Completed,Cash,0.0
1085,156,2024-01-01,Completed,Credit Card,0.0
1086,1477,2022-12-26,Completed,Credit Card,5.99
1087,2879,2021-08-22,Completed,Cash,0.0
1088,3517,2023-04-01,Completed,PayPal,0.0
1089,784,2023-03-28,Completed,Credit Card,5.99
1090,927,2021-06-22,Completed,Debit Card,14.99
1091,2376,2021-02-07,Completed,Debit Card,5.99
1092,1766,2023-10-19,Completed,Credit Card,9.99
1093,2594,2023-03-23,Completed,Credit Card,0.0
1094,4128,2022-06-18,Completed,Credit Card,0.0
1095,1588,2022-10-02,Completed,Cash,0.0
1096,367,2022-06-29,Completed,Credit Card,14.99
1097,2557,2021-04-09,Completed,PayPal,5.99
1098,52,2022-07-29,Cancelled,Credit Card,5.99
1099,3965,2022-04-03,Completed,Credit Card,5.99
1100,3926,2022-08-15,Cancelled,Debit Card,9.99
1101,3001,2023-03-28,Completed,Debit Card,5.99
1102,1012,2021-06-03,Completed,Credit Card,5.99
1103,1810,2023-06-09,Completed,Credit Card,14.99
1104,329,2021-10-17,Pending,Debit Card,5.99
1105,3508,2021-09-14,Completed,Credit Card,5.99
1106,630,2021-12-12,Completed,Credit Card,5.99
1107,89,2023-08-13,Completed,Debit Card,9.99
1108,4878,2023-06-29,Completed,Debit Card,0.0
1109,1255,2021-09-28,Completed,Credit Card,0.0
1110,1147,2023-06-03,Pending,Debit Card,9.99
1111,891,2021-08-03,Returned,Cash,5.99
1112,3289,2021-02-08,Completed,Credit Card,14.99
1113,4504,2022-11-29,Pending,Debit Card,5.99
1114,4815,2022-07-05,Completed,Credit Card,5.99
1115,3734,2021-03-19,Completed,Credit Card,0.0
1116,2356,2021-12-13,Completed,Credit Card,9.99
1117,2779,2023-02-21,Completed,Credit Card,5.99
1118,1648,2021-02-09,Returned,PayPal,5.99
1119,3768,2022-01-04,Completed,Credit Card,0.0
1120,904,2023-12-08,Completed,Debit Card,14.99
1121,2315,2022-09-12,Completed,Credit Card,5.99
1122,3662,2023-04-25,Completed,Credit Card,0.0
1123,1960,2022-12-30,Completed,Debit Card,14.99
1124,1270,2022-11-10,Returned,PayPal,9.99
1125,359,2021-10-19,Completed,PayPal,5.99
1126,2322,2021-07-06,Completed,PayPal,14.99
1127,2014,2023-12-23,Completed,Credit Card,0.0
1128,678,2022-10-12,Completed,PayPal,0.0
1129,4994,2023-02-24,Completed,Credit Card,5.99
1130,1035,2024-01-13,Completed,Debit Card,0.0
1131,3633,2023-11-05,Completed,Cash,14.99
1132,2311,2023-04-01,Completed,Credit Card,9.99
1133,2040,2022-05-28,Completed,Credit Card,5.99
1134,713,2022-03-21,Completed,Debit Card,9.99
1135,1472,2022-01-29,Completed,Debit Card,0.0
1136,3390,2023-07-11,Completed,Credit Card,5.99
1137,3482,2022-07-17,Completed,Cash,14.99
1138,3369,2022-12-23,Pending,Debit Card,9.99
1139,2879,2022-01-25,Completed,Credit Card,5.99
1140,3262,2021-05-10,Completed,Credit Card,0.0
1141,355,2023-12-27,Completed,PayPal,0.0
1142,1438,2021-03-29,Completed,Credit Card,5.99
1143,1816,2021-12-27,Completed,Credit Card,5.99
1144,1649,2022-04-23,Cancelled,Debit Card,0.0
1145,3291,2024-01-14,Completed,Debit Card,5.99
1146,709,2022-08-26,Completed,Debit Card,9.99
1147,3391,2023-06-22,Completed,Credit Card,5.99
1148,2915,2023-04-21,Completed,PayPal,0.0
1149,2784,2021-06-22,Completed,Cash,14.99
1150,4180,2022-09-15,Pending,Credit Card,0.0
1151,182,2022-09-14,Completed,Debit Card,9.99
1152,3429,2022-06-07,Completed,Cash,0.0
1153,1193,2022-04-04,Completed,Debit Card,5.99
1154,2053,2022-04-05,Completed,Debit Card,5.99
1155,3717,2023-06-23,Completed,Credit Card,5.99
1156,2670,2022-04-20,Completed,Debit Card,5.99
1157,2718,2023-02-13,Completed,Debit Card,0.0
1158,2772,2021-03-17,Completed,Debit Card,5.99
1159,1228,2021-05-07,Completed,Cash,5.99
1160,3449,2023-11-15,Completed,Credit Card,0.0
1161,3743,2022-11-06,Completed,Credit Card,14.99
1162,1138,2023-06-17,Completed,Credit Card,9.99
1163,444,2022-11-27,Completed,Debit Card,9.99
1164,1983,2022-04-02,Completed,Credit Card,5.99
1165,3320,2023-08-17,Completed,Debit Card,0.0
1166,3876,2022-09-19,Completed,Credit Card,5.99
1167,471,2023-06-26,Completed,Credit Card,9.99
1168,1180,2023-03-15,Returned,Credit Card,0.0
1169,3725,2022-03-19,Completed,PayPal,5.99
1170,2573,2021-08-03,Completed,Debit Card,5.99
1171,924,2023-12-19,Completed,Cash,0.0
1172,64,2022-03-23,Completed,Debit Card,5.99
1173,64,2022-06-07,Completed,Credit Card,14.99
1174,2919,2022-01-04,Completed,Credit Card,9.99
1175,3577,2021-02-02,Completed,Cash,0.0
1176,4505,2021-01-27,Completed,Debit Card,5.99
1177,3994,2021-11-21,Completed,Credit Card,0.0
1178,342,2022-08-08,Completed,Debit Card,5.99
1179,3492,2021-12-06,Completed,Credit Card,9.99
1180,4744,2023-09-25,Completed,Credit Card,5.99
1181,23,2024-01-06,Completed,Credit Card,9.99
1182,2615,2022-12-02,Completed,PayPal,5.99
1183,3788,2021-11-18,Completed,Credit Card,5.99
1184,623,2022-02-20,Returned,Credit Card,5.99
1185,582,2022-08-28,Completed,Credit Card,9.99
1186,1457,2023-03-30,Completed,Credit Card,5.99
1187,682,2021-06-10,Completed,Debit Card,14.99
1188,4281,2022-10-12,Completed,Credit Card,9.99
1189,749,2021-05-23,Completed,Credit Card,9.99
1190,3139,2021-11-23,Completed,Cash,9.99
1191,3717,2021-08-17,Completed,Credit Card,0.0
1192,4906,2023-05-24,Completed,Credit Card,5.99
1193,1660,2023-10-05,Completed,Credit Card,5.99
1194,1477,2023-04-06,Pending,Debit Card,5.99
1195,1974,2021-01-10,Completed,PayPal,9.99
1196,2990,2023-12-08,Completed,Credit Card,0.0
1197,1538,2023-04-18,Completed,PayPal,0.0
1198,4706,2021-04-01,Completed,PayPal,9.99
1199,1882,2021-07-01,Completed,Debit Card,0.0
1200,1896,2021-02-10,Completed,Credit Card,0.0
1201,137,2023-02-14,Completed,Credit Card,5.99
1202,3036,2023-05-25,Completed,Debit Card,9.99
1203,2234,2022-10-12,Pending,PayPal,5.99
1204,4340,2023-11-02,Completed,Debit Card,14.99
1205,2310,2023-07-02,Completed,Credit Card,0.0
1206,4774,2023-10-26,Pending,Credit Card,9.99
1207,2619,2021-11-24,Completed,Debit Card,0.0
1208,671,2022-09-28,Completed,Debit Card,0.0
1209,3430,2021-09-23,Completed,Credit Card,5.99
1210,2711,2023-01-27,Completed,Credit Card,0.0
1211,3876,2023-05-14,Completed,Credit Card,5.99
1212,460,2023-01-09,Completed,Debit Card,5.99
1213,3624,2021-09-25,Completed,Debit Card,0.0
1214,4766,2022-03-24,Completed,PayPal,9.99
1215,2432,2022-11-07,Completed,Debit Card,5.99
1216,1543,2022-05-29,Completed,Credit Card,14.99
1217,1191,2021-03-27,Completed,Debit Card,9.99
1218,887,2022-09-08,Completed,Cash,0.0
1219,4326,2022-08-27,Completed,,5.99
1220,1862,2022-11-21,Completed,PayPal,5.99
1221,263,2021-02-06,Completed,Credit Card,9.99
1222,1212,2022-04-22,Completed,PayPal,9.99
1223,2224,2023-03-29,Completed,PayPal,5.99
1224,1448,2022-02-01,Completed,Debit Card,0.0
1225,3244,2023-12-16,Completed,Credit Card,5.99
1226,2172,2022-02-11,Completed,Cash,9.99
1227,3378,2022-06-04,Completed,Credit Card,9.99
1228,4329,2023-02-12,Returned,Credit Card,9.99
1229,2739,2023-03-10,Completed,Credit Card,5.99
1230,2711,2021-02-16,Completed,Debit Card,0.0
1231,905,2023-12-08,Completed,Credit Card,14.99
1232,4699,2021-09-03,Pending,Credit Card,14.99
1233,202,2022-06-12,Completed,Debit Card,0.0
1234,1169,2022-08-26,Completed,PayPal,0.0
1235,283,2023-12-24,Completed,Debit Card,5.99
1236,2496,2023-03-13,Completed,Credit Card,9.99
1237,564,2021-03-31,Completed,Debit Card,5.99
1238,531,2021-10-09,Completed,Credit Card,0.0
1239,2646,2023-04-09,Cancelled,Credit Card,5.99
1240,2497,2022-11-09,Cancelled,Credit Card,5.99
1241,4460,2022-04-07,Pending,,5.99
1242,4133,2022-01-11,Completed,Credit Card,5.99
1243,269,2022-04-02,Completed,Credit Card,9.99
1244,2590,2021-06-07,Completed,Credit Card,5.99
1245,808,2022-12-07,Completed,Credit Card,5.99
1246,409,2022-02-17,Completed,Cash,5.99
1247,4971,2021-02-15,Completed,Cash,5.99
1248,1814,2023-09-09,Completed,Credit Card,5.99
1249,1560,2021-02-04,Completed,Credit Card,5.99
1250,2331,2023-08-13,Completed,Credit Card,5.99
1251,3206,2021-08-02,Completed,PayPal,14.99
1252,2991,2021-03-28,Completed,Credit Card,9.99
1253,2031,2022-08-20,Completed,Credit Card,5.99
1254,1838,2023-12-16,Completed,Debit Card,14.99
1255,3414,2023-10-14,Completed,Credit Card,9.99
1256,1664,2023-11-24,Completed,Credit Card,14.99
1257,1951,2023-05-21,Completed,Credit Card,0.0
1258,54,2021-02-16,Completed,Credit Card,9.99
1259,2587,2021-06-05,Completed,Debit Card,5.99
1260,3949,2023-01-06,Completed,Cash,9.99
1261,3018,2021-05-08,Completed,Credit Card,0.0
1262,2480,2023-11-22,Cancelled,Credit Card,5.99
1263,1586,2022-04-08,Completed,Cash,5.99
1264,3814,2022-05-04,Returned,PayPal,9.99
1265,434,2022-07-22,Completed,Credit Card,9.99
1266,24,2022-10-15,Completed,Debit Card,0.0
1267,4733,2021-05-25,Returned,Credit Card,0.0
1268,4426,2022-01-03,Completed,Debit Card,9.99
1269,2309,2023-12-17,Completed,Cash,5.99
1270,980,2021-11-02,Completed,Debit Card,5.99
1271,3323,2022-05-31,Completed,Credit Card,9.99
1272,2159,2022-12-12,Pending,Credit Card,9.99
1273,1912,2022-07-14,Completed,Debit Card,0.0
1274,3694,2021-06-28,Completed,Debit Card,5.99
1275,3678,2023-11-07,Completed,Debit Card,9.99
1276,271,2022-03-04,Completed,Credit Card,9.99
1277,1202,2022-02-13,Completed,Debit Card,0.0
1278,786,2023-10-14,Completed,Debit Card,0.0
1279,3789,2023-12-03,Completed,Credit Card,0.0
1280,88,2021-08-10,Completed,Credit Card,14.99
1281,2209,2022-09-16,Completed,Credit Card,5.99
1282,3612,2023-10-04,Completed,,5.99
1283,504,2022-09-22,Completed,Debit Card,0.0
1284,912,2021-10-24,Completed,PayPal,0.0
1285,1507,2022-12-18,Completed,Credit Card,5.99
1286,2794,2021-02-18,Completed,Cash,5.99
1287,1390,2023-07-27,Cancelled,Debit Card,5.99
1288,4521,2022-09-24,Completed,Credit Card,0.0
1289,1835,2022-04-01,Returned,Credit Card,5.99
1290,1739,2023-12-14,Completed,Credit Card,9.99
1291,4632,2021-09-30,Completed,Cash,0.0
1292,3856,2021-04-04,Completed,Credit Card,9.99
1293,759,2022-02-14,Returned,Credit Card,0.0
1294,3679,2022-12-30,Completed,Credit Card,0.0
1295,4417,2021-05-02,Cancelled,PayPal,5.99
1296,3065,2021-04-24,Cancelled,Credit Card,14.99
1297,3119,2023-06-27,Completed,Credit Card,5.99
1298,4336,2023-11-08,Completed,Credit Card,5.99
1299,889,2023-05-27,Completed,Credit Card,5.99
1300,3720,2023-07-05,Completed,Credit Card,0.0
1301,3102,2023-07-04,Completed,Debit Card,0.0
1302,4958,2022-11-13,Completed,PayPal,14.99
1303,3641,2022-11-16,Completed,PayPal,0.0
1304,3072,2021-01-02,Completed,PayPal,5.99
1305,302,2021-03-12,Completed,Credit Card,14.99
1306,2905,2022-10-20,Completed,PayPal,0.0
1307,4951,2022-01-25,Completed,Credit Card,5.99
1308,774,2022-10-15,Completed,Credit Card,0.0
1309,4044,2023-09-19,Completed,Cash,0.0
1310,1940,2023-02-25,Completed,PayPal,0.0
1311,4611,2021-05-03,Completed,Debit Card,5.99
1312,1958,2022-03-27,Completed,PayPal,9.99
1313,251,2023-03-15,Completed,Cash,5.99
1314,567,2023-07-16,Completed,Debit Card,14.99
1315,469,2022-03-04,Completed,Debit Card,0.0
1316,2844,2022-03-21,Pending,PayPal,5.99
1317,2975,2023-03-08,Completed,Credit Card,5.99
1318,4831,2021-05-20,Completed,Credit Card,0.0
1319,688,2022-07-06,Completed,PayPal,0.0
1320,3101,2022-01-06,Completed,Credit Card,5.99
1321,4970,2022-06-03,Completed,Credit Card,9.99
1322,4491,2023-08-25,Completed,Credit Card,14.99
1323,1550,2022-07-30,Completed,Credit Card,0.0
1324,2027,2021-06-23,Completed,Cash,9.99
1325,604,2022-12-31,Completed,Debit Card,9.99
1326,3999,2021-07-10,Completed,Debit Card,5.99
1327,4824,2023-06-09,Returned,Cash,0.0
1328,1736,2022-04-04,Completed,Cash,14.99
1329,3079,2021-11-03,Completed,Debit Card,5.99
1330,2356,2022-10-10,Completed,Cash,14.99
1331,4093,2023-06-14,Completed,Credit Card,5.99
1332,229,2023-05-02,Completed,Credit Card,5.99
1333,4253,2021-05-12,Completed,Credit Card,0.0
1334,4933,2022-07-18,Completed,Debit Card,14.99
1335,2112,2023-11-08,Completed,Debit Card,0.0
1336,2458,2021-11-17,Completed,Debit Card,0.0
1337,354,2022-06-26,Completed,Debit Card,5.99
1338,3160,2022-05-11,Completed,Credit Card,5.99
1339,2871,2023-05-04,Completed,Credit Card,0.0
1340,2425,2022-09-10,Completed,Debit Card,5.99
1341,2908,2024-01-23,Completed,Credit Card,5.99
1342,1223,2022-12-02,Completed,Debit Card,5.99
1343,2737,2021-06-03,Completed,Debit Card,0.0
1344,4678,2023-06-28,Completed,Debit Card,5.99
1345,1660,2023-12-17,Completed,Credit Card,0.0
1346,3020,2021-11-28,Completed,Debit Card,0.0
1347,3827,2023-07-10,Completed,PayPal,9.99
1348,176,2023-01-11,Returned,Cash,5.99
1349,4076,2023-10-12,Completed,PayPal,0.0
1350,3131,2023-08-29,Completed,Debit Card,5.99
1351,3021,2022-02-20,Completed,,0.0
1352,55,2021-05-04,Completed,Debit Card,0.0
1353,4724,2023-03-04,Completed,Cash,5.99
1354,2138,2021-05-20,Completed,Credit Card,9.99
1355,3211,2022-06-18,Pending,Credit Card,9.99
1356,1474,2023-03-12,Returned,Credit Card,5.99
1357,102,2021-03-02,Completed,Debit Card,5.99
1358,3842,2021-06-13,Completed,Credit Card,9.99
1359,4408,2023-10-06,Pending,Credit Card,0.0
1360,2625,2022-06-07,Completed,PayPal,0.0
1361,3485,2021-06-26,Completed,Debit Card,5.99
1362,1206,2023-02-13,Completed,Credit Card,5.99
1363,1494,2022-09-20,Completed,Credit Card,9.99
1364,3688,2021-02-22,Completed,Credit Card,0.0
1365,907,2021-05-04,Completed,Credit Card,5.99
1366,4760,2021-05-06,Completed,Credit Card,9.99
1367,1312,2021-11-14,Completed,Debit Card,5.99
1368,3365,2022-11-02,Completed,PayPal,5.99
1369,214,2023-04-25,Completed,Debit Card,0.0
1370,1055,2023-11-13,Completed,Credit Card,0.0
1371,3138,2022-02-19,Completed,Debit Card,0.0
1372,532,2022-11-07,Completed,PayPal,5.99
1373,994,2023-05-24,Pending,Credit Card,14.99
1374,4597,2021-09-16,Pending,Credit Card,9.99
1375,3573,2023-07-03,Completed,Debit Card,5.99
1376,4199,2023-12-02,Completed,Debit Card,9.99
1377,164,2022-05-26,Completed,Credit Card,5.99
1378,963,2023-08-29,Completed,Debit Card,5.99
1379,217,2023-09-06,Returned,Debit Card,0.0
1380,4968,2023-09-08,Cancelled,Cash,5.99
1381,1805,2023-02-23,Completed,Credit Card,0.0
1382,3572,2022-11-04,Completed,PayPal,5.99
1383,27,2022-06-18,Completed,Credit Card,9.99
1384,4814,2021-01-01,Completed,Debit Card,0.0
1385,558,2021-10-02,Completed,Debit Card,0.0
1386,4830,2022-04-05,Completed,Credit Card,0.0
1387,2281,2022-09-02,Completed,PayPal,5.99
1388,4684,2023-08-23,Completed,Credit Card,0.0
1389,29,2021-09-06,Completed,Debit Card,5.99
1390,4553,2022-08-03,Completed,Credit Card,5.99
1391,551,2022-12-07,Completed,Debit Card,5.99
1392,3829,2021-08-23,Completed,Credit Card,0.0
1393,402,2022-01-31,Completed,PayPal,14.99
1394,402,2023-07-15,Completed,PayPal,5.99
1395,1609,2022-07-13,Returned,PayPal,9.99
1396,1114,2021-01-14,Completed,Credit Card,9.99
1397,4093,2021-09-19,Completed,Debit Card,5.99
1398,3328,2023-12-25,Completed,Credit Card,0.0
1399,1377,2021-12-01,Completed,PayPal,5.99
1400,4321,2023-05-07,Cancelled,Debit Card,5.99
1401,198,2022-12-31,Completed,Debit Card,5.99
1402,2824,2023-06-03,Cancelled,Debit Card,0.0
1403,4292,2022-12-02,Completed,Credit Card,0.0
1404,3784,2022-01-06,Cancelled,Debit Card,5.99
1405,3809,2022-04-02,Completed,,0.0
1406,4022,2023-02-10,Cancelled,Cash,14.99
1407,4062,2023-09-08,Completed,PayPal,0.0
1408,408,2023-01-12,Completed,Debit Card,5.99
1409,694,2023-03-07,Completed,Cash,9.99
1410,2274,2022-01-02,Pending,Credit Card,9.99
1411,4823,2023-07-20,Completed,Cash,5.99
1412,3803,2023-01-28,Completed,Credit Card,0.0
1413,1099,2022-05-31,Cancelled,Debit Card,0.0
1414,3160,2022-11-30,Completed,Debit Card,5.99
1415,4150,2022-06-14,Completed,Credit Card,5.99
1416,1061,2021-01-29,Completed,Credit Card,5.99
1417,824,2022-04-25,Completed,Credit Card,0.0
1418,862,2022-09-17,Pending,Cash,14.99
1419,4614,2023-11-11,Completed,Credit Card,0.0
1420,2752,2022-05-21,Completed,Debit Card,5.99
1421,3497,2023-07-09,Returned,PayPal,14.99
1422,4915,2023-01-10,Completed,Credit Card,5.99
1423,3287,2023-01-04,Completed,Credit Card,5.99
1424,2507,2022-11-06,Completed,Debit Card,0.0
1425,3556,2022-05-01,Completed,Credit Card,14.99
1426,231,2023-03-29,Completed,PayPal,0.0
1427,4022,2022-09-04,Pending,Credit Card,5.99
1428,3684,2021-12-14,Completed,Credit Card,9.99
1429,1658,2022-01-07,Completed,Debit Card,0.0
1430,2605,2021-04-11,Completed,Credit Card,9.99
1431,4872,2022-06-21,Completed,Cash,14.99
1432,2966,2023-06-17,Pending,PayPal,5.99
1433,3198,2021-03-10,Cancelled,Credit Card,5.99
1434,4612,2022-11-11,Completed,,9.99
1435,919,2022-06-11,Completed,,5.99
1436,4857,2022-06-17,Completed,Credit Card,9.99
1437,1371,2023-10-11,Completed,Debit Card,5.99
1438,1224,2023-03-26,Completed,PayPal,0.0
1439,303,2023-01-04,Completed,Credit Card,0.0
1440,2901,2023-10-30,Completed,Credit Card,0.0
1441,985,2022-02-16,Completed,Credit Card,0.0
1442,1677,2021-01-23,Completed,Credit Card,0.0
1443,3018,2021-05-20,Completed,Debit Card,5.99
1444,3288,2023-08-18,Completed,Debit Card,0.0
1445,1968,2023-02-28,Completed,Credit Card,9.99
1446,4661,2021-12-03,Completed,Credit Card,9.99
1447,3765,2023-07-03,Returned,Cash,5.99
1448,2313,2021-05-08,Completed,Credit Card,5.99
1449,4348,2022-07-13,Completed,PayPal,0.0
1450,4996,2022-05-07,Completed,Credit Card,5.99
1451,1432,2023-11-14,Completed,PayPal,5.99
1452,2882,2024-01-12,Returned,Debit Card,9.99
1453,368,2022-11-10,Completed,Credit Card,0.0
1454,400,2021-10-28,Completed,PayPal,9.99
1455,4064,2023-11-30,Pending,Debit Card,9.99
1456,2924,2023-07-13,Completed,Credit Card,5.99
1457,868,2021-05-09,Completed,Credit Card,0.0
1458,3477,2022-12-25,Completed,Debit Card,5.99
1459,3826,2023-11-27,Completed,Debit Card,5.99
1460,2177,2022-04-23,Completed,Debit Card,5.99
1461,4301,2022-07-10,Completed,Debit Card,5.99
1462,3409,2022-06-30,Completed,Debit Card,0.0
1463,3874,2022-04-06,Pending,PayPal,0.0
1464,1550,2021-02-20,Completed,Debit Card,0.0
1465,2975,2021-09-27,Completed,Credit Card,0.0
1466,4435,2023-08-13,Completed,Cash,0.0
1467,989,2022-05-07,Completed,Credit Card,0.0
1468,4514,2024-01-30,Completed,Credit Card,0.0
1469,1071,2022-10-14,Pending,Debit Card,9.99
1470,926,2022-09-29,Completed,Credit Card,9.99
1471,4015,2022-07-08,Completed,Credit Card,5.99
1472,4069,2021-12-28,Completed,Credit Card,5.99
1473,2148,2022-07-29,Completed,Debit Card,9.99
1474,4175,2021-05-05,Returned,Cash,5.99
1475,3681,2021-11-16,Completed,Debit Card,0.0
1476,2312,2022-06-16,Pending,Debit Card,9.99
1477,4089,2024-01-02,Completed,Credit Card,5.99
1478,3696,2021-01-16,Completed,Credit Card,5.99
1479,4975,2022-09-10,Completed,Credit Card,14.99
1480,1956,2023-05-19,Completed,Credit Card,5.99
1481,3063,2023-11-22,Completed,Credit Card,14.99
1482,2729,2023-12-12,Completed,Credit Card,5.99
1483,4507,2023-02-28,Completed,Credit Card,5.99
1484,2515,2021-04-06,Completed,Debit Card,5.99
1485,1771,2024-01-10,Completed,PayPal,9.99
1486,4400,2023-07-14,Completed,Cash,0.0
1487,1927,2023-04-01,Returned,Debit Card,5.99
1488,3055,2022-02-13,Completed,Credit Card,9.99
1489,3168,2022-06-07,Completed,Debit Card,5.99
1490,4952,2021-12-23,Completed,Credit Card,0.0
1491,4741,2023-09-26,Completed,Debit Card,0.0
1492,4836,2021-12-06,Completed,PayPal,5.99
1493,3848,2022-09-22,Completed,Debit Card,9.99
1494,1018,2023-06-19,Completed,Cash,5.99
1495,1454,2023-08-12,Returned,Debit Card,5.99
1496,2873,2021-08-01,Completed,Debit Card,0.0
1497,1185,2021-08-17,Completed,Credit Card,5.99
1498,296,2022-12-20,Completed,Cash,5.99
1499,658,2023-07-02,Completed,Credit Card,5.99
1500,1640,2023-07-24,Completed,Cash,14.99
1501,505,2022-02-01,Completed,Credit Card,9.99
1502,3113,2023-09-11,Completed,Credit Card,0.0
1503,2083,2024-01-05,Completed,PayPal,5.99
1504,3489,2021-06-24,Completed,Credit Card,0.0
1505,4735,2022-12-01,Completed,PayPal,0.0
1506,1009,2023-04-13,Completed,Credit Card,0.0
1507,1219,2021-09-09,Completed,PayPal,5.99
1508,3126,2023-04-07,Pending,Debit Card,5.99
1509,4022,2021-11-18,Cancelled,Debit Card,5.99
1510,917,2021-05-14,Completed,Credit Card,14.99
1511,4730,2023-09-29,Completed,Credit Card,0.0
1512,730,2022-03-10,Completed,PayPal,5.99
1513,4658,2023-02-14,Completed,Credit Card,5.99
1514,3443,2023-08-29,Completed,Credit Card,0.0
1515,4795,2021-06-25,Completed,Debit Card,14.99
1516,4713,2022-04-26,Completed,Credit Card,5.99
1517,1550,2023-12-17,Completed,Credit Card,14.99
1518,1728,2023-10-12,Completed,Credit Card,5.99
1519,3028,2022-02-09,Returned,Credit Card,0.0
1520,1958,2021-05-10,Completed,PayPal,0.0
1521,308,2022-08-21,Completed,Credit Card,9.99
1522,1744,2021-02-11,Completed,Cash,0.0
1523,626,2022-03-18,Completed,Credit Card,14.99
1524,2010,2021-06-04,Completed,Credit Card,5.99
1525,4548,2021-08-29,Completed,Debit Card,0.0
1526,3919,2023-03-26,Returned,Credit Card,5.99
1527,4562,2023-05-21,Completed,Debit Card,0.0
1528,1776,2023-05-01,Completed,PayPal,0.0
1529,325,2021-09-04,Completed,Credit Card,9.99
1530,2630,2023-05-19,Completed,PayPal,5.99
1531,3223,2021-12-14,Completed,Credit Card,5.99
1532,4345,2022-09-29,Pending,Credit Card,0.0
1533,1087,2023-03-25,Pending,Credit Card,0.0
1534,4224,2024-01-23,Completed,Cash,5.99
1535,3912,2023-12-07,Completed,Credit Card,5.99
1536,3064,2023-06-03,Completed,PayPal,9.99
1537,1902,2023-09-10,Completed,Debit Card,5.99
1538,1929,2023-03-17,Cancelled,Credit Card,9.99
1539,2699,2021-12-19,Completed,Credit Card,0.0
1540,2716,2021-06-05,Completed,PayPal,0.0
1541,1458,2023-10-26,Completed,Debit Card,0.0
1542,3470,2021-10-11,Completed,Credit Card,9.99
1543,1407,2022-01-04,Returned,PayPal,9.99
1544,437,2022-10-02,Completed,Credit Card,0.0
1545,1113,2023-08-10,Completed,Cash,0.0
1546,4901,2022-01-07,Completed,PayPal,5.99
1547,2268,2021-09-15,Completed,Debit Card,9.99
1548,4497,2022-06-12,Completed,PayPal,9.99
1549,4022,2023-10-09,Completed,Debit Card,0.0
1550,2078,2023-04-10,Completed,Debit Card,5.99
1551,3933,2023-05-18,Completed,Debit Card,9.99
1552,4131,2023-06-21,Completed,Credit Card,0.0
1553,1015,2021-03-28,Completed,Debit Card,5.99
1554,932,2023-07-23,Completed,Credit Card,5.99
1555,1527,2021-07-29,Completed,Credit Card,0.0
1556,4576,2023-03-15,Completed,Credit Card,14.99
1557,1292,2023-06-27,Completed,Credit Card,14.99
1558,3304,2021-07-08,Completed,Credit Card,5.99
1559,4841,2022-07-03,Completed,PayPal,0.0
1560,4828,2023-11-29,Returned,Credit Card,9.99
1561,1614,2023-01-06,Completed,Debit Card,0.0
1562,2379,2023-08-01,Completed,Credit Card,0.0
1563,3018,2021-10-16,Completed,Credit Card,5.99
1564,1002,2022-11-15,Completed,Credit Card,5.99
1565,3704,2023-07-24,Completed,Credit Card,0.0
1566,1891,2024-01-05,Completed,Debit Card,5.99
1567,4675,2023-01-29,Completed,Debit Card,0.0
1568,1354,2021-12-20,Completed,Credit Card,9.99
1569,1045,2022-01-29,Completed,Credit Card,14.99
1570,1126,2022-10-09,Completed,PayPal,9.99
1571,4744,2021-11-06,Completed,Credit Card,5.99
1572,1811,2023-10-27,Completed,,0.0
1573,678,2021-04-23,Completed,Debit Card,9.99
1574,3609,2021-02-23,Cancelled,Credit Card,14.99
1575,3770,2022-01-23,Completed,Cash,0.0
1576,4184,2022-08-22,Completed,Debit Card,5.99
1577,3535,2021-05-24,Pending,Credit Card,5.99
1578,2750,2022-04-02,Completed,Credit Card,5.99
1579,67,2023-06-24,Completed,Debit Card,5.99
1580,2002,2022-05-05,Completed,Credit Card,14.99
1581,4651,2022-05-30,Cancelled,Cash,0.0
1582,2269,2022-11-30,Pending,Debit Card,5.99
1583,3600,2022-07-06,Completed,Credit Card,14.99
1584,3060,2021-09-21,Completed,Debit Card,5.99
1585,455,2022-08-09,Completed,Credit Card,9.99
1586,2591,2023-09-07,Completed,Credit Card,0.0
1587,2668,2021-07-16,Completed,Debit Card,14.99
1588,3952,2021-05-15,Completed,Debit Card,0.0
1589,4055,2022-12-10,Completed,Debit Card,14.99
1590,3953,2022-10-07,Completed,Credit Card,0.0
1591,4609,2023-11-27,Completed,Debit Card,5.99
1592,647,2022-01-16,Completed,Credit Card,5.99
1593,3758,2022-01-06,Completed,Debit Card,5.99
1594,2463,2021-05-16,Cancelled,Debit Card,0.0
1595,1670,2021-08-20,Completed,Debit Card,14.99
1596,608,2022-11-14,Completed,PayPal,5.99
1597,1029,2021-06-22,Completed,PayPal,5.99
1598,2468,2023-06-30,Completed,Cash,0.0
1599,1735,2021-07-08,Pending,Cash,9.99
1600,2473,2021-01-04,Completed,PayPal,5.99
1601,2616,2023-07-13,Completed,Cash,14.99
1602,1691,2021-02-23,Completed,PayPal,5.99
1603,2866,2023-06-10,Completed,Debit Card,0.0
1604,2029,2023-07-24,Completed,Credit Card,5.99
1605,4120,2023-08-25,Completed,Credit Card,9.99
1606,627,2023-05-26,Completed,PayPal,5.99
1607,563,2022-02-09,Completed,Credit Card,9.99
1608,2707,2021-08-28,Completed,PayPal,0.0
1609,4055,2022-03-06,Pending,Credit Card,5.99
1610,2882,2021-07-19,Completed,Credit Card,14.99
1611,260,2023-03-13,Cancelled,Debit Card,0.0
1612,4814,2022-09-02,Completed,Cash,0.0
1613,1153,2022-10-03,Completed,Credit Card,9.99
1614,3764,2022-05-15,Completed,PayPal,5.99
1615,1294,2022-02-07,Completed,PayPal,5.99
1616,411,2022-01-31,Completed,Credit Card,5.99
1617,2226,2023-03-31,Completed,Credit Card,14.99
1618,4224,2022-08-30,Completed,Credit Card,9.99
1619,284,2021-11-27,Completed,Credit Card,5.99
1620,1541,2022-12-16,Completed,Credit Card,0.0
1621,3118,2022-10-23,Completed,Credit Card,0.0
1622,4846,2021-01-17,Completed,Credit Card,9.99
1623,3057,2022-04-02,Completed,PayPal,5.99
1624,3693,2023-01-09,Completed,Debit Card,9.99
1625,2887,2022-05-17,Completed,Debit Card,5.99
1626,3422,2022-05-13,Completed,Credit Card,0.0
1627,1528,2021-12-25,Completed,PayPal,5.99
1628,2102,2021-07-01,Completed,PayPal,0.0
1629,1615,2021-03-09,Completed,Debit Card,9.99
1630,1635,2021-07-25,Completed,Cash,9.99
1631,4724,2021-11-25,Completed,PayPal,0.0
1632,823,2022-11-22,Completed,Debit Card,5.99
1633,3334,2022-09-07,Completed,Debit Card,9.99
1634,4390,2023-04-07,Completed,Credit Card,5.99
1635,3094,2023-07-13,Completed,Credit Card,5.99
1636,3774,2022-11-02,Completed,Credit Card,5.99
1637,40,2021-05-22,Pending,Credit Card,9.99
1638,4267,2022-08-22,Completed,Credit Card,5.99
1639,4400,2023-01-04,Completed,PayPal,9.99
1640,2584,2023-07-09,Completed,Credit Card,9.99
1641,2659,2023-08-24,Completed,Cash,9.99
1642,136,2021-03-28,Completed,Debit Card,14.99
1643,3275,2022-04-22,Completed,Credit Card,9.99
1644,4691,2021-07-15,Cancelled,Credit Card,0.0
1645,2231,2023-09-11,Completed,Credit Card,0.0
1646,1867,2021-01-04,Completed,Cash,0.0
1647,4745,2023-01-09,Cancelled,PayPal,0.0
1648,2234,2023-05-28,Cancelled,Credit Card,0.0
1649,2180,2023-12-28,Completed,Cash,5.99
1650,870,2021-09-15,Cancelled,Debit Card,0.0
1651,496,2023-01-28,Completed,Credit Card,5.99
1652,553,2022-02-06,Cancelled,Debit Card,9.99
1653,129,2022-01-18,Completed,Debit Card,9.99
1654,2457,2021-03-26,Completed,Credit Card,14.99
1655,1196,2021-05-18,Completed,PayPal,0.0
1656,3988,2022-06-29,Completed,Credit Card,5.99
1657,4858,2022-03-20,Completed,Credit Card,5.99
1658,3883,2022-11-07,Completed,Credit Card,5.99
1659,2134,2022-09-20,Completed,Cash,5.99
1660,1581,2023-01-30,Completed,PayPal,0.0
1661,2858,2023-03-07,Completed,Credit Card,0.0
1662,2281,2022-01-31,Completed,Credit Card,9.99
1663,4789,2023-03-23,Completed,Credit Card,9.99
1664,1231,2023-08-23,Completed,PayPal,5.99
1665,940,2023-11-12,Cancelled,Credit Card,0.0
1666,12,2023-11-22,Completed,PayPal,5.99
1667,875,2022-04-17,Completed,Cash,0.0
1668,4298,2023-06-14,Completed,Debit Card,14.99
1669,582,2023-10-23,Completed,Credit Card,9.99
1670,4137,2023-06-07,Completed,Credit Card,0.0
1671,4471,2022-04-27,Completed,Credit Card,0.0
1672,3406,2023-05-09,Completed,Debit Card,5.99
1673,931,2022-09-08,Completed,Debit Card,0.0
1674,1755,2022-10-01,Completed,Debit Card,14.99
1675,1275,2022-09-26,Completed,Credit Card,9.99
1676,4803,2023-11-06,Cancelled,PayPal,0.0
1677,2011,2021-08-28,Completed,Credit Card,0.0
1678,3029,2021-03-04,Completed,Credit Card,9.99
1679,3673,2023-04-07,Completed,PayPal,5.99
1680,2630,2022-02-02,Completed,Credit Card,5.99
1681,1722,2021-09-28,Completed,Debit Card,0.0
1682,4331,2023-04-25,Completed,PayPal,0.0
1683,2513,2023-07-08,Cancelled,Debit Card,5.99
1684,4119,2022-01-31,Completed,Credit Card,5.99
1685,636,2021-10-13,Completed,Credit Card,0.0
1686,826,2021-02-25,Completed,Credit Card,0.0
1687,731,2023-02-12,Completed,Credit Card,5.99
1688,2662,2021-02-17,Completed,Cash,9.99
1689,4092,2022-07-17,Completed,Debit Card,0.0
1690,308,2021-10-15,Completed,Credit Card,9.99
1691,1546,2022-08-27,Completed,Cash,0.0
1692,2455,2021-10-28,Completed,Debit Card,5.99
1693,3753,2021-10-15,Completed,Credit Card,9.99
1694,3027,2021-06-06,Completed,Credit Card,5.99
1695,3241,2021-07-03,Completed,Credit Card,0.0
1696,436,2021-12-25,Completed,Cash,0.0
1697,758,2022-06-30,Completed,Debit Card,0.0
1698,3376,2023-07-05,Completed,PayPal,9.99
1699,2346,2022-06-22,Completed,Credit Card,0.0
1700,1322,2022-03-12,Completed,PayPal,0.0
1701,3149,2022-11-30,Completed,Credit Card,0.0
1702,1535,2021-04-13,Completed,Cash,5.99
1703,2474,2023-06-02,Completed,Cash,9.99
1704,2739,2023-09-17,Completed,Credit Card,0.0
1705,2649,2024-01-14,Completed,PayPal,5.99
1706,2326,2021-12-14,Completed,PayPal,0.0
1707,3410,2021-05-03,Pending,Cash,5.99
1708,1333,2022-03-01,Completed,Credit Card,0.0
1709,27,2023-10-27,Completed,Credit Card,0.0
1710,1458,2023-09-11,Pending,PayPal,5.99
1711,1012,2021-10-03,Completed,PayPal,9.99
1712,1889,2021-09-01,Completed,Credit Card,9.99
1713,2800,2021-07-13,Completed,PayPal,5.99
1714,2054,2021-10-11,Completed,Credit Card,0.0
1715,3190,2021-02-07,Cancelled,PayPal,0.0
1716,1390,2022-03-18,Completed,Credit Card,5.99
1717,1181,2023-11-14,Completed,Credit Card,9.99
1718,2048,2021-11-06,Completed,Credit Card,14.99
1719,4667,2023-11-01,Completed,Credit Card,5.99
1720,2331,2022-01-29,Completed,Debit Card,5.99
1721,33,2021-03-25,Completed,Debit Card,5.99
1722,4016,2021-08-03,Completed,Credit Card,5.99
1723,683,2023-01-26,Completed,Credit Card,5.99
1724,3644,2021-01-06,Completed,PayPal,0.0
1725,2017,2023-01-23,Completed,Credit Card,0.0
1726,2418,2022-12-17,Completed,Debit Card,0.0
1727,1877,2022-09-03,Completed,Debit Card,5.99
1728,2263,2023-10-01,Completed,Cash,5.99
1729,3154,2023-05-23,Returned,Debit Card,9.99
1730,3138,2021-06-11,Completed,Credit Card,9.99
1731,509,2023-06-10,Completed,PayPal,14.99
1732,2790,2021-05-05,Completed,Cash,0.0
1733,2124,2023-03-07,Pending,Credit Card,5.99
1734,3869,2023-11-17,Completed,Cash,5.99
1735,407,2021-03-12,Completed,Debit Card,9.99
1736,415,2022-05-02,Completed,Credit Card,0.0
1737,3418,2021-03-20,Pending,Credit Card,0.0
1738,416,2022-09-28,Completed,Debit Card,5.99
1739,2047,2021-03-05,Completed,Credit Card,14.99
1740,4676,2021-01-13,Pending,Credit Card,9.99
1741,4305,2022-11-01,Completed,Credit Card,5.99
1742,631,2022-07-08,Completed,Credit Card,9.99
1743,422,2023-05-11,Completed,Credit Card,0.0
1744,3617,2023-12-03,Cancelled,Debit Card,5.99
1745,4736,2021-02-04,Completed,Credit Card,9.99
1746,2929,2021-06-12,Returned,Cash,0.0
1747,888,2022-02-15,Completed,Credit Card,0.0
1748,3205,2021-08-31,Completed,Credit Card,9.99
1749,1556,2022-07-16,Returned,Credit Card,5.99
1750,2764,2022-03-09,Completed,Credit Card,14.99
1751,1094,2022-05-08,Completed,Credit Card,0.0
1752,611,2023-05-03,Completed,Debit Card,5.99
1753,2128,2021-01-02,Completed,PayPal,5.99
1754,700,2023-01-03,Completed,Credit Card,9.99
1755,1453,2023-10-08,Completed,Credit Card,0.0
1756,4,2022-06-21,Completed,Credit Card,5.99
1757,1397,2022-02-06,Completed,PayPal,0.0
1758,1356,2022-01-16,Completed,PayPal,9.99
1759,2385,2021-07-29,Returned,Credit Card,0.0
1760,875,2021-08-09,Completed,Credit Card,0.0
1761,3995,2021-09-03,Completed,,5.99
1762,2769,2022-12-06,Completed,Credit Card,5.99
1763,3272,2022-06-29,Completed,Debit Card,0.0
1764,552,2022-11-12,Completed,Credit Card,0.0
1765,3138,2021-09-24,Completed,Debit Card,9.99
1766,4216,2021-06-17,Pending,Cash,0.0
1767,341,2023-08-29,Returned,Cash,0.0
1768,4976,2021-08-09,Completed,PayPal,0.0
1769,2765,2023-02-16,Cancelled,Credit Card,14.99
1770,3573,2021-04-07,Completed,Credit Card,0.0
1771,2074,2021-05-17,Completed,Credit Card,9.99
1772,704,2022-04-27,Cancelled,Cash,9.99
1773,4332,2023-02-16,Completed,Debit Card,5.99
1774,2751,2022-08-23,Completed,Credit Card,0.0
1775,2211,2021-05-15,Completed,Credit Card,5.99
1776,999,2023-10-01,Completed,Debit Card,9.99
1777,1571,2023-05-03,Completed,Cash,9.99
1778,1789,2022-10-12,Completed,Debit Card,9.99
1779,1615,2021-09-21,Returned,Credit Card,0.0
1780,3562,2021-02-07,Completed,Credit Card,5.99
1781,3212,2023-01-25,Completed,Credit Card,0.0
1782,2947,2022-09-12,Completed,Cash,5.99
1783,102,2024-01-16,Completed,Cash,5.99
1784,1151,2022-02-22,Completed,Cash,0.0
1785,4243,2023-03-26,Completed,Debit Card,0.0
1786,2790,2021-02-21,Cancelled,Debit Card,0.0
1787,4893,2021-02-25,Pending,Debit Card,5.99
1788,552,2021-06-02,Completed,Debit Card,9.99
1789,2694,2023-05-12,Cancelled,Debit Card,5.99
1790,3532,2023-12-01,Completed,Credit Card,9.99
1791,2618,2021-01-28,Completed,Debit Card,0.0
1792,4522,2021-08-08,Completed,Credit Card,0.0
1793,955,2021-06-18,Completed,Credit Card,0.0
1794,3599,2022-11-28,Completed,PayPal,5.99
1795,811,2022-03-20,Completed,Cash,5.99
1796,3058,2023-05-03,Completed,Debit Card,9.99
1797,3879,2021-02-06,Returned,Credit Card,5.99
1798,4496,2023-02-28,Completed,Cash,5.99
1799,1397,2022-08-21,Completed,Debit Card,0.0
1800,4636,2022-03-07,Completed,Credit Card,0.0
1801,488,2022-09-06,Completed,Debit Card,0.0
1802,2697,2023-01-16,Completed,Credit Card,5.99
1803,1456,2022-02-05,Completed,Credit Card,5.99
1804,2491,2022-07-01,Completed,PayPal,0.0
1805,4855,2023-10-07,Completed,Credit Card,5.99
1806,1461,2022-03-02,Completed,Credit Card,5.99
1807,1395,2021-09-16,Completed,Credit Card,0.0
1808,702,2021-05-01,Completed,Credit Card,5.99
1809,4792,2021-01-07,Completed,Credit Card,9.99
1810,952,2023-04-28,Completed,Credit Card,0.0
1811,841,2021-03-10,Completed,Credit Card,5.99
1812,2320,2021-08-27,Completed,Credit Card,0.0
1813,1311,2023-02-01,Completed,Credit Card,9.99
1814,4673,2022-02-07,Completed,Credit Card,14.99
1815,4776,2022-11-17,Completed,Debit Card,5.99
1816,4978,2022-02-17,Completed,Debit Card,0.0
1817,2215,2021-03-01,Completed,Credit Card,5.99
1818,4127,2023-01-05,Pending,Debit Card,0.0
1819,925,2022-03-28,Cancelled,Cash,0.0
1820,2378,2022-01-02,Completed,,5.99
1821,903,2022-12-06,Completed,Credit Card,0.0
1822,2329,2023-06-04,Completed,PayPal,0.0
1823,57,2021-12-20,Returned,Credit Card,9.99
1824,689,2022-09-24,Returned,Credit Card,5.99
1825,1773,2024-01-25,Completed,Credit Card,0.0
1826,4205,2024-01-10,Completed,Credit Card,5.99
1827,2965,2021-02-05,Completed,Debit Card,14.99
1828,3251,2022-09-08,Completed,Debit Card,0.0
1829,4729,2023-10-12,Completed,Debit Card,5.99
1830,4761,2021-03-30,Completed,Credit Card,9.99
1831,1553,2022-06-27,Pending,Credit Card,5.99
1832,4756,2023-04-24,Completed,Credit Card,0.0
1833,992,2022-07-20,Completed,Credit Card,0.0
1834,2331,2022-11-08,Pending,Cash,9.99
1835,1380,2022-10-23,Pending,PayPal,14.99
1836,3377,2022-12-31,Completed,Cash,9.99
1837,2634,2021-07-19,Completed,Debit Card,14.99
1838,1261,2023-04-09,Completed,Credit Card,5.99
1839,47,2022-03-07,Completed,Credit Card,14.99
1840,989,2021-11-30,Returned,Credit Card,5.99
1841,1330,2022-08-03,Pending,Credit Card,14.99
1842,251,2021-03-06,Completed,PayPal,0.0
1843,886,2022-11-13,Completed,Credit Card,9.99
1844,3689,2023-07-12,Completed,Credit Card,0.0
1845,2474,2022-08-16,Pending,PayPal,0.0
1846,352,2021-07-24,Completed,PayPal,5.99
1847,1247,2021-06-14,Completed,Credit Card,5.99
1848,424,2022-02-24,Completed,Debit Card,0.0
1849,4146,2023-01-27,Completed,Credit Card,14.99
1850,2480,2022-02-12,Completed,Debit Card,5.99
1851,2517,2021-07-21,Completed,Credit Card,14.99
1852,3571,2021-01-04,Pending,Credit Card,14.99
1853,4123,2022-04-26,Pending,Debit Card,5.99
1854,4207,2023-11-17,Completed,Credit Card,0.0
1855,4265,2021-05-31,Completed,Debit Card,0.0
1856,3204,2023-03-23,Completed,PayPal,5.99
1857,3304,2023-03-31,Completed,Credit Card,5.99
1858,2982,2023-10-17,Completed,Debit Card,5.99
1859,2436,2023-06-22,Pending,Debit Card,5.99
1860,4455,2021-02-24,Completed,Credit Card,0.0
1861,608,2023-01-08,Completed,Debit Card,5.99
1862,4444,2021-11-14,Pending,Debit Card,0.0
1863,1204,2021-05-29,Returned,Debit Card,9.99
1864,3796,2023-11-06,Completed,Cash,0.0
1865,1529,2022-11-12,Completed,Debit Card,5.99
1866,4915,2023-10-30,Completed,Cash,0.0
1867,1021,2023-02-15,Completed,Debit Card,9.99
1868,2026,2023-12-23,Completed,Credit Card,5.99
1869,3159,2021-03-29,Completed,Credit Card,0.0
1870,3745,2022-06-19,Returned,Credit Card,5.99
1871,2679,2022-01-23,Completed,Debit Card,14.99
1872,4970,2022-06-18,Completed,Debit Card,14.99
1873,834,2021-10-23,Completed,Credit Card,0.0
1874,3411,2021-01-29,Completed,,9.99
1875,2558,2021-03-08,Cancelled,Credit Card,0.0
1876,2238,2023-11-21,Completed,,0.0
1877,4725,2023-12-24,Completed,Debit Card,5.99
1878,1014,2021-10-20,Completed,PayPal,0.0
1879,2568,2022-10-31,Completed,Cash,9.99
1880,1568,2024-01-11,Completed,Credit Card,14.99
1881,1225,2022-10-27,Completed,Debit Card,0.0
1882,932,2023-09-19,Completed,Debit Card,0.0
1883,4586,2023-11-19,Completed,Cash,5.99
1884,209,2022-02-14,Completed,Debit Card,5.99
1885,780,2024-01-20,Pending,Credit Card,14.99
1886,806,2021-04-03,Pending,Credit Card,9.99
1887,1563,2022-01-28,Completed,Debit Card,5.99
1888,505,2023-09-07,Completed,Debit Card,0.0
1889,4239,2021-02-18,Completed,PayPal,9.99
1890,2578,2022-03-15,Completed,Credit Card,0.0
1891,1126,2023-07-16,Completed,Cash,14.99
1892,1784,2023-08-24,Pending,Credit Card,0.0
1893,839,2022-02-27,Pending,Cash,5.99
1894,2944,2021-06-19,Completed,PayPal,0.0
1895,3299,2021-11-11,Completed,Debit Card,5.99
1896,4372,2021-04-16,Cancelled,Debit Card,5.99
1897,1400,2023-01-25,Completed,Credit Card,5.99
1898,1932,2023-04-19,Completed,Credit Card,9.99
1899,2375,2022-09-19,Completed,Credit Card,5.99
1900,1500,2023-11-30,Completed,Credit Card,0.0
1901,4450,2022-12-28,Completed,Debit Card,9.99
1902,2054,2022-02-25,Completed,Credit Card,9.99
1903,102,2021-05-07,Completed,PayPal,0.0
1904,1028,2023-07-25,Completed,Credit Card,9.99
1905,1209,2022-06-01,Completed,Debit Card,14.99
1906,2063,2023-12-02,Completed,Debit Card,5.99
1907,3233,2023-07-29,Completed,Credit Card,0.0
1908,1427,2021-06-09,Completed,Credit Card,5.99
1909,3220,2022-01-22,Cancelled,Credit Card,5.99
1910,3905,2022-06-09,Completed,PayPal,5.99
1911,670,2021-02-15,Completed,Debit Card,5.99
1912,1989,2022-12-16,Returned,Credit Card,14.99
1913,1296,2021-08-29,Completed,PayPal,5.99
1914,83,2022-07-15,Completed,Credit Card,0.0
1915,1143,2021-01-30,Completed,Debit Card,9.99
1916,2566,2022-10-17,Completed,Credit Card,5.99
1917,2023,2021-04-28,Completed,Debit Card,0.0
1918,2074,2021-05-28,Pending,Cash,5.99
1919,1302,2021-07-26,Completed,PayPal,0.0
1920,1981,2022-05-13,Completed,Credit Card,14.99
1921,4399,2023-03-03,Pending,Credit Card,5.99
1922,3473,2021-06-03,Completed,PayPal,9.99
1923,3613,2023-10-10,Completed,Credit Card,0.0
1924,323,2021-03-10,Completed,Credit Card,9.99
1925,3672,2021-01-05,Completed,Debit Card,5.99
1926,3884,2021-03-18,Completed,Credit Card,5.99
1927,3153,2022-07-20,Completed,Credit Card,14.99
1928,243,2023-11-21,Completed,Cash,5.99
1929,2548,2023-01-03,Completed,Credit Card,5.99
1930,1103,2022-09-16,Completed,Credit Card,0.0
1931,1622,2021-08-12,Completed,Debit Card,5.99
1932,4834,2021-10-04,Completed,PayPal,9.99
1933,4385,2022-01-29,Completed,Credit Card,9.99
1934,4043,2022-05-29,Completed,Debit Card,5.99
1935,3495,2023-11-03,Pending,PayPal,14.99
1936,3237,2021-08-01,Completed,Credit Card,5.99
1937,3849,2021-01-18,Completed,Credit Card,5.99
1938,2478,2022-08-06,Completed,Credit Card,5.99
1939,425,2022-10-29,Completed,Debit Card,5.99
1940,4417,2021-12-05,Completed,PayPal,5.99
1941,4090,2022-10-14,Completed,Credit Card,5.99
1942,3988,2022-11-01,Cancelled,PayPal,14.99
1943,1099,2022-05-25,Completed,PayPal,0.0
1944,615,2023-02-28,Completed,Credit Card,0.0
1945,326,2021-10-27,Completed,Debit Card,0.0
1946,3677,2022-10-24,Completed,Credit Card,5.99
1947,2770,2023-01-10,Completed,,5.99
1948,1463,2023-06-03,Completed,Debit Card,0.0
1949,2393,2021-06-10,Cancelled,Debit Card,5.99
1950,425,2022-07-11,Completed,Debit Card,5.99
1951,168,2022-07-05,Completed,Debit Card,9.99
1952,1976,2021-07-27,Completed,PayPal,14.99
1953,1792,2021-11-15,Completed,Debit Card,5.99
1954,294,2024-01-16,Completed,Cash,0.0
1955,3035,2023-07-02,Completed,Debit Card,0.0
1956,599,2021-05-06,Completed,Credit Card,9.99
1957,153,2021-05-09,Completed,Cash,5.99
1958,4902,2021-04-30,Completed,Debit Card,0.0
1959,4040,2022-01-26,Completed,Debit Card,0.0
1960,1185,2021-09-22,Returned,Cash,9.99
1961,2324,2021-09-06,Completed,Credit Card,5.99
1962,3785,2022-11-14,Completed,Credit Card,5.99
1963,1127,2021-10-26,Returned,Credit Card,0.0
1964,2824,2022-06-08,Completed,Debit Card,5.99
1965,2266,2021-08-09,Completed,PayPal,9.99
1966,1498,2023-10-14,Completed,Cash,9.99
1967,3542,2023-06-03,Completed,Credit Card,9.99
1968,2838,2021-08-13,Completed,PayPal,5.99
1969,2371,2021-08-15,Completed,Cash,5.99
1970,531,2021-07-17,Completed,Debit Card,5.99
1971,3579,2022-09-23,Completed,Credit Card,0.0
1972,4357,2023-11-21,Completed,Debit Card,9.99
1973,4855,2022-04-25,Completed,Cash,5.99
1974,1699,2021-11-19,Completed,Cash,5.99
1975,4863,2022-05-29,Completed,Debit Card,14.99
1976,1458,2021-03-19,Completed,PayPal,14.99
1977,3977,2023-04-12,Completed,Credit Card,5.99
1978,3559,2022-12-04,Completed,Credit Card,0.0
1979,1917,2021-10-05,Completed,Cash,5.99
1980,4759,2023-04-23,Completed,Credit Card,14.99
1981,4514,2021-06-06,Completed,Credit Card,0.0
1982,2614,2021-09-27,Completed,Credit Card,14.99
1983,1518,2021-09-10,Pending,Debit Card,0.0
1984,1799,2023-03-06,Completed,Debit Card,5.99
1985,4552,2023-04-26,Completed,Credit Card,5.99
1986,848,2022-09-04,Completed,Cash,0.0
1987,4517,2023-11-24,Completed,Cash,14.99
1988,1387,2021-06-30,Completed,Credit Card,5.99
1989,4189,2021-05-04,Completed,Credit Card,0.0
1990,4724,2021-01-04,Completed,Debit Card,5.99
1991,1563,2021-06-07,Pending,Debit Card,9.99
1992,3124,2021-05-12,Completed,Credit Card,0.0
1993,1571,2021-12-04,Completed,Credit Card,9.99
1994,1364,2022-03-01,Completed,Credit Card,0.0
1995,3764,2022-03-26,Pending,Credit Card,0.0
1996,4500,2021-02-16,Completed,Credit Card,0.0
1997,3494,2021-09-09,Completed,Debit Card,0.0
1998,4227,2023-05-10,Pending,Debit Card,5.99
1999,175,2023-07-21,Completed,PayPal,14.99
2000,3917,2023-02-21,Completed,Credit Card,0.0
2001,326,2022-11-22,Completed,PayPal,0.0
2002,2247,2023-01-26,Completed,Credit Card,0.0
2003,1480,2023-03-11,Completed,Credit Card,5.99
2004,1903,2023-08-10,Completed,PayPal,9.99
2005,2886,2022-05-19,Completed,Debit Card,9.99
2006,3741,2022-01-18,Completed,Credit Card,0.0
2007,1893,2022-03-30,Completed,Debit Card,5.99
2008,648,2024-01-29,Completed,Cash,5.99
2009,4269,2022-01-29,Completed,Debit Card,5.99
2010,4933,2023-03-07,Completed,PayPal,5.99
2011,3009,2023-11-01,Completed,Cash,9.99
2012,4742,2022-09-22,Completed,Debit Card,5.99
2013,1928,2021-07-23,Completed,Debit Card,0.0
2014,580,2022-08-24,Completed,Credit Card,5.99
2015,661,2022-05-09,Completed,Credit Card,5.99
2016,3493,2022-09-22,Cancelled,Debit Card,0.0
2017,4740,2022-07-31,Completed,PayPal,5.99
2018,4860,2023-03-17,Completed,Credit Card,9.99
2019,1533,2021-12-14,Completed,Cash,5.99
2020,663,2021-12-25,Completed,Credit Card,5.99
2021,1567,2023-11-01,Completed,Debit Card,9.99
2022,2612,2021-02-16,Completed,Credit Card,9.99
2023,2044,2023-09-24,Returned,Credit Card,5.99
2024,2560,2022-06-25,Completed,PayPal,5.99
2025,3831,2021-04-25,Completed,Credit Card,9.99
2026,468,2022-10-05,Completed,Credit Card,0.0
2027,2836,2022-02-14,Completed,Debit Card,5.99
2028,57,2023-11-16,Returned,Debit Card,0.0
2029,3845,2021-01-28,Completed,PayPal,14.99
2030,28,2022-12-03,Completed,Cash,0.0
2031,4061,2023-01-23,Completed,Credit Card,0.0
2032,3928,2021-01-16,Completed,Debit Card,5.99
2033,3072,2022-07-08,Completed,Debit Card,9.99
2034,51,2021-11-28,Completed,Cash,5.99
2035,4576,2023-12-11,Completed,Cash,9.99
2036,4519,2021-05-21,Completed,Debit Card,5.99
2037,2438,2023-06-12,Completed,Debit Card,5.99
2038,4640,2024-01-18,Completed,Credit Card,9.99
2039,2315,2022-04-19,Completed,Credit Card,0.0
2040,4734,2023-03-25,Completed,Debit Card,14.99
2041,4993,2021-11-09,Completed,Debit Card,9.99
2042,3273,2022-11-10,Completed,Debit Card,14.99
2043,1621,2023-07-02,Completed,Debit Card,9.99
2044,2839,2023-10-05,Completed,Credit Card,9.99
2045,3737,2022-01-02,Pending,Debit Card,0.0
2046,3096,2021-06-25,Completed,,5.99
2047,4134,2021-02-23,Completed,Credit Card,5.99
2048,3410,2023-10-25,Completed,Credit Card,0.0
2049,3397,2023-10-02,Completed,PayPal,9.99
2050,1027,2022-01-14,Completed,Credit Card,0.0
2051,580,2023-08-15,Cancelled,PayPal,0.0
2052,1948,2022-08-11,Completed,Credit Card,9.99
2053,4480,2021-09-08,Pending,Credit Card,14.99
2054,95,2021-04-14,Completed,Cash,9.99
2055,2666,2023-02-03,Completed,Debit Card,9.99
2056,4742,2021-06-12,Completed,Credit Card,5.99
2057,2937,2022-12-18,Completed,Credit Card,9.99
2058,598,2023-08-02,Completed,Cash,5.99
2059,2108,2023-11-09,Cancelled,Credit Card,14.99
2060,4526,2021-06-22,Pending,Debit Card,0.0
2061,2290,2023-02-04,Pending,Credit Card,9.99
2062,2941,2022-11-27,Completed,Credit Card,5.99
2063,2277,2022-11-20,Completed,Credit Card,5.99
2064,1404,2021-07-06,Completed,Debit Card,9.99
2065,1335,2022-10-01,Completed,Debit Card,9.99
2066,3038,2023-01-02,Completed,Credit Card,9.99
2067,4774,2023-01-24,Completed,PayPal,0.0
2068,2727,2021-12-09,Completed,PayPal,0.0
2069,2758,2023-05-19,Completed,Cash,0.0
2070,826,2022-06-09,Completed,Credit Card,0.0
2071,1607,2022-05-21,Completed,Credit Card,0.0
2072,1548,2022-10-13,Completed,PayPal,9.99
2073,284,2021-10-15,Completed,Credit Card,5.99
2074,2683,2021-10-10,Completed,Credit Card,9.99
2075,552,2021-07-16,Completed,PayPal,5.99
2076,2876,2023-09-19,Completed,Credit Card,5.99
2077,2410,2022-02-11,Completed,Credit Card,0.0
2078,789,2021-09-20,Completed,Credit Card,9.99
2079,4767,2022-09-18,Completed,PayPal,9.99
2080,3388,2021-10-17,Completed,Credit Card,5.99
2081,1706,2022-06-26,Completed,PayPal,5.99
2082,2904,2023-12-11,Completed,Debit Card,0.0
2083,899,2023-09-10,Completed,Debit Card,9.99
2084,816,2021-12-18,Completed,Credit Card,9.99
2085,213,2024-01-01,Completed,Credit Card,5.99
2086,4888,2021-05-03,Completed,Debit Card,0.0
2087,3365,2021-11-28,Completed,Credit Card,0.0
2088,4079,2021-02-16,Completed,Cash,0.0
2089,2529,2021-11-14,Completed,Credit Card,0.0
2090,2807,2021-06-05,Completed,Debit Card,0.0
2091,879,2023-07-29,Completed,Credit Card,0.0
2092,1888,2021-12-19,Pending,PayPal,5.99
2093,3514,2023-02-26,Completed,Credit Card,5.99
2094,1880,2022-10-06,Completed,Credit Card,5.99
2095,3293,2021-08-06,Completed,PayPal,5.99
2096,2913,2022-05-15,Completed,Debit Card,5.99
2097,4960,2022-06-23,Completed,,5.99
2098,81,2021-10-26,Completed,Debit Card,0.0
2099,2746,2021-03-09,Completed,Debit Card,9.99
2100,250,2022-10-02,Cancelled,Credit Card,14.99
2101,2063,2022-11-19,Completed,Credit Card,5.99
2102,532,2023-10-02,Completed,PayPal,0.0
2103,4025,2023-11-23,Returned,Credit Card,9.99
2104,1945,2021-08-16,Completed,Debit Card,14.99
2105,4069,2022-05-16,Completed,Credit Card,0.0
2106,1167,2021-08-07,Completed,Credit Card,0.0
2107,1153,2022-08-19,Completed,Credit Card,9.99
2108,1944,2023-01-14,Completed,Debit Card,5.99
2109,2137,2023-02-17,Cancelled,Debit Card,14.99
2110,1101,2021-10-08,Completed,Credit Card,0.0
2111,3440,2023-02-03,Completed,Credit Card,9.99
2112,3989,2022-04-11,Pending,Cash,0.0
2113,4116,2021-05-05,Completed,Credit Card,0.0
2114,3819,2022-03-24,Completed,PayPal,14.99
2115,324,2021-05-04,Completed,Cash,0.0
2116,1628,2021-10-11,Pending,,0.0
2117,1414,2022-07-29,Completed,PayPal,9.99
2118,1774,2021-05-14,Completed,Credit Card,0.0
2119,4465,2022-03-26,Completed,Cash,0.0
2120,918,2021-02-02,Completed,PayPal,5.99
2121,1147,2021-02-01,Pending,PayPal,5.99
2122,4227,2021-08-25,Completed,Credit Card,9.99
2123,657,2021-08-20,Completed,Cash,9.99
2124,3616,2022-03-08,Cancelled,PayPal,5.99
2125,518,2021-05-15,Completed,PayPal,5.99
2126,4312,2022-07-31,Completed,Credit Card,5.99
2127,4672,2023-05-19,Completed,Credit Card,9.99
2128,1885,2022-09-12,Completed,Cash,9.99
2129,2895,2022-09-22,Completed,Debit Card,14.99
2130,2517,2022-01-14,Pending,Credit Card,14.99
2131,3631,2021-06-21,Completed,PayPal,5.99
2132,2623,2022-08-01,Completed,Credit Card,5.99
2133,1139,2022-05-24,Completed,Credit Card,5.99
2134,984,2023-08-11,Completed,Credit Card,0.0
2135,579,2023-09-07,Completed,Credit Card,0.0
2136,1321,2023-10-26,Completed,Credit Card,9.99
2137,3615,2021-02-26,Cancelled,Credit Card,5.99
2138,2599,2023-01-31,Completed,Credit Card,5.99
2139,4763,2022-11-19,Completed,Debit Card,5.99
2140,3467,2021-10-10,Completed,Cash,9.99
2141,2001,2021-09-30,Pending,Debit Card,0.0
2142,4080,2023-09-07,Completed,Credit Card,5.99
2143,1782,2023-08-30,Completed,Credit Card,5.99
2144,577,2021-02-18,Completed,PayPal,9.99
2145,719,2021-09-17,Pending,Cash,5.99
2146,2506,2023-05-26,Completed,Credit Card,14.99
2147,4968,2021-04-19,Completed,Credit Card,5.99
2148,1687,2022-09-19,Completed,Debit Card,14.99
2149,1955,2023-08-14,Completed,PayPal,9.99
2150,862,2023-03-30,Completed,Credit Card,5.99
2151,133,2023-08-27,Completed,Debit Card,5.99
2152,4384,2023-11-28,Completed,Debit Card,5.99
2153,4128,2023-07-11,Returned,Cash,9.99
2154,3300,2022-01-12,Cancelled,Credit Card,5.99
2155,1327,2022-12-21,Completed,Cash,5.99
2156,1973,2023-04-06,Completed,Credit Card,5.99
2157,442,2023-06-13,Completed,Debit Card,9.99
2158,3539,2022-09-19,Completed,Debit Card,0.0
2159,2739,2021-06-09,Completed,Credit Card,0.0
2160,4764,2021-05-11,Completed,Debit Card,0.0
2161,2126,2022-03-10,Completed,Credit Card,0.0
2162,216,2022-12-14,Completed,Credit Card,5.99
2163,220,2021-02-01,Completed,Credit Card,9.99
2164,1925,2023-07-07,Completed,Debit Card,5.99
2165,4363,2023-06-09,Completed,Credit Card,0.0
2166,783,2022-08-17,Completed,Cash,5.99
2167,4174,2023-02-18,Cancelled,Credit Card,14.99
2168,154,2023-07-15,Completed,Credit Card,5.99
2169,1995,2021-12-10,Completed,Credit Card,14.99
2170,3421,2023-07-05,Completed,Debit Card,0.0
2171,2440,2023-04-06,Completed,Credit Card,0.0
2172,4483,2022-01-25,Cancelled,Credit Card,9.99
2173,3050,2022-03-22,Completed,Credit Card,5.99
2174,760,2023-04-22,Completed,Credit Card,9.99
2175,307,2023-11-03,Completed,PayPal,9.99
2176,365,2021-02-23,Completed,Debit Card,0.0
2177,1057,2021-03-24,Returned,Credit Card,5.99
2178,555,2023-06-27,Completed,Credit Card,5.99
2179,4103,2021-08-20,Completed,PayPal,9.99
2180,1254,2021-08-06,Completed,Credit Card,5.99
2181,2495,2022-08-02,Completed,Cash,0.0
2182,621,2023-10-20,Completed,Credit Card,5.99
2183,2072,2022-10-06,Completed,Credit Card,14.99
2184,195,2021-04-08,Completed,Debit Card,0.0
2185,4457,2022-12-31,Completed,PayPal,0.0
2186,715,2022-01-12,Pending,Credit Card,5.99
2187,3668,2021-09-20,Completed,Credit Card,9.99
2188,374,2021-04-04,Completed,Credit Card,5.99
2189,1104,2021-07-14,Completed,Cash,0.0
2190,4242,2021-05-16,Completed,Debit Card,5.99
2191,2145,2021-10-22,Completed,Credit Card,0.0
2192,3463,2023-09-18,Completed,Credit Card,0.0
2193,514,2021-01-17,Completed,Credit Card,5.99
2194,3479,2022-08-01,Completed,Credit Card,5.99
2195,4507,2021-10-19,Completed,Credit Card,5.99
2196,3856,2021-09-21,Completed,Debit Card,0.0
2197,4366,2023-01-27,Completed,Credit Card,5.99
2198,3651,2022-04-03,Completed,Credit Card,9.99
2199,1570,2022-04-28,Pending,Debit Card,5.99
2200,1506,2021-10-11,Pending,,5.99
2201,527,2022-03-07,Completed,Credit Card,0.0
2202,2307,2021-06-25,Completed,Credit Card,0.0
2203,4653,2022-09-16,Completed,Credit Card,9.99
2204,4970,2022-04-21,Completed,PayPal,5.99
2205,4702,2022-03-11,Pending,Debit Card,5.99
2206,3918,2021-08-17,Completed,Credit Card,9.99
2207,89,2023-04-13,Completed,Credit Card,9.99
2208,1718,2021-06-02,Completed,Credit Card,9.99
2209,1052,2023-06-03,Completed,Debit Card,5.99
2210,169,2023-04-12,Completed,Debit Card,0.0
2211,2295,2023-08-24,Completed,Credit Card,14.99
2212,1538,2022-09-22,Completed,Credit Card,14.99
2213,2551,2022-09-22,Completed,Credit Card,0.0
2214,4060,2023-04-27,Completed,Debit Card,9.99
2215,2096,2023-09-24,Completed,PayPal,5.99
2216,1746,2021-03-23,Completed,Cash,5.99
2217,1679,2023-09-26,Completed,Credit Card,0.0
2218,2514,2021-08-23,Completed,Debit Card,5.99
2219,2503,2021-08-18,Pending,Debit Card,0.0
2220,1063,2023-12-16,Pending,Cash,5.99
2221,856,2022-11-08,Pending,Credit Card,0.0
2222,356,2021-05-20,Completed,Debit Card,5.99
2223,3370,2021-08-14,Completed,Credit Card,5.99
2224,2960,2021-08-30,Completed,Debit Card,9.99
2225,544,2023-01-28,Cancelled,Credit Card,0.0
2226,369,2023-10-09,Returned,PayPal,9.99
2227,171,2024-01-22,Cancelled,PayPal,5.99
2228,2411,2023-07-19,Completed,Credit Card,9.99
2229,3237,2021-09-20,Pending,Debit Card,5.99
2230,16,2022-05-07,Completed,Credit Card,9.99
2231,538,2021-05-03,Completed,Credit Card,5.99
2232,99,2022-02-08,Completed,Credit Card,5.99
2233,2395,2023-10-11,Completed,Credit Card,5.99
2234,906,2021-08-29,Completed,PayPal,14.99
2235,1633,2022-10-22,Completed,Credit Card,9.99
2236,1000,2023-01-26,Completed,Debit Card,5.99
2237,1921,2023-11-23,Completed,PayPal,0.0
2238,2755,2023-04-01,Cancelled,Cash,9.99
2239,3002,2021-01-22,Completed,PayPal,14.99
2240,2736,2022-01-08,Completed,Credit Card,0.0
2241,3730,2023-04-04,Completed,PayPal,14.99
2242,4680,2022-09-10,Pending,Credit Card,0.0
2243,2486,2021-09-24,Completed,Cash,14.99
2244,1091,2022-03-07,Completed,Debit Card,9.99
2245,388,2023-04-06,Completed,PayPal,5.99
2246,3870,2021-12-31,Completed,Credit Card,5.99
2247,1203,2022-09-12,Completed,Debit Card,5.99
2248,1048,2022-11-26,Cancelled,PayPal,5.99
2249,1901,2023-11-10,Completed,PayPal,14.99
2250,4889,2024-01-07,Completed,Credit Card,9.99
2251,2928,2022-08-08,Cancelled,Cash,5.99
2252,3468,2023-02-10,Pending,Credit Card,14.99
2253,3804,2022-02-27,Completed,Debit Card,5.99
2254,1069,2023-07-03,Pending,Debit Card,9.99
2255,698,2021-05-22,Completed,Credit Card,9.99
2256,4007,2022-07-30,Completed,Credit Card,14.99
2257,3095,2023-08-04,Completed,PayPal,0.0
2258,629,2023-10-15,Completed,Credit Card,5.99
2259,4283,2022-12-11,Completed,Credit Card,5.99
2260,4915,2021-02-22,Completed,PayPal,5.99
2261,4582,2023-11-30,Completed,PayPal,5.99
2262,4769,2021-02-17,Completed,Debit Card,9.99
2263,4541,2023-01-02,Completed,Credit Card,5.99
2264,4070,2023-07-31,Completed,Credit Card,5.99
2265,4537,2021-05-15,Completed,Debit Card,0.0
2266,3719,2021-05-19,Completed,Debit Card,0.0
2267,4024,2023-10-17,Completed,Debit Card,5.99
2268,3470,2023-12-19,Completed,PayPal,0.0
2269,3901,2022-06-13,Completed,Credit Card,0.0
2270,3588,2022-09-21,Completed,Credit Card,5.99
2271,3040,2022-07-26,Completed,Cash,0.0
2272,521,2021-04-11,Returned,Debit Card,0.0
2273,1784,2021-05-04,Completed,Debit Card,9.99
2274,4097,2021-11-16,Completed,Cash,9.99
2275,3936,2023-09-26,Completed,Cash,5.99
2276,3807,2022-06-18,Cancelled,Debit Card,5.99
2277,627,2023-11-09,Completed,Credit Card,14.99
2278,1056,2022-06-08,Completed,Cash,0.0
2279,1746,2021-12-15,Completed,Debit Card,5.99
2280,4969,2022-07-20,Completed,Credit Card,5.99
2281,4400,2022-09-21,Completed,Debit Card,9.99
2282,689,2022-04-19,Completed,Credit Card,14.99
2283,4367,2023-06-24,Completed,PayPal,5.99
2284,4701,2022-02-24,Completed,Credit Card,5.99
2285,1829,2023-04-12,Completed,PayPal,5.99
2286,3740,2023-03-10,Completed,PayPal,14.99
2287,1317,2023-05-27,Completed,PayPal,9.99
2288,342,2021-04-17,Completed,Debit Card,5.99
2289,2276,2022-08-10,Pending,PayPal,9.99
2290,4151,2022-09-26,Completed,Credit Card,0.0
2291,3904,2024-01-09,Completed,Credit Card,5.99
2292,1842,2023-03-25,Completed,PayPal,0.0
2293,319,2023-07-29,Completed,Credit Card,0.0
2294,2253,2021-08-28,Completed,Credit Card,5.99
2295,2960,2021-09-02,Completed,Credit Card,9.99
2296,958,2024-01-08,Returned,Credit Card,5.99
2297,4809,2023-12-10,Completed,PayPal,5.99
2298,2072,2021-06-05,Completed,Debit Card,0.0
2299,2614,2023-04-14,Completed,Credit Card,5.99
2300,2799,2021-05-19,Completed,PayPal,5.99
2301,4107,2023-12-14,Completed,Credit Card,5.99
2302,3358,2021-12-12,Completed,PayPal,5.99
2303,4177,2023-10-01,Completed,Credit Card,5.99
2304,693,2023-06-22,Cancelled,Debit Card,5.99
2305,3738,2022-03-28,Completed,Credit Card,5.99
2306,1830,2022-08-29,Pending,Credit Card,0.0
2307,2299,2023-07-02,Completed,PayPal,5.99
2308,930,2023-08-08,Completed,Credit Card,5.99
2309,4412,2022-08-14,Completed,Cash,9.99
2310,4551,2023-05-06,Completed,Debit Card,9.99
2311,251,2023-06-17,Returned,Credit Card,14.99
2312,4085,2023-11-27,Completed,Debit Card,5.99
2313,4742,2022-08-21,Completed,Credit Card,5.99
2314,3300,2023-02-07,Completed,Debit Card,9.99
2315,2554,2021-09-14,Completed,Cash,5.99
2316,329,2023-08-06,Returned,Credit Card,0.0
2317,2032,2022-04-27,Completed,Debit Card,9.99
2318,877,2022-05-12,Completed,Credit Card,0.0
2319,2850,2021-07-29,Completed,Debit Card,0.0
2320,3969,2023-11-24,Pending,Credit Card,9.99
2321,2614,2023-12-01,Completed,Credit Card,9.99
2322,4178,2021-08-03,Completed,Cash,9.99
2323,2716,2022-10-13,Completed,Credit Card,0.0
2324,1579,2023-05-01,Completed,Debit Card,9.99
2325,4660,2023-10-12,Completed,Debit Card,9.99
2326,869,2022-11-01,Completed,Debit Card,9.99
2327,4419,2022-08-07,Completed,Debit Card,9.99
2328,2665,2021-09-05,Completed,Debit Card,5.99
2329,1954,2022-03-14,Completed,Credit Card,0.0
2330,3206,2022-11-18,Completed,Cash,9.99
2331,1149,2022-07-22,Completed,PayPal,5.99
2332,271,2022-12-22,Cancelled,Credit Card,5.99
2333,2964,2022-12-05,Pending,Credit Card,9.99
2334,2285,2023-06-17,Completed,PayPal,5.99
2335,2505,2023-07-25,Completed,Cash,5.99
2336,4923,2021-03-03,Completed,Cash,5.99
2337,1567,2023-08-01,Completed,PayPal,0.0
2338,1930,2021-05-05,Completed,Credit Card,0.0
2339,4781,2023-09-03,Completed,Cash,9.99
2340,1497,2023-06-25,Completed,PayPal,0.0
2341,3671,2021-04-24,Pending,Credit Card,0.0
2342,665,2022-09-25,Completed,Credit Card,14.99
2343,4617,2023-02-04,Completed,Credit Card,0.0
2344,2591,2022-11-22,Completed,Debit Card,5.99
2345,2062,2022-03-08,Completed,Credit Card,14.99
2346,255,2021-02-24,Completed,Credit Card,5.99
2347,3364,2021-02-10,Completed,Credit Card,9.99
2348,1867,2021-05-26,Completed,Credit Card,14.99
2349,4232,2023-09-21,Completed,Credit Card,9.99
2350,2573,2022-02-06,Pending,PayPal,5.99
2351,3445,2021-08-01,Completed,Credit Card,5.99
2352,3737,2022-06-21,Completed,Cash,5.99
2353,70,2021-08-02,Completed,PayPal,9.99
2354,1150,2021-11-06,Completed,Cash,9.99
2355,447,2023-08-23,Completed,Debit Card,9.99
2356,3836,2021-12-19,Completed,Credit Card,5.99
2357,612,2022-12-21,Returned,Credit Card,5.99
2358,2910,2021-12-26,Pending,Credit Card,5.99
2359,1616,2021-08-11,Completed,Cash,0.0
2360,3758,2022-01-11,Cancelled,Credit Card,9.99
2361,4579,2023-01-02,Completed,Debit Card,0.0
2362,2287,2023-02-22,Completed,PayPal,5.99
2363,1523,2023-07-07,Completed,Cash,9.99
2364,452,2021-09-18,Completed,PayPal,0.0
2365,2838,2022-06-14,Completed,Debit Card,14.99
2366,2942,2021-04-18,Completed,Credit Card,0.0
2367,2853,2023-01-22,Completed,Debit Card,14.99
2368,2758,2023-01-20,Completed,Credit Card,5.99
2369,1795,2022-12-02,Completed,PayPal,0.0
2370,2619,2021-11-29,Pending,Debit Card,5.99
2371,2188,2022-10-31,Completed,Credit Card,9.99
2372,2314,2021-08-03,Completed,Cash,5.99
2373,296,2023-10-18,Completed,Credit Card,5.99
2374,3688,2023-08-19,Completed,PayPal,14.99
2375,4229,2022-08-15,Completed,PayPal,0.0
2376,4862,2023-12-26,Completed,PayPal,9.99
2377,3385,2022-12-29,Completed,Credit Card,0.0
2378,3736,2023-06-02,Completed,Credit Card,5.99
2379,3834,2022-10-19,Completed,PayPal,0.0
2380,4124,2021-11-16,Completed,PayPal,5.99
2381,4306,2023-04-07,Completed,Credit Card,0.0
2382,4408,2022-09-23,Completed,Credit Card,5.99
2383,4816,2021-11-15,Returned,Credit Card,5.99
2384,1350,2022-07-07,Completed,Cash,5.99
2385,1110,2022-03-19,Completed,Credit Card,5.99
2386,868,2023-06-16,Completed,Credit Card,5.99
2387,257,2022-09-23,Completed,Debit Card,0.0
2388,318,2021-11-13,Returned,Credit Card,14.99
2389,3732,2023-11-01,Completed,Cash,5.99
2390,1146,2021-10-04,Completed,Credit Card,0.0
2391,75,2021-11-12,Completed,Credit Card,5.99
2392,2272,2021-02-18,Completed,Debit Card,9.99
2393,178,2022-01-14,Completed,Credit Card,0.0
2394,2543,2021-09-18,Completed,Credit Card,0.0
2395,4051,2021-04-16,Completed,Credit Card,9.99
2396,558,2022-07-18,Completed,Credit Card,5.99
2397,1023,2021-05-30,Completed,PayPal,5.99
2398,1424,2021-01-08,Cancelled,Credit Card,14.99
2399,2418,2023-05-07,Completed,Cash,0.0
2400,3298,2022-08-23,Completed,Debit Card,5.99
2401,866,2023-04-12,Completed,Credit Card,5.99
2402,3634,2021-03-27,Completed,Credit Card,0.0
2403,3007,2023-07-27,Completed,Debit Card,0.0
2404,4029,2021-11-28,Completed,Credit Card,5.99
2405,4403,2023-02-10,Completed,Credit Card,0.0
2406,128,2022-11-29,Completed,Credit Card,5.99
2407,2290,2021-11-17,Completed,Debit Card,14.99
2408,777,2021-05-07,Returned,Debit Card,9.99
2409,189,2021-08-07,Completed,Credit Card,5.99
2410,2545,2022-07-25,Completed,Debit Card,0.0
2411,4522,2023-11-18,Completed,PayPal,5.99
2412,3503,2023-08-03,Completed,Credit Card,5.99
2413,3350,2023-05-09,Completed,PayPal,14.99
2414,3961,2021-04-07,Completed,Debit Card,14.99
2415,671,2023-04-23,Completed,Cash,5.99
2416,4275,2023-07-14,Completed,Credit Card,0.0
2417,3428,2022-04-20,Completed,Cash,14.99
2418,2107,2023-06-19,Completed,Debit Card,9.99
2419,2240,2021-12-15,Completed,Debit Card,5.99
2420,1221,2023-02-05,Completed,Debit Card,5.99
2421,3551,2021-03-10,Completed,Credit Card,5.99
2422,1033,2021-04-23,Completed,Cash,14.99
2423,2395,2022-05-04,Completed,Debit Card,0.0
2424,2463,2021-11-26,Completed,Credit Card,9.99
2425,4077,2021-08-29,Completed,Credit Card,0.0
2426,486,2022-12-03,Completed,Credit Card,14.99
2427,2120,2023-03-10,Completed,Debit Card,5.99
2428,4612,2022-02-04,Completed,Debit Card,0.0
2429,4495,2022-01-03,Completed,Credit Card,0.0
2430,3395,2021-05-02,Completed,Credit Card,5.99
2431,3851,2023-02-06,Completed,Debit Card,0.0
2432,674,2021-01-03,Completed,Debit Card,5.99
2433,942,2023-05-16,Completed,Credit Card,0.0
2434,129,2022-12-13,Completed,Credit Card,0.0
2435,963,2021-03-27,Completed,Credit Card,5.99
2436,4114,2023-03-24,Cancelled,Cash,5.99
2437,3795,2023-03-07,Completed,Debit Card,5.99
2438,3820,2021-08-21,Completed,Cash,5.99
2439,113,2022-11-19,Completed,Credit Card,5.99
2440,1892,2024-01-13,Completed,PayPal,5.99
2441,1985,2023-12-01,Completed,Debit Card,0.0
2442,1287,2022-06-04,Completed,Credit Card,0.0
2443,2674,2022-07-13,Completed,Credit Card,0.0
2444,3795,2022-12-21,Completed,Debit Card,5.99
2445,386,2021-09-17,Completed,Cash,5.99
2446,2337,2022-03-22,Completed,Credit Card,5.99
2447,2407,2023-03-24,Completed,Credit Card,9.99
2448,1837,2022-05-28,Completed,Debit Card,5.99
2449,239,2022-06-26,Completed,Cash,5.99
2450,3798,2021-05-28,Completed,Debit Card,0.0
2451,2002,2021-07-31,Completed,Credit Card,9.99
2452,1103,2021-02-25,Completed,Credit Card,5.99
2453,2523,2021-03-10,Completed,Credit Card,9.99
2454,3082,2021-12-16,Completed,PayPal,9.99
2455,3467,2021-03-09,Cancelled,PayPal,9.99
2456,4343,2024-01-07,Returned,Debit Card,9.99
2457,4640,2023-02-08,Completed,Credit Card,5.99
2458,3956,2023-10-04,Completed,Cash,5.99
2459,2101,2023-04-08,Completed,Debit Card,14.99
2460,4922,2021-03-11,Completed,Cash,14.99
2461,491,2022-09-02,Completed,Debit Card,5.99
2462,1752,2021-04-30,Completed,PayPal,5.99
2463,468,2023-04-24,Pending,PayPal,9.99
2464,2137,2021-10-22,Completed,Credit Card,5.99
2465,1865,2022-05-17,Completed,Cash,0.0
2466,4206,2022-01-17,Completed,Credit Card,5.99
2467,829,2021-07-17,Completed,PayPal,0.0
2468,3802,2023-01-13,Completed,Cash,5.99
2469,3624,2021-09-03,Completed,Credit Card,9.99
2470,4873,2023-08-13,Completed,Debit Card,0.0
2471,4098,2022-10-08,Completed,Debit Card,14.99
2472,4833,2021-09-13,Completed,PayPal,14.99
2473,4698,2023-02-10,Cancelled,PayPal,9.99
2474,1170,2023-08-27,Completed,Debit Card,14.99
2475,2140,2022-01-02,Completed,PayPal,5.99
2476,3310,2023-04-16,Completed,Credit Card,5.99
2477,4700,2021-02-26,Completed,Credit Card,9.99
2478,1318,2022-11-22,Completed,Credit Card,5.99
2479,2324,2023-12-08,Cancelled,Debit Card,5.99
2480,3827,2023-06-01,Completed,Credit Card,5.99
2481,183,2022-12-26,Completed,Debit Card,5.99
2482,2315,2022-04-25,Completed,Credit Card,9.99
2483,4321,2021-06-15,Completed,PayPal,5.99
2484,993,2022-07-09,Completed,Credit Card,9.99
2485,863,2022-03-10,Completed,Debit Card,5.99
2486,1570,2022-07-08,Completed,Debit Card,5.99
2487,485,2021-12-31,Completed,Cash,0.0
2488,764,2022-01-03,Returned,Debit Card,9.99
2489,4192,2021-03-09,Completed,PayPal,0.0
2490,3490,2023-10-12,Completed,Cash,14.99
2491,2363,2021-04-06,Completed,Debit Card,9.99
2492,2008,2022-08-11,Completed,Credit Card,5.99
2493,1114,2022-03-21,Completed,PayPal,14.99
2494,2028,2021-06-11,Completed,Debit Card,5.99
2495,686,2021-04-03,Cancelled,Credit Card,0.0
2496,2166,2023-07-22,Completed,Debit Card,5.99
2497,2927,2023-07-26,Completed,PayPal,0.0
2498,3105,2021-12-11,Cancelled,Cash,5.99
2499,3045,2021-12-06,Completed,Cash,5.99
2500,794,2021-10-21,Completed,Credit Card,9.99
2501,4179,2023-08-14,Completed,Credit Card,5.99
2502,1022,2022-06-04,Completed,Credit Card,5.99
2503,1361,2022-11-12,Completed,Credit Card,5.99
2504,3799,2023-11-04,Completed,PayPal,5.99
2505,3009,2022-01-30,Completed,Credit Card,0.0
2506,4872,2023-03-31,Pending,Debit Card,0.0
2507,661,2023-09-24,Completed,Debit Card,9.99
2508,3889,2022-08-24,Completed,PayPal,5.99
2509,466,2021-12-03,Completed,Credit Card,0.0
2510,177,2024-01-13,Pending,Credit Card,5.99
2511,2014,2023-03-26,Completed,Credit Card,5.99
2512,2222,2021-03-09,Returned,Credit Card,9.99
2513,1983,2021-06-18,Completed,Cash,14.99
2514,3771,2023-09-23,Completed,PayPal,9.99
2515,2219,2023-03-14,Completed,Credit Card,5.99
2516,1621,2023-08-23,Completed,PayPal,0.0
2517,1267,2023-12-22,Completed,Credit Card,0.0
2518,2901,2023-07-12,Completed,PayPal,5.99
2519,3124,2022-03-14,Completed,Credit Card,5.99
2520,3843,2023-10-27,Completed,PayPal,5.99
2521,2425,2023-11-23,Completed,Credit Card,0.0
2522,233,2021-04-28,Completed,Credit Card,5.99
2523,2709,2021-08-30,Completed,Credit Card,0.0
2524,1721,2021-08-01,Completed,Credit Card,9.99
2525,3113,2021-05-11,Completed,Debit Card,0.0
2526,1132,2022-02-28,Completed,Credit Card,5.99
2527,2583,2021-03-09,Completed,Debit Card,0.0
2528,749,2022-12-18,Completed,Debit Card,5.99
2529,1269,2021-12-19,Completed,Debit Card,0.0
2530,1684,2021-11-05,Completed,PayPal,0.0
2531,1012,2022-03-02,Completed,Credit Card,0.0
2532,599,2023-12-21,Completed,Debit Card,5.99
2533,2758,2022-04-01,Completed,Cash,5.99
2534,2113,2023-01-16,Completed,Debit Card,9.99
2535,895,2021-12-03,Completed,Debit Card,0.0
2536,545,2021-10-30,Completed,Debit Card,0.0
2537,931,2022-03-07,Completed,Credit Card,5.99
2538,4849,2023-08-12,Completed,Debit Card,5.99
2539,222,2023-10-09,Completed,Cash,0.0
2540,1127,2022-11-18,Completed,Credit Card,5.99
2541,228,2021-04-01,Completed,PayPal,9.99
2542,3107,2022-07-07,Completed,Credit Card,5.99
2543,95,2022-08-10,Completed,Credit Card,5.99
2544,4005,2023-12-10,Returned,PayPal,0.0
2545,840,2021-03-03,Completed,PayPal,0.0
2546,2031,2023-03-26,Completed,PayPal,14.99
2547,3294,2022-05-11,Completed,Cash,0.0
2548,4777,2022-01-19,Completed,Credit Card,0.0
2549,1671,2022-06-25,Completed,Debit Card,14.99
2550,433,2022-07-25,Completed,Credit Card,9.99
2551,271,2023-03-29,Pending,Credit Card,5.99
2552,2954,2024-01-30,Completed,Credit Card,5.99
2553,1054,2022-05-28,Completed,Debit Card,9.99
2554,1447,2023-04-20,Completed,Debit Card,9.99
2555,618,2021-03-12,Completed,PayPal,0.0
2556,2534,2022-07-25,Completed,Debit Card,5.99
2557,2170,2021-08-13,Completed,Credit Card,0.0
2558,1344,2021-12-13,Completed,Debit Card,0.0
2559,3473,2023-05-07,Completed,Credit Card,5.99
2560,3586,2021-08-03,Completed,Credit Card,5.99
2561,2002,2023-03-23,Completed,PayPal,0.0
2562,2995,2023-01-21,Completed,Debit Card,5.99
2563,1640,2022-10-28,Completed,PayPal,5.99
2564,4592,2022-09-29,Completed,Debit Card,5.99
2565,2176,2021-09-23,Completed,Debit Card,9.99
2566,1115,2023-08-15,Cancelled,,9.99
2567,2589,2022-05-23,Pending,Credit Card,14.99
2568,3477,2022-02-07,Completed,Credit Card,5.99
2569,983,2023-08-19,Completed,Credit Card,5.99
2570,1014,2021-04-25,Completed,Credit Card,9.99
2571,3354,2021-09-28,Completed,Credit Card,9.99
2572,891,2021-09-05,Completed,Cash,9.99
2573,2562,2022-09-02,Completed,Debit Card,5.99
2574,4677,2023-02-20,Completed,Debit Card,0.0
2575,2549,2021-06-08,Completed,Credit Card,9.99
2576,2213,2023-03-01,Completed,Credit Card,9.99
2577,1161,2021-03-13,Completed,Credit Card,9.99
2578,3385,2022-10-01,Completed,Debit Card,0.0
2579,699,2023-08-28,Pending,Credit Card,5.99
2580,4375,2023-02-18,Completed,Debit Card,5.99
2581,2255,2021-05-30,Completed,Debit Card,9.99
2582,2699,2021-04-14,Completed,PayPal,9.99
2583,2578,2021-11-01,Completed,Credit Card,0.0
2584,1718,2023-05-26,Completed,PayPal,5.99
2585,3593,2023-01-22,Completed,Debit Card,0.0
2586,2595,2022-06-24,Completed,Debit Card,5.99
2587,4386,2022-08-25,Completed,Credit Card,5.99
2588,1264,2021-06-19,Completed,Credit Card,9.99
2589,3289,2021-04-02,Completed,Credit Card,9.99
2590,4342,2022-06-28,Completed,Cash,5.99
2591,1043,2022-02-11,Completed,Credit Card,5.99
2592,3021,2023-09-30,Completed,Cash,5.99
2593,492,2023-08-11,Completed,Credit Card,5.99
2594,4374,2021-03-09,Cancelled,Credit Card,14.99
2595,873,2021-12-08,Completed,Debit Card,9.99
2596,2210,2023-04-29,Returned,Credit Card,0.0
2597,4756,2023-07-28,Completed,Cash,5.99
2598,2548,2021-03-09,Completed,PayPal,0.0
2599,258,2022-11-08,Returned,Debit Card,5.99
2600,1499,2021-01-22,Completed,Debit Card,5.99
2601,1569,2022-02-26,Completed,Debit Card,0.0
2602,1095,2022-10-21,Completed,Cash,9.99
2603,1597,2023-04-27,Completed,Credit Card,5.99
2604,2846,2021-12-11,Pending,PayPal,14.99
2605,4548,2022-05-02,Completed,Debit Card,0.0
2606,3035,2023-07-13,Completed,Cash,9.99
2607,4860,2022-01-18,Completed,PayPal,9.99
2608,1885,2022-07-16,Completed,Cash,0.0
2609,2850,2023-03-25,Completed,Debit Card,5.99
2610,4188,2022-07-04,Completed,Credit Card,9.99
2611,459,2022-10-29,Completed,Debit Card,5.99
2612,1690,2023-03-25,Completed,Debit Card,5.99
2613,2731,2021-01-20,Pending,PayPal,14.99
2614,1405,2022-08-26,Completed,Credit Card,0.0
2615,4162,2024-01-06,Completed,Debit Card,5.99
2616,4243,2023-01-02,Completed,,5.99
2617,248,2021-06-26,Completed,PayPal,5.99
2618,2754,2021-06-24,Completed,Credit Card,0.0
2619,230,2021-03-06,Returned,Debit Card,5.99
2620,4062,2023-04-09,Completed,Credit Card,9.99
2621,2590,2022-10-18,Cancelled,Credit Card,5.99
2622,374,2023-03-16,Completed,Cash,5.99
2623,4073,2022-04-27,Completed,,0.0
2624,4166,2021-12-27,Completed,Credit Card,9.99
2625,722,2022-01-17,Completed,Credit Card,5.99
2626,4800,2023-04-08,Completed,Debit Card,14.99
2627,3696,2023-09-21,Cancelled,Debit Card,0.0
2628,1736,2021-05-26,Completed,Credit Card,5.99
2629,2955,2021-08-25,Pending,Debit Card,0.0
2630,2124,2021-06-07,Completed,Credit Card,5.99
2631,2415,2023-10-04,Completed,PayPal,0.0
2632,1078,2023-11-08,Completed,PayPal,9.99
2633,2934,2022-11-21,Completed,Cash,9.99
2634,1482,2021-08-22,Returned,Cash,0.0
2635,2298,2022-01-04,Completed,Credit Card,0.0
2636,3878,2022-12-13,Completed,Credit Card,9.99
2637,4034,2021-12-17,Completed,Debit Card,5.99
2638,4004,2023-07-20,Completed,Credit Card,5.99
2639,3953,2022-01-01,Completed,Credit Card,0.0
2640,2074,2021-06-08,Completed,Credit Card,5.99
2641,2337,2023-04-11,Completed,Credit Card,0.0
2642,2241,2022-08-20,Completed,Debit Card,5.99
2643,4633,2021-10-13,Completed,Credit Card,5.99
2644,3200,2021-10-26,Completed,Credit Card,9.99
2645,2168,2021-09-25,Completed,Debit Card,5.99
2646,4812,2021-10-18,Completed,Credit Card,5.99
2647,2010,2022-12-15,Completed,Cash,0.0
2648,278,2022-05-21,Completed,Credit Card,14.99
2649,2508,2024-01-24,Completed,Debit Card,5.99
2650,3500,2022-06-11,Completed,Credit Card,0.0
2651,2313,2021-05-25,Completed,Credit Card,0.0
2652,434,2023-06-27,Completed,Credit Card,0.0
2653,400,2022-11-08,Completed,Debit Card,0.0
2654,3562,2023-09-07,Completed,PayPal,5.99
2655,72,2023-03-11,Completed,Debit Card,5.99
2656,3167,2021-06-27,Completed,Credit Card,14.99
2657,4656,2023-10-01,Completed,Credit Card,0.0
2658,4359,2023-04-10,Completed,Credit Card,9.99
2659,4187,2023-02-06,Completed,Credit Card,5.99
2660,1112,2023-09-20,Completed,Credit Card,0.0
2661,3197,2021-11-28,Completed,Cash,14.99
2662,2439,2021-11-24,Completed,Debit Card,9.99
2663,4476,2022-06-14,Completed,Debit Card,5.99
2664,3559,2023-01-16,Completed,Debit Card,5.99
2665,1032,2023-12-03,Completed,PayPal,14.99
2666,3748,2023-12-02,Completed,Credit Card,5.99
2667,2984,2022-04-28,Completed,PayPal,0.0
2668,2991,2023-06-12,Completed,PayPal,0.0
2669,1704,2023-06-06,Cancelled,Credit Card,5.99
2670,4071,2021-01-29,Completed,Credit Card,5.99
2671,3790,2023-10-21,Completed,Cash,9.99
2672,4864,2022-03-19,Completed,PayPal,0.0
2673,1867,2022-04-27,Cancelled,Credit Card,14.99
2674,4608,2022-08-02,Completed,Debit Card,5.99
2675,2881,2021-04-08,Completed,Credit Card,5.99
2676,2378,2023-11-19,Completed,Credit Card,0.0
2677,3112,2022-02-16,Completed,Credit Card,14.99
2678,170,2022-02-03,Returned,Credit Card,5.99
2679,4775,2023-08-25,Completed,Debit Card,5.99
2680,825,2023-11-14,Completed,PayPal,14.99
2681,1145,2022-03-23,Pending,PayPal,14.99
2682,994,2023-03-15,Completed,Credit Card,0.0
2683,182,2021-08-19,Completed,PayPal,14.99
2684,2083,2022-12-22,Completed,Credit Card,9.99
2685,200,2022-01-09,Completed,Credit Card,0.0
2686,3833,2023-03-08,Completed,Cash,0.0
2687,1288,2023-04-30,Completed,Credit Card,5.99
2688,2953,2023-12-06,Completed,Credit Card,5.99
2689,2075,2023-04-12,Completed,Credit Card,9.99
2690,2902,2023-02-23,Completed,Credit Card,0.0
2691,1623,2023-11-27,Completed,PayPal,9.99
2692,4941,2021-02-18,Cancelled,Cash,9.99
2693,3565,2024-01-16,Completed,PayPal,5.99
2694,357,2021-02-15,Completed,PayPal,14.99
2695,759,2023-09-13,Pending,Debit Card,9.99
2696,3557,2023-01-27,Completed,PayPal,0.0
2697,496,2023-05-05,Completed,Credit Card,9.99
2698,4699,2022-11-19,Completed,Cash,14.99
2699,1824,2022-05-04,Completed,Credit Card,0.0
2700,1158,2021-04-15,Completed,Cash,14.99
2701,2072,2021-02-21,Returned,Credit Card,0.0
2702,3840,2021-04-12,Completed,Debit Card,5.99
2703,255,2022-01-17,Completed,Debit Card,9.99
2704,3608,2021-10-21,Completed,Cash,9.99
2705,4618,2023-09-20,Completed,PayPal,9.99
2706,1175,2023-01-17,Completed,Credit Card,5.99
2707,3254,2021-01-28,Completed,Debit Card,5.99
2708,1115,2022-02-18,Completed,Credit Card,5.99
2709,2954,2023-04-18,Completed,Credit Card,5.99
2710,854,2021-02-02,Completed,Credit Card,5.99
2711,3907,2022-07-30,Completed,Credit Card,9.99
2712,2431,2023-08-22,Completed,Debit Card,5.99
2713,1649,2021-01-12,Completed,Cash,5.99
2714,1019,2021-11-15,Completed,Cash,0.0
2715,3230,2021-03-15,Completed,Credit Card,5.99
2716,466,2022-04-26,Returned,Credit Card,0.0
2717,1783,2022-03-31,Completed,Credit Card,5.99
2718,1079,2023-07-16,Pending,Credit Card,0.0
2719,3046,2021-06-28,Completed,Credit Card,0.0
2720,482,2022-06-27,Returned,Credit Card,5.99
2721,1894,2021-10-18,Completed,Debit Card,5.99
2722,4789,2021-08-17,Pending,Debit Card,5.99
2723,2435,2022-03-19,Completed,Debit Card,0.0
2724,2020,2023-08-26,Completed,Credit Card,14.99
2725,4895,2022-08-15,Pending,Debit Card,0.0
2726,4166,2023-07-10,Completed,PayPal,9.99
2727,4352,2021-12-28,Completed,Credit Card,9.99
2728,2119,2023-10-19,Completed,Credit Card,0.0
2729,2191,2022-04-12,Pending,Credit Card,5.99
2730,1267,2021-12-26,Completed,Credit Card,14.99
2731,3768,2021-10-22,Completed,Credit Card,5.99
2732,4562,2023-04-15,Completed,Credit Card,0.0
2733,4696,2023-10-28,Completed,Credit Card,5.99
2734,2929,2022-07-25,Completed,Credit Card,5.99
2735,1273,2022-11-03,Completed,Debit Card,9.99
2736,1989,2022-06-17,Completed,Credit Card,14.99
2737,3502,2021-11-20,Pending,Debit Card,0.0
2738,744,2023-10-19,Completed,Credit Card,5.99
2739,4091,2023-05-04,Completed,Credit Card,0.0
2740,4846,2021-09-15,Completed,PayPal,14.99
2741,2168,2022-05-20,Completed,Debit Card,5.99
2742,4669,2022-05-20,Completed,Credit Card,9.99
2743,3393,2023-03-21,Completed,Debit Card,5.99
2744,2151,2023-11-13,Completed,Debit Card,9.99
2745,2754,2022-03-15,Completed,Credit Card,0.0
2746,2510,2021-10-17,Completed,Credit Card,14.99
2747,4953,2022-09-26,Completed,PayPal,5.99
2748,2903,2021-03-02,Completed,Credit Card,9.99
2749,2901,2023-08-24,Completed,Credit Card,0.0
2750,3739,2021-12-23,Completed,Credit Card,5.99
2751,4154,2023-11-21,Completed,PayPal,5.99
2752,951,2021-06-25,Completed,Cash,0.0
2753,1420,2022-12-09,Completed,,5.99
2754,3676,2023-10-26,Completed,PayPal,5.99
2755,1582,2021-08-03,Completed,Cash,0.0
2756,895,2023-05-03,Completed,Debit Card,0.0
2757,4039,2021-06-04,Completed,PayPal,5.99
2758,2359,2023-10-24,Cancelled,Cash,5.99
2759,1178,2021-02-22,Cancelled,Credit Card,5.99
2760,3600,2023-11-03,Completed,Debit Card,5.99
2761,873,2021-03-05,Completed,Debit Card,0.0
2762,4335,2023-12-31,Completed,Cash,0.0
2763,1873,2021-05-08,Completed,PayPal,9.99
2764,1088,2022-06-23,Completed,PayPal,0.0
2765,1189,2021-02-09,Completed,Cash,5.99
2766,2293,2022-03-02,Completed,Debit Card,5.99
2767,194,2022-04-19,Completed,Credit Card,14.99
2768,1323,2023-03-18,Completed,Credit Card,0.0
2769,1748,2021-12-29,Completed,Debit Card,9.99
2770,4913,2023-06-16,Completed,Credit Card,5.99
2771,1710,2021-10-28,Completed,Credit Card,0.0
2772,3229,2022-07-05,Completed,Credit Card,0.0
2773,1060,2022-09-11,Completed,Cash,5.99
2774,3898,2022-11-06,Completed,Credit Card,5.99
2775,3175,2021-09-18,Completed,PayPal,5.99
2776,839,2022-01-16,Completed,Cash,14.99
2777,3782,2023-09-19,Completed,Credit Card,5.99
2778,3348,2023-01-07,Completed,Credit Card,5.99
2779,2217,2022-06-15,Cancelled,PayPal,9.99
2780,250,2021-10-06,Completed,Debit Card,9.99
2781,2268,2023-03-10,Completed,Credit Card,0.0
2782,332,2023-09-28,Completed,Credit Card,9.99
2783,2279,2022-04-22,Cancelled,Credit Card,5.99
2784,3191,2021-10-02,Completed,Credit Card,0.0
2785,2756,2023-09-19,Pending,Credit Card,0.0
2786,3004,2022-01-03,Completed,Credit Card,0.0
2787,814,2022-01-15,Completed,Debit Card,5.99
2788,662,2021-10-30,Pending,Cash,0.0
2789,1339,2021-07-28,Completed,Debit Card,5.99
2790,4526,2022-10-08,Completed,Cash,5.99
2791,3095,2022-12-15,Completed,PayPal,9.99
2792,1896,2022-05-03,Completed,Debit Card,5.99
2793,4135,2021-10-27,Completed,,5.99
2794,651,2022-10-18,Completed,Credit Card,9.99
2795,1006,2021-04-13,Completed,PayPal,9.99
2796,131,2021-07-17,Completed,Cash,9.99
2797,2869,2023-03-15,Pending,Credit Card,0.0
2798,54,2022-01-20,Completed,Credit Card,0.0
2799,1113,2022-01-16,Completed,PayPal,5.99
2800,1076,2023-06-26,Completed,Credit Card,5.99
2801,4358,2022-06-04,Completed,Credit Card,0.0
2802,4941,2023-01-11,Completed,PayPal,0.0
2803,1327,2021-07-17,Returned,Debit Card,14.99
2804,311,2021-06-24,Completed,Debit Card,5.99
2805,3907,2023-03-20,Completed,Cash,5.99
2806,2392,2022-11-24,Completed,Debit Card,0.0
2807,2774,2021-05-21,Completed,Debit Card,9.99
2808,4815,2023-05-15,Cancelled,Credit Card,5.99
2809,2921,2021-01-09,Completed,Credit Card,0.0
2810,1391,2024-01-25,Completed,PayPal,14.99
2811,4309,2023-03-29,Completed,Credit Card,9.99
2812,1105,2021-12-22,Completed,Credit Card,9.99
2813,3624,2022-08-30,Completed,Credit Card,14.99
2814,3441,2022-10-28,Completed,Credit Card,5.99
2815,4018,2021-08-06,Completed,Credit Card,9.99
2816,3945,2022-04-06,Completed,Debit Card,0.0
2817,2236,2022-02-13,Completed,Credit Card,5.99
2818,1496,2023-05-21,Pending,Credit Card,0.0
2819,1690,2023-05-23,Pending,Debit Card,0.0
2820,1722,2021-01-10,Completed,Cash,5.99
2821,2608,2022-11-30,Completed,Credit Card,0.0
2822,2171,2023-08-09,Completed,Debit Card,5.99
2823,1778,2022-10-25,Completed,Debit Card,5.99
2824,1878,2021-11-02,Completed,Debit Card,5.99
2825,3743,2023-04-12,Completed,Credit Card,0.0
2826,1586,2023-03-21,Cancelled,Cash,0.0
2827,1092,2022-09-17,Pending,Debit Card,5.99
2828,3609,2023-09-08,Completed,PayPal,5.99
2829,4261,2021-05-15,Completed,Credit Card,0.0
2830,1770,2021-07-11,Completed,Debit Card,5.99
2831,4981,2023-11-15,Completed,PayPal,9.99
2832,3427,2021-06-25,Completed,Credit Card,0.0
2833,4739,2022-03-11,Completed,Credit Card,5.99
2834,1533,2021-10-03,Cancelled,Debit Card,5.99
2835,654,2021-01-08,Completed,Credit Card,14.99
2836,2824,2023-07-18,Completed,Debit Card,0.0
2837,981,2021-11-14,Completed,Credit Card,5.99
2838,337,2022-01-31,Completed,Credit Card,9.99
2839,98,2021-09-01,Completed,Debit Card,5.99
2840,1131,2021-06-28,Cancelled,Credit Card,5.99
2841,3108,2024-01-06,Completed,Cash,0.0
2842,12,2022-06-23,Completed,PayPal,14.99
2843,4012,2023-03-30,Completed,Debit Card,9.99
2844,3613,2022-11-07,Completed,PayPal,5.99
2845,1353,2023-01-18,Completed,PayPal,0.0
2846,555,2021-04-22,Completed,Credit Card,0.0
2847,2110,2023-04-22,Completed,PayPal,5.99
2848,1587,2022-03-22,Completed,Credit Card,0.0
2849,2060,2023-06-06,Completed,Credit Card,5.99
2850,4276,2023-11-08,Completed,Debit Card,5.99
2851,3157,2022-11-28,Completed,Debit Card,9.99
2852,4664,2021-05-10,Completed,Credit Card,0.0
2853,3135,2023-02-14,Completed,Credit Card,5.99
2854,2813,2023-07-28,Completed,Debit Card,9.99
2855,1775,2023-05-12,Completed,Credit Card,5.99
2856,4070,2023-01-09,Completed,PayPal,9.99
2857,560,2022-12-29,Completed,Debit Card,0.0
2858,2959,2021-06-04,Completed,Credit Card,9.99
2859,2921,2023-02-16,Completed,Credit Card,14.99
2860,3903,2023-04-25,Completed,Debit Card,5.99
2861,2037,2023-06-26,Completed,Credit Card,5.99
2862,913,2023-04-12,Completed,Credit Card,0.0
2863,216,2021-05-06,Completed,Credit Card,5.99
2864,2918,2022-01-12,Completed,Credit Card,5.99
2865,1487,2021-10-10,Completed,Credit Card,0.0
2866,36,2022-02-09,Returned,Debit Card,9.99
2867,4591,2023-02-14,Completed,PayPal,9.99
2868,4652,2022-07-17,Completed,Debit Card,14.99
2869,4583,2022-09-20,Completed,PayPal,5.99
2870,1594,2022-12-13,Completed,Credit Card,5.99
2871,537,2021-08-02,Completed,Credit Card,9.99
2872,4556,2022-08-16,Completed,Debit Card,5.99
2873,3713,2022-04-26,Pending,Debit Card,5.99
2874,1819,2023-07-12,Cancelled,Debit Card,5.99
2875,249,2021-01-10,Completed,Debit Card,5.99
2876,4656,2022-07-05,Completed,Debit Card,0.0
2877,2961,2022-02-08,Completed,Credit Card,0.0
2878,424,2022-05-31,Completed,Debit Card,5.99
2879,3902,2021-11-14,Completed,Debit Card,5.99
2880,1717,2022-08-31,Completed,Cash,9.99
2881,1909,2021-08-01,Completed,Debit Card,5.99
2882,3827,2023-05-07,Completed,Debit Card,0.0
2883,3681,2021-11-15,Completed,Debit Card,5.99
2884,1866,2023-05-31,Cancelled,PayPal,0.0
2885,864,2022-02-09,Completed,Cash,0.0
2886,1067,2021-09-03,Completed,PayPal,0.0
2887,3903,2023-10-16,Completed,Debit Card,5.99
2888,1580,2023-08-17,Completed,Credit Card,0.0
2889,2255,2023-08-20,Completed,Debit Card,0.0
2890,702,2022-07-11,Completed,Debit Card,9.99
2891,2551,2022-07-14,Completed,PayPal,0.0
2892,4237,2021-10-30,Completed,Credit Card,0.0
2893,2785,2022-01-06,Completed,,14.99
2894,424,2021-10-25,Completed,Credit Card,5.99
2895,1310,2021-07-22,Completed,PayPal,0.0
2896,3719,2022-01-16,Completed,Credit Card,0.0
2897,3057,2022-09-10,Completed,,5.99
2898,4969,2021-09-26,Completed,Credit Card,5.99
2899,220,2021-08-09,Completed,Credit Card,0.0
2900,4305,2023-09-10,Cancelled,Debit Card,0.0
2901,1224,2022-01-28,Completed,Credit Card,14.99
2902,3375,2023-11-18,Completed,Debit Card,5.99
2903,4458,2021-07-09,Completed,Cash,5.99
2904,152,2021-02-27,Completed,Cash,0.0
2905,3,2022-04-22,Completed,Credit Card,0.0
2906,4977,2022-06-12,Returned,PayPal,5.99
2907,482,2023-06-28,Completed,Credit Card,14.99
2908,3868,2022-02-22,Completed,Cash,0.0
2909,1235,2021-08-01,Completed,PayPal,14.99
2910,1416,2023-07-19,Completed,Credit Card,0.0
2911,226,2022-11-01,Cancelled,Credit Card,5.99
2912,4594,2021-07-26,Completed,Credit Card,0.0
2913,3913,2021-03-06,Completed,PayPal,5.99
2914,700,2021-12-28,Completed,Credit Card,5.99
2915,1284,2023-01-19,Completed,Debit Card,5.99
2916,994,2024-01-12,Completed,Debit Card,5.99
2917,4280,2022-04-30,Completed,Cash,5.99
2918,4787,2022-11-01,Completed,Cash,9.99
2919,2288,2021-01-31,Completed,,0.0
2920,2845,2023-11-03,Completed,Debit Card,5.99
2921,1475,2022-02-26,Completed,PayPal,0.0
2922,2010,2022-04-27,Completed,PayPal,5.99
2923,4885,2021-12-11,Completed,Credit Card,9.99
2924,2649,2023-08-29,Completed,Credit Card,0.0
2925,4672,2021-07-27,Pending,Credit Card,14.99
2926,3388,2021-02-19,Completed,Credit Card,9.99
2927,310,2022-09-04,Cancelled,Credit Card,5.99
2928,1077,2022-10-06,Cancelled,Credit Card,0.0
2929,1922,2022-03-01,Completed,Debit Card,9.99
2930,1718,2022-10-23,Completed,Credit Card,9.99
2931,618,2021-06-29,Completed,Debit Card,0.0
2932,2686,2022-03-22,Completed,Credit Card,14.99
2933,4228,2022-10-13,Completed,PayPal,14.99
2934,3806,2023-05-24,Completed,Cash,5.99
2935,2874,2022-02-18,Completed,Debit Card,9.99
2936,942,2022-08-27,Completed,PayPal,5.99
2937,3771,2022-04-07,Completed,Credit Card,5.99
2938,2956,2021-05-15,Completed,PayPal,5.99
2939,3650,2023-06-20,Completed,Credit Card,0.0
2940,243,2021-06-09,Completed,Credit Card,9.99
2941,1620,2021-05-13,Completed,Credit Card,0.0
2942,1371,2023-02-19,Completed,Debit Card,5.99
2943,1611,2022-04-17,Pending,Credit Card,9.99
2944,113,2022-02-05,Completed,Debit Card,0.0
2945,4513,2022-12-15,Completed,Credit Card,5.99
2946,4308,2022-06-19,Completed,PayPal,5.99
2947,4411,2023-07-03,Completed,Debit Card,0.0
2948,465,2021-06-24,Completed,Credit Card,9.99
2949,3555,2023-01-05,Pending,Credit Card,5.99
2950,25,2022-06-18,Completed,PayPal,5.99
2951,4957,2022-03-09,Returned,Credit Card,0.0
2952,2319,2022-05-13,Completed,Debit Card,0.0
2953,550,2023-11-03,Completed,Debit Card,0.0
2954,3809,2021-12-07,Completed,Credit Card,0.0
2955,2755,2022-10-25,Cancelled,Credit Card,5.99
2956,97,2022-09-12,Completed,Credit Card,5.99
2957,1387,2021-08-09,Completed,Credit Card,0.0
2958,2292,2023-09-20,Completed,Credit Card,0.0
2959,998,2023-04-21,Completed,Credit Card,5.99
2960,1811,2024-01-21,Completed,Credit Card,9.99
2961,197,2021-10-16,Cancelled,Credit Card,5.99
2962,386,2021-10-29,Completed,Cash,0.0
2963,3635,2021-03-08,Completed,Debit Card,9.99
2964,4205,2023-03-27,Completed,PayPal,14.99
2965,4475,2024-01-10,Completed,Credit Card,5.99
2966,3467,2021-09-30,Completed,Credit Card,5.99
2967,4044,2022-06-06,Completed,PayPal,5.99
2968,2864,2022-11-30,Completed,Debit Card,14.99
2969,4225,2021-03-27,Completed,Credit Card,5.99
2970,3970,2021-12-22,Cancelled,Credit Card,14.99
2971,2659,2023-11-16,Returned,,0.0
2972,2791,2022-09-14,Completed,PayPal,5.99
2973,4434,2022-12-11,Completed,Credit Card,9.99
2974,2770,2023-08-02,Pending,Debit Card,9.99
2975,41,2021-08-31,Completed,Debit Card,9.99
2976,4815,2023-05-06,Completed,Cash,9.99
2977,2776,2021-07-24,Pending,PayPal,9.99
2978,4711,2023-11-20,Completed,Credit Card,5.99
2979,795,2021-06-24,Completed,Debit Card,5.99
2980,2488,2023-05-25,Completed,PayPal,5.99
2981,2747,2021-12-27,Completed,Debit Card,5.99
2982,354,2023-01-27,Completed,PayPal,5.99
2983,2431,2022-08-24,Completed,Cash,5.99
2984,3586,2022-02-05,Completed,Credit Card,0.0
2985,1442,2021-08-07,Completed,Credit Card,0.0
2986,2033,2022-09-12,Completed,PayPal,14.99
2987,3202,2022-10-22,Completed,Credit Card,0.0
2988,3378,2022-05-25,Completed,Credit Card,0.0
2989,2387,2023-05-07,Completed,Credit Card,5.99
2990,3223,2022-11-25,Completed,PayPal,0.0
2991,1049,2021-07-24,Completed,Credit Card,5.99
2992,3649,2022-02-15,Completed,Debit Card,0.0
2993,1459,2022-03-21,Completed,Credit Card,0.0
2994,4110,2023-11-26,Completed,Credit Card,9.99
2995,3517,2023-06-08,Completed,Credit Card,9.99
2996,2779,2021-08-16,Completed,Credit Card,0.0
2997,856,2022-04-02,Completed,PayPal,5.99
2998,4426,2023-04-29,Completed,PayPal,5.99
2999,1023,2023-08-13,Pending,PayPal,9.99
3000,2360,2022-08-19,Completed,Credit Card,5.99
3001,1101,2023-03-02,Completed,Debit Card,0.0
3002,323,2021-06-17,Completed,Credit Card,5.99
3003,2527,2023-06-02,Completed,Credit Card,5.99
3004,1852,2021-07-25,Pending,Debit Card,0.0
3005,4534,2023-05-30,Completed,Debit Card,5.99
3006,2216,2021-01-23,Completed,Credit Card,9.99
3007,2654,2022-10-15,Completed,Credit Card,5.99
3008,377,2022-07-13,Completed,Cash,0.0
3009,2124,2022-05-09,Completed,Credit Card,9.99
3010,3288,2022-04-09,Completed,Cash,9.99
3011,1198,2023-07-17,Completed,Cash,5.99
3012,869,2021-02-10,Completed,Debit Card,5.99
3013,3990,2023-09-19,Completed,Credit Card,5.99
3014,3163,2022-05-01,Completed,PayPal,0.0
3015,2137,2023-02-23,Completed,Credit Card,5.99
3016,1585,2023-08-20,Completed,Credit Card,9.99
3017,2424,2021-06-10,Completed,PayPal,5.99
3018,4955,2021-09-18,Completed,Credit Card,0.0
3019,1649,2023-10-18,Completed,Credit Card,0.0
3020,4703,2022-06-16,Cancelled,Debit Card,5.99
3021,2348,2023-09-18,Completed,Debit Card,0.0
3022,874,2021-01-09,Completed,Credit Card,5.99
3023,3488,2023-05-06,Completed,Credit Card,5.99
3024,3094,2023-02-07,Completed,Credit Card,0.0
3025,3680,2022-05-06,Completed,Credit Card,5.99
3026,2101,2021-06-09,Completed,PayPal,5.99
3027,275,2021-12-23,Completed,Debit Card,5.99
3028,3618,2021-08-10,Completed,Debit Card,0.0
3029,4555,2023-07-18,Completed,Credit Card,0.0
3030,4586,2023-12-19,Completed,Credit Card,9.99
3031,3437,2022-09-12,Completed,Credit Card,9.99
3032,4618,2021-01-01,Completed,Credit Card,9.99
3033,4185,2023-03-06,Completed,Credit Card,0.0
3034,2949,2023-07-13,Completed,Credit Card,0.0
3035,4366,2021-10-15,Completed,Credit Card,5.99
3036,2578,2023-05-23,Completed,PayPal,9.99
3037,3658,2023-07-04,Completed,PayPal,9.99
3038,2218,2021-10-16,Cancelled,Debit Card,9.99
3039,618,2021-04-18,Completed,Credit Card,0.0
3040,705,2022-07-13,Returned,PayPal,9.99
3041,448,2021-07-02,Returned,Cash,9.99
3042,3239,2023-05-31,Completed,Credit Card,0.0
3043,3578,2021-12-14,Completed,,5.99
3044,3750,2022-02-05,Completed,,5.99
3045,1239,2021-05-14,Completed,Debit Card,0.0
3046,3513,2021-08-05,Completed,Credit Card,5.99
3047,2374,2023-02-12,Completed,Credit Card,9.99
3048,751,2023-06-28,Completed,Debit Card,9.99
3049,4129,2023-07-16,Cancelled,Credit Card,14.99
3050,3667,2022-10-05,Completed,Cash,5.99
3051,1935,2023-02-28,Completed,Debit Card,5.99
3052,4744,2022-06-13,Completed,Credit Card,5.99
3053,3687,2023-10-04,Returned,Debit Card,5.99
3054,4408,2022-06-14,Completed,Debit Card,0.0
3055,2598,2021-01-30,Completed,Credit Card,9.99
3056,1775,2021-08-28,Completed,Credit Card,0.0
3057,3724,2021-10-22,Completed,Cash,0.0
3058,3873,2023-01-15,Completed,,0.0
3059,430,2022-12-07,Completed,Credit Card,14.99
3060,594,2022-05-21,Completed,,0.0
3061,1312,2021-09-05,Completed,Debit Card,5.99
3062,2284,2023-07-17,Completed,Debit Card,14.99
3063,4711,2022-11-17,Pending,Credit Card,5.99
3064,1743,2022-10-31,Completed,Debit Card,0.0
3065,898,2021-01-03,Returned,Credit Card,5.99
3066,3533,2022-06-18,Completed,Credit Card,0.0
3067,2179,2023-03-12,Completed,Debit Card,0.0
3068,2920,2021-07-30,Completed,Credit Card,9.99
3069,4896,2023-06-09,Completed,PayPal,0.0
3070,4273,2021-08-18,Completed,Credit Card,5.99
3071,1207,2022-08-28,Completed,Debit Card,5.99
3072,2120,2022-04-25,Completed,Credit Card,0.0
3073,2023,2024-01-14,Completed,Credit Card,5.99
3074,3593,2022-07-11,Completed,PayPal,0.0
3075,4478,2021-04-11,Completed,Credit Card,5.99
3076,120,2022-04-10,Completed,Debit Card,5.99
3077,2216,2023-08-13,Completed,Debit Card,0.0
3078,3608,2021-09-15,Completed,Debit Card,5.99
3079,23,2023-02-15,Completed,PayPal,0.0
3080,2399,2023-09-04,Completed,Debit Card,5.99
3081,322,2022-11-20,Completed,Debit Card,9.99
3082,3953,2022-07-31,Completed,PayPal,5.99
3083,4827,2022-12-09,Completed,,9.99
3084,1646,2023-06-21,Completed,Credit Card,5.99
3085,3187,2023-05-07,Completed,Debit Card,14.99
3086,2823,2021-04-28,Completed,Credit Card,0.0
3087,560,2022-08-26,Returned,Credit Card,14.99
3088,4170,2021-07-02,Completed,Credit Card,5.99
3089,3663,2022-06-13,Completed,PayPal,9.99
3090,3058,2021-09-23,Cancelled,Debit Card,14.99
3091,3227,2022-12-30,Cancelled,Debit Card,5.99
3092,4751,2021-05-07,Completed,Credit Card,9.99
3093,1462,2022-12-24,Completed,Credit Card,5.99
3094,3540,2023-03-15,Returned,Cash,5.99
3095,4830,2022-02-07,Completed,Credit Card,5.99
3096,1144,2023-04-17,Pending,Credit Card,0.0
3097,412,2021-04-26,Completed,Credit Card,5.99
3098,1807,2022-03-23,Completed,Debit Card,14.99
3099,1303,2023-11-10,Completed,Credit Card,9.99
3100,3848,2022-11-08,Completed,Credit Card,9.99
3101,1707,2022-10-22,Completed,Debit Card,5.99
3102,2805,2021-11-25,Returned,Credit Card,5.99
3103,4066,2023-11-05,Completed,PayPal,0.0
3104,966,2023-12-07,Completed,Credit Card,0.0
3105,1155,2022-01-17,Completed,Credit Card,0.0
3106,2984,2022-01-24,Completed,Debit Card,5.99
3107,3190,2021-08-26,Completed,PayPal,9.99
3108,3964,2022-03-07,Completed,PayPal,0.0
3109,1513,2021-11-01,Completed,Debit Card,0.0
3110,593,2023-05-26,Completed,Credit Card,5.99
3111,1265,2023-09-23,Completed,Credit Card,0.0
3112,2042,2023-11-15,Completed,Credit Card,5.99
3113,40,2022-03-19,Returned,PayPal,0.0
3114,221,2022-09-25,Completed,PayPal,5.99
3115,4527,2022-02-20,Completed,Cash,14.99
3116,2797,2023-01-06,Completed,Credit Card,5.99
3117,3751,2024-01-03,Completed,Debit Card,9.99
3118,4145,2023-01-18,Completed,Debit Card,5.99
3119,4720,2021-08-10,Completed,Debit Card,5.99
3120,2859,2023-08-07,Completed,Debit Card,9.99
3121,4809,2023-08-13,Completed,PayPal,5.99
3122,944,2023-04-19,Completed,Credit Card,0.0
3123,3010,2022-05-22,Completed,Credit Card,0.0
3124,1918,2023-11-16,Completed,Credit Card,9.99
3125,1163,2023-01-12,Completed,Credit Card,5.99
3126,2499,2023-11-15,Completed,Credit Card,5.99
3127,1488,2023-03-14,Completed,Credit Card,0.0
3128,2789,2021-10-31,Pending,Credit Card,0.0
3129,3182,2021-10-18,Cancelled,Debit Card,9.99
3130,3119,2022-11-16,Completed,PayPal,9.99
3131,162,2022-07-07,Completed,PayPal,5.99
3132,57,2022-04-10,Completed,Credit Card,0.0
3133,4755,2023-09-26,Returned,Credit Card,14.99
3134,4421,2023-04-14,Completed,Credit Card,5.99
3135,7,2022-02-06,Completed,Cash,9.99
3136,2734,2023-05-13,Completed,Debit Card,0.0
3137,4024,2023-04-10,Completed,Credit Card,5.99
3138,4405,2021-12-28,Returned,PayPal,9.99
3139,1744,2023-10-27,Completed,Credit Card,5.99
3140,3337,2023-10-16,Completed,PayPal,9.99
3141,4963,2021-07-18,Completed,Credit Card,5.99
3142,379,2021-06-07,Completed,Credit Card,0.0
3143,1684,2023-08-04,Completed,Debit Card,9.99
3144,253,2021-08-26,Completed,PayPal,0.0
3145,1657,2023-06-15,Returned,PayPal,9.99
3146,2201,2023-01-30,Completed,Debit Card,14.99
3147,600,2022-03-11,Completed,Credit Card,14.99
3148,2015,2022-12-03,Pending,Credit Card,9.99
3149,3324,2022-11-13,Completed,Cash,5.99
3150,2772,2022-12-12,Completed,Debit Card,5.99
3151,1549,2022-02-04,Completed,PayPal,9.99
3152,1025,2022-07-06,Completed,Credit Card,0.0
3153,4820,2023-01-27,Completed,Debit Card,0.0
3154,4224,2021-04-08,Pending,Credit Card,5.99
3155,2648,2023-05-21,Completed,Debit Card,0.0
3156,3553,2023-12-04,Completed,PayPal,14.99
3157,4392,2022-11-21,Completed,Debit Card,5.99
3158,2187,2023-10-27,Completed,Credit Card,0.0
3159,4933,2021-09-21,Completed,Credit Card,5.99
3160,3636,2022-06-24,Completed,Credit Card,9.99
3161,3615,2024-01-08,Returned,Cash,14.99
3162,227,2023-04-26,Completed,Credit Card,0.0
3163,4083,2022-04-28,Completed,PayPal,9.99
3164,357,2021-05-06,Completed,Debit Card,5.99
3165,3492,2023-08-04,Completed,PayPal,5.99
3166,361,2021-11-05,Completed,Cash,9.99
3167,204,2023-12-03,Completed,Debit Card,0.0
3168,4086,2022-11-15,Completed,PayPal,5.99
3169,2232,2022-10-29,Completed,Credit Card,5.99
3170,3092,2022-07-21,Completed,Debit Card,0.0
3171,814,2021-09-06,Completed,PayPal,0.0
3172,2278,2023-07-04,Completed,Credit Card,0.0
3173,1963,2022-02-23,Completed,Debit Card,5.99
3174,2028,2022-09-05,Completed,PayPal,0.0
3175,3647,2022-03-26,Completed,PayPal,5.99
3176,258,2021-06-24,Completed,Credit Card,5.99
3177,417,2022-10-02,Completed,Debit Card,14.99
3178,2276,2021-09-01,Completed,Credit Card,5.99
3179,4844,2022-06-24,Completed,Debit Card,14.99
3180,650,2021-11-22,Completed,Credit Card,0.0
3181,4000,2021-05-26,Completed,Debit Card,9.99
3182,2531,2022-12-31,Completed,Credit Card,0.0
3183,2325,2022-06-01,Completed,Credit Card,9.99
3184,1614,2022-09-27,Returned,Credit Card,5.99
3185,3175,2021-03-09,Completed,Credit Card,5.99
3186,4587,2023-04-03,Completed,Debit Card,5.99
3187,3586,2023-08-06,Completed,PayPal,0.0
3188,676,2023-03-09,Pending,Credit Card,9.99
3189,3126,2021-10-29,Completed,Credit Card,14.99
3190,1953,2022-09-30,Completed,Credit Card,0.0
3191,4127,2021-10-20,Cancelled,Debit Card,14.99
3192,3756,2023-01-09,Completed,Credit Card,0.0
3193,3578,2023-10-10,Completed,Credit Card,9.99
3194,1528,2022-06-20,Completed,Credit Card,14.99
3195,650,2021-03-09,Completed,Credit Card,0.0
3196,2931,2022-09-26,Completed,Credit Card,5.99
3197,3916,2021-02-16,Completed,Credit Card,5.99
3198,4013,2023-01-28,Completed,Debit Card,5.99
3199,2467,2021-11-22,Completed,Debit Card,9.99
3200,51,2023-09-21,Completed,Credit Card,5.99
3201,2663,2023-08-11,Completed,Debit Card,14.99
3202,2089,2021-02-10,Completed,Credit Card,0.0
3203,3070,2022-02-16,Pending,Cash,5.99
3204,4110,2023-01-25,Completed,Credit Card,5.99
3205,3581,2022-05-31,Completed,Debit Card,14.99
3206,3516,2023-08-04,Completed,Debit Card,0.0
3207,999,2023-06-02,Completed,Credit Card,14.99
3208,4289,2023-02-18,Completed,Cash,5.99
3209,1223,2022-04-20,Completed,Credit Card,5.99
3210,2380,2021-04-13,Completed,Debit Card,5.99
3211,4418,2023-07-17,Completed,Credit Card,9.99
3212,4092,2023-06-24,Completed,Credit Card,5.99
3213,2520,2023-09-28,Completed,Debit Card,5.99
3214,550,2022-10-19,Completed,Credit Card,5.99
3215,2246,2021-06-07,Completed,Credit Card,5.99
3216,1396,2021-01-01,Completed,Credit Card,0.0
3217,4007,2021-02-27,Completed,Debit Card,9.99
3218,4145,2023-03-21,Completed,Credit Card,0.0
3219,2962,2022-12-26,Completed,Credit Card,9.99
3220,1916,2021-07-21,Completed,Debit Card,5.99
3221,521,2022-08-03,Cancelled,Credit Card,5.99
3222,2054,2021-02-17,Completed,Credit Card,5.99
3223,892,2023-09-26,Completed,Credit Card,5.99
3224,4951,2021-12-14,Cancelled,Credit Card,9.99
3225,4122,2022-04-13,Completed,Credit Card,9.99
3226,4101,2022-07-29,Completed,Cash,0.0
3227,3852,2023-04-16,Completed,Credit Card,14.99
3228,1419,2021-07-30,Completed,Credit Card,5.99
3229,3427,2023-01-13,Completed,Credit Card,9.99
3230,1698,2021-03-27,Completed,Credit Card,0.0
3231,2116,2022-07-11,Completed,Debit Card,0.0
3232,4686,2021-08-31,Completed,Credit Card,5.99
3233,1410,2021-05-09,Completed,Credit Card,5.99
3234,674,2023-10-20,Completed,Credit Card,14.99
3235,1320,2021-04-13,Completed,PayPal,0.0
3236,1118,2023-11-18,Completed,Credit Card,0.0
3237,1679,2021-11-10,Completed,Credit Card,0.0
3238,1793,2021-11-07,Completed,Debit Card,0.0
3239,4721,2021-10-12,Completed,Credit Card,5.99
3240,4795,2021-04-18,Completed,PayPal,5.99
3241,4294,2021-10-21,Completed,Debit Card,5.99
3242,1305,2022-10-13,Completed,Credit Card,0.0
3243,1005,2021-06-30,Completed,Debit Card,0.0
3244,2573,2022-03-08,Completed,Cash,0.0
3245,4614,2021-02-28,Completed,Debit Card,9.99
3246,196,2021-01-09,Completed,Cash,9.99
3247,118,2022-01-03,Completed,Credit Card,9.99
3248,3777,2022-12-30,Completed,Credit Card,14.99
3249,1007,2021-04-02,Pending,Cash,9.99
3250,1734,2021-05-12,Completed,Credit Card,5.99
3251,1136,2021-07-11,Pending,Cash,5.99
3252,56,2022-09-15,Returned,Credit Card,14.99
3253,2372,2023-06-23,Completed,Cash,5.99
3254,2238,2022-06-10,Completed,Credit Card,0.0
3255,4190,2023-07-02,Completed,Credit Card,5.99
3256,2119,2021-12-28,Cancelled,PayPal,14.99
3257,2877,2021-04-23,Completed,Credit Card,9.99
3258,3440,2022-12-13,Returned,Credit Card,0.0
3259,3715,2023-01-29,Completed,Credit Card,14.99
3260,3957,2022-10-22,Completed,Debit Card,14.99
3261,583,2021-09-17,Completed,Cash,0.0
3262,2977,2022-05-08,Completed,Credit Card,9.99
3263,2179,2023-09-14,Completed,Credit Card,9.99
3264,905,2023-10-30,Completed,Credit Card,0.0
3265,3807,2022-01-20,Completed,Debit Card,5.99
3266,3112,2021-02-27,Completed,Credit Card,5.99
3267,3200,2022-06-02,Completed,Credit Card,5.99
3268,58,2023-10-10,Completed,Credit Card,14.99
3269,2431,2022-12-08,Completed,Debit Card,5.99
3270,2586,2023-09-11,Completed,PayPal,5.99
3271,3422,2022-08-23,Completed,Debit Card,14.99
3272,4490,2022-10-04,Completed,Credit Card,14.99
3273,4826,2023-02-11,Completed,Debit Card,0.0
3274,1890,2024-01-20,Completed,PayPal,14.99
3275,4725,2022-08-03,Completed,Credit Card,0.0
3276,693,2022-08-04,Completed,Credit Card,5.99
3277,809,2021-10-07,Completed,Credit Card,9.99
3278,3293,2023-02-22,Completed,Debit Card,9.99
3279,2541,2022-04-20,Completed,Debit Card,9.99
3280,3036,2022-02-05,Completed,Debit Card,0.0
3281,3606,2022-03-08,Completed,Credit Card,0.0
3282,3283,2022-05-19,Returned,Credit Card,14.99
3283,4027,2024-01-20,Cancelled,Cash,0.0
3284,3688,2022-09-22,Completed,Credit Card,0.0
3285,3273,2023-04-29,Completed,Cash,9.99
3286,3052,2022-12-03,Completed,Debit Card,5.99
3287,3882,2021-05-16,Completed,Credit Card,5.99
3288,3548,2021-03-28,Completed,Credit Card,0.0
3289,3153,2022-03-01,Completed,Cash,9.99
3290,3284,2022-08-19,Completed,Credit Card,14.99
3291,2062,2022-02-14,Returned,PayPal,0.0
3292,3938,2021-04-19,Completed,Credit Card,5.99
3293,3229,2021-10-10,Completed,Debit Card,0.0
3294,384,2022-08-27,Completed,PayPal,9.99
3295,4606,2021-07-02,Completed,Cash,5.99
3296,2891,2022-03-03,Completed,Credit Card,9.99
3297,1030,2021-03-26,Completed,Debit Card,5.99
3298,69,2021-08-29,Completed,Credit Card,5.99
3299,4098,2023-05-15,Completed,Credit Card,9.99
3300,2802,2021-04-11,Completed,Credit Card,5.99
3301,1145,2023-04-11,Completed,Credit Card,9.99
3302,4802,2022-06-06,Completed,Credit Card,5.99
3303,3570,2022-06-23,Completed,Credit Card,0.0
3304,2547,2021-03-26,Completed,Cash,5.99
3305,2700,2022-02-17,Completed,Debit Card,5.99
3306,2627,2023-01-20,Completed,Credit Card,5.99
3307,1516,2022-05-13,Completed,Cash,9.99
3308,579,2022-08-19,Completed,Credit Card,5.99
3309,4023,2021-09-01,Completed,Credit Card,9.99
3310,2980,2023-09-21,Completed,Debit Card,5.99
3311,509,2023-09-19,Completed,Credit Card,0.0
3312,2356,2022-02-03,Completed,Debit Card,0.0
3313,4696,2022-02-22,Completed,Credit Card,9.99
3314,4402,2022-08-07,Completed,Credit Card,0.0
3315,4255,2022-04-24,Completed,Credit Card,0.0
3316,4056,2021-03-28,Completed,Cash,0.0
3317,4336,2023-07-19,Cancelled,Debit Card,5.99
3318,1101,2021-08-16,Completed,Debit Card,5.99
3319,4861,2024-01-26,Cancelled,Debit Card,0.0
3320,4574,2021-11-08,Completed,Credit Card,5.99
3321,4107,2021-07-24,Completed,Debit Card,5.99
3322,3995,2023-12-25,Completed,Credit Card,9.99
3323,1177,2021-11-23,Completed,Credit Card,9.99
3324,3835,2021-07-08,Completed,Debit Card,5.99
3325,2954,2023-02-24,Completed,Credit Card,5.99
3326,2451,2021-02-04,Completed,Credit Card,0.0
3327,2260,2023-06-08,Completed,PayPal,9.99
3328,1162,2022-01-21,Pending,Debit Card,5.99
3329,1365,2021-12-04,Cancelled,Debit Card,5.99
3330,41,2022-03-27,Completed,Credit Card,14.99
3331,3532,2021-05-18,Completed,Credit Card,14.99
3332,631,2023-12-18,Completed,Debit Card,9.99
3333,4539,2023-02-10,Completed,Debit Card,14.99
3334,2964,2023-08-03,Completed,Debit Card,9.99
3335,333,2023-12-04,Completed,Cash,9.99
3336,3393,2021-08-21,Completed,Cash,0.0
3337,4976,2021-06-23,Pending,Credit Card,14.99
3338,1395,2021-02-25,Completed,PayPal,9.99
3339,4874,2024-01-20,Completed,Debit Card,0.0
3340,4393,2021-05-05,Completed,Debit Card,5.99
3341,3830,2021-11-12,Completed,Credit Card,0.0
3342,1902,2022-04-28,Completed,Debit Card,14.99
3343,4311,2024-01-15,Completed,Cash,5.99
3344,3538,2022-05-09,Completed,PayPal,0.0
3345,2258,2023-03-29,Returned,PayPal,0.0
3346,285,2023-09-10,Completed,Credit Card,14.99
3347,506,2021-01-13,Completed,Credit Card,5.99
3348,3113,2021-10-15,Completed,Credit Card,5.99
3349,3924,2022-12-30,Completed,Credit Card,5.99
3350,1145,2023-07-11,Completed,Debit Card,0.0
3351,2501,2022-10-11,Completed,Credit Card,0.0
3352,3399,2022-05-07,Completed,Debit Card,5.99
3353,3538,2023-01-03,Cancelled,Credit Card,5.99
3354,1657,2023-05-17,Completed,Credit Card,5.99
3355,4786,2022-09-27,Completed,Credit Card,5.99
3356,307,2022-07-08,Completed,PayPal,0.0
3357,2014,2021-05-11,Completed,Credit Card,14.99
3358,1329,2021-05-23,Completed,Credit Card,0.0
3359,719,2022-01-23,Completed,PayPal,0.0
3360,2105,2022-12-16,Completed,Cash,0.0
3361,2025,2022-08-21,Completed,Debit Card,0.0
3362,456,2023-07-14,Completed,Credit Card,0.0
3363,1590,2022-01-14,Completed,Credit Card,5.99
3364,729,2023-12-08,Completed,Cash,9.99
3365,4457,2023-03-12,Completed,PayPal,0.0
3366,1556,2022-05-25,Completed,Debit Card,5.99
3367,4643,2023-03-15,Completed,Credit Card,14.99
3368,1959,2021-11-29,Completed,Credit Card,0.0
3369,1981,2022-09-20,Completed,Credit Card,9.99
3370,163,2021-02-04,Completed,Debit Card,0.0
3371,648,2021-11-18,Completed,Credit Card,0.0
3372,889,2022-04-20,Completed,Cash,5.99
3373,918,2023-10-26,Completed,Credit Card,0.0
3374,4165,2022-06-22,Completed,Debit Card,14.99
3375,2154,2021-10-22,Completed,Credit Card,0.0
3376,176,2021-04-28,Completed,Debit Card,5.99
3377,3281,2022-04-07,Completed,Credit Card,5.99
3378,2898,2021-05-25,Completed,PayPal,0.0
3379,2062,2023-08-31,Completed,Debit Card,9.99
3380,4111,2022-12-08,Completed,Credit Card,5.99
3381,4357,2021-06-04,Completed,PayPal,9.99
3382,2650,2022-06-20,Completed,Debit Card,9.99
3383,2811,2022-10-19,Completed,Cash,5.99
3384,4285,2021-01-21,Cancelled,Cash,5.99
3385,4081,2021-04-01,Completed,Cash,0.0
3386,2620,2021-02-18,Completed,Credit Card,0.0
3387,3044,2022-01-27,Returned,Credit Card,0.0
3388,1094,2023-01-18,Completed,Cash,14.99
3389,2372,2023-09-09,Completed,Credit Card,5.99
3390,2913,2021-10-11,Completed,Credit Card,0.0
3391,1258,2023-12-04,Completed,PayPal,0.0
3392,4666,2023-02-10,Completed,Credit Card,0.0
3393,3217,2022-05-10,Returned,Debit Card,0.0
3394,855,2022-11-28,Completed,PayPal,5.99
3395,2815,2022-04-28,Completed,PayPal,0.0
3396,613,2021-07-03,Completed,Credit Card,0.0
3397,2265,2021-02-20,Completed,Credit Card,5.99
3398,1580,2023-02-24,Completed,Credit Card,14.99
3399,3376,2023-09-12,Cancelled,Credit Card,5.99
3400,4986,2022-04-09,Returned,Credit Card,9.99
3401,3748,2022-03-27,Completed,Credit Card,0.0
3402,2073,2022-03-13,Pending,Debit Card,9.99
3403,2839,2023-12-01,Completed,Debit Card,0.0
3404,3726,2022-01-13,Completed,PayPal,9.99
3405,4287,2023-06-30,Completed,Debit Card,9.99
3406,1730,2023-02-26,Completed,Credit Card,9.99
3407,2600,2022-10-18,Completed,Debit Card,9.99
3408,597,2022-03-20,Completed,PayPal,5.99
3409,3712,2022-08-29,Completed,Credit Card,0.0
3410,4685,2024-01-12,Completed,Debit Card,5.99
3411,4475,2021-04-18,Completed,Credit Card,5.99
3412,1637,2021-12-31,Returned,Credit Card,0.0
3413,4110,2022-09-07,Completed,Cash,5.99
3414,3738,2023-03-09,Completed,Cash,5.99
3415,730,2023-03-13,Completed,Debit Card,0.0
3416,1979,2023-12-04,Completed,Debit Card,5.99
3417,2689,2021-12-17,Completed,PayPal,5.99
3418,2860,2022-04-28,Completed,Cash,0.0
3419,3256,2023-01-12,Completed,Credit Card,5.99
3420,3476,2024-01-27,Completed,Debit Card,14.99
3421,3540,2022-12-08,Completed,Credit Card,9.99
3422,2028,2022-11-10,Completed,Credit Card,5.99
3423,1666,2022-01-09,Completed,Credit Card,5.99
3424,4446,2021-02-25,Completed,PayPal,0.0
3425,4712,2021-05-31,Completed,PayPal,0.0
3426,2912,2021-01-04,Completed,PayPal,0.0
3427,4401,2021-08-18,Completed,Credit Card,14.99
3428,3583,2023-01-16,Returned,Debit Card,14.99
3429,2051,2022-09-28,Completed,Credit Card,9.99
3430,560,2022-09-13,Completed,Credit Card,5.99
3431,3801,2022-09-24,Completed,Cash,0.0
3432,4374,2022-09-27,Completed,Credit Card,5.99
3433,1154,2023-10-04,Completed,PayPal,5.99
3434,2679,2021-10-17,Cancelled,Credit Card,5.99
3435,3171,2021-01-09,Returned,Credit Card,5.99
3436,377,2023-07-04,Completed,Debit Card,9.99
3437,1005,2022-07-10,Completed,Credit Card,9.99
3438,4916,2021-04-27,Completed,Credit Card,5.99
3439,4778,2023-01-21,Completed,Credit Card,9.99
3440,909,2021-08-03,Completed,Debit Card,0.0
3441,3541,2024-01-31,Completed,Cash,5.99
3442,1057,2023-08-13,Completed,PayPal,0.0
3443,2161,2021-01-29,Completed,Cash,0.0
3444,3479,2022-01-22,Completed,PayPal,0.0
3445,4938,2021-10-03,Completed,PayPal,0.0
3446,2512,2021-12-15,Completed,Debit Card,14.99
3447,3855,2021-07-30,Completed,Debit Card,5.99
3448,3449,2023-07-15,Cancelled,Credit Card,14.99
3449,1378,2023-07-24,Completed,PayPal,0.0
3450,4849,2022-11-04,Completed,Credit Card,0.0
3451,1606,2021-04-22,Completed,Credit Card,5.99
3452,3223,2021-10-02,Completed,Cash,5.99
3453,4397,2022-12-07,Completed,Credit Card,5.99
3454,2327,2022-05-30,Completed,Cash,5.99
3455,1126,2023-12-21,Pending,Debit Card,9.99
3456,3536,2022-05-09,Completed,Credit Card,5.99
3457,4303,2021-06-02,Completed,Debit Card,5.99
3458,2965,2021-02-23,Completed,PayPal,5.99
3459,958,2022-03-04,Returned,Credit Card,9.99
3460,3976,2021-12-27,Completed,PayPal,5.99
3461,4833,2021-01-13,Returned,PayPal,5.99
3462,3749,2022-07-16,Pending,Credit Card,0.0
3463,1567,2021-08-05,Completed,Credit Card,5.99
3464,3557,2021-04-17,Completed,Credit Card,14.99
3465,3944,2022-04-16,Returned,Credit Card,0.0
3466,4626,2023-09-24,Completed,Credit Card,9.99
3467,4967,2021-09-26,Completed,Debit Card,5.99
3468,399,2023-11-07,Completed,Credit Card,5.99
3469,742,2021-05-19,Completed,PayPal,14.99
3470,33,2021-04-23,Completed,Credit Card,5.99
3471,1075,2021-11-04,Completed,Credit Card,9.99
3472,4051,2023-07-19,Completed,Debit Card,5.99
3473,632,2021-12-19,Completed,PayPal,0.0
3474,4971,2022-12-01,Completed,Debit Card,5.99
3475,477,2023-07-07,Cancelled,Credit Card,14.99
3476,2563,2022-11-01,Completed,PayPal,9.99
3477,1043,2023-01-02,Completed,Credit Card,0.0
3478,74,2021-08-23,Completed,Credit Card,5.99
3479,1540,2021-11-15,Completed,Credit Card,5.99
3480,4424,2023-06-03,Returned,PayPal,5.99
3481,3721,2022-03-16,Completed,Credit Card,0.0
3482,1302,2023-08-07,Completed,Debit Card,0.0
3483,827,2021-04-25,Pending,Debit Card,9.99
3484,1054,2021-04-25,Pending,Cash,9.99
3485,1018,2023-10-09,Completed,Credit Card,9.99
3486,2993,2023-05-24,Completed,Credit Card,14.99
3487,617,2022-03-10,Completed,Credit Card,5.99
3488,4687,2022-03-02,Completed,Credit Card,9.99
3489,340,2021-02-17,Completed,Debit Card,5.99
3490,2245,2022-01-06,Completed,Debit Card,14.99
3491,2883,2021-11-21,Completed,PayPal,0.0
3492,3136,2022-12-16,Completed,PayPal,0.0
3493,1406,2021-07-31,Completed,Cash,9.99
3494,2497,2023-08-15,Pending,Credit Card,14.99
3495,2218,2023-03-04,Completed,Cash,9.99
3496,3417,2023-05-30,Returned,Credit Card,9.99
3497,1499,2023-06-14,Returned,Debit Card,5.99
3498,1233,2023-12-27,Completed,Debit Card,9.99
3499,293,2021-12-23,Completed,PayPal,9.99
3500,769,2021-08-30,Completed,Credit Card,9.99
3501,3201,2021-12-03,Completed,PayPal,5.99
3502,2758,2023-09-29,Completed,Cash,0.0
3503,3482,2022-08-09,Completed,Debit Card,5.99
3504,3343,2023-05-06,Returned,PayPal,5.99
3505,1779,2021-11-25,Completed,Credit Card,14.99
3506,1932,2021-07-22,Completed,,5.99
3507,4929,2022-03-02,Completed,Cash,5.99
3508,1738,2022-03-15,Completed,Debit Card,14.99
3509,2891,2022-09-13,Pending,Debit Card,0.0
3510,299,2023-01-17,Completed,Credit Card,0.0
3511,4276,2022-12-13,Completed,Credit Card,5.99
3512,1276,2021-12-29,Completed,Credit Card,5.99
3513,2359,2023-01-23,Completed,Credit Card,5.99
3514,1546,2023-03-26,Completed,Credit Card,9.99
3515,1078,2022-12-19,Completed,Credit Card,5.99
3516,3140,2023-03-26,Completed,Debit Card,0.0
3517,1051,2021-11-23,Returned,Debit Card,5.99
3518,2647,2021-05-11,Pending,Credit Card,0.0
3519,1971,2021-12-17,Completed,Debit Card,5.99
3520,4412,2022-10-30,Completed,Cash,0.0
3521,749,2021-03-09,Completed,Credit Card,9.99
3522,2266,2022-09-15,Completed,PayPal,5.99
3523,119,2022-09-01,Completed,Cash,0.0
3524,1926,2021-06-03,Completed,Credit Card,5.99
3525,440,2022-09-04,Completed,Credit Card,5.99
3526,4052,2023-10-18,Completed,Credit Card,5.99
3527,2572,2023-01-17,Completed,Debit Card,5.99
3528,2568,2022-03-03,Completed,Credit Card,14.99
3529,4877,2023-06-19,Completed,Credit Card,5.99
3530,4318,2023-05-26,Completed,Debit Card,5.99
3531,2326,2022-02-06,Pending,Credit Card,9.99
3532,537,2023-07-15,Completed,Cash,5.99
3533,2242,2021-12-26,Completed,Credit Card,0.0
3534,1308,2022-12-16,Completed,Cash,0.0
3535,503,2023-05-05,Completed,Credit Card,14.99
3536,1157,2022-08-22,Completed,Credit Card,14.99
3537,2320,2023-11-07,Completed,Credit Card,0.0
3538,4336,2022-12-26,Cancelled,Cash,5.99
3539,2438,2024-01-18,Completed,Credit Card,0.0
3540,1554,2023-05-28,Cancelled,Debit Card,5.99
3541,2839,2022-10-01,Completed,PayPal,0.0
3542,404,2023-10-17,Completed,Debit Card,0.0
3543,3997,2023-06-14,Completed,Credit Card,9.99
3544,2294,2023-05-06,Completed,Cash,5.99
3545,3024,2023-01-04,Completed,PayPal,0.0
3546,119,2022-10-25,Completed,Credit Card,9.99
3547,4918,2023-10-15,Completed,Debit Card,9.99
3548,1740,2023-09-23,Completed,Cash,5.99
3549,2022,2021-01-10,Completed,Cash,14.99
3550,1509,2022-10-21,Completed,Credit Card,5.99
3551,4223,2021-08-29,Pending,PayPal,0.0
3552,444,2023-04-14,Completed,Credit Card,0.0
3553,4787,2023-01-19,Completed,Credit Card,5.99
3554,4629,2021-04-18,Completed,Credit Card,0.0
3555,4982,2023-03-23,Completed,Credit Card,5.99
3556,3815,2023-08-09,Completed,Debit Card,0.0
3557,201,2023-04-27,Completed,Debit Card,5.99
3558,1145,2022-07-28,Completed,Credit Card,0.0
3559,2171,2022-11-22,Completed,Credit Card,5.99
3560,2211,2021-05-17,Completed,Credit Card,5.99
3561,33,2021-07-23,Completed,Cash,5.99
3562,2477,2023-02-06,Cancelled,PayPal,5.99
3563,1657,2021-01-11,Completed,Credit Card,14.99
3564,705,2022-10-04,Cancelled,Cash,9.99
3565,198,2021-10-09,Completed,Credit Card,5.99
3566,99,2022-11-10,Completed,Debit Card,5.99
3567,3835,2023-04-26,Pending,Cash,5.99
3568,3967,2023-10-28,Cancelled,Credit Card,0.0
3569,789,2023-07-24,Completed,Debit Card,0.0
3570,4566,2021-01-06,Completed,Credit Card,5.99
3571,1425,2022-09-28,Completed,Credit Card,5.99
3572,1931,2021-12-06,Completed,Debit Card,0.0
3573,2692,2023-05-20,Completed,Cash,0.0
3574,1979,2022-06-22,Completed,Credit Card,0.0
3575,1059,2023-02-13,Cancelled,Cash,14.99
3576,4006,2023-10-21,Completed,Cash,0.0
3577,3889,2023-01-02,Completed,Credit Card,0.0
3578,1808,2021-04-05,Completed,Credit Card,5.99
3579,4011,2024-01-23,Completed,Debit Card,5.99
3580,3574,2021-04-07,Completed,Debit Card,5.99
3581,2905,2022-09-06,Completed,Credit Card,5.99
3582,2812,2023-03-25,Completed,Cash,5.99
3583,2108,2023-04-15,Cancelled,PayPal,9.99
3584,3612,2021-01-14,Completed,Credit Card,0.0
3585,3260,2023-03-10,Completed,Debit Card,5.99
3586,532,2022-03-28,Completed,Credit Card,14.99
3587,3585,2023-11-05,Cancelled,Credit Card,0.0
3588,1043,2022-01-11,Completed,Cash,0.0
3589,3636,2023-10-31,Completed,PayPal,0.0
3590,2925,2023-01-31,Completed,Credit Card,0.0
3591,3898,2021-03-06,Completed,Debit Card,0.0
3592,1846,2022-08-29,Completed,Debit Card,0.0
3593,2766,2021-07-29,Completed,Credit Card,0.0
3594,2626,2023-05-06,Pending,Credit Card,5.99
3595,2540,2021-10-19,Completed,,0.0
3596,4567,2023-08-10,Completed,Debit Card,9.99
3597,875,2022-11-08,Completed,Credit Card,9.99
3598,2361,2021-01-01,Completed,Credit Card,5.99
3599,3836,2021-11-30,Completed,Credit Card,14.99
3600,798,2021-02-26,Completed,Credit Card,5.99
3601,1473,2021-11-20,Completed,Debit Card,9.99
3602,3192,2022-01-05,Completed,Credit Card,0.0
3603,3329,2022-11-17,Cancelled,Credit Card,9.99
3604,3507,2021-12-24,Completed,PayPal,14.99
3605,867,2021-08-14,Completed,Credit Card,0.0
3606,2782,2022-01-13,Completed,Credit Card,5.99
3607,2024,2022-04-05,Completed,Cash,9.99
3608,4753,2021-01-26,Completed,Debit Card,5.99
3609,1779,2021-12-24,Completed,Debit Card,5.99
3610,4728,2022-07-31,Cancelled,Credit Card,0.0
3611,1045,2022-06-28,Completed,Credit Card,0.0
3612,4975,2023-02-22,Pending,Debit Card,0.0
3613,2182,2021-10-03,Returned,Debit Card,5.99
3614,1469,2023-10-06,Completed,Credit Card,5.99
3615,3791,2023-02-14,Completed,Credit Card,14.99
3616,418,2022-05-14,Returned,Cash,5.99
3617,1138,2022-10-26,Returned,Credit Card,0.0
3618,566,2021-07-16,Completed,Credit Card,0.0
3619,2833,2022-08-25,Completed,Credit Card,9.99
3620,483,2023-11-14,Completed,PayPal,5.99
3621,805,2023-08-09,Returned,PayPal,9.99
3622,1702,2022-06-24,Completed,PayPal,0.0
3623,2087,2023-08-24,Completed,Credit Card,5.99
3624,1824,2021-07-07,Completed,Credit Card,5.99
3625,2045,2022-10-08,Completed,Credit Card,0.0
3626,4665,2021-07-19,Completed,Debit Card,9.99
3627,415,2021-09-27,Completed,Debit Card,5.99
3628,3578,2022-11-05,Cancelled,Cash,5.99
3629,1292,2022-07-19,Completed,Credit Card,9.99
3630,3872,2023-01-28,Completed,Debit Card,5.99
3631,4421,2022-05-08,Completed,Debit Card,0.0
3632,2708,2024-01-24,Completed,Credit Card,14.99
3633,4131,2022-10-04,Completed,Credit Card,0.0
3634,1483,2022-04-03,Completed,Debit Card,9.99
3635,2360,2022-04-10,Completed,Cash,9.99
3636,3658,2022-11-10,Completed,Credit Card,0.0
3637,3877,2023-10-22,Completed,Cash,5.99
3638,1548,2022-08-24,Completed,Debit Card,0.0
3639,1764,2021-05-17,Completed,Credit Card,5.99
3640,4629,2023-06-07,Completed,Credit Card,9.99
3641,573,2022-12-13,Completed,Credit Card,0.0
3642,1079,2022-04-02,Completed,Credit Card,0.0
3643,4940,2022-12-15,Completed,Credit Card,5.99
3644,4946,2022-11-27,Completed,Credit Card,5.99
3645,356,2021-10-21,Completed,Cash,5.99
3646,1811,2021-10-01,Completed,Debit Card,9.99
3647,3686,2023-08-28,Completed,PayPal,5.99
3648,917,2022-10-21,Completed,Credit Card,9.99
3649,4920,2021-06-12,Completed,Credit Card,0.0
3650,899,2021-09-23,Completed,Credit Card,5.99
3651,1213,2021-01-15,Completed,PayPal,5.99
3652,3618,2021-04-01,Completed,Credit Card,14.99
3653,2840,2021-05-15,Completed,Credit Card,5.99
3654,4911,2024-01-28,Completed,Debit Card,14.99
3655,1986,2021-07-03,Completed,Debit Card,9.99
3656,4648,2023-10-14,Completed,PayPal,9.99
3657,2971,2022-09-11,Completed,Credit Card,5.99
3658,2581,2023-07-26,Completed,Credit Card,5.99
3659,3785,2022-05-26,Completed,PayPal,5.99
3660,718,2021-05-10,Cancelled,Debit Card,0.0
3661,2358,2021-09-08,Completed,Credit Card,14.99
3662,1481,2021-06-12,Completed,Credit Card,9.99
3663,691,2022-08-12,Completed,PayPal,9.99
3664,734,2023-05-17,Completed,Cash,5.99
3665,3453,2022-05-05,Completed,Debit Card,0.0
3666,1532,2022-03-06,Completed,PayPal,5.99
3667,1453,2023-05-18,Completed,Debit Card,5.99
3668,276,2021-02-22,Completed,Credit Card,9.99
3669,3208,2024-01-17,Completed,Credit Card,9.99
3670,2665,2021-07-17,Completed,Debit Card,0.0
3671,4900,2021-04-21,Pending,Credit Card,5.99
3672,728,2022-10-07,Completed,PayPal,5.99
3673,376,2021-01-06,Completed,Debit Card,5.99
3674,32,2022-08-01,Completed,Cash,5.99
3675,2262,2022-10-22,Completed,Debit Card,0.0
3676,2060,2023-03-09,Completed,Credit Card,0.0
3677,1554,2021-07-28,Completed,,9.99
3678,3227,2023-07-16,Completed,Credit Card,0.0
3679,2058,2022-07-06,Completed,PayPal,9.99
3680,1767,2021-05-07,Completed,Credit Card,5.99
3681,3214,2021-02-27,Completed,Cash,14.99
3682,2188,2023-01-12,Completed,Cash,14.99
3683,2377,2023-10-03,Completed,Debit Card,5.99
3684,2057,2023-01-22,Completed,Credit Card,5.99
3685,1723,2023-12-01,Completed,Credit Card,5.99
3686,1314,2022-03-02,Completed,Credit Card,0.0
3687,4616,2022-06-21,Completed,Credit Card,0.0
3688,3428,2022-08-19,Completed,Credit Card,5.99
3689,4819,2023-01-03,Completed,Credit Card,9.99
3690,762,2022-07-13,Completed,Debit Card,0.0
3691,2072,2021-12-11,Completed,Credit Card,5.99
3692,1208,2021-07-02,Completed,Credit Card,5.99
3693,1281,2021-02-03,Completed,Debit Card,14.99
3694,62,2022-09-06,Completed,Cash,0.0
3695,462,2021-11-30,Completed,Debit Card,0.0
3696,3797,2021-02-04,Completed,Credit Card,14.99
3697,1231,2023-11-09,Returned,PayPal,0.0
3698,1353,2022-08-26,Completed,Debit Card,5.99
3699,3617,2021-07-03,Completed,PayPal,5.99
3700,3261,2023-11-19,Completed,Credit Card,5.99
3701,4098,2022-01-18,Pending,PayPal,5.99
3702,1958,2024-01-22,Completed,Credit Card,9.99
3703,2615,2023-04-14,Completed,Cash,0.0
3704,1288,2022-10-19,Completed,Credit Card,0.0
3705,3784,2022-07-10,Completed,Cash,5.99
3706,4167,2021-03-15,Completed,Cash,5.99
3707,385,2023-08-11,Completed,Credit Card,5.99
3708,4156,2024-01-26,Completed,Cash,14.99
3709,3654,2023-06-27,Completed,Credit Card,14.99
3710,4468,2021-12-23,Completed,Credit Card,0.0
3711,2619,2022-10-27,Completed,Credit Card,5.99
3712,3952,2022-11-05,Completed,Cash,0.0
3713,872,2021-03-13,Completed,Credit Card,14.99
3714,462,2023-02-04,Completed,Debit Card,5.99
3715,4929,2022-09-29,Cancelled,Debit Card,5.99
3716,1789,2021-09-02,Completed,Cash,9.99
3717,1544,2022-11-17,Completed,PayPal,5.99
3718,4428,2021-09-05,Completed,Credit Card,0.0
3719,3049,2021-04-09,Cancelled,Credit Card,5.99
3720,1787,2022-02-24,Completed,Credit Card,5.99
3721,324,2023-07-27,Completed,Debit Card,9.99
3722,117,2023-01-28,Completed,Credit Card,5.99
3723,358,2023-07-06,Completed,Credit Card,0.0
3724,4817,2023-08-13,Completed,,5.99
3725,356,2021-01-05,Cancelled,Credit Card,9.99
3726,492,2023-06-26,Completed,Debit Card,9.99
3727,3466,2023-02-16,Completed,Credit Card,0.0
3728,1735,2021-03-02,Completed,Credit Card,0.0
3729,1152,2023-04-04,Completed,Credit Card,5.99
3730,2803,2021-07-09,Completed,Credit Card,5.99
3731,4215,2023-05-18,Completed,PayPal,0.0
3732,3475,2022-07-19,Completed,Credit Card,5.99
3733,3899,2021-08-19,Completed,Credit Card,14.99
3734,3654,2022-03-09,Completed,PayPal,5.99
3735,2710,2023-01-18,Completed,PayPal,5.99
3736,2324,2021-07-25,Returned,PayPal,9.99
3737,3298,2021-12-18,Completed,Cash,0.0
3738,3029,2024-01-15,Completed,PayPal,5.99
3739,4519,2022-06-22,Completed,Credit Card,5.99
3740,3385,2022-02-24,Completed,PayPal,5.99
3741,988,2023-02-17,Completed,Debit Card,14.99
3742,3928,2022-10-04,Completed,Credit Card,0.0
3743,1358,2023-01-08,Completed,Credit Card,0.0
3744,4529,2023-01-17,Completed,Credit Card,14.99
3745,2532,2024-01-08,Completed,Credit Card,0.0
3746,3789,2021-11-24,Completed,Credit Card,5.99
3747,228,2023-09-20,Completed,Credit Card,5.99
3748,1977,2023-08-07,Completed,PayPal,14.99
3749,2370,2021-05-07,Completed,Cash,5.99
3750,2247,2023-04-19,Completed,Debit Card,5.99
3751,3451,2021-09-27,Completed,PayPal,5.99
3752,1775,2021-10-07,Completed,Credit Card,14.99
3753,1805,2023-05-02,Completed,Cash,9.99
3754,1506,2021-08-15,Completed,Debit Card,0.0
3755,2352,2023-02-07,Returned,Credit Card,9.99
3756,3102,2023-03-07,Cancelled,Credit Card,9.99
3757,2898,2022-05-31,Completed,Credit Card,5.99
3758,3385,2021-02-28,Completed,Credit Card,5.99
3759,4329,2023-06-10,Completed,Credit Card,5.99
3760,2336,2021-02-12,Completed,Credit Card,5.99
3761,533,2023-12-09,Completed,Credit Card,9.99
3762,2738,2021-12-31,Completed,Credit Card,0.0
3763,2431,2023-10-16,Completed,Cash,0.0
3764,3366,2023-05-20,Cancelled,Credit Card,0.0
3765,1645,2021-09-12,Completed,Credit Card,9.99
3766,2728,2021-02-09,Completed,Debit Card,5.99
3767,992,2021-01-23,Completed,PayPal,5.99
3768,3814,2021-12-14,Completed,Credit Card,9.99
3769,2561,2022-04-07,Completed,PayPal,9.99
3770,4056,2022-12-27,Completed,Credit Card,14.99
3771,1672,2021-06-07,Completed,Credit Card,0.0
3772,2569,2021-10-09,Completed,Credit Card,5.99
3773,557,2021-02-25,Completed,Debit Card,9.99
3774,4217,2022-06-15,Completed,Credit Card,0.0
3775,3002,2023-01-19,Pending,Debit Card,5.99
3776,887,2023-02-25,Completed,Credit Card,5.99
3777,4094,2021-08-13,Returned,Debit Card,9.99
3778,3244,2022-11-16,Completed,Credit Card,5.99
3779,4661,2023-08-20,Completed,Credit Card,5.99
3780,3168,2022-02-25,Completed,Debit Card,5.99
3781,2941,2022-06-19,Completed,Debit Card,0.0
3782,4640,2022-06-20,Cancelled,Credit Card,14.99
3783,2957,2022-02-03,Completed,PayPal,5.99
3784,4751,2022-12-10,Completed,Debit Card,5.99
3785,3346,2023-05-17,Completed,Credit Card,0.0
3786,2681,2022-02-15,Completed,Cash,5.99
3787,3374,2022-02-23,Completed,Debit Card,14.99
3788,104,2023-09-04,Completed,Credit Card,14.99
3789,343,2023-01-05,Completed,Credit Card,5.99
3790,1874,2023-11-15,Completed,Debit Card,0.0
3791,1794,2022-07-05,Cancelled,Credit Card,5.99
3792,3668,2021-06-24,Completed,Credit Card,5.99
3793,2579,2022-05-13,Completed,Credit Card,5.99
3794,1258,2024-01-13,Completed,Debit Card,5.99
3795,1494,2023-08-28,Completed,Credit Card,9.99
3796,4665,2023-12-19,Completed,PayPal,9.99
3797,3238,2023-10-17,Completed,Credit Card,0.0
3798,2229,2021-01-06,Completed,Credit Card,9.99
3799,4226,2021-08-20,Completed,PayPal,9.99
3800,2100,2023-11-23,Completed,Debit Card,5.99
3801,1145,2021-07-01,Completed,Credit Card,14.99
3802,724,2021-06-29,Completed,Credit Card,9.99
3803,72,2021-09-03,Completed,Credit Card,5.99
3804,4620,2022-04-18,Returned,Debit Card,14.99
3805,1309,2022-04-24,Completed,Credit Card,5.99
3806,1508,2023-08-28,Completed,Debit Card,5.99
3807,1048,2022-10-30,Completed,Debit Card,5.99
3808,2672,2021-11-24,Completed,Credit Card,9.99
3809,759,2022-03-03,Completed,Credit Card,0.0
3810,2176,2022-02-18,Completed,Credit Card,5.99
3811,2774,2021-07-12,Completed,Credit Card,5.99
3812,2893,2022-06-29,Completed,Debit Card,5.99
3813,3932,2022-04-27,Completed,Debit Card,5.99
3814,4816,2021-12-07,Completed,PayPal,5.99
3815,3017,2022-07-19,Completed,Credit Card,0.0
3816,1622,2021-06-16,Completed,Cash,9.99
3817,3713,2023-06-25,Completed,Credit Card,5.99
3818,1069,2021-01-26,Completed,Credit Card,9.99
3819,1883,2023-08-11,Completed,Debit Card,0.0
3820,3971,2021-07-21,Completed,PayPal,5.99
3821,3249,2021-10-24,Completed,Credit Card,9.99
3822,3386,2023-09-30,Returned,Debit Card,5.99
3823,370,2023-10-28,Completed,PayPal,9.99
3824,2237,2023-09-21,Completed,PayPal,0.0
3825,575,2023-05-03,Cancelled,Credit Card,5.99
3826,2333,2022-05-07,Completed,PayPal,5.99
3827,1180,2022-05-19,Completed,PayPal,5.99
3828,3520,2023-11-11,Completed,Debit Card,5.99
3829,2515,2023-09-21,Completed,PayPal,0.0
3830,1754,2021-03-25,Completed,Cash,5.99
3831,471,2023-11-16,Completed,Credit Card,5.99
3832,1515,2021-05-21,Completed,Credit Card,5.99
3833,3866,2022-01-29,Completed,Credit Card,5.99
3834,379,2021-12-19,Completed,Credit Card,5.99
3835,4466,2021-12-20,Pending,Credit Card,5.99
3836,635,2021-04-14,Completed,Debit Card,9.99
3837,1808,2023-11-06,Completed,Credit Card,5.99
3838,3987,2021-10-18,Completed,Debit Card,5.99
3839,1272,2022-01-06,Pending,PayPal,5.99
3840,1466,2021-04-21,Completed,Credit Card,5.99
3841,4837,2022-09-18,Completed,Cash,5.99
3842,4584,2022-08-01,Cancelled,Credit Card,5.99
3843,1170,2023-11-30,Completed,PayPal,5.99
3844,999,2022-08-25,Cancelled,PayPal,0.0
3845,133,2022-05-05,Completed,Credit Card,0.0
3846,1641,2022-10-14,Completed,Credit Card,0.0
3847,2964,2021-08-18,Pending,Credit Card,5.99
3848,1218,2023-10-03,Completed,PayPal,0.0
3849,2551,2023-11-21,Completed,PayPal,5.99
3850,1559,2021-07-20,Completed,Credit Card,0.0
3851,4966,2023-05-01,Pending,Debit Card,5.99
3852,1252,2022-06-08,Completed,Credit Card,0.0
3853,1362,2022-12-25,Completed,Credit Card,5.99
3854,4976,2023-09-02,Completed,Cash,9.99
3855,3026,2021-08-17,Completed,Credit Card,5.99
3856,270,2021-03-12,Completed,Cash,5.99
3857,713,2022-08-19,Completed,PayPal,5.99
3858,2504,2021-10-17,Completed,Cash,0.0
3859,4652,2022-11-29,Completed,Credit Card,0.0
3860,3229,2021-02-04,Completed,Credit Card,0.0
3861,1091,2021-01-31,Completed,Credit Card,0.0
3862,4563,2022-01-17,Completed,Debit Card,0.0
3863,2133,2023-11-13,Cancelled,Debit Card,5.99
3864,210,2022-08-27,Completed,Credit Card,0.0
3865,3776,2021-12-03,Completed,PayPal,14.99
3866,3544,2021-09-30,Completed,Credit Card,9.99
3867,4847,2022-07-18,Completed,Credit Card,14.99
3868,2691,2021-07-19,Completed,Credit Card,0.0
3869,1624,2023-10-19,Completed,Credit Card,9.99
3870,4944,2021-03-31,Completed,Credit Card,9.99
3871,446,2021-09-12,Pending,Credit Card,14.99
3872,4471,2024-01-10,Completed,PayPal,5.99
3873,3833,2022-04-03,Completed,PayPal,9.99
3874,4412,2021-07-15,Completed,Credit Card,0.0
3875,1741,2022-05-04,Pending,Debit Card,0.0
3876,2409,2023-10-10,Completed,Debit Card,0.0
3877,4087,2023-10-06,Completed,Credit Card,14.99
3878,3301,2022-07-19,Completed,Debit Card,0.0
3879,3752,2022-03-06,Completed,Debit Card,0.0
3880,197,2022-06-12,Completed,Debit Card,14.99
3881,413,2021-03-13,Completed,Debit Card,0.0
3882,3591,2022-04-05,Completed,Debit Card,9.99
3883,4144,2021-05-02,Completed,Credit Card,9.99
3884,1277,2022-12-01,Completed,PayPal,0.0
3885,2546,2023-08-27,Completed,Credit Card,0.0
3886,2486,2021-12-16,Completed,PayPal,5.99
3887,3271,2022-11-12,Completed,Credit Card,14.99
3888,3531,2021-07-06,Completed,Credit Card,9.99
3889,3213,2023-10-17,Completed,Debit Card,5.99
3890,3091,2022-04-03,Completed,Credit Card,5.99
3891,4978,2022-04-02,Completed,PayPal,5.99
3892,2529,2022-05-19,Completed,Credit Card,9.99
3893,4604,2022-12-13,Returned,Debit Card,5.99
3894,1819,2023-12-03,Completed,Credit Card,0.0
3895,3535,2021-08-24,Completed,Credit Card,9.99
3896,40,2022-04-22,Completed,Credit Card,5.99
3897,4630,2023-04-17,Completed,Debit Card,0.0
3898,2534,2023-10-23,Completed,Debit Card,9.99
3899,1724,2021-12-01,Completed,Debit Card,5.99
3900,4244,2021-11-29,Pending,Cash,5.99
3901,3347,2021-04-07,Completed,Debit Card,5.99
3902,4142,2021-06-17,Pending,Cash,5.99
3903,1301,2022-11-17,Completed,Credit Card,5.99
3904,2917,2021-11-16,Completed,Credit Card,9.99
3905,135,2023-09-24,Completed,Credit Card,5.99
3906,4337,2023-05-07,Completed,Credit Card,5.99
3907,2679,2023-01-24,Completed,Debit Card,5.99
3908,2748,2022-08-13,Completed,Debit Card,5.99
3909,4746,2023-04-08,Completed,Debit Card,0.0
3910,1481,2021-12-26,Returned,Debit Card,5.99
3911,2738,2021-06-16,Completed,Cash,5.99
3912,3500,2021-07-09,Completed,PayPal,5.99
3913,1354,2023-03-01,Cancelled,Credit Card,5.99
3914,4677,2023-07-15,Completed,Credit Card,9.99
3915,3906,2021-01-18,Completed,Credit Card,0.0
3916,1511,2021-04-20,Completed,Credit Card,5.99
3917,3089,2023-05-05,Completed,Debit Card,5.99
3918,3116,2021-12-03,Completed,Debit Card,5.99
3919,4634,2021-03-31,Completed,Credit Card,5.99
3920,1199,2023-11-19,Completed,Debit Card,0.0
3921,1727,2021-10-08,Completed,Debit Card,5.99
3922,1170,2021-08-05,Completed,Credit Card,5.99
3923,2683,2021-09-29,Completed,Credit Card,5.99
3924,3670,2022-07-03,Completed,PayPal,5.99
3925,1302,2021-01-21,Completed,Debit Card,5.99
3926,3997,2023-07-26,Completed,Credit Card,9.99
3927,2008,2023-02-13,Completed,Credit Card,5.99
3928,2492,2023-06-06,Completed,Credit Card,0.0
3929,3383,2022-08-06,Completed,Credit Card,0.0
3930,4427,2022-11-23,Returned,PayPal,0.0
3931,4963,2022-03-13,Completed,Credit Card,14.99
3932,1357,2023-03-08,Completed,Credit Card,9.99
3933,3880,2021-11-09,Completed,Credit Card,0.0
3934,450,2021-09-19,Completed,PayPal,5.99
3935,2216,2021-08-27,Completed,Credit Card,14.99
3936,3830,2022-05-18,Completed,Credit Card,9.99
3937,1449,2022-11-13,Completed,Debit Card,5.99
3938,1577,2021-03-31,Cancelled,Credit Card,0.0
3939,1974,2021-07-25,Completed,Credit Card,0.0
3940,2076,2021-08-03,Completed,Credit Card,9.99
3941,2060,2022-05-07,Completed,PayPal,9.99
3942,3527,2022-07-09,Completed,Cash,5.99
3943,3410,2022-06-09,Cancelled,Credit Card,0.0
3944,3259,2023-02-12,Pending,Credit Card,14.99
3945,864,2024-01-15,Completed,Credit Card,9.99
3946,377,2022-10-31,Cancelled,PayPal,0.0
3947,2896,2021-02-25,Completed,Debit Card,0.0
3948,821,2021-09-29,Pending,PayPal,5.99
3949,2444,2021-06-19,Completed,Debit Card,0.0
3950,4912,2023-12-15,Completed,Cash,0.0
3951,3165,2022-08-08,Completed,PayPal,0.0
3952,713,2023-11-08,Completed,PayPal,14.99
3953,4480,2022-06-10,Completed,Credit Card,9.99
3954,395,2022-12-31,Completed,Credit Card,0.0
3955,3101,2022-07-11,Completed,Debit Card,9.99
3956,4205,2022-07-24,Completed,Debit Card,5.99
3957,3243,2023-06-19,Completed,Debit Card,5.99
3958,1383,2021-10-16,Cancelled,Credit Card,9.99
3959,4114,2022-12-22,Completed,Debit Card,5.99
3960,4497,2022-08-27,Cancelled,Credit Card,9.99
3961,3164,2023-08-13,Completed,Debit Card,5.99
3962,4260,2021-10-28,Completed,Credit Card,5.99
3963,4275,2021-04-23,Completed,Credit Card,0.0
3964,3858,2022-08-15,Completed,Credit Card,5.99
3965,1388,2023-09-30,Completed,PayPal,5.99
3966,2227,2022-05-29,Completed,Credit Card,14.99
3967,2053,2022-09-20,Completed,Credit Card,5.99
3968,4949,2021-09-15,Completed,Credit Card,0.0
3969,2088,2021-08-09,Completed,Debit Card,0.0
3970,156,2023-07-07,Completed,Credit Card,9.99
3971,2014,2023-01-09,Completed,Cash,5.99
3972,2951,2023-04-24,Completed,Debit Card,5.99
3973,684,2022-04-18,Completed,Credit Card,9.99
3974,4261,2022-06-11,Completed,Debit Card,14.99
3975,3500,2021-01-04,Completed,Credit Card,9.99
3976,2655,2022-06-23,Completed,PayPal,0.0
3977,3417,2023-02-26,Completed,Credit Card,5.99
3978,711,2022-10-29,Completed,Cash,9.99
3979,1881,2021-07-26,Completed,Debit Card,14.99
3980,2456,2022-08-04,Completed,PayPal,14.99
3981,2238,2022-09-09,Completed,Credit Card,5.99
3982,386,2022-06-14,Completed,Credit Card,9.99
3983,4600,2022-09-17,Completed,,0.0
3984,4426,2023-05-12,Completed,Debit Card,0.0
3985,1867,2023-01-14,Completed,Credit Card,5.99
3986,1928,2023-09-21,Completed,Credit Card,14.99
3987,832,2022-09-26,Completed,Credit Card,0.0
3988,4461,2023-11-25,Pending,Debit Card,5.99
3989,2029,2021-05-20,Completed,Credit Card,14.99
3990,4461,2022-08-22,Completed,Credit Card,5.99
3991,227,2022-10-14,Completed,Credit Card,0.0
3992,994,2021-11-24,Completed,Credit Card,9.99
3993,3237,2022-10-12,Completed,Credit Card,9.99
3994,4746,2021-10-03,Completed,Cash,5.99
3995,1562,2023-11-14,Completed,Credit Card,14.99
3996,2195,2023-11-13,Completed,Cash,0.0
3997,3842,2023-12-30,Completed,Credit Card,14.99
3998,3448,2023-03-18,Returned,Credit Card,9.99
3999,4798,2022-09-03,Completed,Credit Card,5.99
4000,559,2023-02-16,Pending,Debit Card,9.99
4001,1108,2022-10-14,Pending,Debit Card,0.0
4002,1667,2021-02-05,Completed,Credit Card,0.0
4003,4047,2022-04-15,Completed,Credit Card,14.99
4004,4046,2021-02-20,Completed,Cash,0.0
4005,4936,2022-05-28,Completed,Cash,0.0
4006,2030,2022-05-03,Completed,Credit Card,5.99
4007,4997,2021-06-18,Completed,Debit Card,0.0
4008,4515,2023-09-02,Completed,Credit Card,9.99
4009,20,2022-08-25,Completed,Credit Card,14.99
4010,746,2021-11-14,Completed,Credit Card,5.99
4011,1293,2021-06-06,Completed,Credit Card,5.99
4012,1311,2022-05-02,Completed,PayPal,5.99
4013,228,2021-07-20,Completed,Credit Card,0.0
4014,629,2022-04-04,Completed,Debit Card,0.0
4015,3159,2023-06-14,Completed,PayPal,0.0
4016,1762,2023-10-20,Completed,Credit Card,5.99
4017,785,2022-11-28,Completed,Credit Card,5.99
4018,4106,2022-06-18,Completed,PayPal,14.99
4019,3007,2023-12-16,Completed,Credit Card,9.99
4020,1478,2022-03-25,Completed,Credit Card,9.99
4021,255,2022-03-16,Completed,Credit Card,5.99
4022,49,2023-09-26,Cancelled,Credit Card,9.99
4023,1256,2023-09-21,Completed,PayPal,14.99
4024,1970,2023-09-18,Completed,Debit Card,14.99
4025,4751,2021-09-29,Completed,Credit Card,0.0
4026,815,2023-06-23,Completed,Debit Card,5.99
4027,2981,2021-09-07,Completed,Cash,5.99
4028,1245,2023-01-12,Completed,Credit Card,0.0
4029,1772,2022-05-30,Returned,Credit Card,14.99
4030,600,2021-11-07,Completed,Cash,0.0
4031,1597,2021-12-01,Completed,Cash,0.0
4032,1986,2022-06-12,Completed,Credit Card,5.99
4033,3236,2021-08-25,Completed,Credit Card,5.99
4034,1777,2021-12-03,Completed,Credit Card,14.99
4035,546,2022-10-12,Completed,Credit Card,5.99
4036,2385,2021-01-04,Completed,Debit Card,5.99
4037,40,2022-02-21,Completed,Credit Card,5.99
4038,4864,2023-12-16,Completed,Credit Card,0.0
4039,4533,2022-03-08,Completed,Credit Card,9.99
4040,1454,2022-07-18,Completed,Cash,9.99
4041,652,2021-07-20,Completed,Credit Card,5.99
4042,1376,2022-01-17,Completed,Credit Card,14.99
4043,3974,2022-08-13,Returned,Cash,5.99
4044,373,2023-08-31,Completed,Debit Card,5.99
4045,1504,2021-10-09,Completed,Credit Card,14.99
4046,2003,2022-01-05,Completed,Credit Card,5.99
4047,1002,2022-04-16,Completed,Credit Card,5.99
4048,4500,2023-07-22,Completed,Debit Card,0.0
4049,4873,2021-10-27,Returned,Credit Card,9.99
4050,3494,2021-03-31,Completed,Credit Card,14.99
4051,3965,2023-06-30,Completed,Credit Card,5.99
4052,1535,2022-09-02,Completed,Credit Card,5.99
4053,287,2021-05-21,Completed,Debit Card,5.99
4054,921,2023-09-17,Completed,Credit Card,9.99
4055,1499,2022-12-09,Completed,Credit Card,0.0
4056,2849,2022-03-20,Returned,Cash,9.99
4057,4952,2023-09-05,Cancelled,Debit Card,9.99
4058,149,2021-04-11,Completed,Credit Card,5.99
4059,2007,2021-04-17,Completed,Debit Card,0.0
4060,801,2023-05-30,Completed,Credit Card,5.99
4061,3740,2022-04-29,Pending,Debit Card,0.0
4062,3981,2021-11-27,Cancelled,Debit Card,5.99
4063,2624,2022-04-26,Completed,Debit Card,0.0
4064,3268,2023-09-30,Completed,Debit Card,5.99
4065,4713,2023-07-23,Completed,Credit Card,5.99
4066,113,2022-03-06,Completed,Debit Card,9.99
4067,64,2022-04-09,Completed,Credit Card,9.99
4068,47,2023-02-03,Completed,Credit Card,14.99
4069,862,2021-11-23,Completed,Cash,0.0
4070,4767,2021-07-18,Completed,,0.0
4071,649,2021-01-02,Cancelled,Cash,5.99
4072,3793,2023-12-24,Completed,Credit Card,0.0
4073,3082,2022-12-01,Completed,Credit Card,0.0
4074,2808,2023-12-21,Completed,Credit Card,5.99
4075,1742,2022-01-23,Completed,Debit Card,5.99
4076,1427,2023-08-01,Completed,Credit Card,0.0
4077,2409,2023-01-19,Completed,Credit Card,5.99
4078,2531,2022-12-31,Completed,Credit Card,5.99
4079,4339,2024-01-24,Completed,Debit Card,0.0
4080,1954,2022-01-03,Completed,Credit Card,9.99
4081,2107,2023-05-01,Completed,PayPal,0.0
4082,1792,2022-04-09,Completed,Credit Card,0.0
4083,4181,2021-11-22,Completed,Credit Card,0.0
4084,3941,2021-06-29,Completed,Credit Card,0.0
4085,932,2023-12-17,Completed,Cash,9.99
4086,3054,2022-07-30,Completed,Credit Card,0.0
4087,596,2023-01-27,Completed,Credit Card,9.99
4088,2561,2021-07-24,Returned,PayPal,5.99
4089,2333,2021-05-05,Completed,Credit Card,5.99
4090,4038,2023-12-08,Completed,Debit Card,14.99
4091,2495,2022-12-11,Completed,Credit Card,9.99
4092,3567,2023-11-06,Completed,Credit Card,0.0
4093,945,2023-11-23,Completed,Credit Card,9.99
4094,931,2021-07-11,Completed,Credit Card,5.99
4095,3811,2023-12-17,Completed,PayPal,5.99
4096,480,2021-09-08,Cancelled,PayPal,5.99
4097,4526,2021-07-24,Completed,Debit Card,14.99
4098,3705,2022-07-08,Completed,Cash,0.0
4099,89,2022-01-07,Pending,Credit Card,9.99
4100,1093,2021-09-03,Completed,Credit Card,0.0
4101,3954,2023-10-15,Completed,Debit Card,5.99
4102,1153,2022-04-27,Completed,Debit Card,9.99
4103,4367,2022-08-08,Completed,Credit Card,5.99
4104,1527,2021-10-04,Completed,Debit Card,0.0
4105,272,2021-01-05,Completed,Credit Card,5.99
4106,2085,2023-04-24,Completed,Debit Card,9.99
4107,437,2022-06-07,Completed,PayPal,5.99
4108,382,2022-01-24,Completed,Debit Card,0.0
4109,1945,2022-02-15,Completed,Credit Card,5.99
4110,4258,2022-10-16,Completed,Debit Card,14.99
4111,80,2022-11-27,Pending,Debit Card,5.99
4112,4468,2022-01-21,Completed,Credit Card,9.99
4113,1656,2022-09-25,Completed,Credit Card,9.99
4114,2319,2022-02-05,Completed,Cash,0.0
4115,4653,2022-01-20,Completed,Credit Card,5.99
4116,935,2022-08-05,Completed,Credit Card,5.99
4117,1465,2023-07-19,Completed,Credit Card,0.0
4118,1679,2021-07-22,Returned,Debit Card,0.0
4119,1375,2023-06-30,Pending,Cash,9.99
4120,928,2021-09-19,Cancelled,Debit Card,0.0
4121,3117,2021-01-26,Cancelled,Credit Card,5.99
4122,104,2022-07-08,Completed,Debit Card,0.0
4123,205,2021-04-14,Completed,Debit Card,0.0
4124,3070,2022-03-18,Cancelled,Debit Card,5.99
4125,4918,2022-01-15,Completed,Credit Card,9.99
4126,1759,2022-08-20,Returned,Debit Card,0.0
4127,1458,2021-10-31,Completed,Credit Card,0.0
4128,2174,2022-07-22,Completed,Credit Card,9.99
4129,624,2022-02-06,Completed,Debit Card,5.99
4130,4476,2021-03-07,Returned,Cash,9.99
4131,1913,2021-02-20,Completed,Credit Card,0.0
4132,1138,2021-06-15,Completed,Cash,9.99
4133,2870,2023-07-31,Completed,Credit Card,5.99
4134,1532,2022-04-06,Completed,Debit Card,5.99
4135,3694,2021-08-17,Completed,Credit Card,0.0
4136,3149,2023-02-10,Completed,Credit Card,0.0
4137,1313,2022-01-30,Completed,Debit Card,9.99
4138,2957,2022-03-30,Completed,Debit Card,0.0
4139,1209,2021-10-01,Completed,PayPal,0.0
4140,352,2022-08-24,Completed,Debit Card,5.99
4141,1344,2022-04-11,Completed,Debit Card,5.99
4142,724,2021-01-08,Completed,Cash,5.99
4143,1805,2023-11-23,Returned,Credit Card,5.99
4144,916,2023-10-17,Completed,Credit Card,5.99
4145,809,2021-12-16,Completed,Credit Card,5.99
4146,3578,2022-09-19,Completed,Credit Card,14.99
4147,3829,2022-06-06,Completed,Debit Card,5.99
4148,4621,2023-09-11,Completed,Credit Card,5.99
4149,2838,2023-10-27,Completed,Credit Card,0.0
4150,2377,2022-05-05,Completed,Credit Card,9.99
4151,1357,2021-02-28,Completed,Debit Card,0.0
4152,4335,2023-09-23,Completed,Credit Card,5.99
4153,1763,2021-09-01,Completed,Credit Card,5.99
4154,1372,2021-10-05,Completed,Debit Card,5.99
4155,3165,2021-06-21,Completed,PayPal,5.99
4156,4048,2021-12-09,Completed,Credit Card,9.99
4157,218,2023-01-20,Pending,Debit Card,0.0
4158,832,2023-10-13,Completed,Credit Card,5.99
4159,684,2024-01-11,Completed,Cash,9.99
4160,3285,2023-06-04,Completed,Credit Card,0.0
4161,3654,2021-06-09,Pending,Cash,0.0
4162,4142,2021-04-13,Completed,Cash,5.99
4163,908,2021-10-28,Completed,PayPal,14.99
4164,926,2022-09-14,Completed,Credit Card,0.0
4165,3548,2021-08-17,Returned,Debit Card,0.0
4166,3837,2023-10-28,Completed,Credit Card,5.99
4167,4400,2022-01-02,Cancelled,PayPal,0.0
4168,3371,2023-08-23,Completed,PayPal,5.99
4169,1112,2021-11-30,Completed,Cash,9.99
4170,4898,2022-07-30,Completed,Debit Card,0.0
4171,58,2022-08-19,Completed,Debit Card,9.99
4172,1471,2023-01-08,Cancelled,Debit Card,5.99
4173,2621,2021-12-28,Completed,Credit Card,14.99
4174,786,2021-03-18,Completed,Credit Card,14.99
4175,2729,2023-06-22,Completed,,5.99
4176,1547,2023-02-26,Completed,Cash,5.99
4177,4155,2021-06-07,Completed,Debit Card,9.99
4178,3253,2022-12-30,Completed,PayPal,5.99
4179,2102,2021-10-21,Completed,PayPal,0.0
4180,1387,2024-01-12,Completed,Debit Card,14.99
4181,3542,2022-03-08,Completed,Credit Card,5.99
4182,3625,2021-06-24,Completed,Debit Card,0.0
4183,1916,2021-07-04,Completed,Credit Card,9.99
4184,129,2023-08-08,Completed,Credit Card,5.99
4185,1398,2023-10-07,Completed,Credit Card,0.0
4186,1402,2023-11-04,Completed,Cash,0.0
4187,335,2023-01-01,Completed,Credit Card,0.0
4188,4698,2021-08-07,Completed,Debit Card,14.99
4189,2449,2023-05-23,Returned,PayPal,14.99
4190,686,2023-04-11,Completed,Debit Card,5.99
4191,3960,2023-01-04,Pending,Debit Card,9.99
4192,2769,2021-04-26,Completed,Debit Card,5.99
4193,1710,2021-08-07,Pending,Credit Card,5.99
4194,190,2024-01-01,Completed,Credit Card,5.99
4195,2318,2021-04-09,Completed,Cash,5.99
4196,98,2021-04-18,Completed,Credit Card,0.0
4197,2958,2023-02-02,Completed,Debit Card,0.0
4198,1617,2022-07-20,Returned,Debit Card,0.0
4199,636,2022-08-31,Completed,Credit Card,0.0
4200,4984,2021-02-12,Completed,Cash,14.99
4201,4276,2021-10-22,Pending,PayPal,14.99
4202,2303,2023-08-14,Completed,Credit Card,9.99
4203,609,2023-06-16,Completed,Cash,0.0
4204,497,2023-03-10,Completed,Debit Card,5.99
4205,2808,2021-05-02,Pending,Credit Card,5.99
4206,226,2021-08-28,Completed,Debit Card,5.99
4207,3665,2021-09-16,Completed,Credit Card,0.0
4208,2641,2022-04-01,Completed,Debit Card,5.99
4209,2620,2021-07-19,Completed,Credit Card,0.0
4210,22,2023-03-08,Completed,Debit Card,9.99
4211,4323,2021-10-09,Pending,Debit Card,5.99
4212,2126,2022-11-27,Pending,PayPal,5.99
4213,4111,2023-08-24,Completed,Debit Card,5.99
4214,2621,2023-01-24,Completed,Credit Card,0.0
4215,1342,2021-07-08,Completed,PayPal,0.0
4216,4488,2021-02-20,Completed,Debit Card,5.99
4217,2386,2021-03-10,Completed,Debit Card,9.99
4218,3383,2021-02-09,Pending,Credit Card,0.0
4219,4010,2022-03-18,Completed,PayPal,5.99
4220,3659,2023-03-02,Completed,Cash,0.0
4221,511,2023-04-22,Completed,PayPal,0.0
4222,1907,2024-01-06,Completed,Cash,0.0
4223,4068,2022-12-16,Completed,Credit Card,5.99
4224,4131,2023-08-24,Completed,PayPal,5.99
4225,2053,2022-10-02,Cancelled,Credit Card,9.99
4226,3574,2022-05-05,Pending,Credit Card,0.0
4227,3704,2023-08-31,Completed,Debit Card,0.0
4228,4997,2022-04-30,Cancelled,Debit Card,5.99
4229,4032,2024-01-29,Completed,Credit Card,0.0
4230,406,2022-07-08,Completed,Credit Card,0.0
4231,57,2023-07-13,Completed,Credit Card,5.99
4232,4581,2021-07-06,Completed,Credit Card,9.99
4233,1862,2024-01-25,Pending,Credit Card,5.99
4234,195,2022-07-06,Completed,Credit Card,0.0
4235,3683,2023-01-20,Completed,Credit Card,5.99
4236,3218,2023-10-27,Completed,Cash,9.99
4237,2234,2021-06-02,Completed,PayPal,5.99
4238,2410,2023-03-07,Completed,Credit Card,0.0
4239,331,2022-04-10,Completed,Cash,5.99
4240,2784,2021-04-08,Completed,Debit Card,5.99
4241,4178,2021-12-28,Completed,Credit Card,0.0
4242,1903,2021-08-08,Completed,Credit Card,5.99
4243,2638,2021-12-23,Completed,Credit Card,5.99
4244,2685,2021-06-09,Completed,Credit Card,9.99
4245,64,2024-01-03,Completed,Credit Card,0.0
4246,690,2021-11-22,Pending,Debit Card,0.0
4247,4076,2022-01-29,Completed,Debit Card,5.99
4248,1339,2023-04-14,Completed,PayPal,5.99
4249,3620,2022-02-01,Completed,Credit Card,5.99
4250,1369,2023-08-30,Completed,Debit Card,9.99
4251,3724,2021-10-02,Completed,Debit Card,5.99
4252,4874,2022-11-08,Completed,Cash,9.99
4253,3627,2021-08-20,Completed,Credit Card,0.0
4254,1986,2021-07-11,Completed,Cash,9.99
4255,1127,2021-10-13,Completed,PayPal,5.99
4256,4494,2023-12-04,Completed,Debit Card,0.0
4257,1536,2021-03-06,Completed,Debit Card,0.0
4258,4627,2022-02-26,Completed,Credit Card,0.0
4259,212,2021-06-27,Completed,Cash,5.99
4260,966,2021-04-18,Completed,Credit Card,5.99
4261,4483,2021-11-12,Completed,Debit Card,14.99
4262,1936,2023-02-19,Completed,Credit Card,9.99
4263,1069,2021-11-10,Completed,Credit Card,9.99
4264,90,2022-04-22,Completed,Debit Card,5.99
4265,2958,2023-06-22,Completed,Cash,9.99
4266,885,2021-02-20,Completed,Credit Card,0.0
4267,738,2023-01-14,Completed,Cash,5.99
4268,1292,2021-03-17,Completed,Debit Card,5.99
4269,518,2023-02-25,Completed,Credit Card,0.0
4270,1584,2023-07-20,Completed,Credit Card,0.0
4271,2095,2022-08-27,Completed,Debit Card,5.99
4272,227,2021-12-24,Completed,Credit Card,0.0
4273,3500,2022-12-19,Completed,Credit Card,9.99
4274,1602,2021-11-24,Completed,Credit Card,14.99
4275,3141,2021-11-09,Completed,Credit Card,0.0
4276,4376,2021-11-24,Completed,Debit Card,5.99
4277,255,2022-10-30,Completed,Credit Card,9.99
4278,598,2022-07-31,Completed,Credit Card,0.0
4279,4887,2023-03-17,Completed,Credit Card,14.99
4280,324,2022-11-21,Completed,Credit Card,9.99
4281,2981,2022-07-25,Completed,Credit Card,0.0
4282,242,2023-10-10,Pending,Debit Card,0.0
4283,1465,2023-02-10,Completed,Debit Card,14.99
4284,2481,2022-04-01,Completed,Credit Card,14.99
4285,340,2021-06-07,Completed,Credit Card,5.99
4286,3287,2023-06-05,Completed,Credit Card,0.0
4287,2579,2021-07-08,Completed,Credit Card,5.99
4288,527,2022-09-01,Completed,Debit Card,0.0
4289,542,2023-01-29,Completed,Credit Card,14.99
4290,3843,2022-12-26,Completed,Credit Card,9.99
4291,2238,2021-04-20,Completed,PayPal,5.99
4292,3889,2022-02-27,Completed,Credit Card,0.0
4293,637,2023-02-28,Completed,Debit Card,9.99
4294,727,2022-11-24,Completed,Debit Card,0.0
4295,3776,2022-04-07,Pending,Credit Card,0.0
4296,402,2022-12-29,Pending,Debit Card,5.99
4297,3219,2022-08-01,Cancelled,Debit Card,5.99
4298,2225,2021-11-21,Completed,Credit Card,9.99
4299,4430,2022-02-22,Pending,Debit Card,9.99
4300,2881,2023-06-23,Completed,PayPal,5.99
4301,3604,2021-11-23,Completed,Cash,5.99
4302,4643,2022-06-08,Completed,Debit Card,5.99
4303,3569,2023-06-14,Completed,PayPal,5.99
4304,4180,2023-05-19,Completed,Credit Card,9.99
4305,4556,2023-07-15,Completed,Debit Card,5.99
4306,3323,2023-02-26,Completed,Credit Card,14.99
4307,1600,2021-09-15,Completed,Credit Card,5.99
4308,734,2021-12-09,Completed,Debit Card,0.0
4309,1340,2023-04-19,Completed,Debit Card,0.0
4310,2086,2023-09-14,Completed,Credit Card,5.99
4311,459,2023-03-10,Completed,Debit Card,5.99
4312,3669,2021-06-01,Completed,Credit Card,5.99
4313,4950,2023-10-07,Completed,Credit Card,0.0
4314,207,2022-09-15,Completed,Credit Card,14.99
4315,2523,2023-06-21,Completed,Credit Card,0.0
4316,2440,2021-01-25,Completed,Credit Card,5.99
4317,4449,2022-07-23,Completed,Debit Card,0.0
4318,658,2022-12-30,Completed,Credit Card,5.99
4319,2019,2022-11-18,Completed,Credit Card,5.99
4320,4444,2021-12-07,Completed,,5.99
4321,4270,2021-10-20,Completed,Debit Card,5.99
4322,987,2022-08-26,Cancelled,Credit Card,5.99
4323,4732,2021-12-16,Completed,Credit Card,5.99
4324,512,2021-03-30,Completed,Credit Card,5.99
4325,1019,2023-01-08,Completed,PayPal,9.99
4326,818,2023-05-25,Pending,PayPal,9.99
4327,2248,2022-06-18,Completed,Debit Card,9.99
4328,2747,2021-10-29,Completed,Credit Card,0.0
4329,3334,2023-01-21,Completed,Debit Card,14.99
4330,4095,2022-08-15,Completed,Credit Card,14.99
4331,3295,2023-07-11,Completed,Credit Card,9.99
4332,3808,2023-12-27,Completed,Credit Card,5.99
4333,3597,2021-04-18,Completed,PayPal,0.0
4334,3409,2023-02-08,Completed,Debit Card,9.99
4335,584,2022-07-11,Completed,Debit Card,9.99
4336,4788,2022-04-15,Completed,,5.99
4337,2772,2023-09-15,Completed,Credit Card,5.99
4338,1059,2021-06-20,Returned,Credit Card,0.0
4339,2196,2023-03-27,Completed,Debit Card,5.99
4340,4625,2021-03-23,Completed,Debit Card,9.99
4341,3270,2022-01-23,Completed,PayPal,0.0
4342,238,2022-08-18,Completed,Credit Card,5.99
4343,790,2023-11-14,Completed,PayPal,9.99
4344,3965,2023-09-22,Completed,Credit Card,5.99
4345,320,2022-03-31,Completed,Debit Card,0.0
4346,4656,2021-05-22,Returned,Credit Card,9.99
4347,1256,2021-08-11,Completed,Cash,0.0
4348,775,2023-05-27,Cancelled,Credit Card,5.99
4349,3686,2021-04-06,Completed,Debit Card,9.99
4350,3459,2021-09-09,Cancelled,Debit Card,9.99
4351,2511,2022-12-14,Completed,Credit Card,9.99
4352,2713,2023-02-18,Completed,Credit Card,5.99
4353,616,2022-12-04,Cancelled,PayPal,5.99
4354,3959,2022-04-26,Completed,Credit Card,9.99
4355,3824,2023-01-29,Completed,Credit Card,5.99
4356,329,2022-01-15,Completed,Cash,5.99
4357,1057,2021-07-08,Completed,Debit Card,5.99
4358,1250,2021-07-16,Completed,Credit Card,5.99
4359,1685,2022-10-14,Cancelled,Debit Card,5.99
4360,4548,2022-07-28,Completed,Debit Card,5.99
4361,35,2022-01-11,Completed,PayPal,5.99
4362,2061,2022-06-07,Completed,Debit Card,14.99
4363,2868,2021-01-10,Completed,PayPal,5.99
4364,1885,2021-07-11,Completed,Credit Card,0.0
4365,2502,2022-12-13,Completed,Debit Card,5.99
4366,3704,2021-02-16,Completed,Credit Card,5.99
4367,4136,2022-06-19,Completed,Credit Card,14.99
4368,1329,2022-03-14,Completed,Debit Card,9.99
4369,3608,2023-08-11,Completed,Credit Card,9.99
4370,3772,2021-05-05,Completed,Debit Card,9.99
4371,1114,2023-12-11,Completed,PayPal,14.99
4372,2643,2023-05-02,Completed,Credit Card,0.0
4373,1554,2024-01-28,Completed,Credit Card,5.99
4374,1219,2021-02-24,Cancelled,Debit Card,5.99
4375,486,2023-12-24,Completed,Cash,5.99
4376,2895,2023-11-15,Completed,Debit Card,5.99
4377,4818,2022-05-09,Completed,Debit Card,5.99
4378,1496,2022-11-25,Completed,Credit Card,5.99
4379,4360,2023-12-16,Cancelled,Credit Card,5.99
4380,2194,2023-01-27,Completed,Debit Card,5.99
4381,4294,2022-12-23,Completed,Credit Card,5.99
4382,4621,2023-10-27,Completed,PayPal,9.99
4383,4552,2022-04-05,Completed,Credit Card,5.99
4384,3886,2023-05-25,Completed,Debit Card,14.99
4385,1932,2022-06-19,Completed,PayPal,9.99
4386,2956,2022-10-19,Cancelled,PayPal,5.99
4387,4113,2022-06-23,Pending,Debit Card,0.0
4388,4087,2023-07-08,Completed,Cash,5.99
4389,1431,2023-02-04,Completed,Cash,9.99
4390,3757,2023-07-09,Completed,Cash,5.99
4391,1405,2023-09-17,Pending,PayPal,0.0
4392,4979,2022-06-17,Returned,Debit Card,5.99
4393,1558,2021-09-30,Completed,Debit Card,0.0
4394,1761,2022-12-17,Completed,Credit Card,14.99
4395,2781,2022-08-22,Completed,Credit Card,5.99
4396,3872,2021-11-28,Completed,Credit Card,0.0
4397,131,2021-04-29,Completed,Credit Card,0.0
4398,1339,2022-09-14,Completed,Credit Card,9.99
4399,2089,2022-03-13,Completed,Credit Card,9.99
4400,246,2023-02-27,Completed,Cash,5.99
4401,1989,2023-12-22,Completed,PayPal,5.99
4402,4714,2021-12-10,Completed,Credit Card,5.99
4403,4121,2023-09-05,Completed,Credit Card,5.99
4404,3285,2022-10-31,Completed,PayPal,14.99
4405,3471,2023-04-07,Completed,PayPal,5.99
4406,1602,2023-11-21,Completed,Cash,0.0
4407,4968,2022-06-08,Completed,Cash,5.99
4408,4330,2023-10-11,Completed,Cash,0.0
4409,2526,2023-12-18,Completed,Credit Card,5.99
4410,3147,2022-11-03,Completed,Credit Card,5.99
4411,2345,2021-05-07,Completed,PayPal,0.0
4412,4373,2023-07-17,Completed,Credit Card,9.99
4413,2343,2023-12-07,Completed,PayPal,5.99
4414,2184,2023-06-02,Completed,Debit Card,0.0
4415,1109,2023-09-13,Completed,PayPal,5.99
4416,3727,2022-01-07,Completed,Credit Card,5.99
4417,2036,2022-10-13,Completed,Debit Card,0.0
4418,4797,2022-04-22,Completed,Debit Card,0.0
4419,4565,2021-04-27,Completed,Cash,0.0
4420,1905,2023-11-14,Completed,Credit Card,5.99
4421,2615,2021-08-08,Pending,Cash,0.0
4422,3219,2022-11-15,Completed,PayPal,0.0
4423,2842,2023-12-22,Completed,Debit Card,9.99
4424,1073,2021-01-12,Completed,PayPal,0.0
4425,1965,2024-01-18,Pending,Debit Card,5.99
4426,4939,2023-04-08,Completed,Credit Card,0.0
4427,635,2023-06-19,Completed,Credit Card,0.0
4428,4531,2023-12-06,Completed,PayPal,9.99
4429,4530,2022-06-20,Completed,Debit Card,0.0
4430,3411,2023-02-04,Completed,Credit Card,0.0
4431,3719,2021-08-10,Completed,Debit Card,5.99
4432,3320,2021-08-09,Completed,Credit Card,0.0
4433,1361,2022-04-01,Completed,Credit Card,5.99
4434,1275,2021-11-22,Completed,,0.0
4435,3878,2022-08-04,Completed,Credit Card,5.99
4436,2040,2023-04-26,Completed,Credit Card,0.0
4437,2732,2023-09-15,Completed,Credit Card,14.99
4438,1850,2021-05-26,Completed,Debit Card,5.99
4439,1923,2021-11-13,Completed,Credit Card,5.99
4440,2554,2023-08-09,Completed,Credit Card,5.99
4441,25,2022-11-20,Completed,Credit Card,9.99
4442,3199,2021-12-17,Completed,,5.99
4443,1295,2022-03-20,Completed,Credit Card,9.99
4444,464,2023-06-19,Completed,Credit Card,5.99
4445,855,2021-08-05,Completed,Credit Card,5.99
4446,3368,2021-02-11,Completed,,9.99
4447,3475,2021-01-18,Returned,Credit Card,9.99
4448,1593,2021-10-28,Completed,Credit Card,0.0
4449,2014,2023-01-24,Completed,Credit Card,5.99
4450,2214,2023-03-01,Completed,Credit Card,5.99
4451,485,2022-01-26,Completed,PayPal,0.0
4452,956,2022-10-14,Completed,Credit Card,14.99
4453,2145,2021-06-01,Completed,Credit Card,5.99
4454,1092,2023-09-23,Completed,Credit Card,5.99
4455,753,2022-12-20,Cancelled,Debit Card,0.0
4456,3068,2023-07-16,Completed,Credit Card,0.0
4457,3264,2021-04-24,Completed,Debit Card,0.0
4458,1608,2023-01-21,Cancelled,Credit Card,0.0
4459,2093,2022-02-22,Completed,Credit Card,5.99
4460,2813,2022-01-06,Completed,Debit Card,9.99
4461,1451,2021-03-27,Completed,Debit Card,5.99
4462,3405,2022-05-19,Completed,Debit Card,0.0
4463,1735,2023-02-10,Completed,Credit Card,0.0
4464,3287,2021-06-06,Completed,Debit Card,5.99
4465,1404,2022-03-30,Completed,Credit Card,5.99
4466,4327,2021-02-11,Returned,Debit Card,14.99
4467,4560,2021-05-14,Pending,Debit Card,9.99
4468,3438,2022-08-14,Pending,Credit Card,9.99
4469,1491,2022-10-01,Completed,Debit Card,0.0
4470,1779,2023-04-15,Completed,Debit Card,9.99
4471,1598,2022-07-15,Completed,Credit Card,0.0
4472,2986,2021-08-10,Completed,PayPal,5.99
4473,3764,2023-09-15,Cancelled,PayPal,5.99
4474,264,2021-11-19,Completed,Credit Card,5.99
4475,2321,2022-08-15,Pending,Cash,0.0
4476,2261,2021-05-26,Completed,Credit Card,5.99
4477,2182,2021-04-28,Returned,Debit Card,0.0
4478,2981,2022-03-09,Cancelled,PayPal,0.0
4479,2975,2023-05-26,Completed,Debit Card,5.99
4480,961,2023-10-07,Completed,Credit Card,14.99
4481,2511,2022-11-03,Completed,Cash,9.99
4482,1667,2023-12-23,Completed,Credit Card,5.99
4483,2220,2021-01-30,Completed,Credit Card,0.0
4484,2380,2023-03-05,Completed,Credit Card,0.0
4485,1207,2022-03-31,Cancelled,PayPal,0.0
4486,689,2021-11-11,Completed,Cash,14.99
4487,635,2023-12-10,Completed,Credit Card,5.99
4488,863,2022-06-30,Completed,PayPal,9.99
4489,3828,2021-03-23,Completed,Credit Card,9.99
4490,2782,2021-05-26,Completed,Cash,5.99
4491,2173,2021-07-07,Completed,Debit Card,14.99
4492,4718,2023-07-24,Completed,Credit Card,0.0
4493,2171,2021-06-08,Completed,Credit Card,5.99
4494,2401,2022-01-24,Completed,Credit Card,9.99
4495,4651,2021-03-11,Completed,Credit Card,5.99
4496,2724,2022-05-24,Completed,PayPal,0.0
4497,3917,2023-09-20,Completed,Credit Card,0.0
4498,2367,2021-02-27,Completed,Cash,9.99
4499,1366,2023-07-31,Returned,Debit Card,0.0
4500,664,2021-07-27,Completed,,14.99
4501,4541,2023-12-20,Completed,Credit Card,0.0
4502,4354,2022-06-26,Completed,PayPal,5.99
4503,2452,2023-04-24,Completed,Debit Card,5.99
4504,1472,2023-07-29,Pending,PayPal,5.99
4505,2460,2021-04-27,Completed,Cash,5.99
4506,3102,2023-08-11,Completed,Credit Card,9.99
4507,1947,2023-09-03,Completed,Credit Card,5.99
4508,4143,2022-04-25,Completed,PayPal,9.99
4509,899,2023-09-02,Completed,PayPal,0.0
4510,3008,2022-03-19,Completed,Debit Card,0.0
4511,612,2021-08-05,Completed,Credit Card,0.0
4512,1323,2023-05-03,Completed,Debit Card,0.0
4513,912,2021-10-21,Completed,Credit Card,5.99
4514,1008,2023-07-06,Completed,Credit Card,5.99
4515,3342,2022-12-08,Completed,Credit Card,9.99
4516,2238,2021-12-13,Completed,Credit Card,0.0
4517,4024,2023-10-02,Completed,Credit Card,5.99
4518,1423,2022-09-26,Completed,Cash,9.99
4519,2062,2023-04-28,Completed,PayPal,14.99
4520,3174,2021-04-07,Completed,Cash,14.99
4521,2362,2021-06-22,Completed,PayPal,9.99
4522,1459,2021-03-30,Completed,Credit Card,5.99
4523,4806,2021-02-03,Pending,PayPal,14.99
4524,4885,2023-03-30,Completed,Cash,9.99
4525,4106,2023-06-26,Completed,Cash,14.99
4526,3623,2023-08-22,Completed,Debit Card,0.0
4527,1422,2022-08-22,Cancelled,Credit Card,14.99
4528,2075,2021-04-16,Completed,Credit Card,5.99
4529,3613,2021-01-04,Returned,Credit Card,0.0
4530,1674,2023-08-05,Pending,Cash,0.0
4531,2648,2021-04-23,Completed,Credit Card,9.99
4532,1757,2021-05-10,Pending,PayPal,5.99
4533,4328,2023-11-18,Completed,Credit Card,14.99
4534,4062,2022-03-18,Completed,Debit Card,0.0
4535,3070,2021-09-28,Completed,Credit Card,5.99
4536,4669,2023-01-29,Completed,Credit Card,5.99
4537,969,2023-03-27,Completed,Credit Card,5.99
4538,2951,2023-02-20,Completed,Debit Card,5.99
4539,1965,2021-05-27,Completed,Credit Card,5.99
4540,18,2024-01-20,Completed,PayPal,0.0
4541,501,2021-01-18,Completed,Credit Card,0.0
4542,3807,2023-02-13,Completed,PayPal,0.0
4543,2590,2021-07-12,Completed,Credit Card,9.99
4544,977,2021-01-07,Completed,Debit Card,5.99
4545,2139,2023-12-15,Completed,Credit Card,5.99
4546,3020,2022-11-25,Completed,,5.99
4547,617,2022-05-15,Completed,Credit Card,9.99
4548,4334,2023-07-19,Completed,Debit Card,0.0
4549,1805,2021-03-25,Completed,Cash,0.0
4550,2278,2021-01-14,Returned,Credit Card,5.99
4551,3934,2023-10-21,Completed,Credit Card,14.99
4552,4660,2021-05-08,Pending,PayPal,5.99
4553,1454,2021-02-12,Completed,Debit Card,0.0
4554,1922,2021-07-25,Completed,Credit Card,5.99
4555,400,2021-01-13,Completed,Credit Card,14.99
4556,2783,2021-11-03,Completed,Credit Card,5.99
4557,3814,2021-10-15,Completed,Credit Card,5.99
4558,4569,2021-09-29,Completed,Credit Card,5.99
4559,1406,2021-08-28,Completed,PayPal,14.99
4560,2131,2021-12-13,Completed,Credit Card,9.99
4561,2657,2023-03-22,Completed,Debit Card,5.99
4562,1611,2022-03-23,Completed,PayPal,0.0
4563,625,2021-03-27,Completed,Credit Card,5.99
4564,211,2022-10-15,Completed,Debit Card,5.99
4565,4122,2021-07-16,Completed,PayPal,0.0
4566,752,2021-03-15,Completed,Credit Card,9.99
4567,1150,2021-09-07,Completed,Credit Card,5.99
4568,2057,2021-06-06,Cancelled,Cash,0.0
4569,3314,2024-01-24,Completed,Cash,14.99
4570,2457,2021-05-20,Completed,Credit Card,0.0
4571,1955,2023-02-15,Completed,Credit Card,9.99
4572,3920,2022-02-06,Completed,Credit Card,5.99
4573,4384,2022-07-05,Completed,Credit Card,14.99
4574,3146,2021-08-18,Completed,Credit Card,9.99
4575,1377,2021-01-11,Completed,Debit Card,9.99
4576,2528,2023-02-22,Completed,PayPal,5.99
4577,1685,2023-08-07,Completed,,5.99
4578,389,2023-06-13,Completed,PayPal,14.99
4579,582,2023-11-28,Completed,Credit Card,0.0
4580,2201,2023-09-04,Completed,Credit Card,9.99
4581,3406,2021-05-13,Completed,Debit Card,0.0
4582,109,2021-03-23,Completed,Credit Card,0.0
4583,3488,2021-08-14,Completed,Credit Card,0.0
4584,3447,2022-07-31,Completed,PayPal,0.0
4585,4837,2022-09-17,Pending,Credit Card,14.99
4586,3189,2021-06-12,Completed,Debit Card,9.99
4587,936,2021-06-17,Completed,Credit Card,5.99
4588,217,2023-05-22,Completed,Credit Card,9.99
4589,3094,2022-04-15,Completed,Debit Card,5.99
4590,4874,2022-01-03,Completed,PayPal,9.99
4591,3386,2021-11-03,Completed,Credit Card,9.99
4592,1986,2021-11-07,Completed,Debit Card,0.0
4593,3653,2023-01-14,Completed,Cash,5.99
4594,2536,2021-08-18,Completed,PayPal,5.99
4595,4974,2023-02-20,Completed,Credit Card,14.99
4596,840,2022-06-11,Completed,Debit Card,5.99
4597,1205,2021-10-04,Completed,Debit Card,9.99
4598,524,2022-11-06,Completed,Debit Card,9.99
4599,4251,2023-11-05,Completed,Credit Card,5.99
4600,4023,2023-03-02,Completed,Credit Card,9.99
4601,4897,2021-09-06,Completed,Debit Card,5.99
4602,303,2023-06-06,Completed,Credit Card,5.99
4603,3161,2023-07-03,Completed,Debit Card,9.99
4604,2771,2021-10-26,Completed,PayPal,0.0
4605,74,2021-08-11,Completed,PayPal,5.99
4606,3480,2021-05-09,Completed,Credit Card,5.99
4607,636,2023-09-20,Completed,Credit Card,5.99
4608,2182,2021-02-10,Completed,Debit Card,14.99
4609,3587,2021-11-16,Completed,Debit Card,14.99
4610,685,2022-11-01,Completed,Cash,5.99
4611,2868,2022-06-03,Completed,Debit Card,5.99
4612,4763,2022-09-10,Completed,Credit Card,9.99
4613,74,2023-03-11,Pending,Debit Card,5.99
4614,839,2022-10-10,Completed,Debit Card,0.0
4615,881,2022-11-01,Returned,Debit Card,9.99
4616,1350,2021-03-15,Cancelled,Debit Card,9.99
4617,2609,2021-11-18,Completed,Credit Card,0.0
4618,19,2022-07-19,Pending,Credit Card,9.99
4619,1137,2021-11-17,Completed,Credit Card,5.99
4620,1565,2021-06-21,Completed,Credit Card,0.0
4621,667,2023-11-28,Completed,Credit Card,5.99
4622,3403,2021-10-18,Completed,PayPal,0.0
4623,362,2022-10-29,Completed,Credit Card,0.0
4624,14,2022-06-24,Completed,Cash,9.99
4625,2084,2023-12-11,Completed,Credit Card,14.99
4626,432,2021-04-14,Completed,Credit Card,0.0
4627,1534,2022-11-10,Completed,Credit Card,14.99
4628,3938,2023-08-14,Cancelled,Credit Card,0.0
4629,1353,2022-12-09,Completed,Cash,0.0
4630,4571,2022-11-05,Completed,Credit Card,0.0
4631,4433,2021-01-05,Completed,Credit Card,0.0
4632,3405,2021-12-16,Completed,Cash,5.99
4633,4190,2022-08-26,Completed,Credit Card,14.99
4634,1859,2021-10-18,Completed,Credit Card,0.0
4635,1095,2022-05-31,Completed,Credit Card,5.99
4636,925,2021-10-11,Completed,Credit Card,9.99
4637,1415,2023-05-08,Pending,Credit Card,5.99
4638,493,2022-03-17,Completed,Credit Card,5.99
4639,4540,2022-05-17,Completed,PayPal,5.99
4640,3204,2023-02-07,Completed,PayPal,0.0
4641,655,2022-01-03,Completed,Credit Card,9.99
4642,2165,2022-04-11,Completed,Credit Card,0.0
4643,4490,2021-08-25,Completed,Credit Card,0.0
4644,2420,2023-08-07,Completed,Debit Card,5.99
4645,1156,2022-10-19,Completed,Credit Card,5.99
4646,3047,2022-08-12,Completed,PayPal,5.99
4647,301,2023-10-28,Completed,Debit Card,5.99
4648,3786,2023-06-26,Completed,Credit Card,5.99
4649,3237,2023-10-17,Completed,Debit Card,5.99
4650,3119,2021-09-13,Completed,Credit Card,5.99
4651,4953,2022-02-02,Completed,Credit Card,14.99
4652,3709,2021-11-11,Completed,Credit Card,14.99
4653,4140,2021-01-05,Completed,Credit Card,5.99
4654,2141,2021-11-13,Completed,Debit Card,0.0
4655,1343,2021-02-04,Completed,Debit Card,5.99
4656,266,2023-04-01,Completed,Credit Card,0.0
4657,506,2021-07-04,Pending,Cash,5.99
4658,553,2022-02-27,Completed,Credit Card,0.0
4659,2343,2021-09-24,Completed,Credit Card,9.99
4660,695,2021-01-30,Completed,Credit Card,0.0
4661,2280,2022-04-27,Completed,Debit Card,14.99
4662,2210,2021-08-05,Completed,Cash,0.0
4663,1118,2023-12-10,Completed,Debit Card,5.99
4664,2109,2023-05-01,Completed,Cash,14.99
4665,3214,2023-07-10,Completed,Credit Card,0.0
4666,114,2023-05-22,Completed,Credit Card,14.99
4667,3897,2023-08-05,Completed,Debit Card,5.99
4668,1826,2022-07-28,Completed,Debit Card,14.99
4669,4001,2022-09-22,Completed,Credit Card,14.99
4670,1390,2023-11-27,Completed,PayPal,0.0
4671,2021,2021-12-09,Completed,Credit Card,9.99
4672,4369,2021-12-31,Completed,Credit Card,0.0
4673,3467,2023-11-12,Completed,Debit Card,0.0
4674,555,2023-09-29,Completed,Debit Card,0.0
4675,2900,2021-01-23,Completed,Credit Card,0.0
4676,4742,2023-10-19,Completed,Credit Card,5.99
4677,3017,2022-02-04,Pending,Credit Card,5.99
4678,1390,2021-05-07,Completed,Debit Card,9.99
4679,4251,2021-03-31,Completed,PayPal,5.99
4680,2639,2022-09-05,Completed,Debit Card,14.99
4681,4907,2023-06-05,Completed,Credit Card,0.0
4682,4913,2022-04-17,Completed,Cash,0.0
4683,2239,2021-03-06,Completed,PayPal,9.99
4684,3744,2023-03-03,Completed,Credit Card,9.99
4685,2652,2023-05-05,Completed,Credit Card,9.99
4686,3855,2023-03-13,Completed,Credit Card,5.99
4687,3579,2023-07-09,Completed,Credit Card,0.0
4688,1748,2023-06-14,Completed,PayPal,0.0
4689,4013,2021-12-24,Completed,PayPal,5.99
4690,4988,2023-02-14,Completed,PayPal,5.99
4691,4128,2021-03-06,Returned,Credit Card,5.99
4692,1397,2021-11-17,Completed,Debit Card,5.99
4693,4859,2023-06-09,Completed,Credit Card,9.99
4694,1882,2022-10-01,Completed,Credit Card,9.99
4695,236,2021-05-24,Completed,Debit Card,0.0
4696,2786,2021-03-27,Completed,Credit Card,5.99
4697,2576,2022-06-11,Completed,Debit Card,0.0
4698,4088,2023-10-07,Completed,Debit Card,0.0
4699,3915,2021-09-09,Completed,PayPal,9.99
4700,4709,2023-04-30,Completed,Credit Card,5.99
4701,3844,2022-09-02,Completed,PayPal,9.99
4702,4922,2022-11-03,Completed,Cash,0.0
4703,4380,2022-06-11,Completed,PayPal,14.99
4704,1712,2022-10-19,Completed,PayPal,0.0
4705,3195,2023-10-26,Completed,Debit Card,9.99
4706,3634,2022-06-27,Completed,Credit Card,5.99
4707,3560,2022-09-16,Completed,Debit Card,0.0
4708,130,2023-04-14,Completed,Debit Card,0.0
4709,3843,2022-12-06,Completed,Debit Card,0.0
4710,2555,2023-08-17,Completed,PayPal,5.99
4711,817,2023-08-04,Completed,Credit Card,14.99
4712,331,2021-08-30,Cancelled,Credit Card,5.99
4713,3023,2022-05-18,Completed,Debit Card,5.99
4714,4806,2023-07-12,Completed,Credit Card,9.99
4715,1790,2021-08-16,Completed,Credit Card,5.99
4716,4959,2022-12-07,Completed,Credit Card,5.99
4717,2234,2022-02-09,Completed,Credit Card,14.99
4718,4387,2022-06-06,Completed,PayPal,0.0
4719,847,2021-12-09,Completed,Debit Card,5.99
4720,2593,2023-08-12,Completed,Credit Card,9.99
4721,37,2023-10-26,Completed,Credit Card,0.0
4722,2300,2022-03-10,Completed,Credit Card,9.99
4723,1884,2021-12-24,Completed,Credit Card,0.0
4724,4668,2023-12-04,Completed,Credit Card,0.0
4725,457,2023-08-09,Completed,Cash,0.0
4726,1937,2022-03-17,Returned,Credit Card,14.99
4727,2794,2021-10-27,Completed,Debit Card,9.99
4728,3553,2021-12-22,Completed,PayPal,0.0
4729,209,2023-08-18,Completed,Cash,0.0
4730,1093,2023-02-13,Completed,Credit Card,5.99
4731,4348,2023-05-23,Completed,Debit Card,5.99
4732,2913,2022-10-19,Completed,Credit Card,9.99
4733,4519,2022-06-11,Completed,Credit Card,14.99
4734,3358,2023-12-31,Completed,Credit Card,9.99
4735,3139,2022-08-16,Completed,PayPal,5.99
4736,3486,2021-09-20,Completed,Credit Card,0.0
4737,124,2023-10-21,Completed,Debit Card,0.0
4738,3434,2022-09-17,Completed,Debit Card,5.99
4739,1733,2022-08-17,Completed,Cash,5.99
4740,2927,2023-05-28,Completed,Debit Card,9.99
4741,2518,2022-09-18,Completed,Credit Card,5.99
4742,3834,2022-12-03,Completed,Credit Card,0.0
4743,3218,2022-07-18,Cancelled,Credit Card,5.99
4744,141,2021-05-01,Completed,PayPal,14.99
4745,3983,2022-01-23,Completed,Debit Card,9.99
4746,2676,2021-03-03,Completed,Debit Card,0.0
4747,671,2021-02-27,Completed,Credit Card,9.99
4748,1405,2021-11-15,Completed,PayPal,5.99
4749,714,2021-07-25,Completed,Debit Card,5.99
4750,467,2022-09-07,Pending,Cash,5.99
4751,726,2022-04-24,Completed,Debit Card,5.99
4752,4100,2023-02-27,Completed,Credit Card,5.99
4753,2384,2023-05-02,Completed,Credit Card,5.99
4754,1062,2022-10-31,Completed,Credit Card,5.99
4755,3191,2022-08-25,Completed,Debit Card,0.0
4756,1354,2023-01-06,Completed,Debit Card,0.0
4757,1121,2022-02-17,Completed,Credit Card,9.99
4758,3111,2021-12-19,Returned,Credit Card,5.99
4759,2547,2022-03-17,Completed,Credit Card,5.99
4760,2341,2021-10-07,Completed,Cash,0.0
4761,851,2022-05-25,Pending,Credit Card,0.0
4762,4313,2022-09-18,Completed,Credit Card,5.99
4763,192,2022-11-13,Returned,Credit Card,0.0
4764,1071,2022-05-17,Pending,Credit Card,5.99
4765,2273,2022-03-24,Cancelled,Debit Card,9.99
4766,2829,2022-12-16,Completed,PayPal,0.0
4767,4772,2023-03-05,Completed,Credit Card,9.99
4768,2404,2023-05-05,Completed,Debit Card,9.99
4769,499,2023-11-21,Returned,Credit Card,0.0
4770,4111,2021-11-28,Completed,Cash,5.99
4771,2860,2021-09-29,Completed,Credit Card,0.0
4772,4969,2023-12-09,Completed,Credit Card,5.99
4773,1919,2023-05-01,Completed,Debit Card,0.0
4774,2635,2023-01-18,Completed,Credit Card,5.99
4775,3321,2023-09-19,Completed,Credit Card,5.99
4776,3060,2023-01-25,Completed,Debit Card,0.0
4777,1970,2022-09-14,Completed,Debit Card,0.0
4778,2756,2021-11-01,Returned,Credit Card,5.99
4779,1291,2021-01-11,Completed,Debit Card,5.99
4780,2265,2022-03-29,Completed,Debit Card,9.99
4781,2001,2024-01-26,Completed,Debit Card,0.0
4782,3856,2021-01-02,Completed,Debit Card,5.99
4783,3713,2021-08-20,Completed,Debit Card,5.99
4784,4840,2022-02-18,Pending,Credit Card,0.0
4785,2711,2022-04-22,Completed,Credit Card,5.99
4786,312,2023-08-14,Completed,Credit Card,0.0
4787,3664,2023-03-24,Completed,Credit Card,9.99
4788,3419,2021-05-30,Completed,PayPal,5.99
4789,2970,2021-06-09,Completed,Credit Card,0.0
4790,2644,2023-01-19,Completed,Credit Card,5.99
4791,3759,2023-07-25,Completed,Credit Card,5.99
4792,1831,2023-09-14,Completed,Credit Card,5.99
4793,3981,2021-01-17,Completed,Debit Card,0.0
4794,2065,2021-07-23,Completed,Credit Card,0.0
4795,4589,2022-09-29,Completed,Debit Card,5.99
4796,2889,2021-07-02,Completed,Credit Card,0.0
4797,1268,2021-08-24,Pending,PayPal,5.99
4798,2706,2021-06-11,Completed,Cash,9.99
4799,623,2022-12-31,Completed,Debit Card,9.99
4800,1397,2023-12-19,Pending,PayPal,5.99
4801,1398,2021-08-10,Completed,Debit Card,5.99
4802,2712,2023-02-19,Completed,Cash,5.99
4803,4513,2021-11-11,Completed,PayPal,14.99
4804,2380,2022-03-10,Completed,Cash,0.0
4805,3435,2021-05-22,Completed,Debit Card,0.0
4806,3752,2022-12-26,Completed,PayPal,0.0
4807,4855,2022-05-14,Completed,Debit Card,5.99
4808,421,2022-07-14,Completed,Credit Card,0.0
4809,675,2021-11-25,Returned,Credit Card,0.0
4810,4029,2024-01-29,Completed,PayPal,5.99
4811,2660,2021-05-31,Completed,Credit Card,14.99
4812,1392,2021-08-20,Completed,Debit Card,14.99
4813,1293,2023-01-04,Completed,Credit Card,9.99
4814,3935,2024-01-22,Completed,Credit Card,5.99
4815,4825,2023-08-06,Returned,PayPal,9.99
4816,1435,2023-04-10,Completed,PayPal,9.99
4817,2243,2022-11-23,Completed,Debit Card,14.99
4818,4609,2021-03-21,Completed,Credit Card,5.99
4819,3508,2021-05-12,Completed,Credit Card,0.0
4820,2685,2023-02-10,Completed,Credit Card,0.0
4821,1328,2022-02-18,Completed,Credit Card,14.99
4822,1713,2023-07-08,Completed,Credit Card,0.0
4823,3256,2023-01-17,Completed,Debit Card,0.0
4824,4067,2021-02-16,Completed,Credit Card,5.99
4825,2088,2023-01-26,Completed,Debit Card,0.0
4826,4791,2023-06-19,Completed,Credit Card,14.99
4827,4619,2021-10-08,Completed,Credit Card,0.0
4828,433,2021-09-05,Completed,,0.0
4829,1165,2023-01-30,Completed,Cash,14.99
4830,494,2021-05-12,Completed,Debit Card,5.99
4831,1836,2021-03-20,Completed,Credit Card,9.99
4832,4236,2021-07-09,Cancelled,Debit Card,5.99
4833,2781,2021-05-08,Completed,PayPal,5.99
4834,2206,2021-03-04,Returned,PayPal,0.0
4835,312,2022-06-27,Completed,Debit Card,5.99
4836,3586,2022-08-27,Completed,Credit Card,0.0
4837,8,2022-03-29,Cancelled,Debit Card,14.99
4838,483,2021-01-31,Completed,PayPal,0.0
4839,4590,2021-03-14,Completed,Debit Card,0.0
4840,2149,2021-10-12,Completed,PayPal,9.99
4841,735,2023-07-30,Cancelled,Credit Card,5.99
4842,2806,2023-09-27,Returned,Credit Card,5.99
4843,4673,2022-04-07,Completed,PayPal,5.99
4844,673,2021-10-11,Completed,Debit Card,0.0
4845,1056,2021-01-29,Completed,Credit Card,0.0
4846,2318,2023-02-08,Completed,Credit Card,14.99
4847,1176,2022-11-19,Completed,PayPal,0.0
4848,3399,2023-03-25,Completed,Credit Card,5.99
4849,4623,2022-08-16,Completed,Credit Card,5.99
4850,2621,2021-10-27,Completed,Credit Card,0.0
4851,3849,2023-07-04,Completed,Cash,9.99
4852,2623,2023-04-26,Returned,Cash,5.99
4853,1814,2022-01-22,Completed,Debit Card,9.99
4854,4452,2021-01-18,Completed,Debit Card,0.0
4855,2792,2023-12-14,Cancelled,Credit Card,0.0
4856,567,2021-12-21,Completed,Credit Card,9.99
4857,1653,2023-02-23,Completed,PayPal,5.99
4858,4983,2022-02-09,Completed,Credit Card,5.99
4859,3950,2021-12-04,Completed,Credit Card,9.99
4860,3073,2023-03-18,Completed,Debit Card,5.99
4861,2029,2023-07-01,Completed,Credit Card,5.99
4862,2734,2023-05-05,Completed,Debit Card,0.0
4863,1320,2022-04-09,Pending,Debit Card,9.99
4864,2330,2021-07-25,Completed,Debit Card,0.0
4865,3418,2021-06-29,Completed,Credit Card,14.99
4866,577,2022-09-26,Completed,Credit Card,0.0
4867,2559,2022-05-20,Completed,Debit Card,9.99
4868,1072,2021-06-12,Completed,Cash,5.99
4869,3559,2021-05-06,Pending,Credit Card,0.0
4870,1373,2023-07-29,Completed,Cash,5.99
4871,179,2022-11-27,Completed,Debit Card,0.0
4872,2222,2022-04-14,Completed,PayPal,0.0
4873,488,2023-10-28,Completed,Credit Card,0.0
4874,4188,2023-09-02,Completed,Credit Card,9.99
4875,2902,2021-06-10,Completed,Credit Card,0.0
4876,1153,2022-07-20,Completed,Credit Card,14.99
4877,184,2021-08-11,Completed,Cash,0.0
4878,3260,2022-06-30,Completed,Credit Card,5.99
4879,2016,2022-01-16,Completed,Debit Card,9.99
4880,1676,2023-06-04,Completed,Credit Card,14.99
4881,2159,2022-08-21,Completed,Debit Card,0.0
4882,3340,2021-10-02,Completed,Credit Card,5.99
4883,625,2022-03-29,Completed,Credit Card,0.0
4884,565,2021-03-04,Pending,Credit Card,5.99
4885,4319,2023-02-10,Completed,PayPal,9.99
4886,4906,2022-06-11,Completed,Credit Card,5.99
4887,4082,2023-02-21,Cancelled,Credit Card,5.99
4888,4306,2021-08-18,Completed,Credit Card,0.0
4889,4064,2022-07-31,Completed,Cash,0.0
4890,1548,2022-02-12,Completed,Debit Card,0.0
4891,3677,2023-11-03,Completed,Debit Card,9.99
4892,1180,2022-02-18,Completed,Debit Card,0.0
4893,4271,2023-11-03,Completed,Credit Card,5.99
4894,1471,2021-05-10,Completed,Debit Card,9.99
4895,3133,2023-04-26,Completed,Credit Card,5.99
4896,2862,2023-10-16,Completed,Credit Card,9.99
4897,4942,2022-09-08,Completed,Debit Card,5.99
4898,1545,2021-10-03,Completed,Debit Card,5.99
4899,1791,2024-01-12,Completed,Credit Card,5.99
4900,4159,2022-10-03,Completed,Credit Card,14.99
4901,337,2022-09-29,Completed,PayPal,14.99
4902,2350,2021-04-15,Completed,Debit Card,5.99
4903,839,2022-12-30,Completed,Credit Card,0.0
4904,541,2023-12-27,Completed,Credit Card,5.99
4905,3941,2022-08-06,Pending,PayPal,5.99
4906,697,2023-08-30,Completed,PayPal,9.99
4907,3151,2022-06-16,Completed,Cash,5.99
4908,396,2022-05-20,Completed,Credit Card,5.99
4909,2009,2022-08-23,Completed,Credit Card,5.99
4910,1658,2023-09-28,Completed,Credit Card,0.0
4911,1896,2022-11-20,Completed,Debit Card,9.99
4912,501,2021-10-01,Pending,Credit Card,0.0
4913,4134,2023-11-07,Completed,Credit Card,5.99
4914,3062,2023-09-19,Completed,Credit Card,0.0
4915,2392,2021-11-28,Completed,Debit Card,0.0
4916,2305,2022-09-18,Pending,Credit Card,0.0
4917,712,2022-11-15,Completed,Debit Card,14.99
4918,4335,2023-07-28,Completed,PayPal,5.99
4919,2469,2024-01-18,Completed,Debit Card,5.99
4920,2047,2022-01-01,Completed,Credit Card,9.99
4921,3438,2022-01-19,Completed,Cash,5.99
4922,3522,2022-08-13,Cancelled,Credit Card,5.99
4923,445,2022-11-28,Completed,Credit Card,5.99
4924,1481,2022-12-08,Completed,Cash,0.0
4925,131,2022-08-28,Completed,Credit Card,0.0
4926,4956,2021-02-24,Completed,Debit Card,0.0
4927,1632,2022-07-27,Completed,Credit Card,5.99
4928,715,2021-11-07,Returned,Debit Card,0.0
4929,1823,2021-09-08,Completed,Debit Card,5.99
4930,3861,2021-02-13,Cancelled,Credit Card,5.99
4931,4533,2021-01-20,Completed,Debit Card,0.0
4932,4427,2021-08-19,Completed,PayPal,14.99
4933,396,2022-09-07,Completed,Credit Card,14.99
4934,1298,2023-03-30,Completed,Credit Card,0.0
4935,548,2021-08-31,Completed,Credit Card,9.99
4936,258,2021-08-13,Completed,PayPal,5.99
4937,4755,2023-08-28,Completed,Debit Card,9.99
4938,1969,2023-07-02,Completed,PayPal,0.0
4939,3404,2023-12-15,Cancelled,Credit Card,0.0
4940,3978,2022-10-21,Completed,Credit Card,9.99
4941,3385,2022-07-27,Pending,Credit Card,9.99
4942,4086,2023-02-01,Completed,Credit Card,5.99
4943,3750,2022-03-04,Completed,Debit Card,9.99
4944,3800,2021-03-06,Completed,Cash,5.99
4945,3727,2022-12-11,Completed,Credit Card,0.0
4946,1968,2023-06-21,Completed,Cash,5.99
4947,3409,2024-01-25,Completed,Credit Card,0.0
4948,2803,2023-02-18,Completed,Cash,9.99
4949,3737,2023-02-27,Completed,Credit Card,14.99
4950,3093,2021-09-20,Completed,Cash,5.99
4951,2549,2023-06-02,Completed,Credit Card,5.99
4952,2926,2021-12-28,Completed,Cash,9.99
4953,2856,2022-03-17,Completed,Credit Card,0.0
4954,2448,2022-05-01,Completed,Credit Card,5.99
4955,2711,2022-11-25,Completed,Credit Card,5.99
4956,477,2022-05-10,Completed,Credit Card,5.99
4957,1705,2021-01-18,Completed,Debit Card,9.99
4958,2050,2021-03-08,Completed,Cash,0.0
4959,4131,2021-09-19,Completed,Debit Card,5.99
4960,908,2022-12-11,Completed,Debit Card,9.99
4961,2711,2022-12-21,Completed,Credit Card,0.0
4962,2049,2022-02-05,Completed,Debit Card,5.99
4963,1656,2022-11-17,Completed,Credit Card,0.0
4964,2935,2022-01-11,Completed,PayPal,5.99
4965,910,2023-01-27,Completed,Credit Card,9.99
4966,884,2023-03-31,Completed,Debit Card,0.0
4967,414,2022-02-27,Completed,Credit Card,9.99
4968,1145,2023-07-20,Completed,Credit Card,5.99
4969,3128,2023-09-26,Completed,Credit Card,0.0
4970,1674,2022-03-23,Completed,Credit Card,5.99
4971,4704,2021-08-05,Completed,Credit Card,9.99
4972,2582,2021-12-26,Returned,Credit Card,0.0
4973,3044,2023-01-05,Returned,PayPal,5.99
4974,1683,2021-11-20,Completed,Credit Card,5.99
4975,1926,2022-09-30,Completed,PayPal,5.99
4976,404,2023-01-12,Completed,Credit Card,0.0
4977,4403,2023-12-24,Completed,Credit Card,5.99
4978,1109,2023-09-30,Completed,Debit Card,9.99
4979,1575,2021-03-07,Returned,Debit Card,14.99
4980,2044,2021-09-09,Completed,Credit Card,0.0
4981,1545,2022-03-29,Completed,Debit Card,5.99
4982,674,2021-07-14,Completed,Credit Card,0.0
4983,1686,2021-08-28,Completed,Debit Card,5.99
4984,2992,2021-05-09,Pending,Debit Card,0.0
4985,573,2023-07-01,Cancelled,Credit Card,0.0
4986,2551,2022-12-20,Completed,PayPal,9.99
4987,4261,2021-09-07,Completed,Debit Card,0.0
4988,2580,2023-10-02,Completed,Credit Card,5.99
4989,2756,2022-05-02,Completed,PayPal,14.99
4990,234,2022-02-27,Completed,Cash,14.99
4991,3806,2023-01-18,Completed,Debit Card,0.0
4992,188,2022-02-06,Completed,Credit Card,5.99
4993,1174,2023-04-23,Completed,Cash,5.99
4994,3085,2021-10-18,Completed,Credit Card,5.99
4995,2052,2022-08-26,Completed,Credit Card,14.99
4996,143,2021-12-28,Cancelled,Credit Card,9.99
4997,3541,2021-09-12,Cancelled,Debit Card,9.99
4998,1136,2022-11-21,Pending,Cash,0.0
4999,3462,2021-06-27,Completed,Debit Card,5.99
5000,117,2022-11-27,Completed,Cash,5.99
5001,3159,2023-05-29,Completed,Credit Card,0.0
5002,3605,2022-09-25,Completed,Credit Card,0.0
5003,2306,2022-09-30,Completed,Debit Card,0.0
5004,870,2022-03-28,Completed,Cash,0.0
5005,2621,2023-10-12,Completed,Debit Card,0.0
5006,1011,2024-01-27,Cancelled,Credit Card,0.0
5007,2433,2023-09-02,Completed,Credit Card,0.0
5008,2505,2021-05-24,Completed,Credit Card,5.99
5009,4154,2023-07-27,Completed,Credit Card,5.99
5010,3912,2021-05-21,Completed,Credit Card,5.99
5011,3580,2022-04-19,Cancelled,Cash,14.99
5012,1288,2022-10-25,Completed,Debit Card,5.99
5013,880,2022-03-18,Pending,Debit Card,9.99
5014,3442,2022-12-15,Completed,Credit Card,14.99
5015,2341,2023-11-18,Completed,Credit Card,0.0
5016,4608,2021-06-21,Completed,Debit Card,5.99
5017,2005,2021-04-26,Completed,PayPal,5.99
5018,2089,2022-12-18,Completed,Debit Card,5.99
5019,1113,2022-07-25,Completed,PayPal,0.0
5020,3713,2024-01-08,Completed,PayPal,9.99
5021,4743,2021-12-23,Completed,Credit Card,0.0
5022,3716,2022-11-09,Completed,Credit Card,14.99
5023,2042,2023-06-07,Pending,Debit Card,9.99
5024,447,2021-11-22,Completed,Credit Card,5.99
5025,1428,2023-09-19,Completed,Credit Card,0.0
5026,4778,2022-03-13,Completed,Credit Card,5.99
5027,2310,2023-05-20,Pending,Credit Card,0.0
5028,440,2022-07-29,Cancelled,Cash,0.0
5029,3579,2022-02-12,Completed,Credit Card,9.99
5030,4644,2022-02-18,Completed,Credit Card,5.99
5031,2681,2021-09-13,Completed,Debit Card,5.99
5032,3916,2023-06-01,Returned,Debit Card,9.99
5033,1384,2021-06-18,Cancelled,Debit Card,0.0
5034,2826,2021-11-12,Cancelled,Cash,5.99
5035,1375,2021-01-01,Completed,PayPal,5.99
5036,276,2021-10-17,Completed,Debit Card,5.99
5037,1292,2024-01-31,Cancelled,Credit Card,9.99
5038,1876,2023-05-12,Completed,Credit Card,14.99
5039,2960,2023-12-29,Completed,Debit Card,5.99
5040,4156,2023-09-02,Completed,PayPal,5.99
5041,1690,2022-08-24,Pending,Cash,5.99
5042,3719,2021-11-10,Completed,Debit Card,9.99
5043,3786,2023-08-25,Completed,Debit Card,5.99
5044,915,2023-09-13,Completed,Credit Card,0.0
5045,1318,2022-11-08,Completed,Credit Card,0.0
5046,3066,2021-07-30,Completed,Credit Card,14.99
5047,4475,2022-10-07,Completed,Credit Card,0.0
5048,1481,2022-04-01,Completed,Credit Card,5.99
5049,4400,2023-03-25,Completed,Credit Card,9.99
5050,2167,2023-06-20,Returned,Debit Card,5.99
5051,4348,2021-10-08,Completed,Debit Card,5.99
5052,4583,2021-04-07,Completed,Debit Card,0.0
5053,4937,2023-06-20,Pending,Credit Card,14.99
5054,694,2022-12-26,Completed,Credit Card,0.0
5055,4848,2021-03-15,Completed,Cash,5.99
5056,4829,2023-02-26,Completed,Credit Card,5.99
5057,2459,2023-02-09,Completed,Cash,9.99
5058,4943,2021-08-01,Completed,Credit Card,0.0
5059,2935,2021-09-21,Completed,Debit Card,5.99
5060,677,2024-01-25,Completed,Credit Card,0.0
5061,3147,2022-10-05,Completed,Credit Card,5.99
5062,2735,2023-03-22,Completed,Credit Card,9.99
5063,4771,2023-11-27,Completed,Debit Card,0.0
5064,551,2022-11-07,Completed,Credit Card,9.99
5065,4784,2022-07-18,Completed,Debit Card,9.99
5066,2264,2022-08-20,Completed,Credit Card,14.99
5067,2569,2021-06-11,Completed,Credit Card,5.99
5068,3225,2023-05-11,Completed,Cash,5.99
5069,2402,2022-08-08,Completed,PayPal,5.99
5070,2446,2022-04-30,Cancelled,Debit Card,14.99
5071,3544,2022-02-25,Pending,Credit Card,9.99
5072,2060,2021-07-23,Completed,Credit Card,5.99
5073,2634,2021-06-21,Completed,Cash,14.99
5074,1183,2021-06-28,Completed,Credit Card,9.99
5075,1952,2022-10-18,Returned,PayPal,14.99
5076,4786,2023-02-21,Completed,Credit Card,5.99
5077,49,2024-01-15,Completed,Cash,9.99
5078,248,2022-10-13,Completed,Credit Card,9.99
5079,2113,2022-10-02,Completed,Credit Card,0.0
5080,595,2021-02-28,Returned,Debit Card,14.99
5081,3035,2021-12-15,Completed,Cash,5.99
5082,1392,2023-03-04,Completed,Cash,5.99
5083,2484,2021-09-14,Completed,Debit Card,9.99
5084,1280,2021-07-23,Completed,PayPal,5.99
5085,4312,2023-11-27,Completed,Debit Card,9.99
5086,3078,2021-03-26,Completed,PayPal,5.99
5087,4060,2023-03-17,Completed,PayPal,5.99
5088,4411,2021-01-21,Completed,Credit Card,0.0
5089,2994,2022-05-18,Completed,Debit Card,5.99
5090,2706,2023-04-18,Completed,Debit Card,9.99
5091,2095,2022-05-27,Completed,Debit Card,5.99
5092,4045,2021-12-14,Completed,PayPal,5.99
5093,77,2022-04-18,Completed,Credit Card,0.0
5094,567,2023-01-27,Completed,Credit Card,9.99
5095,4114,2021-09-08,Completed,Credit Card,0.0
5096,4817,2022-10-29,Completed,Credit Card,9.99
5097,3850,2021-12-18,Completed,Credit Card,5.99
5098,3999,2021-10-24,Completed,Cash,0.0
5099,4908,2021-07-02,Completed,Debit Card,9.99
5100,2840,2023-05-26,Completed,PayPal,5.99
5101,370,2022-12-27,Returned,Credit Card,5.99
5102,1024,2023-03-29,Completed,Cash,9.99
5103,2468,2021-07-11,Returned,Debit Card,5.99
5104,3079,2022-02-13,Completed,Credit Card,9.99
5105,3699,2021-05-07,Completed,Debit Card,9.99
5106,357,2023-06-21,Completed,Cash,5.99
5107,1872,2022-05-08,Completed,Credit Card,5.99
5108,3470,2023-11-22,Completed,Debit Card,0.0
5109,4015,2023-06-16,Completed,Cash,14.99
5110,1174,2021-06-10,Completed,Credit Card,14.99
5111,2816,2022-08-19,Completed,Debit Card,5.99
5112,365,2023-11-13,Completed,Credit Card,0.0
5113,1051,2022-08-16,Completed,Credit Card,0.0
5114,4125,2022-10-21,Completed,Debit Card,5.99
5115,229,2022-07-09,Completed,Credit Card,0.0
5116,470,2022-09-23,Completed,,9.99
5117,2537,2022-02-12,Completed,Credit Card,14.99
5118,629,2021-03-02,Completed,Credit Card,14.99
5119,3781,2021-01-09,Completed,Debit Card,0.0
5120,3962,2023-08-09,Completed,Credit Card,14.99
5121,266,2022-08-22,Completed,Credit Card,9.99
5122,4058,2022-11-22,Completed,PayPal,0.0
5123,1977,2023-07-13,Cancelled,Cash,5.99
5124,2211,2023-09-28,Completed,PayPal,9.99
5125,3469,2023-08-19,Completed,Debit Card,14.99
5126,352,2022-08-19,Completed,PayPal,0.0
5127,2034,2021-09-06,Completed,Cash,0.0
5128,868,2022-08-25,Completed,Credit Card,5.99
5129,3389,2023-05-11,Completed,Credit Card,14.99
5130,801,2022-12-11,Completed,Credit Card,14.99
5131,1816,2021-07-25,Returned,Credit Card,0.0
5132,2442,2023-10-24,Completed,Cash,5.99
5133,104,2022-03-07,Completed,Debit Card,14.99
5134,3993,2021-07-18,Completed,Debit Card,9.99
5135,4813,2023-04-03,Completed,Credit Card,14.99
5136,1045,2022-05-16,Completed,Credit Card,9.99
5137,720,2022-02-15,Completed,Credit Card,0.0
5138,3157,2021-12-25,Completed,Cash,9.99
5139,2198,2023-01-22,Completed,Credit Card,0.0
5140,2868,2022-03-31,Completed,PayPal,9.99
5141,3944,2022-05-12,Completed,Credit Card,5.99
5142,2652,2023-06-07,Completed,Debit Card,14.99
5143,1454,2022-02-08,Pending,Debit Card,14.99
5144,3997,2021-03-23,Completed,PayPal,0.0
5145,2829,2022-11-12,Completed,Credit Card,0.0
5146,2365,2023-07-25,Completed,Credit Card,5.99
5147,1468,2022-12-25,Completed,Credit Card,9.99
5148,4120,2023-08-07,Completed,Cash,9.99
5149,1649,2023-11-02,Cancelled,Credit Card,14.99
5150,1029,2023-02-17,Completed,Credit Card,5.99
5151,4601,2023-04-08,Cancelled,Debit Card,0.0
5152,3274,2021-04-25,Completed,Debit Card,0.0
5153,4014,2023-07-18,Completed,PayPal,0.0
5154,4114,2021-04-30,Completed,Cash,5.99
5155,2773,2022-01-18,Completed,Debit Card,14.99
5156,740,2022-11-21,Completed,Cash,5.99
5157,2909,2021-02-17,Completed,Debit Card,9.99
5158,428,2023-07-24,Completed,Credit Card,5.99
5159,3465,2023-02-21,Pending,Cash,5.99
5160,3206,2023-05-26,Completed,Debit Card,5.99
5161,4269,2023-05-24,Completed,Credit Card,5.99
5162,4163,2021-04-02,Completed,Debit Card,14.99
5163,576,2023-03-03,Completed,Credit Card,5.99
5164,2847,2023-01-02,Completed,Credit Card,0.0
5165,2938,2021-02-09,Pending,Debit Card,9.99
5166,3835,2023-11-22,Completed,PayPal,14.99
5167,900,2023-01-10,Completed,Debit Card,5.99
5168,2664,2021-10-31,Completed,Credit Card,0.0
5169,2989,2023-05-24,Completed,Cash,0.0
5170,3407,2021-06-17,Completed,Credit Card,0.0
5171,3412,2021-04-07,Completed,Credit Card,0.0
5172,664,2023-05-12,Completed,Credit Card,14.99
5173,3452,2023-11-17,Completed,Credit Card,0.0
5174,3397,2023-04-20,Completed,Credit Card,5.99
5175,4585,2023-02-02,Completed,Debit Card,5.99
5176,4770,2022-12-10,Completed,PayPal,9.99
5177,2471,2022-03-05,Completed,Cash,0.0
5178,354,2021-10-06,Completed,PayPal,5.99
5179,4634,2023-03-01,Completed,Credit Card,0.0
5180,1963,2022-06-06,Completed,Debit Card,0.0
5181,3446,2023-10-14,Completed,PayPal,5.99
5182,1958,2022-07-10,Completed,Credit Card,5.99
5183,3179,2021-08-08,Completed,PayPal,0.0
5184,2056,2022-06-16,Completed,Credit Card,5.99
5185,3337,2021-05-12,Completed,Credit Card,0.0
5186,116,2022-01-05,Completed,Debit Card,14.99
5187,2799,2022-07-12,Completed,Debit Card,5.99
5188,4659,2021-01-29,Cancelled,Debit Card,9.99
5189,3036,2022-06-17,Completed,Credit Card,0.0
5190,2569,2022-02-05,Completed,Debit Card,9.99
5191,979,2023-06-12,Completed,Cash,5.99
5192,3386,2023-12-02,Completed,Cash,0.0
5193,955,2022-08-04,Completed,Credit Card,9.99
5194,588,2023-11-21,Cancelled,Credit Card,9.99
5195,1795,2022-03-07,Completed,Debit Card,14.99
5196,1697,2022-10-14,Pending,Credit Card,9.99
5197,4809,2023-03-06,Completed,Credit Card,0.0
5198,2738,2021-04-13,Completed,Credit Card,5.99
5199,3403,2021-01-15,Completed,PayPal,5.99
5200,1540,2021-01-11,Completed,PayPal,0.0
5201,1535,2021-05-18,Completed,Credit Card,9.99
5202,1079,2021-11-15,Completed,Credit Card,5.99
5203,2137,2021-01-16,Completed,Debit Card,14.99
5204,3043,2023-11-18,Completed,Credit Card,5.99
5205,612,2023-09-27,Completed,Debit Card,5.99
5206,4185,2021-08-05,Completed,Credit Card,0.0
5207,1218,2023-03-05,Completed,Credit Card,0.0
5208,3058,2022-03-20,Completed,Credit Card,9.99
5209,3236,2023-12-24,Completed,Debit Card,14.99
5210,4973,2021-09-07,Completed,Debit Card,5.99
5211,3311,2022-03-18,Returned,Credit Card,9.99
5212,552,2021-10-25,Completed,Credit Card,5.99
5213,4862,2023-09-04,Completed,Credit Card,14.99
5214,1054,2021-06-16,Completed,Debit Card,0.0
5215,668,2021-07-14,Pending,Credit Card,5.99
5216,1191,2023-11-03,Completed,Credit Card,5.99
5217,3520,2022-03-28,Completed,Debit Card,5.99
5218,4650,2021-08-05,Completed,PayPal,0.0
5219,3695,2023-12-31,Completed,Credit Card,5.99
5220,2556,2023-09-06,Completed,Credit Card,5.99
5221,4572,2021-09-21,Completed,Cash,0.0
5222,3178,2021-07-17,Completed,Cash,9.99
5223,4750,2023-04-27,Returned,Credit Card,9.99
5224,3983,2022-11-12,Completed,PayPal,9.99
5225,4534,2021-01-06,Completed,Debit Card,5.99
5226,2492,2021-07-19,Completed,Cash,0.0
5227,4306,2023-12-11,Completed,Credit Card,5.99
5228,3947,2021-06-01,Completed,PayPal,0.0
5229,4679,2023-08-12,Completed,PayPal,5.99
5230,4158,2023-01-12,Completed,Credit Card,0.0
5231,4969,2023-07-25,Completed,PayPal,5.99
5232,3346,2023-05-13,Completed,Credit Card,0.0
5233,1624,2021-01-17,Cancelled,Credit Card,0.0
5234,699,2021-07-30,Completed,Credit Card,14.99
5235,4683,2023-11-14,Completed,Cash,14.99
5236,3481,2021-03-07,Completed,Debit Card,5.99
5237,1839,2023-12-01,Completed,Debit Card,0.0
5238,479,2023-06-02,Completed,Debit Card,14.99
5239,2847,2023-06-20,Completed,Credit Card,14.99
5240,1328,2022-10-17,Completed,Credit Card,9.99
5241,4053,2021-09-14,Completed,Debit Card,5.99
5242,418,2021-09-16,Completed,Cash,0.0
5243,2129,2023-04-23,Completed,Credit Card,0.0
5244,1679,2021-09-26,Completed,Credit Card,9.99
5245,3185,2022-09-20,Completed,Credit Card,9.99
5246,4676,2021-06-27,Returned,Credit Card,5.99
5247,1501,2022-11-15,Completed,Credit Card,5.99
5248,1479,2021-09-21,Completed,Debit Card,5.99
5249,2848,2023-11-28,Returned,Credit Card,9.99
5250,4616,2022-04-06,Completed,Credit Card,9.99
5251,644,2021-12-11,Completed,PayPal,5.99
5252,3457,2023-11-12,Completed,Cash,0.0
5253,2052,2021-08-08,Completed,Credit Card,0.0
5254,1091,2023-04-07,Completed,Debit Card,9.99
5255,1926,2023-06-13,Pending,Credit Card,9.99
5256,36,2022-11-22,Completed,Cash,0.0
5257,988,2021-06-14,Completed,Debit Card,0.0
5258,1099,2023-09-26,Completed,PayPal,5.99
5259,3955,2023-09-29,Cancelled,Credit Card,5.99
5260,2307,2022-02-16,Completed,Debit Card,5.99
5261,3321,2021-06-09,Completed,Debit Card,5.99
5262,4804,2022-02-27,Completed,Credit Card,9.99
5263,82,2021-06-20,Completed,Credit Card,9.99
5264,907,2023-08-02,Pending,Debit Card,0.0
5265,3997,2022-08-17,Completed,Debit Card,5.99
5266,3199,2022-05-19,Completed,Credit Card,0.0
5267,1670,2021-08-25,Completed,Debit Card,9.99
5268,885,2022-05-06,Completed,Credit Card,9.99
5269,4964,2022-10-30,Completed,Credit Card,0.0
5270,742,2021-10-09,Completed,Debit Card,0.0
5271,4675,2023-09-29,Completed,Credit Card,0.0
5272,4116,2023-05-24,Completed,Credit Card,5.99
5273,3484,2022-01-09,Returned,Credit Card,0.0
5274,1997,2022-12-07,Completed,Debit Card,5.99
5275,3824,2022-12-03,Pending,Credit Card,5.99
5276,140,2022-05-21,Completed,Cash,5.99
5277,4294,2023-10-05,Completed,Credit Card,9.99
5278,2973,2023-05-17,Completed,Debit Card,5.99
5279,2834,2023-01-28,Completed,Credit Card,14.99
5280,1854,2021-05-09,Completed,Debit Card,0.0
5281,3182,2021-07-10,Completed,Debit Card,0.0
5282,37,2023-11-29,Completed,Credit Card,5.99
5283,3442,2021-09-19,Pending,Credit Card,5.99
5284,1229,2022-10-19,Completed,Credit Card,0.0
5285,1424,2023-06-15,Completed,Credit Card,5.99
5286,1579,2023-05-19,Completed,Credit Card,5.99
5287,99,2022-11-23,Completed,Debit Card,9.99
5288,3386,2021-08-14,Completed,PayPal,5.99
5289,1545,2023-02-25,Completed,Credit Card,5.99
5290,2854,2022-03-16,Completed,Credit Card,14.99
5291,3418,2021-08-13,Completed,Credit Card,9.99
5292,3854,2023-07-23,Completed,Credit Card,5.99
5293,1689,2021-12-14,Completed,PayPal,5.99
5294,2891,2023-08-19,Completed,Debit Card,5.99
5295,4017,2021-07-15,Completed,Credit Card,0.0
5296,3726,2022-11-07,Returned,Credit Card,0.0
5297,3062,2022-05-31,Cancelled,PayPal,5.99
5298,3208,2024-01-01,Completed,Credit Card,9.99
5299,2371,2022-02-02,Completed,Credit Card,0.0
5300,1362,2023-04-27,Completed,Debit Card,0.0
5301,4981,2021-12-19,Pending,Debit Card,0.0
5302,4267,2024-01-01,Completed,Credit Card,5.99
5303,2535,2021-07-10,Completed,PayPal,5.99
5304,532,2022-02-04,Returned,Credit Card,5.99
5305,16,2022-08-12,Completed,Debit Card,5.99
5306,2441,2021-09-06,Completed,Credit Card,14.99
5307,69,2022-04-25,Pending,Debit Card,5.99
5308,290,2022-11-15,Completed,PayPal,5.99
5309,1779,2021-02-18,Pending,Credit Card,14.99
5310,1306,2022-01-20,Completed,Debit Card,14.99
5311,3841,2022-02-18,Returned,PayPal,5.99
5312,1665,2022-08-04,Completed,Credit Card,14.99
5313,152,2023-04-04,Returned,Debit Card,5.99
5314,1786,2021-01-26,Completed,Cash,5.99
5315,1045,2023-08-28,Completed,Debit Card,5.99
5316,2528,2022-09-30,Completed,Credit Card,5.99
5317,4291,2023-05-02,Completed,Credit Card,5.99
5318,1427,2023-11-01,Completed,Credit Card,5.99
5319,3642,2023-06-23,Completed,Credit Card,9.99
5320,2496,2022-10-30,Completed,Debit Card,5.99
5321,3121,2023-07-03,Completed,Credit Card,0.0
5322,1696,2022-09-10,Completed,Credit Card,0.0
5323,2662,2022-08-29,Returned,Credit Card,14.99
5324,1044,2023-05-27,Completed,Credit Card,9.99
5325,1879,2022-10-08,Completed,Debit Card,5.99
5326,2798,2022-09-16,Completed,Debit Card,9.99
5327,3385,2022-06-03,Completed,Credit Card,9.99
5328,663,2024-01-09,Completed,Credit Card,14.99
5329,950,2021-10-19,Completed,Credit Card,5.99
5330,4562,2021-08-24,Cancelled,Credit Card,5.99
5331,4218,2023-11-22,Completed,Credit Card,0.0
5332,1240,2023-09-28,Completed,Debit Card,14.99
5333,106,2022-03-22,Completed,Credit Card,14.99
5334,1990,2021-12-29,Completed,Cash,9.99
5335,4425,2021-08-05,Completed,Credit Card,5.99
5336,28,2021-09-18,Completed,Credit Card,5.99
5337,3517,2022-11-07,Completed,PayPal,5.99
5338,4774,2022-10-30,Completed,Debit Card,0.0
5339,2700,2023-11-11,Completed,Debit Card,5.99
5340,4142,2024-01-18,Cancelled,Cash,0.0
5341,3384,2023-09-30,Completed,Credit Card,14.99
5342,1137,2023-08-23,Completed,PayPal,5.99
5343,550,2022-07-27,Completed,Credit Card,14.99
5344,4606,2021-03-23,Completed,PayPal,9.99
5345,2744,2022-12-21,Pending,Credit Card,0.0
5346,1638,2021-04-29,Completed,Credit Card,0.0
5347,525,2022-03-23,Completed,Debit Card,14.99
5348,844,2021-05-14,Pending,Credit Card,9.99
5349,770,2022-11-29,Completed,Credit Card,0.0
5350,1341,2021-05-16,Completed,Credit Card,0.0
5351,4117,2022-03-02,Completed,Debit Card,5.99
5352,644,2022-09-28,Completed,PayPal,5.99
5353,3823,2023-02-16,Completed,Debit Card,0.0
5354,3969,2023-02-04,Completed,PayPal,9.99
5355,4939,2021-04-21,Completed,Debit Card,5.99
5356,246,2024-01-23,Completed,Credit Card,5.99
5357,1713,2023-05-02,Completed,Credit Card,14.99
5358,3206,2022-10-24,Completed,Debit Card,5.99
5359,3473,2023-05-07,Completed,Credit Card,9.99
5360,3154,2023-05-29,Completed,Credit Card,0.0
5361,3222,2022-03-25,Cancelled,Credit Card,0.0
5362,1873,2024-01-23,Cancelled,Debit Card,0.0
5363,3214,2023-10-02,Returned,Credit Card,5.99
5364,2489,2022-06-30,Cancelled,PayPal,14.99
5365,3934,2022-08-24,Completed,Debit Card,14.99
5366,1436,2023-09-09,Completed,Debit Card,9.99
5367,4155,2023-10-05,Completed,Cash,5.99
5368,604,2021-06-10,Completed,Credit Card,9.99
5369,2018,2022-04-13,Completed,Debit Card,5.99
5370,1298,2022-09-23,Completed,PayPal,0.0
5371,3393,2021-06-27,Completed,Debit Card,5.99
5372,2674,2021-12-05,Pending,PayPal,5.99
5373,4764,2022-11-27,Completed,Credit Card,0.0
5374,4223,2022-05-04,Completed,Debit Card,0.0
5375,2293,2023-11-29,Returned,Credit Card,0.0
5376,2755,2022-05-25,Completed,Cash,5.99
5377,84,2022-06-24,Completed,PayPal,0.0
5378,1577,2021-06-28,Completed,PayPal,9.99
5379,1648,2021-02-22,Completed,Debit Card,5.99
5380,4026,2023-05-19,Completed,Credit Card,5.99
5381,404,2023-01-25,Completed,Credit Card,9.99
5382,1418,2023-07-29,Completed,PayPal,5.99
5383,4926,2021-10-05,Completed,Credit Card,5.99
5384,2279,2023-07-02,Cancelled,Credit Card,9.99
5385,253,2023-05-14,Cancelled,Debit Card,5.99
5386,1843,2023-02-23,Completed,Credit Card,9.99
5387,4019,2023-01-21,Completed,Debit Card,5.99
5388,2960,2023-05-14,Returned,Credit Card,0.0
5389,1792,2021-11-18,Cancelled,Debit Card,5.99
5390,2827,2021-03-29,Cancelled,PayPal,0.0
5391,1622,2023-05-13,Cancelled,Credit Card,0.0
5392,882,2023-10-19,Completed,Credit Card,0.0
5393,1646,2021-04-11,Completed,Credit Card,0.0
5394,1273,2022-04-29,Completed,Cash,9.99
5395,2056,2022-04-23,Completed,Credit Card,9.99
5396,2810,2022-03-15,Completed,Credit Card,9.99
5397,1034,2023-02-09,Completed,Debit Card,0.0
5398,3672,2023-06-22,Completed,Credit Card,5.99
5399,2704,2023-09-25,Completed,Cash,0.0
5400,3397,2023-07-20,Completed,PayPal,5.99
5401,3700,2022-06-09,Completed,Debit Card,9.99
5402,804,2022-09-30,Completed,Debit Card,0.0
5403,4769,2021-07-14,Completed,Credit Card,14.99
5404,2805,2021-03-10,Completed,Debit Card,9.99
5405,389,2022-05-31,Returned,Debit Card,9.99
5406,2045,2022-02-20,Completed,Credit Card,5.99
5407,447,2023-08-19,Completed,Credit Card,9.99
5408,3025,2021-09-07,Completed,Cash,14.99
5409,3300,2021-08-18,Completed,Credit Card,9.99
5410,4107,2023-12-01,Completed,Debit Card,5.99
5411,3726,2022-01-16,Completed,Credit Card,5.99
5412,4551,2021-04-23,Completed,Credit Card,5.99
5413,505,2021-01-26,Completed,PayPal,14.99
5414,3737,2022-03-23,Completed,Credit Card,14.99
5415,550,2022-07-18,Pending,Debit Card,5.99
5416,1031,2021-03-14,Completed,Credit Card,9.99
5417,3261,2022-05-18,Completed,Credit Card,14.99
5418,2702,2022-11-18,Completed,Cash,0.0
5419,1244,2023-11-13,Completed,Debit Card,5.99
5420,2327,2022-01-11,Completed,Cash,5.99
5421,2393,2023-09-05,Completed,Cash,9.99
5422,4439,2021-08-21,Completed,Cash,5.99
5423,4945,2023-09-22,Completed,PayPal,9.99
5424,592,2022-02-10,Completed,Credit Card,5.99
5425,4101,2021-10-04,Completed,Cash,0.0
5426,2913,2021-04-19,Completed,Credit Card,0.0
5427,1311,2022-03-09,Completed,Credit Card,0.0
5428,4911,2021-06-13,Completed,Credit Card,0.0
5429,4140,2021-01-23,Completed,Credit Card,5.99
5430,1950,2023-06-15,Completed,Debit Card,5.99
5431,4159,2023-03-25,Completed,Credit Card,0.0
5432,4119,2023-03-20,Completed,Credit Card,5.99
5433,1387,2022-07-31,Completed,Credit Card,5.99
5434,33,2023-06-12,Completed,Credit Card,0.0
5435,605,2023-01-07,Pending,PayPal,5.99
5436,2688,2021-07-17,Completed,Credit Card,9.99
5437,990,2023-10-25,Completed,Credit Card,0.0
5438,2266,2022-07-01,Completed,Credit Card,0.0
5439,4810,2023-08-31,Completed,Credit Card,14.99
5440,3825,2023-11-08,Completed,Debit Card,9.99
5441,3619,2023-11-07,Completed,Credit Card,5.99
5442,4069,2023-10-18,Completed,Credit Card,5.99
5443,3389,2023-08-15,Cancelled,Credit Card,9.99
5444,2198,2023-12-14,Returned,Credit Card,9.99
5445,4706,2024-01-30,Completed,Cash,5.99
5446,732,2023-11-15,Completed,Credit Card,5.99
5447,2016,2022-09-16,Completed,PayPal,5.99
5448,3277,2022-12-18,Completed,Debit Card,0.0
5449,696,2023-10-23,Completed,Credit Card,14.99
5450,3345,2023-10-04,Returned,Cash,5.99
5451,2884,2022-12-30,Completed,PayPal,5.99
5452,3609,2023-08-11,Returned,Debit Card,14.99
5453,3391,2023-09-05,Completed,Credit Card,0.0
5454,2838,2021-06-24,Pending,Debit Card,0.0
5455,1128,2021-07-22,Completed,Credit Card,5.99
5456,4163,2022-08-22,Completed,Credit Card,5.99
5457,1365,2021-06-27,Completed,PayPal,9.99
5458,1097,2023-07-28,Completed,PayPal,0.0
5459,3169,2022-08-25,Completed,Credit Card,5.99
5460,890,2023-05-04,Completed,PayPal,0.0
5461,4649,2021-05-18,Completed,Debit Card,9.99
5462,2686,2021-04-21,Completed,Credit Card,0.0
5463,2203,2023-02-09,Returned,Credit Card,5.99
5464,4617,2021-12-29,Pending,Credit Card,9.99
5465,195,2022-04-07,Completed,PayPal,14.99
5466,1074,2022-12-27,Completed,PayPal,9.99
5467,4610,2021-07-17,Completed,Credit Card,5.99
5468,2498,2021-02-12,Completed,Debit Card,5.99
5469,4604,2024-01-09,Completed,PayPal,5.99
5470,2159,2022-02-23,Completed,PayPal,9.99
5471,4755,2021-09-30,Completed,Credit Card,9.99
5472,2429,2023-10-08,Cancelled,Debit Card,14.99
5473,1555,2023-11-25,Completed,PayPal,9.99
5474,2098,2023-03-26,Completed,Credit Card,0.0
5475,2621,2023-03-15,Completed,Credit Card,9.99
5476,3753,2023-12-02,Completed,PayPal,9.99
5477,3935,2023-05-22,Completed,Credit Card,9.99
5478,3353,2024-01-16,Completed,PayPal,14.99
5479,3237,2023-12-12,Completed,Credit Card,5.99
5480,630,2022-09-10,Completed,Credit Card,5.99
5481,1948,2021-10-27,Completed,Credit Card,0.0
5482,4443,2021-02-06,Completed,Credit Card,5.99
5483,4392,2021-02-12,Completed,Credit Card,5.99
5484,3580,2022-04-14,Completed,Debit Card,14.99
5485,2812,2022-01-19,Completed,Credit Card,14.99
5486,2785,2023-03-01,Completed,Cash,9.99
5487,135,2022-11-09,Completed,Debit Card,0.0
5488,279,2021-05-04,Pending,Credit Card,5.99
5489,4773,2022-04-13,Completed,Credit Card,5.99
5490,741,2021-04-12,Completed,Debit Card,0.0
5491,3011,2022-10-11,Completed,Credit Card,0.0
5492,4869,2021-10-14,Completed,Credit Card,9.99
5493,2840,2022-06-20,Completed,PayPal,0.0
5494,3280,2021-07-12,Completed,Credit Card,0.0
5495,3634,2021-07-17,Completed,,5.99
5496,4224,2022-07-13,Completed,Debit Card,14.99
5497,1537,2021-12-11,Completed,Debit Card,9.99
5498,1161,2021-03-22,Completed,Credit Card,14.99
5499,1707,2023-06-27,Completed,PayPal,9.99
5500,4623,2023-04-14,Completed,Debit Card,5.99
5501,2987,2023-02-05,Completed,Debit Card,14.99
5502,4843,2021-07-14,Completed,Credit Card,5.99
5503,1543,2022-04-02,Completed,Cash,5.99
5504,3143,2022-03-19,Completed,Credit Card,5.99
5505,126,2022-11-22,Completed,Debit Card,9.99
5506,959,2021-12-31,Completed,Credit Card,14.99
5507,4745,2022-08-02,Completed,Debit Card,5.99
5508,2333,2023-02-05,Completed,Credit Card,5.99
5509,713,2023-09-03,Completed,Credit Card,9.99
5510,1264,2023-06-15,Completed,PayPal,0.0
5511,3766,2021-04-19,Completed,Credit Card,9.99
5512,252,2022-05-25,Completed,Credit Card,5.99
5513,3401,2023-05-06,Completed,Debit Card,5.99
5514,3137,2021-05-25,Completed,Debit Card,5.99
5515,869,2021-03-04,Completed,Credit Card,5.99
5516,4604,2024-01-11,Completed,Credit Card,9.99
5517,2681,2022-07-08,Completed,Cash,14.99
5518,1883,2021-12-04,Completed,Debit Card,5.99
5519,3357,2023-09-06,Completed,Credit Card,9.99
5520,282,2021-04-21,Completed,PayPal,9.99
5521,4351,2022-09-09,Completed,Debit Card,5.99
5522,4037,2022-10-12,Completed,Credit Card,5.99
5523,4382,2022-02-26,Cancelled,Credit Card,5.99
5524,341,2023-12-05,Completed,Credit Card,0.0
5525,3591,2023-05-19,Completed,PayPal,5.99
5526,1113,2024-01-17,Completed,Credit Card,14.99
5527,6,2023-06-29,Completed,Credit Card,5.99
5528,1146,2023-03-27,Completed,PayPal,5.99
5529,239,2021-05-24,Cancelled,,0.0
5530,1831,2021-10-21,Completed,Debit Card,0.0
5531,1759,2023-07-08,Completed,Credit Card,5.99
5532,4511,2023-04-23,Completed,Debit Card,0.0
5533,4499,2023-10-03,Returned,Credit Card,0.0
5534,821,2023-02-11,Completed,Credit Card,5.99
5535,547,2021-11-08,Completed,Debit Card,5.99
5536,1294,2021-08-21,Completed,Debit Card,0.0
5537,94,2022-02-06,Completed,Debit Card,0.0
5538,4734,2022-11-18,Completed,Debit Card,0.0
5539,3498,2022-09-07,Completed,Debit Card,0.0
5540,3245,2022-10-20,Completed,Debit Card,0.0
5541,3906,2023-04-08,Completed,Debit Card,5.99
5542,3512,2021-05-20,Completed,Debit Card,5.99
5543,1801,2022-07-29,Completed,Debit Card,5.99
5544,3629,2022-04-10,Completed,Debit Card,9.99
5545,1343,2021-09-04,Pending,Credit Card,5.99
5546,143,2022-12-07,Completed,Credit Card,0.0
5547,1634,2022-02-09,Returned,Credit Card,0.0
5548,3636,2023-11-15,Cancelled,Cash,14.99
5549,1832,2022-01-27,Completed,PayPal,14.99
5550,2419,2022-09-15,Completed,Debit Card,0.0
5551,2050,2023-01-13,Completed,Credit Card,0.0
5552,4123,2022-05-17,Completed,Credit Card,5.99
5553,1834,2021-05-16,Completed,PayPal,5.99
5554,3075,2022-01-01,Completed,PayPal,5.99
5555,2963,2021-04-14,Completed,Credit Card,5.99
5556,3445,2021-03-07,Completed,PayPal,0.0
5557,3957,2023-12-01,Completed,Credit Card,0.0
5558,8,2022-11-11,Cancelled,Credit Card,5.99
5559,3769,2021-03-29,Completed,Debit Card,14.99
5560,825,2022-10-01,Returned,Debit Card,0.0
5561,4746,2021-04-08,Completed,PayPal,9.99
5562,21,2021-03-02,Returned,Credit Card,5.99
5563,2847,2021-12-26,Completed,Credit Card,0.0
5564,3323,2022-07-27,Completed,Credit Card,9.99
5565,2671,2021-08-01,Completed,Credit Card,5.99
5566,4018,2023-07-13,Completed,Debit Card,5.99
5567,2352,2021-03-07,Cancelled,Credit Card,5.99
5568,1588,2022-03-17,Completed,Credit Card,0.0
5569,4825,2023-04-09,Pending,Credit Card,5.99
5570,3343,2022-05-31,Completed,Debit Card,5.99
5571,4007,2022-01-11,Completed,Debit Card,0.0
5572,3919,2022-05-14,Completed,Debit Card,5.99
5573,279,2023-10-03,Completed,Credit Card,0.0
5574,2603,2022-05-24,Completed,Credit Card,0.0
5575,2136,2022-03-22,Pending,Credit Card,9.99
5576,3204,2021-06-08,Pending,Credit Card,0.0
5577,3692,2022-02-23,Returned,Credit Card,5.99
5578,1649,2022-09-05,Pending,Credit Card,14.99
5579,4924,2021-11-02,Completed,Debit Card,0.0
5580,1999,2022-09-30,Completed,Cash,5.99
5581,622,2021-05-09,Completed,Credit Card,5.99
5582,3216,2022-08-22,Returned,PayPal,5.99
5583,2059,2023-06-20,Completed,Credit Card,5.99
5584,4891,2021-09-11,Completed,Debit Card,5.99
5585,47,2023-11-16,Completed,Debit Card,0.0
5586,4837,2023-09-15,Completed,Cash,0.0
5587,2800,2023-03-17,Completed,Credit Card,9.99
5588,2217,2021-11-29,Cancelled,Credit Card,0.0
5589,3488,2021-06-03,Completed,Credit Card,9.99
5590,4504,2023-09-11,Completed,Credit Card,9.99
5591,4364,2023-08-19,Completed,Cash,0.0
5592,4057,2022-08-26,Completed,PayPal,0.0
5593,1975,2021-10-16,Completed,Debit Card,0.0
5594,411,2021-12-30,Completed,Debit Card,5.99
5595,2899,2021-07-21,Cancelled,PayPal,9.99
5596,4240,2021-03-13,Completed,Credit Card,0.0
5597,4118,2021-08-01,Completed,Credit Card,0.0
5598,3513,2023-10-11,Completed,,5.99
5599,4373,2021-10-06,Completed,Credit Card,0.0
5600,1021,2023-10-13,Completed,Credit Card,5.99
5601,477,2022-07-02,Completed,Credit Card,5.99
5602,1318,2024-01-15,Completed,Debit Card,5.99
5603,2708,2021-10-01,Completed,Debit Card,5.99
5604,1740,2021-06-15,Pending,Credit Card,5.99
5605,775,2022-11-29,Completed,Debit Card,5.99
5606,1120,2021-06-27,Completed,PayPal,0.0
5607,4832,2023-09-11,Completed,Cash,5.99
5608,1443,2022-11-22,Cancelled,Debit Card,5.99
5609,3461,2021-02-10,Completed,PayPal,0.0
5610,3438,2023-10-02,Cancelled,PayPal,0.0
5611,1047,2023-05-14,Completed,Credit Card,0.0
5612,2591,2022-04-29,Completed,Credit Card,0.0
5613,2230,2021-06-14,Completed,Credit Card,5.99
5614,4058,2022-04-06,Completed,Credit Card,0.0
5615,4165,2021-10-22,Completed,Credit Card,5.99
5616,399,2022-07-15,Completed,Credit Card,5.99
5617,268,2021-05-04,Pending,Credit Card,5.99
5618,4617,2022-07-17,Cancelled,Credit Card,9.99
5619,2686,2023-03-09,Completed,Credit Card,5.99
5620,4225,2021-06-14,Completed,Debit Card,0.0
5621,424,2023-05-10,Completed,PayPal,0.0
5622,2506,2022-10-16,Completed,Debit Card,0.0
5623,116,2021-07-08,Completed,Credit Card,5.99
5624,743,2023-03-23,Pending,Credit Card,0.0
5625,2408,2023-03-15,Returned,Credit Card,5.99
5626,3163,2021-12-18,Completed,Credit Card,9.99
5627,1001,2023-09-13,Completed,PayPal,0.0
5628,2585,2021-07-08,Completed,Credit Card,14.99
5629,4984,2022-07-20,Completed,PayPal,9.99
5630,3825,2022-12-20,Completed,Debit Card,9.99
5631,107,2023-09-19,Completed,Credit Card,9.99
5632,335,2021-04-16,Completed,Debit Card,0.0
5633,210,2023-05-19,Completed,Credit Card,0.0
5634,577,2022-10-11,Completed,Credit Card,0.0
5635,4751,2023-12-25,Completed,Debit Card,0.0
5636,456,2023-06-07,Returned,Cash,5.99
5637,287,2023-11-06,Completed,PayPal,9.99
5638,3693,2023-06-12,Completed,Cash,0.0
5639,1718,2021-11-30,Completed,Credit Card,0.0
5640,4253,2022-03-15,Completed,Credit Card,5.99
5641,4149,2023-06-24,Completed,Credit Card,0.0
5642,2624,2023-11-14,Cancelled,Credit Card,5.99
5643,2111,2023-02-01,Completed,Credit Card,0.0
5644,3216,2023-07-08,Pending,Debit Card,9.99
5645,3613,2023-08-06,Completed,Debit Card,5.99
5646,1899,2021-07-17,Completed,Cash,5.99
5647,2532,2023-08-07,Cancelled,Cash,0.0
5648,4065,2021-09-09,Completed,Credit Card,14.99
5649,2319,2021-12-31,Returned,PayPal,5.99
5650,1999,2021-05-15,Completed,Credit Card,9.99
5651,3293,2022-02-04,Pending,Credit Card,14.99
5652,4690,2021-06-26,Completed,PayPal,5.99
5653,1901,2023-10-06,Completed,Credit Card,5.99
5654,4701,2023-02-17,Completed,PayPal,0.0
5655,266,2023-09-07,Completed,Debit Card,5.99
5656,4543,2021-01-03,Pending,PayPal,9.99
5657,4952,2023-09-30,Completed,Cash,0.0
5658,2264,2021-01-24,Completed,Debit Card,14.99
5659,858,2021-01-03,Completed,Credit Card,5.99
5660,1726,2021-09-18,Completed,Credit Card,5.99
5661,880,2021-12-17,Completed,Credit Card,5.99
5662,4706,2023-06-18,Completed,Credit Card,0.0
5663,4352,2023-05-19,Cancelled,,0.0
5664,2605,2021-11-26,Completed,Credit Card,0.0
5665,4713,2022-07-21,Completed,Cash,5.99
5666,3097,2022-09-19,Completed,Debit Card,14.99
5667,4079,2022-11-21,Completed,Credit Card,5.99
5668,555,2022-01-10,Completed,Credit Card,5.99
5669,4290,2023-06-26,Completed,Credit Card,0.0
5670,1795,2023-11-02,Completed,Credit Card,9.99
5671,1176,2022-08-18,Pending,Debit Card,5.99
5672,895,2022-02-06,Completed,Credit Card,5.99
5673,1648,2021-01-01,Completed,Debit Card,14.99
5674,109,2021-01-22,Completed,Credit Card,9.99
5675,2869,2022-03-26,Completed,PayPal,5.99
5676,2407,2024-01-22,Completed,PayPal,14.99
5677,1031,2023-10-15,Cancelled,Credit Card,5.99
5678,4437,2023-10-23,Completed,Credit Card,9.99
5679,2074,2021-03-23,Completed,Debit Card,5.99
5680,1435,2023-05-11,Completed,Cash,0.0
5681,2937,2022-08-11,Completed,Credit Card,14.99
5682,556,2023-05-18,Returned,Credit Card,0.0
5683,849,2022-11-29,Completed,Credit Card,0.0
5684,710,2022-09-22,Completed,Credit Card,0.0
5685,4776,2021-06-29,Completed,Credit Card,5.99
5686,343,2024-01-12,Completed,Credit Card,0.0
5687,1609,2023-04-30,Completed,Debit Card,5.99
5688,2895,2024-01-17,Completed,Credit Card,14.99
5689,4925,2022-09-15,Completed,Credit Card,0.0
5690,2460,2023-11-13,Completed,Credit Card,9.99
5691,118,2023-09-24,Completed,PayPal,0.0
5692,4734,2022-07-11,Completed,Credit Card,0.0
5693,2407,2022-02-01,Returned,Cash,5.99
5694,1361,2022-01-01,Completed,Debit Card,9.99
5695,4731,2021-01-16,Cancelled,Credit Card,0.0
5696,2316,2022-03-06,Completed,Credit Card,5.99
5697,517,2021-10-17,Returned,Debit Card,0.0
5698,1487,2021-12-08,Completed,Debit Card,14.99
5699,2569,2023-02-14,Completed,Debit Card,0.0
5700,4627,2023-04-05,Completed,PayPal,5.99
5701,3674,2023-10-24,Completed,Debit Card,9.99
5702,4831,2023-08-23,Completed,Credit Card,5.99
5703,298,2021-02-22,Completed,PayPal,14.99
5704,1870,2022-02-28,Returned,Debit Card,14.99
5705,1143,2023-08-22,Completed,Credit Card,5.99
5706,2023,2023-01-22,Completed,Debit Card,5.99
5707,4570,2023-02-02,Completed,Debit Card,0.0
5708,4443,2023-10-03,Completed,Credit Card,14.99
5709,3668,2023-12-25,Completed,Credit Card,0.0
5710,3431,2023-01-24,Completed,,9.99
5711,3836,2022-08-11,Completed,Credit Card,5.99
5712,3189,2022-11-03,Completed,Credit Card,5.99
5713,3525,2023-09-19,Pending,Credit Card,0.0
5714,298,2023-03-03,Completed,Credit Card,5.99
5715,3173,2022-10-27,Returned,Credit Card,0.0
5716,1355,2022-03-16,Completed,PayPal,0.0
5717,4290,2021-01-09,Completed,Credit Card,0.0
5718,4729,2021-10-21,Completed,Credit Card,0.0
5719,2623,2022-06-18,Completed,Credit Card,5.99
5720,582,2023-05-08,Completed,PayPal,5.99
5721,1655,2022-08-13,Completed,Credit Card,0.0
5722,2538,2022-02-25,Completed,Credit Card,5.99
5723,137,2021-02-06,Completed,Credit Card,9.99
5724,1741,2023-11-01,Cancelled,Cash,5.99
5725,4622,2021-08-17,Completed,Debit Card,14.99
5726,3854,2022-04-01,Completed,Credit Card,0.0
5727,4507,2021-09-22,Completed,Credit Card,9.99
5728,1785,2021-11-04,Completed,Credit Card,5.99
5729,4373,2021-12-21,Completed,Credit Card,5.99
5730,3778,2022-12-10,Completed,PayPal,5.99
5731,2350,2023-08-02,Completed,Credit Card,5.99
5732,2378,2023-01-30,Cancelled,,5.99
5733,1593,2021-02-09,Completed,Credit Card,5.99
5734,175,2022-06-14,Completed,Debit Card,0.0
5735,4326,2021-06-05,Completed,Credit Card,5.99
5736,819,2021-10-10,Completed,,9.99
5737,4183,2021-12-02,Completed,Debit Card,5.99
5738,1611,2023-05-14,Completed,Credit Card,0.0
5739,3338,2023-03-17,Completed,Debit Card,0.0
5740,1957,2022-09-19,Completed,PayPal,0.0
5741,1320,2022-05-04,Completed,Credit Card,0.0
5742,4657,2023-02-04,Completed,PayPal,0.0
5743,1676,2021-01-07,Completed,Credit Card,0.0
5744,3668,2022-07-30,Completed,Credit Card,0.0
5745,70,2022-10-08,Completed,Debit Card,5.99
5746,1478,2023-01-28,Completed,Debit Card,14.99
5747,3153,2023-06-28,Cancelled,Credit Card,14.99
5748,3129,2022-04-21,Cancelled,PayPal,0.0
5749,1986,2021-07-20,Completed,Cash,0.0
5750,4177,2022-08-10,Completed,Credit Card,5.99
5751,1367,2021-11-05,Completed,PayPal,0.0
5752,37,2023-05-19,Completed,Debit Card,5.99
5753,3866,2023-05-15,Completed,,5.99
5754,1003,2021-12-30,Completed,Credit Card,5.99
5755,2853,2021-10-25,Completed,PayPal,9.99
5756,2531,2022-06-03,Completed,Credit Card,9.99
5757,4582,2023-10-04,Completed,PayPal,14.99
5758,655,2023-06-17,Completed,Debit Card,0.0
5759,4514,2023-05-28,Completed,Credit Card,9.99
5760,2669,2021-01-05,Completed,Credit Card,5.99
5761,961,2022-02-17,Completed,PayPal,5.99
5762,1823,2021-11-08,Completed,Debit Card,9.99
5763,1829,2023-10-26,Completed,Credit Card,14.99
5764,864,2021-05-02,Completed,Credit Card,9.99
5765,637,2023-09-13,Completed,PayPal,5.99
5766,3850,2021-05-24,Completed,Credit Card,5.99
5767,4173,2021-05-05,Completed,Credit Card,5.99
5768,3400,2021-04-11,Completed,Cash,9.99
5769,463,2021-10-23,Completed,Credit Card,5.99
5770,2795,2022-06-07,Completed,Credit Card,5.99
5771,3586,2022-10-10,Completed,Credit Card,5.99
5772,3679,2023-12-13,Completed,PayPal,0.0
5773,3326,2023-12-18,Completed,Credit Card,14.99
5774,3706,2023-05-28,Completed,Debit Card,0.0
5775,4042,2022-07-13,Completed,PayPal,5.99
5776,586,2021-08-20,Completed,Credit Card,9.99
5777,4858,2023-07-31,Completed,PayPal,5.99
5778,1119,2022-05-06,Completed,Credit Card,9.99
5779,4577,2023-03-08,Completed,Debit Card,9.99
5780,4528,2023-09-07,Completed,Credit Card,0.0
5781,4971,2022-05-16,Returned,Debit Card,5.99
5782,1105,2022-04-04,Completed,Credit Card,5.99
5783,274,2022-02-20,Pending,Credit Card,5.99
5784,1866,2022-05-19,Completed,Cash,5.99
5785,484,2023-11-02,Completed,Credit Card,5.99
5786,1279,2022-02-05,Completed,PayPal,0.0
5787,4348,2022-02-06,Completed,Credit Card,5.99
5788,3637,2023-12-16,Completed,Credit Card,0.0
5789,2619,2023-07-03,Completed,PayPal,0.0
5790,3587,2023-05-30,Completed,Credit Card,5.99
5791,2211,2023-11-16,Completed,PayPal,5.99
5792,275,2022-03-07,Completed,Credit Card,0.0
5793,2929,2023-03-28,Completed,Credit Card,9.99
5794,4125,2023-12-06,Completed,Debit Card,5.99
5795,1522,2023-12-21,Completed,Credit Card,14.99
5796,1952,2021-11-03,Completed,Credit Card,5.99
5797,106,2022-12-09,Completed,Debit Card,0.0
5798,1714,2023-11-17,Completed,Credit Card,9.99
5799,3422,2021-09-09,Completed,,5.99
5800,107,2023-07-06,Completed,PayPal,5.99
5801,3098,2022-03-07,Completed,PayPal,5.99
5802,3588,2023-06-08,Completed,Credit Card,0.0
5803,4005,2024-01-08,Completed,Debit Card,5.99
5804,4341,2021-07-29,Pending,Debit Card,0.0
5805,3950,2023-02-15,Returned,Debit Card,5.99
5806,908,2022-12-15,Completed,Credit Card,9.99
5807,4872,2022-01-05,Completed,Cash,9.99
5808,1391,2021-10-18,Completed,Credit Card,0.0
5809,2182,2022-05-26,Completed,Debit Card,9.99
5810,4892,2022-11-13,Completed,PayPal,5.99
5811,3868,2021-03-18,Completed,Debit Card,0.0
5812,1434,2023-10-03,Completed,PayPal,9.99
5813,3097,2022-04-28,Completed,Credit Card,5.99
5814,2652,2023-09-10,Completed,Credit Card,0.0
5815,2799,2024-01-18,Completed,PayPal,0.0
5816,3813,2023-10-02,Completed,Credit Card,5.99
5817,526,2022-04-22,Cancelled,Debit Card,0.0
5818,1552,2023-01-08,Completed,Credit Card,9.99
5819,3317,2021-09-30,Completed,PayPal,5.99
5820,2309,2021-08-22,Completed,Debit Card,5.99
5821,4721,2023-12-07,Completed,Credit Card,0.0
5822,3394,2021-02-21,Completed,Credit Card,9.99
5823,3905,2023-02-11,Returned,Debit Card,5.99
5824,2120,2023-11-24,Completed,Credit Card,5.99
5825,2978,2022-06-08,Completed,Debit Card,9.99
5826,777,2023-04-08,Completed,Debit Card,0.0
5827,2533,2021-03-04,Completed,Credit Card,5.99
5828,2592,2022-02-08,Pending,PayPal,5.99
5829,1875,2022-03-04,Cancelled,Credit Card,5.99
5830,3708,2022-08-16,Completed,Credit Card,0.0
5831,2920,2021-12-28,Completed,Credit Card,0.0
5832,1456,2022-12-20,Completed,Debit Card,5.99
5833,2912,2021-04-28,Completed,Cash,14.99
5834,3633,2024-01-14,Completed,Credit Card,5.99
5835,2462,2023-03-20,Completed,Credit Card,0.0
5836,2435,2023-08-08,Returned,Credit Card,9.99
5837,4246,2021-11-12,Completed,PayPal,5.99
5838,4357,2021-11-12,Cancelled,Credit Card,5.99
5839,1198,2023-04-17,Completed,Debit Card,5.99
5840,2648,2023-06-08,Completed,Credit Card,5.99
5841,1143,2022-01-15,Cancelled,PayPal,5.99
5842,3435,2023-12-31,Completed,Debit Card,0.0
5843,4945,2021-06-30,Cancelled,Cash,9.99
5844,4698,2021-04-26,Completed,Credit Card,0.0
5845,398,2023-07-10,Completed,Debit Card,0.0
5846,922,2023-04-08,Cancelled,PayPal,0.0
5847,4265,2023-06-21,Completed,Debit Card,9.99
5848,2993,2023-07-25,Cancelled,Credit Card,5.99
5849,854,2023-06-29,Pending,Cash,9.99
5850,844,2024-01-08,Completed,Credit Card,5.99
5851,920,2023-04-27,Completed,Credit Card,0.0
5852,2578,2023-06-27,Completed,Credit Card,5.99
5853,3546,2022-04-14,Completed,Debit Card,5.99
5854,3903,2023-09-15,Completed,PayPal,5.99
5855,2046,2021-06-04,Completed,Credit Card,0.0
5856,1903,2023-12-28,Completed,Credit Card,9.99
5857,4452,2021-05-19,Completed,Debit Card,9.99
5858,2821,2021-04-03,Completed,Credit Card,5.99
5859,611,2023-01-05,Completed,Cash,9.99
5860,2620,2023-06-16,Completed,PayPal,5.99
5861,3768,2022-06-27,Pending,Credit Card,0.0
5862,3505,2023-06-01,Completed,Credit Card,5.99
5863,2350,2023-10-24,Completed,Cash,0.0
5864,3445,2022-04-12,Completed,Credit Card,0.0
5865,4051,2022-03-21,Completed,Credit Card,0.0
5866,304,2021-03-09,Returned,Credit Card,14.99
5867,3017,2023-01-11,Completed,Credit Card,5.99
5868,494,2022-03-18,Completed,PayPal,9.99
5869,3390,2023-09-23,Completed,Debit Card,0.0
5870,4359,2022-07-29,Completed,Cash,0.0
5871,76,2021-03-29,Completed,Credit Card,9.99
5872,4985,2023-05-20,Completed,Credit Card,5.99
5873,4462,2021-11-20,Completed,Cash,9.99
5874,1658,2022-06-09,Completed,PayPal,0.0
5875,4129,2021-10-15,Pending,Debit Card,14.99
5876,1717,2023-03-06,Completed,Credit Card,5.99
5877,555,2021-08-29,Completed,PayPal,0.0
5878,4776,2021-04-24,Completed,Credit Card,5.99
5879,1830,2022-04-28,Completed,Debit Card,9.99
5880,2124,2022-05-10,Pending,Debit Card,0.0
5881,3555,2021-11-07,Completed,Debit Card,14.99
5882,2652,2022-07-27,Completed,Debit Card,5.99
5883,496,2023-08-26,Completed,Debit Card,5.99
5884,1454,2023-10-18,Completed,Credit Card,0.0
5885,3973,2022-01-20,Completed,Credit Card,5.99
5886,2622,2023-03-09,Completed,Debit Card,0.0
5887,4171,2022-12-19,Completed,Credit Card,5.99
5888,3509,2021-08-11,Completed,Credit Card,9.99
5889,423,2023-12-18,Completed,Credit Card,5.99
5890,2037,2024-01-04,Completed,Credit Card,5.99
5891,2452,2022-07-15,Cancelled,Cash,0.0
5892,2819,2021-08-16,Completed,Credit Card,14.99
5893,3087,2024-01-04,Completed,Debit Card,0.0
5894,1661,2023-04-18,Completed,Debit Card,0.0
5895,1975,2023-03-17,Completed,Credit Card,5.99
5896,1693,2021-06-16,Completed,Cash,9.99
5897,4428,2022-03-10,Completed,Credit Card,14.99
5898,4736,2021-10-17,Completed,PayPal,14.99
5899,1235,2022-09-09,Completed,Credit Card,14.99
5900,2001,2021-02-13,Completed,Credit Card,5.99
5901,2463,2023-03-31,Completed,Credit Card,0.0
5902,2946,2022-05-03,Completed,Credit Card,5.99
5903,1134,2023-01-17,Completed,PayPal,0.0
5904,2285,2023-08-26,Completed,Credit Card,0.0
5905,2630,2022-01-09,Completed,Debit Card,0.0
5906,3704,2022-06-26,Completed,Credit Card,0.0
5907,440,2023-08-15,Completed,PayPal,5.99
5908,2778,2023-04-06,Completed,PayPal,5.99
5909,632,2022-02-22,Completed,Credit Card,5.99
5910,2596,2022-12-15,Completed,Credit Card,9.99
5911,2763,2023-09-02,Completed,Debit Card,5.99
5912,3855,2021-10-29,Completed,Credit Card,14.99
5913,4346,2023-03-24,Completed,Credit Card,5.99
5914,1094,2023-12-08,Cancelled,Debit Card,0.0
5915,3297,2022-10-24,Cancelled,Cash,0.0
5916,1576,2021-03-12,Completed,PayPal,5.99
5917,4387,2021-01-24,Completed,Debit Card,9.99
5918,4456,2023-08-11,Completed,Debit Card,0.0
5919,62,2021-10-14,Completed,Cash,9.99
5920,1660,2022-09-05,Completed,Debit Card,5.99
5921,1362,2022-04-10,Completed,Credit Card,0.0
5922,2207,2023-11-07,Completed,Cash,5.99
5923,1191,2022-12-28,Completed,Credit Card,5.99
5924,3801,2023-12-11,Completed,Credit Card,0.0
5925,727,2021-01-17,Completed,Debit Card,5.99
5926,3093,2021-02-25,Completed,Credit Card,9.99
5927,902,2023-11-13,Completed,Credit Card,5.99
5928,4304,2023-05-29,Completed,Credit Card,0.0
5929,3193,2023-06-08,Completed,Debit Card,14.99
5930,1317,2021-11-26,Cancelled,Cash,0.0
5931,4189,2022-07-03,Cancelled,Credit Card,0.0
5932,3096,2022-10-04,Completed,Credit Card,5.99
5933,4752,2021-02-03,Completed,Credit Card,9.99
5934,3791,2022-11-01,Completed,Debit Card,5.99
5935,2056,2021-05-13,Completed,Debit Card,5.99
5936,3944,2022-07-02,Completed,Credit Card,14.99
5937,3424,2021-02-28,Pending,Credit Card,9.99
5938,1474,2022-09-28,Completed,Debit Card,0.0
5939,1767,2023-10-28,Completed,Debit Card,9.99
5940,3846,2023-08-15,Completed,Credit Card,9.99
5941,202,2022-04-03,Completed,Credit Card,0.0
5942,1714,2022-12-08,Completed,Credit Card,5.99
5943,4559,2023-09-26,Completed,Cash,9.99
5944,2823,2023-02-07,Completed,PayPal,0.0
5945,2287,2022-07-14,Completed,Debit Card,0.0
5946,3847,2022-04-08,Completed,PayPal,9.99
5947,4590,2022-08-11,Completed,Debit Card,9.99
5948,3637,2022-10-21,Pending,Cash,0.0
5949,1519,2022-04-26,Completed,Credit Card,5.99
5950,3386,2023-02-21,Returned,Credit Card,5.99
5951,4314,2022-08-25,Completed,Debit Card,5.99
5952,787,2023-03-14,Completed,Debit Card,14.99
5953,4676,2021-07-25,Completed,Credit Card,5.99
5954,1551,2021-05-06,Completed,Credit Card,5.99
5955,1007,2023-09-26,Cancelled,Credit Card,14.99
5956,1270,2023-10-20,Cancelled,Credit Card,0.0
5957,1466,2023-06-30,Completed,Credit Card,0.0
5958,4686,2023-07-24,Completed,Debit Card,5.99
5959,2299,2021-10-19,Completed,PayPal,5.99
5960,740,2021-11-03,Cancelled,Debit Card,0.0
5961,1440,2021-11-26,Completed,PayPal,5.99
5962,1827,2021-10-17,Completed,PayPal,5.99
5963,1143,2023-05-30,Completed,Credit Card,9.99
5964,4182,2022-09-22,Completed,Credit Card,0.0
5965,8,2023-02-15,Cancelled,Credit Card,5.99
5966,3210,2021-06-23,Completed,Cash,0.0
5967,1520,2022-10-26,Completed,Credit Card,5.99
5968,2856,2022-05-11,Completed,Debit Card,5.99
5969,1972,2022-05-01,Completed,Credit Card,14.99
5970,4750,2021-03-11,Completed,Cash,0.0
5971,2054,2021-01-22,Completed,Credit Card,5.99
5972,777,2021-10-30,Pending,PayPal,0.0
5973,4111,2023-10-15,Completed,Credit Card,5.99
5974,2954,2021-01-23,Completed,Credit Card,9.99
5975,2250,2021-10-06,Completed,Debit Card,14.99
5976,2800,2023-08-01,Completed,Cash,5.99
5977,3016,2023-01-15,Pending,Debit Card,9.99
5978,2280,2021-05-03,Completed,Cash,0.0
5979,528,2023-09-03,Completed,PayPal,0.0
5980,4417,2023-05-10,Completed,PayPal,9.99
5981,1346,2023-08-22,Completed,Credit Card,0.0
5982,2608,2023-06-14,Completed,Credit Card,0.0
5983,4414,2022-05-14,Cancelled,Credit Card,5.99
5984,4341,2024-01-06,Completed,Cash,5.99
5985,1959,2021-03-21,Completed,Cash,0.0
5986,701,2022-10-16,Completed,Debit Card,9.99
5987,2141,2021-08-10,Completed,Credit Card,5.99
5988,30,2022-06-01,Completed,Credit Card,5.99
5989,420,2023-01-04,Cancelled,Cash,0.0
5990,1903,2022-05-08,Completed,Credit Card,5.99
5991,2844,2023-02-12,Completed,,9.99
5992,3296,2021-01-21,Completed,Credit Card,14.99
5993,1841,2021-08-28,Completed,Credit Card,14.99
5994,230,2023-06-10,Completed,PayPal,5.99
5995,1664,2023-11-23,Cancelled,Credit Card,14.99
5996,1299,2021-05-25,Completed,Credit Card,0.0
5997,4138,2021-11-14,Pending,Cash,0.0
5998,1235,2021-03-18,Completed,Debit Card,9.99
5999,3532,2023-10-17,Completed,PayPal,0.0
6000,3890,2022-12-02,Completed,PayPal,0.0
6001,1563,2021-01-14,Completed,Credit Card,14.99
6002,2674,2021-04-22,Completed,Credit Card,9.99
6003,2481,2021-02-21,Completed,Credit Card,0.0
6004,75,2023-04-05,Completed,Credit Card,9.99
6005,2527,2021-06-15,Completed,Credit Card,9.99
6006,3660,2022-12-14,Pending,PayPal,14.99
6007,4748,2023-01-20,Completed,Credit Card,5.99
6008,4479,2023-12-21,Cancelled,Debit Card,9.99
6009,3116,2022-12-11,Completed,Credit Card,9.99
6010,2952,2022-03-25,Completed,Credit Card,5.99
6011,3630,2021-11-18,Completed,Credit Card,5.99
6012,822,2021-10-22,Completed,PayPal,5.99
6013,3495,2022-06-14,Returned,Credit Card,5.99
6014,4127,2022-06-09,Completed,Debit Card,14.99
6015,4786,2022-10-15,Cancelled,Debit Card,5.99
6016,3578,2022-12-30,Pending,Credit Card,0.0
6017,1141,2023-06-13,Completed,Debit Card,9.99
6018,757,2022-11-25,Pending,Cash,0.0
6019,1595,2022-01-10,Completed,Debit Card,5.99
6020,1211,2022-03-11,Returned,Credit Card,0.0
6021,3004,2022-01-07,Completed,Debit Card,5.99
6022,489,2021-09-18,Completed,Debit Card,14.99
6023,4297,2021-07-16,Pending,Credit Card,9.99
6024,3423,2022-09-14,Completed,Credit Card,0.0
6025,1415,2024-01-03,Completed,Credit Card,14.99
6026,4423,2022-09-26,Completed,Credit Card,5.99
6027,3341,2022-07-27,Completed,Credit Card,5.99
6028,4393,2021-06-21,Completed,Credit Card,5.99
6029,2571,2022-01-24,Completed,Credit Card,14.99
6030,3162,2023-02-05,Completed,PayPal,0.0
6031,2394,2021-06-24,Completed,Debit Card,5.99
6032,1723,2023-07-05,Completed,PayPal,5.99
6033,2442,2023-04-04,Completed,Debit Card,0.0
6034,3591,2022-02-12,Completed,Credit Card,14.99
6035,3168,2022-03-04,Completed,Credit Card,5.99
6036,415,2021-04-17,Pending,PayPal,9.99
6037,4292,2022-05-04,Completed,Credit Card,0.0
6038,4410,2021-06-12,Completed,Credit Card,9.99
6039,1433,2022-10-11,Pending,Credit Card,9.99
6040,1728,2023-06-08,Completed,Credit Card,5.99
6041,167,2022-11-01,Completed,Credit Card,5.99
6042,4724,2021-03-27,Completed,Credit Card,14.99
6043,1393,2023-09-14,Pending,Credit Card,9.99
6044,2962,2021-01-28,Completed,Debit Card,5.99
6045,4460,2022-12-17,Completed,Credit Card,5.99
6046,3600,2023-06-11,Completed,Debit Card,9.99
6047,1451,2023-01-27,Completed,Debit Card,0.0
6048,4266,2021-05-14,Completed,Debit Card,5.99
6049,4899,2021-01-27,Completed,Credit Card,14.99
6050,2372,2023-06-03,Completed,Debit Card,14.99
6051,3237,2022-03-04,Completed,Credit Card,9.99
6052,3825,2023-04-23,Completed,Credit Card,0.0
6053,1749,2021-08-18,Completed,Debit Card,14.99
6054,3219,2021-05-11,Completed,Credit Card,5.99
6055,1715,2021-10-15,Returned,Credit Card,0.0
6056,640,2023-11-29,Completed,Credit Card,5.99
6057,3250,2023-09-20,Completed,Credit Card,9.99
6058,1658,2022-08-20,Pending,Credit Card,0.0
6059,2000,2021-03-26,Completed,Cash,14.99
6060,135,2023-10-27,Completed,Credit Card,14.99
6061,4540,2021-08-20,Completed,Credit Card,0.0
6062,2405,2021-05-11,Completed,Debit Card,14.99
6063,3174,2023-07-18,Cancelled,Debit Card,14.99
6064,344,2022-01-26,Completed,Cash,0.0
6065,845,2021-02-20,Completed,PayPal,0.0
6066,3843,2023-02-09,Completed,PayPal,5.99
6067,1292,2022-04-15,Completed,Cash,5.99
6068,3229,2023-12-23,Completed,Credit Card,9.99
6069,1248,2021-10-25,Completed,Debit Card,5.99
6070,4212,2021-05-22,Completed,PayPal,14.99
6071,117,2022-07-19,Completed,Debit Card,14.99
6072,1931,2022-10-06,Pending,Cash,5.99
6073,1700,2021-09-29,Completed,Credit Card,5.99
6074,3320,2024-01-22,Completed,Credit Card,5.99
6075,2553,2023-06-22,Completed,Cash,5.99
6076,4987,2023-11-30,Completed,Credit Card,5.99
6077,403,2023-03-24,Completed,Debit Card,0.0
6078,4224,2021-10-04,Completed,Credit Card,0.0
6079,2327,2023-11-01,Completed,Debit Card,0.0
6080,4093,2022-04-26,Completed,Cash,14.99
6081,2305,2021-01-16,Returned,Credit Card,0.0
6082,4678,2022-01-19,Completed,Credit Card,0.0
6083,662,2022-08-11,Completed,Credit Card,5.99
6084,740,2021-04-26,Completed,PayPal,0.0
6085,3549,2023-01-09,Completed,Debit Card,0.0
6086,1963,2021-10-23,Completed,Credit Card,5.99
6087,2082,2021-06-03,Pending,Credit Card,5.99
6088,1824,2023-10-27,Completed,PayPal,0.0
6089,284,2023-01-06,Completed,PayPal,5.99
6090,1874,2021-04-07,Completed,Credit Card,5.99
6091,779,2022-10-19,Returned,Credit Card,5.99
6092,501,2023-02-25,Completed,PayPal,9.99
6093,803,2021-04-17,Completed,Debit Card,0.0
6094,3181,2022-01-24,Completed,Cash,5.99
6095,3376,2021-08-07,Completed,Credit Card,9.99
6096,1925,2021-07-16,Completed,Debit Card,14.99
6097,3075,2021-11-03,Completed,Debit Card,9.99
6098,3536,2023-04-17,Completed,Cash,5.99
6099,1466,2021-04-20,Completed,Credit Card,5.99
6100,1178,2022-06-22,Returned,Credit Card,5.99
6101,4294,2024-01-24,Completed,Credit Card,9.99
6102,2246,2022-12-26,Cancelled,PayPal,9.99
6103,2973,2023-12-18,Completed,Credit Card,5.99
6104,2607,2023-05-13,Completed,Credit Card,0.0
6105,2507,2022-10-30,Completed,Debit Card,5.99
6106,593,2022-06-24,Completed,Credit Card,0.0
6107,2377,2021-05-20,Completed,Credit Card,14.99
6108,22,2024-01-28,Completed,Credit Card,0.0
6109,4370,2022-07-11,Completed,Debit Card,0.0
6110,2714,2022-07-12,Completed,Debit Card,9.99
6111,3717,2021-02-01,Completed,PayPal,0.0
6112,3100,2022-05-11,Completed,Cash,0.0
6113,1248,2024-01-19,Completed,Credit Card,5.99
6114,1334,2023-05-27,Completed,Debit Card,5.99
6115,4710,2022-12-25,Completed,Credit Card,5.99
6116,2884,2022-09-23,Cancelled,Credit Card,5.99
6117,623,2023-07-30,Pending,Credit Card,0.0
6118,853,2021-05-23,Completed,Credit Card,5.99
6119,16,2022-01-18,Completed,Credit Card,5.99
6120,4190,2023-10-21,Completed,Credit Card,9.99
6121,2558,2021-04-16,Completed,Debit Card,5.99
6122,4318,2023-02-03,Completed,Credit Card,5.99
6123,3498,2022-06-04,Completed,Debit Card,5.99
6124,654,2023-11-12,Completed,Credit Card,0.0
6125,299,2023-07-26,Completed,Credit Card,0.0
6126,3135,2022-09-19,Completed,Credit Card,9.99
6127,3397,2023-12-21,Completed,Credit Card,0.0
6128,359,2023-08-25,Completed,Credit Card,5.99
6129,493,2021-03-17,Completed,Debit Card,0.0
6130,1497,2022-11-20,Cancelled,PayPal,9.99
6131,3191,2023-03-29,Completed,Credit Card,14.99
6132,51,2023-02-19,Completed,Credit Card,5.99
6133,2427,2021-11-10,Completed,PayPal,5.99
6134,3432,2022-04-06,Completed,Credit Card,5.99
6135,4843,2021-02-26,Completed,Credit Card,9.99
6136,145,2021-04-07,Completed,Debit Card,0.0
6137,852,2023-01-31,Completed,Debit Card,5.99
6138,3623,2023-03-15,Cancelled,Debit Card,5.99
6139,2146,2021-01-14,Completed,Debit Card,5.99
6140,2749,2022-09-25,Returned,Credit Card,0.0
6141,1633,2022-07-12,Completed,Credit Card,0.0
6142,4188,2023-03-13,Pending,Credit Card,9.99
6143,868,2021-08-10,Completed,PayPal,0.0
6144,3111,2023-01-09,Completed,PayPal,5.99
6145,1099,2021-01-22,Completed,Credit Card,5.99
6146,2559,2021-07-19,Completed,Credit Card,0.0
6147,2273,2021-10-11,Completed,Credit Card,5.99
6148,595,2022-03-29,Completed,Credit Card,9.99
6149,196,2022-11-17,Cancelled,Credit Card,5.99
6150,3412,2021-04-18,Cancelled,Debit Card,9.99
6151,3186,2023-05-05,Completed,Cash,5.99
6152,4028,2023-03-20,Completed,Credit Card,5.99
6153,4471,2023-02-07,Completed,Credit Card,5.99
6154,4460,2023-02-10,Completed,Credit Card,14.99
6155,2359,2023-06-06,Completed,Credit Card,5.99
6156,2617,2021-04-24,Completed,Credit Card,5.99
6157,3856,2023-01-08,Pending,PayPal,5.99
6158,1810,2021-03-01,Completed,Credit Card,5.99
6159,1209,2022-12-16,Completed,Cash,0.0
6160,624,2021-02-12,Completed,Debit Card,0.0
6161,3528,2023-11-14,Completed,Debit Card,9.99
6162,2861,2023-01-09,Completed,Credit Card,0.0
6163,459,2023-02-03,Completed,Debit Card,5.99
6164,1456,2023-07-27,Completed,Credit Card,14.99
6165,2244,2023-05-27,Completed,Credit Card,5.99
6166,1253,2022-11-07,Completed,Credit Card,0.0
6167,1733,2023-09-20,Completed,Cash,9.99
6168,4300,2024-01-07,Completed,Credit Card,0.0
6169,4688,2022-03-12,Completed,Credit Card,5.99
6170,1598,2023-09-03,Completed,Credit Card,5.99
6171,2839,2022-05-25,Completed,Credit Card,0.0
6172,2180,2021-07-17,Completed,Credit Card,0.0
6173,2083,2022-09-24,Pending,Credit Card,0.0
6174,115,2023-09-26,Completed,Debit Card,0.0
6175,3776,2022-06-30,Pending,Credit Card,0.0
6176,625,2022-04-08,Completed,PayPal,14.99
6177,555,2023-08-04,Completed,Debit Card,5.99
6178,126,2021-11-08,Returned,Credit Card,9.99
6179,3802,2021-03-27,Completed,Debit Card,5.99
6180,1406,2022-01-26,Completed,Debit Card,5.99
6181,4226,2022-10-29,Completed,Debit Card,0.0
6182,3071,2021-11-09,Pending,Debit Card,0.0
6183,197,2021-06-19,Completed,Debit Card,5.99
6184,1384,2023-03-05,Completed,Credit Card,9.99
6185,1998,2021-02-07,Completed,,0.0
6186,210,2021-09-13,Returned,Credit Card,5.99
6187,2835,2021-02-25,Completed,Debit Card,0.0
6188,250,2021-10-10,Completed,Credit Card,5.99
6189,3487,2023-07-23,Completed,PayPal,5.99
6190,3554,2023-05-16,Completed,Credit Card,9.99
6191,3642,2022-07-12,Completed,Debit Card,0.0
6192,773,2023-10-16,Completed,PayPal,0.0
6193,2070,2021-05-26,Completed,PayPal,5.99
6194,4431,2022-09-24,Completed,Debit Card,14.99
6195,2784,2022-01-19,Completed,Credit Card,5.99
6196,1917,2022-05-30,Completed,PayPal,5.99
6197,1822,2022-04-12,Completed,Debit Card,5.99
6198,1632,2021-12-11,Completed,Debit Card,0.0
6199,1000,2021-06-15,Completed,Cash,9.99
6200,4093,2021-07-26,Pending,Credit Card,0.0
6201,661,2021-06-02,Completed,Credit Card,9.99
6202,2087,2021-04-11,Completed,Debit Card,5.99
6203,3729,2021-09-25,Completed,PayPal,5.99
6204,4710,2023-06-14,Completed,Credit Card,0.0
6205,2596,2023-05-04,Pending,Debit Card,9.99
6206,2924,2021-10-01,Pending,Credit Card,0.0
6207,2093,2022-04-26,Completed,Debit Card,5.99
6208,541,2023-09-21,Completed,PayPal,9.99
6209,1399,2023-07-11,Completed,Credit Card,5.99
6210,4612,2022-01-29,Completed,Debit Card,5.99
6211,4526,2021-08-12,Completed,PayPal,14.99
6212,1359,2022-03-25,Completed,Credit Card,0.0
6213,2398,2022-05-26,Completed,Credit Card,14.99
6214,4744,2021-01-16,Completed,Credit Card,0.0
6215,1457,2024-01-06,Completed,PayPal,5.99
6216,1283,2022-05-14,Completed,Credit Card,0.0
6217,48,2021-07-20,Completed,Credit Card,0.0
6218,1474,2022-06-23,Completed,Credit Card,0.0
6219,4159,2023-01-28,Completed,Credit Card,0.0
6220,4497,2021-11-29,Completed,Debit Card,14.99
6221,592,2022-05-27,Completed,PayPal,9.99
6222,2921,2023-10-03,Completed,Credit Card,0.0
6223,1483,2023-12-30,Completed,Debit Card,0.0
6224,390,2021-01-27,Pending,Debit Card,5.99
6225,4170,2022-03-01,Completed,Credit Card,5.99
6226,4805,2022-09-25,Completed,Credit Card,9.99
6227,2902,2023-03-02,Completed,PayPal,5.99
6228,1137,2022-03-21,Pending,Debit Card,5.99
6229,907,2022-02-06,Completed,Debit Card,5.99
6230,3609,2022-01-06,Completed,Credit Card,5.99
6231,3216,2023-11-21,Completed,PayPal,0.0
6232,4486,2023-06-27,Completed,Debit Card,5.99
6233,30,2022-06-26,Completed,PayPal,0.0
6234,985,2021-11-11,Completed,Cash,5.99
6235,1294,2023-01-17,Completed,Cash,5.99
6236,3417,2023-05-04,Completed,PayPal,9.99
6237,4975,2022-10-18,Completed,Credit Card,0.0
6238,3524,2023-04-07,Cancelled,PayPal,5.99
6239,1362,2023-03-16,Completed,Credit Card,0.0
6240,2738,2023-04-28,Completed,PayPal,5.99
6241,373,2023-12-25,Completed,Credit Card,9.99
6242,2684,2021-03-11,Cancelled,Debit Card,9.99
6243,468,2022-11-15,Completed,Credit Card,14.99
6244,3910,2021-03-25,Completed,PayPal,14.99
6245,1868,2021-03-06,Completed,Credit Card,9.99
6246,1114,2021-04-12,Completed,Credit Card,0.0
6247,2282,2023-01-08,Completed,PayPal,0.0
6248,4917,2022-12-18,Completed,Debit Card,5.99
6249,520,2022-03-17,Completed,Credit Card,14.99
6250,1898,2024-01-21,Cancelled,Credit Card,5.99
6251,4922,2021-08-26,Completed,Credit Card,0.0
6252,2420,2022-11-02,Completed,Debit Card,14.99
6253,1955,2023-08-19,Cancelled,Cash,5.99
6254,444,2023-02-02,Pending,Debit Card,5.99
6255,2024,2021-04-19,Completed,Credit Card,9.99
6256,1383,2021-07-09,Returned,Credit Card,9.99
6257,2994,2022-10-06,Completed,Cash,9.99
6258,376,2022-07-07,Completed,Credit Card,9.99
6259,1380,2022-03-29,Cancelled,Debit Card,5.99
6260,3985,2024-01-19,Completed,Credit Card,5.99
6261,2053,2022-11-14,Completed,PayPal,5.99
6262,4919,2023-07-19,Completed,PayPal,9.99
6263,3256,2024-01-12,Completed,Credit Card,5.99
6264,1245,2021-08-07,Completed,Debit Card,0.0
6265,1964,2021-04-12,Completed,Debit Card,5.99
6266,4597,2023-09-12,Cancelled,Credit Card,5.99
6267,1888,2023-07-19,Completed,Credit Card,0.0
6268,4144,2022-07-15,Completed,Debit Card,9.99
6269,2308,2021-08-07,Pending,Credit Card,0.0
6270,2423,2022-08-01,Completed,PayPal,0.0
6271,388,2023-12-23,Completed,Credit Card,0.0
6272,1901,2023-12-01,Completed,Credit Card,5.99
6273,3948,2021-08-23,Completed,Credit Card,0.0
6274,3220,2022-12-13,Completed,Credit Card,5.99
6275,2907,2021-08-22,Completed,Credit Card,14.99
6276,2105,2022-08-28,Completed,Credit Card,9.99
6277,1725,2022-07-10,Completed,Debit Card,9.99
6278,4884,2023-05-26,Completed,Cash,5.99
6279,4785,2023-04-13,Completed,PayPal,9.99
6280,4849,2021-07-09,Completed,Credit Card,9.99
6281,2180,2022-11-30,Completed,Cash,14.99
6282,1265,2022-06-02,Completed,Credit Card,0.0
6283,4606,2021-08-15,Returned,Credit Card,0.0
6284,2920,2023-07-20,Completed,Credit Card,0.0
6285,4298,2021-07-10,Cancelled,Credit Card,14.99
6286,157,2021-03-14,Completed,PayPal,5.99
6287,1566,2021-01-08,Pending,Credit Card,5.99
6288,1842,2023-04-13,Completed,Debit Card,5.99
6289,216,2023-01-15,Completed,Credit Card,9.99
6290,4283,2023-04-30,Completed,PayPal,14.99
6291,3366,2021-10-17,Completed,PayPal,9.99
6292,2087,2023-03-22,Completed,Credit Card,9.99
6293,787,2023-03-12,Completed,Debit Card,5.99
6294,2356,2023-05-27,Completed,Debit Card,5.99
6295,4560,2024-01-04,Completed,Debit Card,9.99
6296,3371,2023-01-12,Completed,Debit Card,9.99
6297,2014,2022-08-18,Completed,Debit Card,5.99
6298,1049,2022-10-05,Completed,Credit Card,0.0
6299,4840,2022-11-13,Completed,Debit Card,0.0
6300,384,2022-04-27,Completed,Credit Card,0.0
6301,4222,2023-03-29,Completed,Credit Card,5.99
6302,2616,2022-03-27,Completed,PayPal,5.99
6303,167,2023-10-17,Completed,Credit Card,14.99
6304,2726,2023-10-14,Completed,Credit Card,5.99
6305,469,2023-05-22,Completed,Credit Card,0.0
6306,2232,2023-06-07,Completed,Credit Card,0.0
6307,4188,2023-01-09,Returned,Credit Card,9.99
6308,4060,2022-12-23,Completed,,5.99
6309,867,2021-04-04,Completed,Credit Card,5.99
6310,2741,2021-12-12,Completed,Debit Card,5.99
6311,4789,2022-04-14,Completed,Credit Card,0.0
6312,228,2022-07-19,Completed,Debit Card,0.0
6313,2581,2022-07-31,Completed,Cash,5.99
6314,966,2021-09-29,Returned,Credit Card,5.99
6315,4564,2022-04-23,Pending,PayPal,5.99
6316,1027,2021-07-29,Completed,Cash,5.99
6317,1732,2023-05-27,Completed,Debit Card,14.99
6318,3823,2022-01-06,Completed,Credit Card,9.99
6319,4000,2022-01-13,Completed,Debit Card,5.99
6320,1396,2023-02-20,Pending,PayPal,5.99
6321,859,2023-05-29,Completed,Credit Card,5.99
6322,487,2022-07-06,Completed,Credit Card,0.0
6323,426,2023-11-12,Completed,Credit Card,14.99
6324,3960,2022-09-27,Completed,Credit Card,5.99
6325,2074,2021-08-09,Pending,PayPal,14.99
6326,2367,2023-12-15,Completed,Credit Card,14.99
6327,2107,2023-03-14,Completed,Credit Card,5.99
6328,3855,2021-07-18,Completed,Debit Card,0.0
6329,4690,2022-10-02,Completed,Credit Card,5.99
6330,1897,2023-02-28,Completed,Credit Card,5.99
6331,4654,2021-11-25,Completed,Debit Card,9.99
6332,879,2024-01-29,Completed,Credit Card,0.0
6333,588,2023-11-25,Cancelled,Credit Card,5.99
6334,3864,2022-04-24,Completed,Credit Card,14.99
6335,1023,2023-04-08,Completed,,14.99
6336,3969,2022-03-23,Completed,PayPal,0.0
6337,2060,2022-11-18,Completed,PayPal,9.99
6338,81,2024-01-06,Completed,Credit Card,0.0
6339,243,2021-05-03,Cancelled,Debit Card,9.99
6340,1642,2023-02-06,Completed,PayPal,0.0
6341,2099,2022-02-28,Completed,Credit Card,14.99
6342,2921,2022-02-16,Completed,Cash,5.99
6343,3232,2021-06-27,Completed,Cash,5.99
6344,4325,2023-01-09,Cancelled,Credit Card,0.0
6345,4130,2021-06-18,Completed,Credit Card,0.0
6346,2270,2022-02-13,Returned,Credit Card,5.99
6347,4342,2021-06-08,Pending,Credit Card,9.99
6348,3246,2022-02-08,Completed,Cash,9.99
6349,2700,2022-12-09,Completed,Cash,9.99
6350,3988,2023-06-02,Cancelled,Credit Card,9.99
6351,1705,2021-08-21,Completed,Debit Card,14.99
6352,3923,2021-08-12,Completed,Debit Card,9.99
6353,2407,2023-06-29,Completed,Credit Card,0.0
6354,2279,2021-01-10,Completed,Debit Card,9.99
6355,4906,2021-12-02,Completed,Cash,5.99
6356,3100,2023-09-21,Completed,Credit Card,14.99
6357,3317,2023-11-04,Completed,Credit Card,5.99
6358,3089,2022-08-16,Pending,Credit Card,0.0
6359,41,2023-08-31,Completed,Credit Card,0.0
6360,3625,2022-01-20,Completed,Credit Card,5.99
6361,1107,2022-09-01,Completed,Credit Card,0.0
6362,1796,2022-09-21,Completed,Debit Card,14.99
6363,3226,2023-07-24,Completed,PayPal,0.0
6364,3101,2022-01-28,Completed,Credit Card,0.0
6365,476,2023-07-02,Completed,Credit Card,0.0
6366,2394,2021-12-16,Completed,PayPal,0.0
6367,3850,2021-12-26,Completed,PayPal,5.99
6368,2158,2022-04-10,Returned,Credit Card,5.99
6369,849,2021-08-14,Completed,Credit Card,0.0
6370,1213,2023-09-16,Pending,PayPal,0.0
6371,55,2023-02-18,Pending,Credit Card,5.99
6372,4574,2021-06-05,Completed,Credit Card,9.99
6373,866,2023-04-15,Completed,Credit Card,5.99
6374,4451,2021-11-25,Completed,Credit Card,0.0
6375,13,2021-12-15,Pending,Credit Card,5.99
6376,1581,2022-12-11,Completed,Credit Card,5.99
6377,3575,2023-12-06,Completed,PayPal,5.99
6378,4234,2024-01-24,Completed,PayPal,5.99
6379,4868,2022-11-30,Completed,Cash,14.99
6380,1727,2023-12-07,Completed,Credit Card,0.0
6381,4105,2022-07-14,Completed,Credit Card,0.0
6382,1261,2022-02-08,Completed,PayPal,0.0
6383,2913,2021-09-04,Completed,,5.99
6384,1088,2022-03-18,Completed,Credit Card,0.0
6385,4371,2022-10-06,Completed,Credit Card,5.99
6386,4798,2023-10-12,Completed,Credit Card,14.99
6387,2311,2022-09-16,Completed,Credit Card,0.0
6388,39,2021-01-31,Completed,Credit Card,5.99
6389,2508,2023-12-17,Returned,Cash,9.99
6390,1770,2023-07-06,Completed,Credit Card,0.0
6391,4759,2022-09-22,Completed,Cash,0.0
6392,2024,2023-07-05,Completed,PayPal,5.99
6393,2991,2022-07-15,Completed,Credit Card,0.0
6394,959,2021-02-26,Completed,Debit Card,9.99
6395,3295,2023-07-14,Completed,Debit Card,0.0
6396,150,2022-02-04,Completed,Credit Card,5.99
6397,1121,2023-09-04,Completed,Credit Card,9.99
6398,3244,2021-11-07,Completed,Debit Card,0.0
6399,4979,2023-05-10,Completed,Debit Card,0.0
6400,2692,2021-08-02,Completed,Debit Card,0.0
6401,3958,2023-09-25,Completed,Credit Card,9.99
6402,3614,2022-12-13,Completed,Credit Card,9.99
6403,3060,2023-04-15,Cancelled,Credit Card,0.0
6404,1085,2022-12-01,Completed,Credit Card,9.99
6405,3528,2023-06-19,Completed,Debit Card,9.99
6406,3431,2023-09-21,Completed,PayPal,14.99
6407,4593,2021-04-24,Completed,Debit Card,5.99
6408,2373,2023-02-28,Completed,Debit Card,9.99
6409,4579,2021-09-13,Completed,Debit Card,5.99
6410,421,2023-11-04,Completed,Debit Card,9.99
6411,1778,2022-05-13,Completed,Debit Card,0.0
6412,809,2022-08-16,Completed,Credit Card,0.0
6413,3501,2022-06-22,Completed,Cash,9.99
6414,1609,2021-11-02,Completed,Credit Card,9.99
6415,3280,2022-11-05,Completed,Credit Card,5.99
6416,3850,2021-09-12,Completed,Credit Card,5.99
6417,4287,2021-06-26,Pending,Credit Card,5.99
6418,570,2023-11-03,Completed,PayPal,0.0
6419,3768,2021-03-18,Completed,Credit Card,0.0
6420,2582,2022-10-10,Completed,PayPal,0.0
6421,1225,2022-06-18,Completed,Credit Card,5.99
6422,2144,2022-11-15,Completed,Credit Card,0.0
6423,4535,2022-10-04,Pending,Credit Card,0.0
6424,550,2021-06-09,Completed,Debit Card,14.99
6425,2036,2021-09-16,Completed,PayPal,0.0
6426,2772,2022-08-16,Completed,Credit Card,5.99
6427,2000,2021-08-02,Completed,Credit Card,9.99
6428,3994,2023-01-26,Completed,Cash,0.0
6429,3158,2021-09-22,Completed,Credit Card,0.0
6430,2193,2023-11-19,Completed,Credit Card,5.99
6431,1284,2023-06-04,Completed,Credit Card,5.99
6432,4996,2022-05-01,Completed,Credit Card,5.99
6433,4221,2022-09-30,Returned,Credit Card,5.99
6434,1885,2024-01-26,Completed,Credit Card,14.99
6435,1804,2022-05-30,Completed,PayPal,0.0
6436,94,2021-01-13,Completed,Debit Card,9.99
6437,1714,2021-05-17,Completed,PayPal,0.0
6438,2932,2023-05-23,Pending,Debit Card,5.99
6439,1969,2021-06-28,Cancelled,Debit Card,0.0
6440,4911,2023-07-14,Completed,Debit Card,5.99
6441,3004,2021-04-09,Completed,Cash,9.99
6442,1112,2023-02-19,Completed,Credit Card,0.0
6443,3254,2022-05-31,Completed,Credit Card,0.0
6444,343,2021-08-29,Completed,Debit Card,5.99
6445,4276,2022-09-16,Completed,Cash,0.0
6446,4402,2022-09-19,Completed,Cash,9.99
6447,2833,2022-10-29,Cancelled,Debit Card,9.99
6448,1542,2022-03-11,Completed,Credit Card,9.99
6449,1482,2022-05-18,Completed,,5.99
6450,4916,2023-10-06,Cancelled,Cash,5.99
6451,4579,2022-12-17,Completed,Credit Card,0.0
6452,3834,2022-01-03,Completed,Credit Card,5.99
6453,1940,2021-02-11,Completed,Cash,5.99
6454,2378,2021-07-17,Completed,Credit Card,14.99
6455,248,2023-01-07,Returned,Debit Card,14.99
6456,762,2023-02-20,Completed,Debit Card,14.99
6457,689,2021-07-15,Completed,Credit Card,5.99
6458,2081,2022-07-20,Completed,Credit Card,5.99
6459,4935,2023-06-11,Pending,Credit Card,9.99
6460,4005,2021-08-12,Cancelled,Debit Card,9.99
6461,2496,2023-02-17,Completed,Credit Card,9.99
6462,3730,2022-09-04,Completed,Credit Card,0.0
6463,2696,2021-06-06,Completed,Cash,9.99
6464,2231,2022-12-20,Completed,Credit Card,5.99
6465,4010,2023-08-29,Completed,Credit Card,5.99
6466,1653,2022-04-12,Completed,Credit Card,9.99
6467,3683,2022-01-20,Completed,,5.99
6468,3795,2023-09-01,Completed,Cash,5.99
6469,303,2023-05-22,Completed,Credit Card,5.99
6470,2257,2023-11-27,Cancelled,Credit Card,5.99
6471,4821,2022-07-08,Completed,PayPal,0.0
6472,327,2021-01-15,Completed,Debit Card,5.99
6473,4718,2021-07-01,Returned,Credit Card,5.99
6474,3417,2022-02-17,Completed,PayPal,5.99
6475,3759,2022-07-02,Completed,Debit Card,9.99
6476,4375,2021-05-27,Completed,Credit Card,5.99
6477,556,2023-10-04,Completed,Debit Card,9.99
6478,4942,2023-11-04,Completed,Cash,5.99
6479,2540,2021-05-21,Completed,Credit Card,5.99
6480,2987,2021-02-01,Completed,Debit Card,0.0
6481,3190,2021-01-12,Completed,Cash,0.0
6482,2756,2023-09-25,Completed,Debit Card,9.99
6483,4711,2021-08-16,Completed,Credit Card,0.0
6484,3927,2023-02-06,Completed,Credit Card,14.99
6485,3693,2023-09-14,Completed,Debit Card,0.0
6486,1909,2021-07-29,Completed,Credit Card,14.99
6487,4994,2022-09-05,Completed,Cash,5.99
6488,3154,2022-12-08,Completed,Credit Card,5.99
6489,771,2021-07-28,Completed,Credit Card,0.0
6490,257,2022-10-01,Completed,Debit Card,5.99
6491,1644,2023-01-05,Pending,Debit Card,0.0
6492,2055,2021-07-22,Completed,Credit Card,5.99
6493,174,2022-07-27,Completed,Credit Card,5.99
6494,2811,2023-01-06,Completed,Debit Card,9.99
6495,3852,2022-11-01,Completed,PayPal,9.99
6496,1685,2023-12-26,Completed,Debit Card,5.99
6497,3289,2022-01-23,Completed,Credit Card,0.0
6498,4436,2024-01-17,Completed,Credit Card,5.99
6499,4756,2023-09-24,Completed,PayPal,9.99
6500,792,2022-03-12,Returned,Cash,0.0
6501,420,2023-02-25,Completed,Credit Card,5.99
6502,4251,2024-01-30,Cancelled,Debit Card,0.0
6503,166,2021-03-16,Completed,Credit Card,0.0
6504,2404,2023-08-15,Completed,Debit Card,5.99
6505,898,2021-12-25,Completed,PayPal,5.99
6506,4071,2023-03-19,Completed,Credit Card,5.99
6507,2571,2023-05-24,Cancelled,Debit Card,5.99
6508,3517,2021-06-09,Completed,Credit Card,0.0
6509,2277,2023-11-26,Completed,Credit Card,0.0
6510,1758,2021-04-12,Completed,Debit Card,5.99
6511,260,2024-01-01,Completed,Credit Card,5.99
6512,3882,2022-06-11,Completed,Debit Card,0.0
6513,1324,2022-05-10,Cancelled,Credit Card,5.99
6514,853,2023-12-02,Completed,Debit Card,5.99
6515,4120,2023-11-29,Completed,Credit Card,0.0
6516,4148,2021-05-21,Completed,Debit Card,9.99
6517,3739,2023-02-23,Completed,Debit Card,5.99
6518,3719,2024-01-13,Completed,Cash,0.0
6519,560,2022-09-29,Completed,Cash,5.99
6520,3477,2023-12-21,Cancelled,Credit Card,5.99
6521,4721,2021-10-14,Completed,Credit Card,14.99
6522,4819,2023-08-18,Completed,Debit Card,9.99
6523,827,2021-12-14,Completed,Debit Card,5.99
6524,3172,2022-02-05,Completed,Credit Card,0.0
6525,2624,2021-02-17,Completed,Credit Card,9.99
6526,4148,2021-03-06,Completed,Debit Card,9.99
6527,3790,2023-07-23,Completed,Cash,0.0
6528,1484,2021-02-05,Completed,Cash,0.0
6529,1898,2022-10-01,Completed,Credit Card,9.99
6530,3361,2023-02-28,Completed,Credit Card,9.99
6531,2026,2022-07-19,Returned,Credit Card,0.0
6532,2525,2022-05-29,Completed,Credit Card,5.99
6533,575,2022-11-29,Pending,PayPal,0.0
6534,973,2021-01-07,Completed,PayPal,0.0
6535,263,2022-04-29,Completed,Credit Card,5.99
6536,2161,2021-02-14,Cancelled,Credit Card,5.99
6537,4408,2021-01-15,Pending,Credit Card,9.99
6538,2719,2023-02-13,Completed,Cash,5.99
6539,3602,2021-01-06,Completed,Credit Card,0.0
6540,4555,2022-06-20,Completed,Credit Card,9.99
6541,3438,2023-01-03,Completed,Debit Card,0.0
6542,3681,2021-09-12,Completed,Debit Card,9.99
6543,905,2021-04-08,Completed,Cash,9.99
6544,1192,2023-11-14,Completed,Credit Card,0.0
6545,3155,2021-06-21,Completed,Debit Card,0.0
6546,2685,2023-11-18,Completed,Credit Card,9.99
6547,3909,2023-09-09,Completed,Cash,5.99
6548,1310,2022-04-18,Pending,PayPal,0.0
6549,4500,2022-03-09,Completed,PayPal,9.99
6550,547,2021-04-19,Returned,Credit Card,5.99
6551,4533,2021-02-28,Completed,PayPal,5.99
6552,1177,2021-12-30,Completed,Credit Card,5.99
6553,4808,2023-10-07,Completed,Credit Card,5.99
6554,964,2023-02-13,Completed,,5.99
6555,1362,2022-05-05,Completed,Debit Card,0.0
6556,4019,2021-10-12,Completed,Credit Card,5.99
6557,4606,2023-07-25,Cancelled,PayPal,5.99
6558,4375,2022-01-11,Completed,Debit Card,9.99
6559,4169,2021-12-07,Completed,Credit Card,5.99
6560,3007,2022-02-28,Completed,Debit Card,5.99
6561,1349,2023-10-14,Completed,Credit Card,0.0
6562,2116,2022-03-31,Completed,Credit Card,9.99
6563,4731,2023-05-24,Cancelled,Debit Card,5.99
6564,4772,2022-10-26,Completed,PayPal,5.99
6565,525,2021-05-02,Completed,Credit Card,14.99
6566,3313,2022-06-21,Completed,PayPal,9.99
6567,212,2022-03-02,Completed,PayPal,5.99
6568,4341,2021-10-27,Completed,Credit Card,9.99
6569,2394,2023-03-02,Completed,Debit Card,14.99
6570,819,2021-04-02,Completed,Debit Card,9.99
6571,2849,2022-11-11,Completed,Credit Card,5.99
6572,4590,2021-04-09,Completed,PayPal,5.99
6573,2743,2022-06-18,Completed,PayPal,0.0
6574,3014,2023-08-09,Completed,Credit Card,5.99
6575,1584,2022-04-24,Completed,Cash,5.99
6576,3811,2023-01-01,Completed,Credit Card,5.99
6577,1859,2022-03-08,Completed,Cash,5.99
6578,506,2022-11-02,Pending,Credit Card,0.0
6579,2279,2021-10-16,Completed,PayPal,0.0
6580,1758,2021-12-03,Completed,Credit Card,5.99
6581,3734,2023-05-07,Completed,Debit Card,5.99
6582,3411,2023-01-20,Completed,Credit Card,5.99
6583,1665,2022-06-17,Cancelled,Credit Card,14.99
6584,1016,2022-02-26,Completed,Credit Card,9.99
6585,4339,2021-04-18,Completed,PayPal,5.99
6586,2629,2022-12-06,Completed,Credit Card,0.0
6587,3019,2022-03-05,Completed,Debit Card,5.99
6588,4633,2023-08-17,Completed,PayPal,5.99
6589,3306,2022-01-24,Completed,Cash,5.99
6590,4048,2022-09-18,Completed,Credit Card,0.0
6591,179,2023-01-27,Completed,PayPal,0.0
6592,4040,2021-07-17,Cancelled,Credit Card,0.0
6593,1010,2022-02-03,Completed,Debit Card,5.99
6594,3566,2022-12-12,Completed,Debit Card,9.99
6595,2093,2023-06-09,Cancelled,Credit Card,9.99
6596,2092,2022-08-30,Completed,Credit Card,5.99
6597,4485,2021-10-25,Completed,Credit Card,9.99
6598,783,2023-05-12,Completed,Credit Card,14.99
6599,2220,2021-05-02,Completed,Cash,9.99
6600,2503,2023-02-17,Completed,Credit Card,9.99
6601,19,2021-05-07,Completed,Cash,14.99
6602,40,2021-02-22,Completed,Credit Card,5.99
6603,485,2023-07-28,Pending,Cash,0.0
6604,2227,2021-11-17,Completed,Debit Card,14.99
6605,297,2023-08-15,Completed,PayPal,5.99
6606,3642,2022-06-07,Completed,Credit Card,9.99
6607,3028,2021-01-23,Completed,Debit Card,9.99
6608,3362,2022-10-06,Completed,Credit Card,5.99
6609,370,2021-07-03,Completed,Credit Card,5.99
6610,1221,2022-06-14,Completed,Debit Card,5.99
6611,1954,2022-05-12,Pending,Debit Card,0.0
6612,1008,2021-08-23,Completed,Credit Card,0.0
6613,418,2023-03-04,Completed,Debit Card,5.99
6614,3464,2022-08-19,Returned,Debit Card,0.0
6615,2559,2021-07-06,Completed,Credit Card,5.99
6616,331,2021-05-22,Completed,Debit Card,0.0
6617,3642,2021-07-02,Completed,Debit Card,9.99
6618,4975,2022-02-14,Completed,Credit Card,9.99
6619,3984,2023-06-09,Pending,PayPal,5.99
6620,1302,2023-01-22,Completed,Debit Card,5.99
6621,4787,2023-05-10,Completed,PayPal,14.99
6622,3368,2022-09-28,Completed,Credit Card,0.0
6623,4294,2021-04-12,Completed,PayPal,5.99
6624,1322,2021-11-17,Completed,Credit Card,0.0
6625,1446,2023-01-09,Completed,Credit Card,5.99
6626,4603,2022-08-14,Completed,Credit Card,0.0
6627,4124,2021-12-21,Completed,PayPal,0.0
6628,2705,2023-05-27,Completed,Debit Card,0.0
6629,2503,2021-03-25,Completed,Credit Card,5.99
6630,1261,2021-03-28,Completed,Credit Card,5.99
6631,3715,2023-04-26,Pending,Credit Card,5.99
6632,1689,2021-09-18,Pending,Credit Card,5.99
6633,2191,2024-01-11,Completed,Debit Card,0.0
6634,2119,2022-01-11,Cancelled,Debit Card,9.99
6635,4823,2021-12-09,Completed,Cash,5.99
6636,3977,2022-01-23,Completed,Cash,0.0
6637,4717,2023-12-03,Completed,Debit Card,0.0
6638,4909,2022-06-16,Completed,Credit Card,9.99
6639,1223,2022-02-22,Completed,Credit Card,9.99
6640,3071,2023-01-08,Completed,Debit Card,5.99
6641,942,2023-08-06,Returned,Credit Card,5.99
6642,4888,2022-01-20,Completed,Debit Card,5.99
6643,3936,2024-01-07,Completed,Cash,5.99
6644,1597,2022-10-16,Completed,PayPal,9.99
6645,3368,2022-09-08,Completed,Credit Card,5.99
6646,3342,2023-01-23,Completed,Credit Card,0.0
6647,2636,2021-12-09,Completed,PayPal,0.0
6648,2260,2021-11-15,Completed,PayPal,0.0
6649,3649,2022-10-30,Completed,Credit Card,5.99
6650,3001,2021-05-11,Completed,Debit Card,0.0
6651,4168,2023-09-16,Completed,Debit Card,5.99
6652,3781,2022-07-25,Completed,Credit Card,5.99
6653,4590,2023-09-23,Completed,Credit Card,5.99
6654,1994,2022-10-22,Completed,PayPal,5.99
6655,3968,2021-12-27,Cancelled,Debit Card,5.99
6656,549,2022-07-09,Completed,Credit Card,5.99
6657,491,2023-07-01,Returned,Debit Card,9.99
6658,2643,2023-07-28,Returned,Debit Card,5.99
6659,1537,2022-12-29,Completed,PayPal,5.99
6660,4809,2023-03-27,Completed,Credit Card,9.99
6661,1171,2023-01-21,Cancelled,Cash,9.99
6662,2905,2022-10-07,Returned,Credit Card,9.99
6663,4835,2021-07-29,Completed,Debit Card,5.99
6664,452,2021-11-29,Completed,Debit Card,5.99
6665,3524,2023-11-21,Completed,Credit Card,5.99
6666,4060,2023-11-17,Completed,Credit Card,5.99
6667,3765,2022-11-14,Completed,PayPal,0.0
6668,987,2023-06-12,Completed,Debit Card,9.99
6669,4574,2022-02-18,Completed,Credit Card,5.99
6670,2653,2024-01-03,Completed,Credit Card,5.99
6671,1598,2022-01-21,Completed,Credit Card,5.99
6672,3288,2023-05-27,Completed,Credit Card,5.99
6673,17,2023-10-02,Completed,Cash,9.99
6674,876,2023-04-16,Pending,PayPal,5.99
6675,3896,2023-05-18,Completed,Cash,0.0
6676,2372,2022-12-12,Completed,Credit Card,0.0
6677,1839,2023-07-19,Completed,Debit Card,9.99
6678,165,2021-04-30,Completed,Credit Card,9.99
6679,2107,2022-03-07,Completed,PayPal,0.0
6680,502,2021-06-14,Completed,Credit Card,5.99
6681,1293,2021-01-07,Completed,Credit Card,0.0
6682,2869,2021-06-10,Completed,Debit Card,14.99
6683,3089,2021-12-10,Completed,Credit Card,0.0
6684,483,2021-09-19,Completed,Debit Card,0.0
6685,383,2021-05-27,Pending,Debit Card,0.0
6686,2405,2022-05-18,Completed,Debit Card,9.99
6687,991,2022-04-05,Completed,Cash,9.99
6688,1647,2023-11-23,Completed,Credit Card,5.99
6689,816,2023-10-07,Completed,Credit Card,0.0
6690,3351,2022-12-31,Completed,PayPal,5.99
6691,3251,2022-03-07,Completed,Debit Card,0.0
6692,4049,2022-06-21,Completed,Credit Card,0.0
6693,3809,2022-01-01,Completed,PayPal,9.99
6694,2885,2021-05-31,Pending,Credit Card,9.99
6695,1210,2022-09-10,Completed,Credit Card,14.99
6696,3935,2022-08-12,Completed,Credit Card,5.99
6697,5,2023-11-14,Completed,Credit Card,0.0
6698,3587,2022-03-16,Pending,Credit Card,9.99
6699,906,2022-11-19,Pending,Credit Card,0.0
6700,1276,2022-08-14,Completed,Credit Card,0.0
6701,3670,2022-11-11,Completed,Credit Card,0.0
6702,4716,2023-07-19,Completed,Credit Card,14.99
6703,3840,2022-08-14,Completed,Debit Card,9.99
6704,841,2023-11-04,Completed,Credit Card,0.0
6705,3597,2023-12-15,Completed,Credit Card,0.0
6706,3523,2022-04-19,Completed,Credit Card,9.99
6707,1745,2023-05-21,Pending,Credit Card,9.99
6708,2669,2023-12-02,Returned,Credit Card,5.99
6709,76,2022-02-15,Completed,Credit Card,0.0
6710,3363,2021-09-18,Completed,Debit Card,5.99
6711,2422,2023-01-12,Cancelled,Debit Card,5.99
6712,1462,2021-11-05,Completed,Cash,14.99
6713,3757,2023-02-01,Completed,Debit Card,0.0
6714,1289,2022-08-10,Completed,Credit Card,5.99
6715,4666,2022-03-17,Completed,Credit Card,0.0
6716,4977,2021-03-15,Completed,PayPal,5.99
6717,193,2022-01-29,Completed,Credit Card,0.0
6718,2410,2022-12-01,Completed,Credit Card,9.99
6719,1726,2022-05-25,Completed,Credit Card,0.0
6720,4193,2022-11-27,Completed,Debit Card,5.99
6721,4488,2021-12-21,Completed,Cash,5.99
6722,825,2021-05-12,Cancelled,Cash,9.99
6723,3991,2022-12-22,Completed,Credit Card,9.99
6724,3336,2021-05-10,Completed,Credit Card,0.0
6725,3784,2023-10-01,Completed,PayPal,0.0
6726,3258,2022-02-05,Completed,Debit Card,5.99
6727,1110,2022-08-10,Completed,Credit Card,5.99
6728,1376,2023-02-17,Completed,Debit Card,0.0
6729,3592,2023-05-11,Completed,Debit Card,9.99
6730,284,2021-02-13,Completed,Cash,0.0
6731,1179,2023-06-05,Completed,Debit Card,14.99
6732,2849,2023-12-27,Completed,Credit Card,0.0
6733,2556,2021-11-07,Completed,Debit Card,0.0
6734,2020,2022-06-08,Completed,PayPal,5.99
6735,589,2023-08-22,Completed,Debit Card,5.99
6736,3247,2021-07-28,Completed,,0.0
6737,1902,2023-01-04,Completed,Cash,9.99
6738,4707,2023-09-02,Completed,Debit Card,5.99
6739,547,2022-10-20,Completed,Credit Card,0.0
6740,2610,2023-05-01,Completed,Debit Card,9.99
6741,4181,2021-08-04,Completed,Debit Card,14.99
6742,2532,2021-02-05,Completed,Credit Card,5.99
6743,3449,2024-01-23,Completed,Credit Card,9.99
6744,2235,2021-04-06,Returned,Debit Card,0.0
6745,3953,2021-06-07,Completed,Credit Card,0.0
6746,1034,2021-03-21,Completed,PayPal,5.99
6747,2749,2022-03-13,Completed,Credit Card,14.99
6748,3429,2021-02-11,Completed,Cash,5.99
6749,444,2021-11-29,Completed,Credit Card,0.0
6750,2317,2022-01-03,Completed,Credit Card,5.99
6751,3146,2021-07-30,Completed,Credit Card,0.0
6752,3829,2021-10-14,Cancelled,Debit Card,0.0
6753,4198,2022-03-06,Completed,Credit Card,5.99
6754,1291,2022-11-24,Completed,Credit Card,5.99
6755,368,2023-01-15,Completed,Debit Card,0.0
6756,1673,2021-08-07,Completed,Credit Card,0.0
6757,3571,2022-01-02,Completed,Debit Card,5.99
6758,176,2021-07-17,Completed,PayPal,5.99
6759,3202,2023-05-06,Pending,PayPal,5.99
6760,881,2023-11-15,Completed,Credit Card,9.99
6761,2624,2022-04-05,Completed,Debit Card,0.0
6762,2875,2021-10-07,Completed,Credit Card,0.0
6763,269,2022-01-27,Completed,PayPal,9.99
6764,1514,2021-11-10,Completed,PayPal,5.99
6765,3219,2022-12-29,Completed,Credit Card,5.99
6766,530,2022-06-16,Completed,Credit Card,14.99
6767,1947,2021-07-22,Completed,Credit Card,5.99
6768,2109,2022-06-21,Completed,Credit Card,0.0
6769,242,2021-09-17,Completed,Debit Card,14.99
6770,3861,2021-12-03,Completed,Debit Card,0.0
6771,1855,2023-04-19,Completed,Credit Card,5.99
6772,767,2022-04-18,Completed,Debit Card,5.99
6773,1107,2021-09-30,Completed,Cash,5.99
6774,1268,2023-04-25,Completed,Debit Card,5.99
6775,455,2021-09-19,Returned,Credit Card,5.99
6776,3539,2021-08-22,Completed,Debit Card,9.99
6777,3145,2022-08-28,Completed,Debit Card,14.99
6778,3597,2022-06-25,Completed,PayPal,0.0
6779,3568,2022-10-17,Cancelled,Credit Card,9.99
6780,3326,2022-02-20,Completed,Credit Card,0.0
6781,2646,2023-08-31,Completed,Debit Card,0.0
6782,2347,2021-08-06,Completed,Debit Card,14.99
6783,35,2022-11-20,Completed,Debit Card,5.99
6784,2657,2021-03-16,Completed,Credit Card,0.0
6785,1920,2022-07-01,Completed,Debit Card,5.99
6786,1465,2022-10-22,Cancelled,Credit Card,0.0
6787,2276,2021-09-13,Cancelled,Credit Card,5.99
6788,1285,2023-03-16,Completed,Debit Card,5.99
6789,934,2023-09-28,Completed,Credit Card,9.99
6790,3375,2024-01-19,Completed,Credit Card,0.0
6791,4631,2023-06-22,Completed,Debit Card,0.0
6792,2274,2023-10-09,Completed,Debit Card,0.0
6793,1813,2023-10-22,Returned,Credit Card,0.0
6794,2744,2021-03-08,Completed,Debit Card,14.99
6795,1833,2021-06-10,Completed,Credit Card,14.99
6796,1366,2021-09-13,Cancelled,Credit Card,9.99
6797,4101,2022-12-24,Completed,Credit Card,5.99
6798,3559,2021-07-25,Completed,Credit Card,9.99
6799,601,2022-03-03,Completed,Cash,0.0
6800,3821,2022-01-01,Completed,Credit Card,0.0
6801,4507,2023-05-16,Completed,PayPal,5.99
6802,99,2024-01-05,Completed,PayPal,9.99
6803,2996,2022-09-04,Completed,Cash,5.99
6804,4539,2022-01-17,Returned,Credit Card,5.99
6805,556,2022-02-05,Returned,PayPal,0.0
6806,1965,2021-12-25,Completed,Cash,5.99
6807,4255,2023-03-17,Completed,Credit Card,9.99
6808,263,2022-01-25,Completed,Credit Card,5.99
6809,2728,2022-11-23,Completed,Credit Card,5.99
6810,3712,2022-12-29,Completed,Debit Card,5.99
6811,1838,2022-07-05,Returned,Debit Card,9.99
6812,1531,2023-04-29,Pending,Credit Card,5.99
6813,949,2021-03-25,Completed,PayPal,5.99
6814,1832,2022-03-02,Completed,Credit Card,5.99
6815,3098,2022-01-29,Completed,PayPal,0.0
6816,3634,2023-03-04,Completed,Credit Card,9.99
6817,4571,2022-01-21,Completed,Debit Card,14.99
6818,4589,2021-06-27,Completed,Credit Card,5.99
6819,3153,2021-03-13,Completed,Credit Card,0.0
6820,2430,2022-11-30,Completed,Debit Card,5.99
6821,2924,2023-06-30,Pending,Credit Card,5.99
6822,2722,2021-06-19,Completed,Debit Card,0.0
6823,3050,2023-07-21,Completed,Cash,0.0
6824,1093,2022-05-22,Completed,Credit Card,9.99
6825,3349,2021-12-27,Completed,PayPal,9.99
6826,903,2022-02-15,Completed,Credit Card,9.99
6827,2583,2024-01-28,Completed,Credit Card,5.99
6828,977,2021-07-25,Pending,Credit Card,9.99
6829,248,2022-12-27,Completed,Cash,5.99
6830,3609,2022-08-24,Completed,Credit Card,5.99
6831,92,2022-11-29,Completed,PayPal,9.99
6832,2850,2022-11-25,Completed,Cash,14.99
6833,2994,2021-10-09,Completed,Credit Card,9.99
6834,4078,2023-07-19,Pending,Debit Card,9.99
6835,69,2023-08-20,Completed,PayPal,9.99
6836,2984,2023-06-15,Completed,Credit Card,5.99
6837,1282,2021-11-28,Completed,Credit Card,9.99
6838,3060,2023-02-20,Completed,Credit Card,5.99
6839,296,2021-01-14,Completed,PayPal,0.0
6840,4605,2022-01-09,Completed,PayPal,9.99
6841,3265,2022-03-17,Completed,Credit Card,14.99
6842,4355,2022-11-07,Completed,Credit Card,5.99
6843,4037,2023-05-30,Cancelled,Cash,9.99
6844,2187,2022-08-06,Completed,Credit Card,0.0
6845,2370,2021-02-14,Returned,Debit Card,14.99
6846,759,2022-04-22,Completed,Credit Card,5.99
6847,1038,2021-01-30,Pending,PayPal,5.99
6848,1565,2023-12-30,Completed,Cash,9.99
6849,2816,2023-06-07,Completed,Credit Card,9.99
6850,4807,2023-11-09,Returned,Credit Card,9.99
6851,4773,2021-06-10,Completed,Credit Card,14.99
6852,4475,2023-02-04,Cancelled,Credit Card,0.0
6853,4828,2021-01-26,Cancelled,Credit Card,0.0
6854,3556,2023-09-14,Completed,Debit Card,9.99
6855,1420,2023-06-14,Completed,Credit Card,14.99
6856,2605,2023-10-12,Completed,Credit Card,5.99
6857,4599,2023-03-14,Completed,PayPal,0.0
6858,3254,2022-03-22,Completed,Debit Card,5.99
6859,4889,2023-12-11,Completed,Credit Card,5.99
6860,1233,2021-08-10,Completed,Debit Card,9.99
6861,3270,2021-09-10,Pending,PayPal,0.0
6862,2020,2022-08-18,Completed,Debit Card,0.0
6863,2570,2023-08-01,Completed,Credit Card,9.99
6864,3530,2022-07-13,Pending,Credit Card,0.0
6865,205,2023-03-08,Completed,PayPal,9.99
6866,287,2021-08-30,Completed,PayPal,5.99
6867,3137,2021-12-21,Completed,Debit Card,5.99
6868,1533,2022-04-26,Completed,Credit Card,0.0
6869,2743,2021-06-20,Completed,Debit Card,0.0
6870,2834,2021-01-18,Completed,PayPal,5.99
6871,516,2021-03-15,Returned,Credit Card,9.99
6872,3000,2021-10-18,Completed,Credit Card,5.99
6873,716,2022-08-16,Completed,Debit Card,0.0
6874,3954,2021-07-06,Completed,PayPal,9.99
6875,4812,2023-01-12,Completed,Credit Card,0.0
6876,3660,2022-11-21,Pending,Debit Card,14.99
6877,2976,2021-08-20,Completed,Debit Card,0.0
6878,619,2023-10-10,Completed,Debit Card,5.99
6879,4793,2022-11-01,Completed,Debit Card,0.0
6880,1645,2023-12-01,Cancelled,Debit Card,5.99
6881,3889,2023-03-23,Completed,Credit Card,5.99
6882,4268,2022-03-22,Completed,Credit Card,5.99
6883,2052,2023-07-17,Completed,Debit Card,0.0
6884,4817,2022-03-08,Completed,Credit Card,9.99
6885,2741,2022-11-14,Completed,Debit Card,9.99
6886,1785,2022-02-23,Completed,Debit Card,5.99
6887,549,2022-02-20,Completed,Credit Card,5.99
6888,1415,2021-12-06,Completed,Debit Card,5.99
6889,3722,2023-08-28,Completed,Debit Card,0.0
6890,1622,2021-03-12,Completed,Credit Card,14.99
6891,2189,2021-09-25,Completed,Credit Card,0.0
6892,2058,2023-10-31,Completed,Cash,5.99
6893,2739,2023-04-03,Completed,Credit Card,5.99
6894,4342,2023-04-17,Completed,Debit Card,5.99
6895,163,2023-06-09,Completed,Credit Card,9.99
6896,542,2023-10-25,Completed,Credit Card,0.0
6897,4035,2023-06-06,Completed,Credit Card,9.99
6898,3467,2023-12-28,Cancelled,PayPal,5.99
6899,1307,2023-01-26,Completed,Credit Card,0.0
6900,918,2024-01-10,Completed,Credit Card,5.99
6901,1617,2022-07-05,Completed,Debit Card,9.99
6902,2203,2022-03-12,Returned,Credit Card,5.99
6903,3416,2021-05-23,Completed,Credit Card,5.99
6904,731,2021-07-02,Completed,Credit Card,5.99
6905,3250,2023-02-28,Completed,Credit Card,5.99
6906,2272,2021-11-27,Completed,Debit Card,9.99
6907,3086,2021-05-18,Completed,Credit Card,0.0
6908,631,2021-05-02,Completed,Credit Card,5.99
6909,2621,2023-04-10,Completed,PayPal,5.99
6910,1219,2022-12-28,Completed,PayPal,0.0
6911,3536,2021-06-22,Pending,PayPal,14.99
6912,2748,2022-09-17,Completed,PayPal,0.0
6913,2034,2022-06-03,Completed,Debit Card,0.0
6914,1239,2023-08-04,Pending,Debit Card,9.99
6915,1157,2022-02-28,Pending,Debit Card,0.0
6916,1045,2023-04-05,Returned,PayPal,9.99
6917,2144,2023-01-15,Cancelled,Debit Card,9.99
6918,3684,2022-08-18,Returned,Credit Card,0.0
6919,321,2022-02-16,Completed,PayPal,0.0
6920,4179,2021-06-10,Completed,PayPal,0.0
6921,777,2021-02-07,Completed,PayPal,0.0
6922,20,2022-11-28,Completed,Credit Card,0.0
6923,879,2022-12-26,Completed,Credit Card,9.99
6924,2210,2023-06-18,Returned,Credit Card,9.99
6925,4326,2023-10-12,Completed,Debit Card,0.0
6926,886,2021-05-16,Cancelled,Credit Card,9.99
6927,1375,2021-04-03,Completed,Credit Card,0.0
6928,4775,2022-02-24,Completed,Credit Card,5.99
6929,3627,2021-04-23,Completed,Credit Card,0.0
6930,593,2021-10-22,Completed,Debit Card,0.0
6931,4575,2023-08-03,Completed,PayPal,9.99
6932,4385,2022-11-08,Completed,Credit Card,5.99
6933,2233,2023-04-29,Completed,Debit Card,5.99
6934,357,2021-03-26,Completed,Credit Card,5.99
6935,4552,2024-01-23,Completed,Credit Card,0.0
6936,4925,2022-11-09,Completed,Debit Card,9.99
6937,2057,2024-01-28,Completed,Debit Card,9.99
6938,2018,2023-02-24,Completed,PayPal,0.0
6939,3666,2023-07-14,Completed,Credit Card,5.99
6940,2475,2022-01-23,Completed,PayPal,5.99
6941,4537,2022-11-11,Completed,Credit Card,5.99
6942,979,2023-12-04,Completed,Credit Card,5.99
6943,1113,2022-09-06,Completed,Credit Card,5.99
6944,3292,2022-02-22,Cancelled,PayPal,14.99
6945,4222,2022-06-08,Pending,Credit Card,5.99
6946,901,2021-11-26,Completed,Credit Card,5.99
6947,3994,2022-01-21,Completed,Debit Card,5.99
6948,4928,2021-07-24,Completed,Credit Card,5.99
6949,2046,2022-06-21,Completed,Credit Card,5.99
6950,68,2022-07-21,Completed,Credit Card,5.99
6951,117,2022-11-14,Returned,Credit Card,5.99
6952,4270,2021-12-09,Completed,Debit Card,5.99
6953,149,2021-07-27,Completed,Debit Card,0.0
6954,2652,2021-12-12,Completed,Credit Card,5.99
6955,4219,2022-12-09,Completed,Credit Card,9.99
6956,4439,2024-01-28,Completed,PayPal,9.99
6957,4856,2023-06-07,Completed,Debit Card,9.99
6958,4981,2021-04-03,Returned,Debit Card,5.99
6959,98,2023-05-19,Completed,Credit Card,0.0
6960,2701,2021-10-12,Pending,Credit Card,5.99
6961,4161,2021-01-11,Returned,Cash,0.0
6962,343,2023-11-15,Completed,Debit Card,9.99
6963,4477,2021-08-09,Completed,Credit Card,0.0
6964,990,2021-04-02,Completed,Credit Card,9.99
6965,2194,2022-07-13,Completed,Credit Card,9.99
6966,132,2021-04-08,Completed,Credit Card,9.99
6967,1578,2021-08-25,Cancelled,Cash,9.99
6968,1775,2022-10-12,Completed,PayPal,5.99
6969,2316,2021-09-12,Completed,Credit Card,5.99
6970,207,2022-09-11,Completed,Credit Card,5.99
6971,2785,2021-08-01,Completed,PayPal,0.0
6972,274,2022-08-21,Completed,Credit Card,0.0
6973,4530,2021-01-05,Completed,Debit Card,0.0
6974,921,2023-01-04,Completed,Debit Card,14.99
6975,396,2021-05-03,Completed,Debit Card,0.0
6976,2778,2022-12-16,Cancelled,Debit Card,9.99
6977,3086,2021-01-30,Completed,Debit Card,0.0
6978,1814,2021-06-12,Pending,Cash,14.99
6979,2796,2022-05-11,Completed,Credit Card,5.99
6980,4246,2022-06-30,Completed,PayPal,5.99
6981,3540,2023-09-09,Completed,Credit Card,5.99
6982,4845,2022-07-13,Completed,Credit Card,9.99
6983,4836,2021-11-27,Completed,Credit Card,0.0
6984,312,2023-04-03,Completed,Debit Card,9.99
6985,1511,2022-03-25,Completed,Credit Card,5.99
6986,866,2023-04-30,Completed,PayPal,0.0
6987,1933,2022-06-06,Completed,Debit Card,0.0
6988,562,2021-05-28,Completed,Credit Card,9.99
6989,797,2022-01-10,Completed,Debit Card,0.0
6990,3367,2021-12-18,Pending,PayPal,9.99
6991,3399,2023-04-24,Completed,Debit Card,0.0
6992,4657,2022-09-13,Completed,Credit Card,5.99
6993,2486,2023-07-16,Returned,PayPal,5.99
6994,3425,2021-10-05,Completed,Debit Card,5.99
6995,181,2022-10-18,Returned,Credit Card,5.99
6996,1124,2022-07-01,Completed,Credit Card,9.99
6997,616,2022-03-25,Cancelled,Credit Card,9.99
6998,1317,2022-01-01,Completed,PayPal,5.99
6999,2381,2022-08-08,Pending,Credit Card,5.99
7000,3524,2022-11-29,Completed,Credit Card,5.99
7001,3671,2022-03-10,Completed,PayPal,14.99
7002,3458,2023-03-26,Completed,Credit Card,9.99
7003,2116,2021-01-27,Completed,Cash,0.0
7004,1182,2022-08-16,Completed,Credit Card,0.0
7005,4143,2021-09-17,Completed,Debit Card,14.99
7006,941,2022-06-04,Pending,Credit Card,0.0
7007,1221,2021-02-23,Completed,Cash,14.99
7008,2841,2024-01-05,Cancelled,Debit Card,5.99
7009,4637,2021-06-21,Completed,Cash,0.0
7010,4291,2023-07-18,Returned,Debit Card,5.99
7011,1558,2022-08-03,Returned,Credit Card,5.99
7012,3249,2022-07-21,Completed,Credit Card,9.99
7013,1301,2021-10-11,Cancelled,Credit Card,5.99
7014,423,2023-01-23,Completed,Debit Card,5.99
7015,3745,2022-05-01,Completed,Cash,14.99
7016,2192,2023-03-31,Completed,Credit Card,0.0
7017,4172,2023-12-18,Completed,Debit Card,5.99
7018,4588,2022-11-23,Completed,Cash,5.99
7019,2159,2022-01-16,Completed,Credit Card,0.0
7020,4791,2023-07-16,Completed,PayPal,0.0
7021,2630,2023-06-05,Completed,Credit Card,5.99
7022,4906,2023-10-28,Completed,Debit Card,0.0
7023,614,2021-12-29,Cancelled,Credit Card,5.99
7024,1411,2021-02-09,Returned,Credit Card,5.99
7025,3185,2021-07-20,Completed,Credit Card,5.99
7026,37,2024-01-28,Completed,Cash,5.99
7027,4741,2024-01-30,Completed,PayPal,5.99
7028,1218,2021-07-29,Completed,Credit Card,0.0
7029,4,2021-12-05,Completed,Cash,0.0
7030,2005,2021-11-09,Completed,Debit Card,5.99
7031,1836,2022-09-21,Completed,PayPal,14.99
7032,648,2023-02-26,Completed,Credit Card,0.0
7033,2128,2023-03-10,Completed,Credit Card,5.99
7034,3545,2021-09-09,Completed,Debit Card,9.99
7035,3027,2022-06-16,Cancelled,Credit Card,9.99
7036,3419,2021-11-23,Completed,Credit Card,14.99
7037,2900,2024-01-05,Completed,Credit Card,0.0
7038,4059,2021-03-22,Cancelled,Credit Card,0.0
7039,983,2023-09-27,Completed,Credit Card,5.99
7040,3438,2021-01-04,Completed,Cash,0.0
7041,3201,2021-11-27,Completed,Credit Card,5.99
7042,2904,2021-01-17,Completed,Credit Card,9.99
7043,4023,2023-08-17,Completed,Debit Card,5.99
7044,4197,2021-02-01,Completed,Debit Card,0.0
7045,791,2023-06-11,Completed,Debit Card,0.0
7046,1730,2022-05-21,Completed,PayPal,14.99
7047,186,2023-01-04,Completed,Credit Card,5.99
7048,2339,2021-07-27,Returned,Credit Card,14.99
7049,4708,2022-10-14,Completed,PayPal,9.99
7050,2830,2021-06-08,Completed,Cash,14.99
7051,470,2021-06-03,Completed,Debit Card,9.99
7052,2484,2023-08-19,Completed,Credit Card,5.99
7053,1927,2022-12-01,Completed,Credit Card,9.99
7054,4107,2022-03-13,Completed,Credit Card,5.99
7055,4668,2022-04-28,Completed,Debit Card,0.0
7056,3245,2021-08-29,Completed,Credit Card,0.0
7057,2382,2023-06-20,Completed,Credit Card,5.99
7058,823,2021-04-23,Completed,Credit Card,0.0
7059,3260,2021-10-05,Completed,Credit Card,0.0
7060,2218,2022-12-19,Completed,Credit Card,5.99
7061,2882,2022-02-22,Returned,Credit Card,14.99
7062,324,2022-05-05,Completed,Debit Card,5.99
7063,4329,2023-10-19,Completed,Credit Card,5.99
7064,3159,2023-08-29,Completed,Debit Card,0.0
7065,1182,2021-01-04,Pending,Credit Card,0.0
7066,4617,2023-12-25,Completed,Credit Card,5.99
7067,2646,2023-03-09,Completed,Debit Card,9.99
7068,1557,2021-04-16,Returned,Credit Card,5.99
7069,1067,2022-09-24,Cancelled,Debit Card,5.99
7070,1042,2022-04-28,Completed,Debit Card,9.99
7071,1853,2023-08-16,Completed,PayPal,0.0
7072,189,2023-09-08,Completed,Credit Card,5.99
7073,3865,2022-12-09,Completed,Credit Card,9.99
7074,1211,2023-08-02,Returned,Debit Card,5.99
7075,2222,2022-01-04,Completed,Credit Card,0.0
7076,4527,2023-01-24,Cancelled,Credit Card,0.0
7077,4008,2022-02-11,Completed,Debit Card,5.99
7078,3159,2023-08-15,Completed,Credit Card,0.0
7079,2087,2021-06-26,Completed,Credit Card,9.99
7080,771,2023-10-06,Completed,,0.0
7081,1527,2021-10-11,Completed,Cash,0.0
7082,3386,2021-03-14,Completed,PayPal,0.0
7083,809,2021-08-24,Completed,Credit Card,14.99
7084,1783,2022-10-25,Completed,Debit Card,9.99
7085,4658,2022-04-17,Completed,Credit Card,9.99
7086,2983,2022-05-07,Completed,Credit Card,5.99
7087,2975,2022-04-11,Completed,PayPal,9.99
7088,4015,2021-02-20,Completed,Credit Card,9.99
7089,2059,2021-01-16,Completed,Credit Card,5.99
7090,2627,2022-02-13,Completed,Cash,14.99
7091,4458,2022-01-17,Completed,PayPal,9.99
7092,3252,2022-11-21,Completed,PayPal,14.99
7093,972,2023-02-23,Completed,PayPal,9.99
7094,4129,2023-05-02,Completed,Debit Card,9.99
7095,110,2022-07-11,Completed,Credit Card,14.99
7096,2646,2023-07-01,Completed,Debit Card,5.99
7097,4129,2022-05-30,Completed,Credit Card,9.99
7098,1640,2021-05-18,Cancelled,Credit Card,0.0
7099,4724,2022-01-26,Completed,PayPal,9.99
7100,2011,2022-04-29,Completed,Credit Card,9.99
7101,2559,2021-05-24,Completed,Credit Card,9.99
7102,297,2021-07-25,Completed,Credit Card,9.99
7103,4245,2023-01-01,Returned,Credit Card,5.99
7104,1797,2021-07-07,Completed,PayPal,5.99
7105,3023,2023-04-30,Completed,Debit Card,0.0
7106,2223,2023-10-28,Completed,Debit Card,0.0
7107,2288,2022-04-10,Completed,Debit Card,5.99
7108,1154,2022-08-19,Completed,Debit Card,5.99
7109,3882,2024-01-10,Completed,PayPal,0.0
7110,4219,2022-09-09,Completed,Debit Card,0.0
7111,4346,2021-11-20,Completed,Cash,5.99
7112,2891,2021-10-16,Completed,Cash,9.99
7113,4626,2023-04-25,Completed,Cash,5.99
7114,4471,2023-06-05,Completed,Debit Card,0.0
7115,4178,2022-02-09,Returned,Cash,9.99
7116,1024,2021-06-27,Completed,Credit Card,0.0
7117,4830,2023-01-24,Completed,PayPal,5.99
7118,1409,2022-09-12,Completed,Cash,0.0
7119,125,2022-03-11,Completed,Cash,14.99
7120,3551,2021-02-06,Completed,PayPal,0.0
7121,3139,2021-03-02,Completed,Credit Card,9.99
7122,3055,2022-02-27,Completed,Credit Card,5.99
7123,3121,2022-09-30,Completed,Credit Card,0.0
7124,1607,2021-08-29,Returned,PayPal,0.0
7125,1457,2022-05-21,Completed,Credit Card,5.99
7126,3035,2021-06-05,Pending,Credit Card,9.99
7127,4899,2022-12-30,Completed,Debit Card,0.0
7128,3398,2023-02-20,Returned,Debit Card,9.99
7129,1164,2022-12-03,Completed,Cash,5.99
7130,3756,2022-02-06,Completed,Debit Card,0.0
7131,3569,2023-02-16,Completed,PayPal,0.0
7132,1338,2023-06-04,Completed,Debit Card,14.99
7133,1138,2023-10-14,Completed,PayPal,5.99
7134,1967,2021-06-30,Completed,Credit Card,0.0
7135,3395,2022-03-01,Completed,Credit Card,5.99
7136,4415,2023-04-02,Completed,Cash,0.0
7137,1933,2022-09-19,Completed,Debit Card,5.99
7138,680,2023-05-08,Completed,Debit Card,0.0
7139,1426,2022-02-05,Completed,Credit Card,14.99
7140,3851,2022-11-05,Cancelled,Credit Card,5.99
7141,2790,2021-06-20,Completed,Debit Card,14.99
7142,1890,2022-09-10,Returned,Credit Card,5.99
7143,2084,2022-10-28,Completed,Credit Card,5.99
7144,1006,2021-12-12,Completed,Credit Card,14.99
7145,4362,2022-01-12,Completed,Debit Card,5.99
7146,1687,2023-11-21,Completed,Debit Card,5.99
7147,4976,2021-10-05,Completed,Cash,0.0
7148,2822,2022-03-12,Completed,Debit Card,14.99
7149,2779,2021-10-13,Completed,PayPal,0.0
7150,3853,2022-10-28,Completed,Debit Card,9.99
7151,4596,2022-03-20,Completed,Debit Card,5.99
7152,269,2022-09-25,Completed,Credit Card,0.0
7153,1319,2023-11-14,Completed,Credit Card,0.0
7154,1100,2022-10-20,Completed,Debit Card,14.99
7155,4211,2022-01-18,Completed,Credit Card,9.99
7156,146,2023-07-05,Completed,PayPal,5.99
7157,721,2022-03-10,Completed,Debit Card,5.99
7158,3723,2022-06-08,Completed,PayPal,0.0
7159,4073,2023-04-13,Completed,Cash,5.99
7160,661,2022-12-29,Completed,Credit Card,5.99
7161,220,2023-06-17,Completed,Credit Card,9.99
7162,3445,2023-07-24,Completed,Debit Card,5.99
7163,1065,2022-10-08,Completed,Credit Card,14.99
7164,4621,2024-01-31,Completed,Credit Card,0.0
7165,2427,2022-05-07,Completed,PayPal,0.0
7166,2973,2022-03-30,Completed,Cash,14.99
7167,146,2022-12-11,Cancelled,PayPal,5.99
7168,1094,2021-12-28,Completed,Debit Card,5.99
7169,3167,2021-09-02,Completed,Credit Card,9.99
7170,4681,2023-10-14,Completed,Debit Card,5.99
7171,2346,2021-01-01,Completed,Credit Card,0.0
7172,2192,2023-03-05,Cancelled,Debit Card,5.99
7173,3726,2022-08-26,Completed,Credit Card,0.0
7174,1829,2021-01-14,Returned,Cash,0.0
7175,2989,2023-06-07,Completed,PayPal,0.0
7176,1750,2022-08-14,Completed,Debit Card,5.99
7177,2274,2021-06-30,Completed,Cash,0.0
7178,783,2021-10-22,Completed,Credit Card,9.99
7179,2310,2022-02-06,Completed,Credit Card,5.99
7180,2022,2021-06-06,Completed,PayPal,0.0
7181,600,2022-10-25,Completed,Cash,5.99
7182,252,2022-07-30,Cancelled,Debit Card,9.99
7183,1778,2021-03-25,Completed,Credit Card,5.99
7184,1526,2021-11-15,Completed,PayPal,0.0
7185,1953,2022-09-24,Completed,,0.0
7186,1014,2022-06-20,Completed,Debit Card,9.99
7187,4331,2023-08-01,Completed,Credit Card,0.0
7188,3533,2023-10-28,Completed,Cash,0.0
7189,3498,2022-02-23,Completed,Credit Card,5.99
7190,3840,2021-01-18,Completed,PayPal,0.0
7191,4695,2023-07-16,Completed,Credit Card,14.99
7192,410,2022-11-16,Completed,Credit Card,9.99
7193,3478,2021-01-30,Pending,Cash,5.99
7194,3458,2021-08-08,Completed,Credit Card,9.99
7195,3985,2023-03-30,Completed,Debit Card,5.99
7196,2106,2022-02-08,Completed,Credit Card,9.99
7197,3856,2021-10-18,Completed,PayPal,5.99
7198,3950,2023-10-16,Completed,Credit Card,0.0
7199,1113,2021-02-12,Completed,Credit Card,14.99
7200,424,2022-01-24,Completed,Debit Card,9.99
7201,800,2022-07-06,Completed,Credit Card,14.99
7202,652,2021-08-24,Completed,Credit Card,9.99
7203,504,2022-06-02,Completed,Debit Card,5.99
7204,2419,2021-07-29,Completed,Debit Card,0.0
7205,13,2021-02-03,Completed,Credit Card,0.0
7206,4517,2022-12-11,Completed,Debit Card,0.0
7207,1888,2021-09-14,Cancelled,Cash,0.0
7208,4173,2023-02-19,Completed,Credit Card,5.99
7209,2051,2023-03-24,Completed,Debit Card,5.99
7210,2023,2022-02-16,Completed,Debit Card,5.99
7211,3837,2023-04-27,Completed,Credit Card,5.99
7212,4570,2022-09-02,Completed,Credit Card,5.99
7213,1421,2021-12-09,Returned,Credit Card,5.99
7214,3230,2023-08-10,Returned,PayPal,14.99
7215,147,2021-11-09,Completed,Credit Card,5.99
7216,696,2021-06-01,Completed,PayPal,0.0
7217,4475,2022-01-19,Completed,Debit Card,5.99
7218,3662,2023-04-12,Completed,Credit Card,9.99
7219,3841,2022-06-20,Completed,Debit Card,5.99
7220,3897,2022-10-04,Completed,Cash,14.99
7221,2833,2022-08-07,Completed,Credit Card,0.0
7222,1817,2022-02-20,Completed,Credit Card,0.0
7223,1544,2023-03-05,Completed,Debit Card,0.0
7224,2315,2023-09-24,Completed,Credit Card,9.99
7225,1168,2023-05-07,Completed,Credit Card,5.99
7226,1092,2023-11-10,Completed,Credit Card,0.0
7227,2659,2023-09-13,Completed,Credit Card,0.0
7228,1735,2023-06-07,Completed,Credit Card,5.99
7229,4846,2023-09-08,Completed,PayPal,14.99
7230,1852,2022-09-19,Completed,Cash,5.99
7231,1063,2023-03-10,Completed,Credit Card,0.0
7232,1098,2023-09-09,Returned,Credit Card,5.99
7233,2161,2022-01-16,Completed,Credit Card,5.99
7234,1050,2023-03-03,Completed,Credit Card,5.99
7235,2950,2023-11-19,Completed,Credit Card,5.99
7236,4035,2023-04-17,Returned,Credit Card,5.99
7237,3907,2022-02-03,Completed,Cash,14.99
7238,3695,2021-01-10,Cancelled,Credit Card,0.0
7239,1487,2021-07-02,Completed,Credit Card,9.99
7240,3736,2022-04-22,Returned,Credit Card,14.99
7241,3738,2022-02-27,Completed,Credit Card,5.99
7242,2067,2022-03-28,Completed,PayPal,0.0
7243,2967,2021-09-29,Cancelled,Credit Card,9.99
7244,3653,2023-09-27,Pending,Cash,9.99
7245,2778,2021-10-04,Completed,Credit Card,0.0
7246,393,2021-07-13,Completed,Debit Card,5.99
7247,1351,2023-07-16,Completed,Cash,5.99
7248,874,2021-01-03,Completed,Credit Card,0.0
7249,4270,2021-12-17,Completed,Credit Card,9.99
7250,4306,2023-05-05,Returned,PayPal,5.99
7251,2821,2023-09-19,Completed,Credit Card,9.99
7252,1530,2021-09-05,Completed,Debit Card,5.99
7253,764,2023-02-28,Completed,Credit Card,5.99
7254,818,2021-05-25,Completed,Credit Card,5.99
7255,2310,2022-08-31,Completed,Credit Card,0.0
7256,4312,2022-08-03,Completed,Cash,9.99
7257,2532,2021-07-12,Completed,Credit Card,5.99
7258,3539,2024-01-12,Completed,Credit Card,9.99
7259,286,2022-12-22,Completed,Debit Card,9.99
7260,1862,2021-09-02,Completed,Credit Card,5.99
7261,3101,2022-09-24,Returned,Credit Card,0.0
7262,1554,2023-07-31,Completed,Credit Card,14.99
7263,4352,2022-12-28,Completed,Debit Card,5.99
7264,1887,2023-05-16,Completed,Debit Card,14.99
7265,4772,2021-09-10,Completed,Credit Card,5.99
7266,3246,2023-05-02,Completed,Credit Card,0.0
7267,4377,2021-03-27,Completed,Debit Card,9.99
7268,4008,2022-03-04,Completed,PayPal,9.99
7269,4441,2024-01-21,Completed,Credit Card,9.99
7270,4142,2022-08-03,Completed,Credit Card,0.0
7271,2440,2022-10-31,Pending,Credit Card,9.99
7272,1445,2021-11-04,Completed,Debit Card,5.99
7273,130,2023-03-27,Pending,Cash,5.99
7274,2338,2021-03-01,Completed,Credit Card,14.99
7275,3786,2023-05-08,Completed,Credit Card,5.99
7276,2714,2023-11-22,Completed,Credit Card,0.0
7277,4816,2022-01-12,Completed,Credit Card,5.99
7278,4592,2021-11-19,Completed,Credit Card,5.99
7279,2021,2023-10-25,Completed,Cash,9.99
7280,3019,2023-07-28,Completed,Credit Card,0.0
7281,4121,2022-10-04,Completed,PayPal,9.99
7282,4867,2023-04-08,Returned,Credit Card,9.99
7283,2549,2021-05-27,Completed,PayPal,0.0
7284,3663,2022-09-21,Completed,Debit Card,0.0
7285,3890,2021-06-23,Completed,Credit Card,5.99
7286,459,2021-01-23,Completed,Cash,9.99
7287,3141,2023-02-18,Completed,Credit Card,5.99
7288,4721,2023-02-23,Completed,Debit Card,9.99
7289,2003,2021-05-24,Completed,PayPal,5.99
7290,4832,2023-01-25,Completed,Credit Card,5.99
7291,1456,2021-12-14,Completed,Debit Card,0.0
7292,4311,2022-01-25,Completed,PayPal,0.0
7293,2789,2021-11-20,Returned,Cash,9.99
7294,1978,2022-11-22,Completed,Debit Card,9.99
7295,1072,2023-07-15,Completed,Credit Card,5.99
7296,448,2023-12-17,Cancelled,Debit Card,5.99
7297,1231,2021-04-05,Completed,Debit Card,5.99
7298,2599,2024-01-26,Completed,Debit Card,0.0
7299,2544,2023-10-31,Completed,PayPal,5.99
7300,3337,2022-11-18,Completed,Credit Card,5.99
7301,666,2021-03-30,Pending,Credit Card,5.99
7302,3439,2023-05-18,Completed,Debit Card,5.99
7303,3885,2021-01-31,Completed,Cash,9.99
7304,4851,2022-01-27,Completed,Credit Card,5.99
7305,2375,2021-04-23,Pending,Cash,5.99
7306,3372,2022-04-01,Completed,Cash,5.99
7307,3647,2022-08-08,Completed,Cash,9.99
7308,3705,2023-09-16,Returned,Cash,5.99
7309,4304,2021-05-26,Completed,PayPal,0.0
7310,560,2021-06-10,Completed,PayPal,14.99
7311,4259,2022-01-12,Completed,Debit Card,5.99
7312,4666,2021-04-11,Completed,Credit Card,0.0
7313,4234,2021-10-09,Completed,Credit Card,5.99
7314,3560,2023-08-19,Completed,Credit Card,9.99
7315,1764,2022-03-12,Completed,Credit Card,5.99
7316,3394,2021-02-20,Completed,Credit Card,5.99
7317,643,2021-10-12,Completed,Cash,0.0
7318,1842,2022-04-25,Completed,Debit Card,5.99
7319,4704,2023-12-18,Completed,Credit Card,0.0
7320,2668,2023-01-13,Returned,PayPal,5.99
7321,2381,2022-11-08,Completed,Credit Card,5.99
7322,2688,2021-07-19,Returned,Credit Card,5.99
7323,4799,2021-10-13,Completed,PayPal,5.99
7324,1107,2021-11-12,Completed,Credit Card,5.99
7325,530,2021-03-14,Completed,Debit Card,5.99
7326,941,2023-08-10,Completed,Credit Card,0.0
7327,4590,2021-11-09,Completed,Debit Card,0.0
7328,2747,2021-10-29,Completed,PayPal,0.0
7329,3590,2022-02-08,Pending,Credit Card,9.99
7330,1417,2021-04-04,Completed,Cash,9.99
7331,1882,2022-02-24,Completed,Credit Card,9.99
7332,2722,2022-05-12,Returned,Debit Card,5.99
7333,424,2023-02-01,Cancelled,Cash,5.99
7334,716,2021-11-04,Returned,Cash,9.99
7335,2301,2022-04-01,Completed,Credit Card,5.99
7336,3774,2022-04-05,Completed,Credit Card,0.0
7337,1752,2024-01-13,Completed,Debit Card,14.99
7338,4050,2023-01-06,Completed,Credit Card,0.0
7339,3993,2021-05-19,Completed,Credit Card,5.99
7340,4678,2021-08-05,Completed,PayPal,5.99
7341,3462,2021-09-03,Completed,Debit Card,9.99
7342,1128,2022-05-09,Completed,Credit Card,14.99
7343,3286,2023-10-16,Completed,Credit Card,14.99
7344,1612,2023-08-20,Completed,Cash,5.99
7345,4139,2022-05-14,Completed,Debit Card,5.99
7346,4780,2024-01-14,Completed,Debit Card,0.0
7347,3106,2023-07-27,Completed,Credit Card,5.99
7348,2893,2021-11-19,Completed,Credit Card,9.99
7349,2393,2023-06-19,Completed,Credit Card,5.99
7350,4610,2023-08-17,Completed,Debit Card,0.0
7351,4043,2023-03-10,Completed,Credit Card,0.0
7352,3808,2023-06-16,Cancelled,Debit Card,5.99
7353,4672,2023-12-29,Completed,Debit Card,0.0
7354,704,2021-11-17,Completed,Debit Card,5.99
7355,3922,2022-05-19,Completed,Credit Card,5.99
7356,4539,2023-03-13,Completed,PayPal,5.99
7357,1260,2021-01-16,Completed,Debit Card,0.0
7358,1108,2022-08-24,Completed,Credit Card,9.99
7359,167,2022-01-09,Completed,Credit Card,5.99
7360,361,2021-09-24,Completed,Debit Card,5.99
7361,4507,2023-02-24,Completed,Credit Card,5.99
7362,1011,2023-04-16,Completed,Credit Card,5.99
7363,191,2022-11-05,Completed,Credit Card,9.99
7364,248,2021-08-02,Completed,Credit Card,14.99
7365,799,2022-09-16,Completed,Cash,0.0
7366,2094,2022-06-08,Completed,Debit Card,0.0
7367,1458,2022-06-17,Completed,Debit Card,5.99
7368,4134,2023-11-09,Completed,Cash,0.0
7369,3341,2023-02-11,Completed,Debit Card,14.99
7370,3410,2022-11-25,Completed,Debit Card,5.99
7371,4884,2023-07-31,Completed,Credit Card,5.99
7372,473,2022-07-09,Completed,Debit Card,5.99
7373,3237,2022-02-10,Completed,Credit Card,5.99
7374,1493,2021-02-18,Completed,Credit Card,0.0
7375,2620,2023-04-06,Pending,Credit Card,9.99
7376,703,2021-11-14,Completed,Credit Card,0.0
7377,2637,2021-02-17,Completed,Credit Card,14.99
7378,4002,2023-02-22,Completed,Credit Card,0.0
7379,2649,2023-12-18,Completed,PayPal,9.99
7380,4802,2021-05-13,Pending,Credit Card,0.0
7381,2787,2022-09-26,Completed,PayPal,5.99
7382,883,2022-09-04,Completed,Debit Card,5.99
7383,2076,2021-09-10,Completed,Debit Card,0.0
7384,4774,2023-11-02,Completed,Credit Card,5.99
7385,351,2023-06-19,Completed,Cash,5.99
7386,4629,2021-10-17,Completed,Credit Card,5.99
7387,3257,2021-04-14,Completed,Debit Card,5.99
7388,3648,2021-12-21,Completed,Debit Card,9.99
7389,805,2023-11-19,Returned,Credit Card,0.0
7390,115,2021-06-12,Completed,Credit Card,0.0
7391,4189,2021-05-09,Completed,Credit Card,5.99
7392,65,2022-03-03,Pending,PayPal,9.99
7393,13,2021-01-21,Completed,PayPal,9.99
7394,2173,2021-01-10,Cancelled,Cash,5.99
7395,2893,2023-11-27,Completed,Credit Card,9.99
7396,4218,2022-07-11,Completed,Credit Card,9.99
7397,3963,2022-05-02,Completed,Credit Card,0.0
7398,1503,2022-03-24,Completed,Cash,0.0
7399,2236,2021-09-03,Completed,Credit Card,5.99
7400,1284,2022-08-17,Completed,Credit Card,0.0
7401,1430,2021-06-22,Completed,Cash,5.99
7402,3964,2024-01-31,Completed,Debit Card,5.99
7403,2401,2021-08-26,Completed,Debit Card,5.99
7404,4827,2021-06-04,Completed,Credit Card,0.0
7405,3229,2023-06-17,Returned,Credit Card,9.99
7406,3470,2023-04-21,Completed,Cash,5.99
7407,2864,2022-05-26,Completed,Debit Card,5.99
7408,1053,2022-02-04,Completed,Credit Card,14.99
7409,2437,2021-02-13,Returned,Credit Card,0.0
7410,4230,2022-11-23,Returned,Credit Card,5.99
7411,1626,2021-01-03,Completed,Debit Card,5.99
7412,368,2023-07-20,Cancelled,Credit Card,9.99
7413,2829,2022-07-27,Completed,Debit Card,0.0
7414,942,2022-11-27,Returned,Debit Card,9.99
7415,3741,2021-04-19,Completed,PayPal,14.99
7416,1019,2022-08-02,Completed,Credit Card,5.99
7417,4804,2022-08-03,Completed,PayPal,0.0
7418,3808,2022-05-05,Completed,Debit Card,5.99
7419,1273,2021-12-16,Completed,Credit Card,0.0
7420,2719,2023-06-23,Completed,Cash,5.99
7421,524,2021-07-18,Returned,Credit Card,9.99
7422,1475,2021-12-07,Completed,Debit Card,5.99
7423,1779,2021-01-13,Completed,Credit Card,0.0
7424,2098,2021-10-18,Completed,Debit Card,5.99
7425,1685,2023-12-02,Completed,Debit Card,5.99
7426,1926,2022-07-30,Completed,Credit Card,5.99
7427,2684,2022-06-25,Completed,Debit Card,5.99
7428,1901,2021-08-17,Completed,Debit Card,9.99
7429,3540,2023-04-19,Completed,PayPal,5.99
7430,3796,2021-06-27,Completed,Credit Card,14.99
7431,3057,2023-02-13,Returned,Credit Card,14.99
7432,3666,2022-03-13,Completed,Debit Card,0.0
7433,3966,2023-04-17,Cancelled,Credit Card,0.0
7434,4078,2022-01-02,Completed,Debit Card,5.99
7435,3640,2022-07-14,Completed,Credit Card,0.0
7436,1743,2021-04-30,Returned,Credit Card,5.99
7437,2054,2023-12-01,Completed,PayPal,5.99
7438,1066,2023-12-14,Completed,PayPal,0.0
7439,3179,2022-11-08,Completed,Debit Card,0.0
7440,2743,2021-08-23,Completed,PayPal,0.0
7441,4359,2023-05-27,Completed,Debit Card,0.0
7442,3950,2022-04-22,Completed,Debit Card,5.99
7443,2644,2021-09-29,Pending,Cash,5.99
7444,394,2022-05-08,Completed,Debit Card,14.99
7445,1695,2023-11-03,Completed,Debit Card,0.0
7446,571,2021-08-01,Completed,Credit Card,14.99
7447,75,2022-02-06,Completed,Cash,0.0
7448,2454,2023-10-01,Returned,Credit Card,5.99
7449,4836,2021-01-29,Completed,Credit Card,0.0
7450,3585,2022-10-18,Completed,Credit Card,9.99
7451,4910,2023-09-16,Cancelled,Credit Card,0.0
7452,755,2022-08-26,Completed,Credit Card,14.99
7453,2104,2021-06-06,Completed,PayPal,0.0
7454,9,2021-03-19,Completed,Debit Card,0.0
7455,3853,2022-05-13,Completed,Credit Card,5.99
7456,3911,2023-09-02,Completed,PayPal,9.99
7457,615,2023-04-22,Completed,Debit Card,14.99
7458,1494,2021-11-22,Completed,Debit Card,5.99
7459,4178,2021-12-25,Completed,Credit Card,9.99
7460,245,2023-04-29,Completed,PayPal,9.99
7461,3383,2022-11-17,Completed,Credit Card,5.99
7462,700,2022-07-03,Completed,Credit Card,5.99
7463,4723,2021-09-08,Returned,Credit Card,0.0
7464,4886,2022-10-31,Completed,Debit Card,5.99
7465,289,2021-09-21,Completed,Debit Card,9.99
7466,3944,2023-01-08,Completed,Credit Card,5.99
7467,2165,2023-12-30,Completed,Credit Card,9.99
7468,3231,2022-03-07,Completed,Debit Card,9.99
7469,3220,2023-12-15,Completed,Debit Card,9.99
7470,3378,2022-12-18,Completed,Credit Card,0.0
7471,4950,2021-06-21,Completed,PayPal,0.0
7472,4076,2023-06-03,Completed,Cash,0.0
7473,2237,2022-04-25,Completed,Credit Card,14.99
7474,3888,2022-10-07,Completed,Debit Card,0.0
7475,1242,2023-10-07,Completed,Credit Card,5.99
7476,739,2023-11-25,Completed,Debit Card,0.0
7477,3764,2021-05-31,Completed,Credit Card,0.0
7478,981,2021-08-31,Completed,Credit Card,0.0
7479,1395,2023-04-23,Completed,PayPal,0.0
7480,2375,2022-08-03,Completed,PayPal,5.99
7481,1887,2022-07-24,Completed,Credit Card,14.99
7482,3017,2023-06-08,Cancelled,Credit Card,5.99
7483,3196,2023-04-21,Completed,Credit Card,9.99
7484,3467,2023-10-22,Completed,Debit Card,5.99
7485,4100,2022-07-17,Completed,PayPal,9.99
7486,2007,2023-09-08,Completed,Debit Card,14.99
7487,414,2021-08-06,Completed,Debit Card,14.99
7488,1787,2022-01-25,Completed,PayPal,0.0
7489,1259,2021-12-16,Completed,Debit Card,9.99
7490,2853,2021-05-01,Completed,Debit Card,0.0
7491,1616,2021-07-25,Completed,Debit Card,5.99
7492,3170,2021-05-01,Completed,PayPal,5.99
7493,4693,2021-12-31,Completed,Credit Card,5.99
7494,3046,2021-07-26,Completed,Credit Card,5.99
7495,1183,2022-11-25,Completed,Credit Card,0.0
7496,2969,2023-12-04,Returned,PayPal,9.99
7497,2670,2022-11-30,Completed,Credit Card,5.99
7498,4359,2021-09-05,Completed,Credit Card,0.0
7499,3650,2021-07-21,Completed,Cash,5.99
7500,3111,2023-01-23,Completed,Cash,5.99
7501,4011,2023-12-13,Completed,Cash,0.0
7502,1695,2021-06-16,Completed,Credit Card,0.0
7503,2623,2021-09-05,Completed,PayPal,14.99
7504,87,2021-04-19,Completed,Credit Card,9.99
7505,3888,2021-07-12,Completed,Credit Card,0.0
7506,4590,2022-08-08,Returned,Credit Card,5.99
7507,767,2023-02-26,Completed,Debit Card,5.99
7508,454,2021-04-04,Returned,Credit Card,5.99
7509,4090,2021-09-27,Completed,Debit Card,5.99
7510,1441,2022-01-27,Cancelled,PayPal,0.0
7511,4282,2023-01-30,Completed,Credit Card,5.99
7512,1835,2022-05-27,Returned,Credit Card,0.0
7513,4878,2022-11-23,Completed,Credit Card,5.99
7514,2438,2023-03-25,Completed,Cash,14.99
7515,3779,2023-11-10,Completed,Credit Card,14.99
7516,3163,2021-11-30,Completed,Credit Card,14.99
7517,2196,2023-11-11,Completed,Credit Card,14.99
7518,3402,2021-01-31,Returned,PayPal,0.0
7519,590,2021-07-19,Completed,Credit Card,9.99
7520,1503,2022-07-09,Completed,Credit Card,0.0
7521,3104,2021-04-09,Completed,Credit Card,9.99
7522,723,2024-01-07,Completed,PayPal,9.99
7523,2133,2021-08-21,Completed,Credit Card,5.99
7524,4993,2021-10-15,Completed,Debit Card,5.99
7525,4977,2022-05-12,Completed,Credit Card,0.0
7526,1677,2022-11-21,Completed,Cash,0.0
7527,3317,2023-05-29,Completed,Debit Card,14.99
7528,1938,2022-04-12,Completed,Debit Card,9.99
7529,880,2021-06-17,Completed,Credit Card,0.0
7530,4695,2023-03-29,Completed,Credit Card,0.0
7531,3235,2023-10-12,Completed,Credit Card,0.0
7532,1443,2023-02-23,Completed,Debit Card,14.99
7533,3616,2023-03-21,Completed,Cash,14.99
7534,2735,2021-04-11,Completed,Credit Card,5.99
7535,3232,2021-10-20,Completed,PayPal,5.99
7536,2443,2023-07-17,Completed,Credit Card,9.99
7537,2095,2021-07-14,Completed,Cash,0.0
7538,1827,2023-03-25,Completed,Credit Card,14.99
7539,4753,2022-01-04,Completed,Credit Card,5.99
7540,314,2023-08-07,Completed,Credit Card,0.0
7541,4777,2023-12-19,Completed,Debit Card,5.99
7542,2609,2022-07-17,Completed,Debit Card,5.99
7543,522,2023-08-18,Pending,Credit Card,5.99
7544,4958,2023-11-16,Completed,Debit Card,5.99
7545,2760,2023-07-31,Completed,Credit Card,9.99
7546,3222,2021-07-03,Completed,Credit Card,9.99
7547,3285,2024-01-22,Completed,Credit Card,5.99
7548,1784,2021-06-07,Completed,Debit Card,5.99
7549,136,2022-02-12,Completed,Debit Card,0.0
7550,506,2023-12-26,Cancelled,Debit Card,5.99
7551,3227,2022-04-16,Completed,Debit Card,0.0
7552,1646,2022-09-22,Completed,Credit Card,14.99
7553,3196,2023-10-19,Completed,PayPal,14.99
7554,1189,2023-06-28,Completed,Credit Card,0.0
7555,968,2021-04-04,Completed,Debit Card,9.99
7556,441,2022-12-14,Completed,Credit Card,9.99
7557,2939,2021-07-01,Completed,Debit Card,14.99
7558,633,2021-01-26,Completed,Debit Card,5.99
7559,3186,2022-06-08,Cancelled,Credit Card,9.99
7560,2122,2023-08-30,Completed,Debit Card,5.99
7561,463,2022-04-22,Completed,Credit Card,0.0
7562,3649,2021-01-04,Completed,Credit Card,0.0
7563,4182,2021-03-04,Completed,Debit Card,0.0
7564,3788,2022-01-14,Pending,PayPal,0.0
7565,455,2023-11-26,Completed,Credit Card,0.0
7566,2462,2021-12-04,Completed,Credit Card,9.99
7567,4108,2021-07-13,Completed,Debit Card,9.99
7568,886,2022-03-18,Completed,Debit Card,14.99
7569,741,2021-08-21,Completed,Credit Card,5.99
7570,1676,2021-06-11,Completed,PayPal,14.99
7571,2982,2022-09-03,Returned,Debit Card,5.99
7572,1601,2023-11-13,Completed,Credit Card,5.99
7573,3903,2021-12-20,Completed,Credit Card,5.99
7574,2019,2022-09-30,Completed,Credit Card,9.99
7575,4951,2021-07-09,Completed,Debit Card,0.0
7576,3405,2022-09-09,Completed,Credit Card,9.99
7577,2990,2022-04-25,Completed,Cash,9.99
7578,1312,2021-02-12,Completed,Credit Card,14.99
7579,3955,2022-07-16,Completed,Debit Card,14.99
7580,1337,2022-08-29,Completed,Credit Card,5.99
7581,4880,2022-09-26,Completed,PayPal,9.99
7582,2597,2023-02-21,Pending,PayPal,14.99
7583,4758,2023-08-10,Completed,Credit Card,14.99
7584,4458,2023-12-27,Completed,Cash,9.99
7585,3216,2022-08-31,Completed,Credit Card,9.99
7586,3610,2021-10-28,Completed,Debit Card,0.0
7587,3775,2022-11-03,Completed,PayPal,9.99
7588,3841,2023-04-26,Completed,Debit Card,0.0
7589,502,2022-03-29,Pending,Cash,5.99
7590,2742,2022-09-08,Completed,PayPal,5.99
7591,2954,2021-02-02,Cancelled,Cash,5.99
7592,2443,2021-02-13,Completed,Credit Card,5.99
7593,4234,2021-07-07,Completed,Credit Card,9.99
7594,4856,2023-07-14,Completed,Debit Card,9.99
7595,4791,2023-05-10,Completed,Debit Card,5.99
7596,303,2023-12-14,Completed,Debit Card,5.99
7597,3885,2022-04-09,Completed,Credit Card,14.99
7598,731,2022-05-21,Completed,PayPal,5.99
7599,1493,2022-07-21,Completed,Cash,5.99
7600,4816,2023-01-07,Completed,Credit Card,5.99
7601,4958,2021-01-15,Completed,Credit Card,14.99
7602,3148,2021-05-06,Completed,Credit Card,5.99
7603,4989,2022-06-14,Completed,Credit Card,14.99
7604,4927,2021-08-01,Completed,Debit Card,5.99
7605,788,2023-01-16,Completed,Cash,0.0
7606,2668,2021-07-02,Completed,Credit Card,0.0
7607,2396,2021-06-27,Completed,Debit Card,5.99
7608,4499,2022-02-10,Cancelled,Debit Card,5.99
7609,1500,2021-03-31,Cancelled,Credit Card,5.99
7610,3918,2022-03-16,Cancelled,Debit Card,5.99
7611,78,2021-02-23,Completed,Debit Card,5.99
7612,407,2023-06-27,Completed,PayPal,9.99
7613,1043,2023-03-08,Completed,Credit Card,9.99
7614,4702,2023-03-11,Completed,Debit Card,9.99
7615,2026,2021-05-25,Pending,Credit Card,14.99
7616,1777,2023-09-04,Completed,Credit Card,5.99
7617,860,2021-01-09,Completed,Credit Card,0.0
7618,1738,2023-03-04,Completed,Credit Card,0.0
7619,1055,2021-08-06,Completed,Credit Card,5.99
7620,3204,2023-03-06,Completed,Credit Card,5.99
7621,4173,2023-04-04,Completed,Debit Card,14.99
7622,4686,2022-07-03,Cancelled,Debit Card,9.99
7623,1598,2023-04-28,Pending,Credit Card,0.0
7624,3859,2022-09-29,Completed,Credit Card,5.99
7625,2145,2024-01-08,Completed,Debit Card,5.99
7626,3447,2021-10-05,Completed,Credit Card,14.99
7627,162,2021-03-05,Completed,Credit Card,0.0
7628,1283,2023-12-06,Pending,Debit Card,5.99
7629,528,2023-09-28,Completed,Credit Card,14.99
7630,2046,2021-09-17,Completed,Credit Card,14.99
7631,3560,2023-12-24,Completed,Credit Card,5.99
7632,4465,2022-09-26,Completed,Credit Card,0.0
7633,4389,2023-12-08,Completed,Cash,5.99
7634,2353,2021-05-26,Completed,Credit Card,9.99
7635,621,2023-11-15,Completed,Debit Card,5.99
7636,2947,2021-08-05,Completed,Debit Card,14.99
7637,4094,2023-12-31,Completed,Credit Card,5.99
7638,3949,2023-03-09,Completed,Credit Card,5.99
7639,685,2023-03-17,Completed,PayPal,9.99
7640,1110,2021-10-14,Completed,PayPal,5.99
7641,4977,2022-04-09,Completed,Credit Card,5.99
7642,553,2022-07-30,Completed,Credit Card,5.99
7643,4312,2022-06-06,Completed,PayPal,9.99
7644,2179,2022-06-09,Returned,Credit Card,0.0
7645,1416,2021-04-25,Completed,Credit Card,5.99
7646,3068,2022-10-31,Completed,Credit Card,5.99
7647,518,2023-01-28,Completed,Credit Card,5.99
7648,4837,2023-06-20,Completed,Credit Card,14.99
7649,2894,2021-10-19,Completed,Credit Card,5.99
7650,3389,2022-09-26,Pending,Debit Card,5.99
7651,697,2023-10-18,Completed,Debit Card,5.99
7652,3875,2023-08-03,Completed,Credit Card,9.99
7653,3570,2021-12-17,Completed,Credit Card,0.0
7654,2987,2021-06-19,Completed,Debit Card,9.99
7655,2753,2022-04-01,Completed,Credit Card,0.0
7656,4571,2023-04-20,Completed,Credit Card,5.99
7657,4916,2022-02-06,Completed,Credit Card,5.99
7658,1283,2023-04-07,Completed,Credit Card,0.0
7659,1271,2021-11-09,Completed,Cash,0.0
7660,1804,2021-02-22,Completed,Debit Card,0.0
7661,3020,2021-06-02,Completed,Credit Card,0.0
7662,2962,2023-04-16,Completed,Debit Card,9.99
7663,1063,2021-01-16,Completed,Credit Card,9.99
7664,4480,2022-07-13,Completed,Credit Card,0.0
7665,2648,2022-08-27,Completed,Credit Card,0.0
7666,4558,2021-08-13,Completed,Debit Card,9.99
7667,4017,2023-09-05,Completed,Credit Card,0.0
7668,212,2021-11-19,Completed,Credit Card,14.99
7669,3582,2022-02-01,Completed,Credit Card,0.0
7670,1598,2021-05-20,Completed,Credit Card,9.99
7671,48,2021-02-28,Completed,Debit Card,5.99
7672,1240,2021-05-09,Completed,PayPal,0.0
7673,1212,2023-06-18,Completed,Debit Card,0.0
7674,4481,2021-04-25,Completed,Debit Card,5.99
7675,1453,2023-03-11,Completed,Cash,5.99
7676,4984,2023-05-18,Completed,Credit Card,5.99
7677,1826,2023-12-16,Completed,Credit Card,0.0
7678,1930,2023-02-09,Completed,Credit Card,5.99
7679,2924,2022-05-13,Completed,Credit Card,5.99
7680,1178,2023-06-16,Completed,Credit Card,5.99
7681,4450,2021-10-02,Completed,Credit Card,0.0
7682,3595,2021-07-24,Completed,Credit Card,5.99
7683,4319,2024-01-23,Completed,Debit Card,5.99
7684,4079,2023-01-14,Completed,Cash,14.99
7685,851,2022-03-18,Completed,Credit Card,9.99
7686,3069,2022-12-10,Pending,Credit Card,0.0
7687,1589,2023-11-18,Completed,Debit Card,0.0
7688,2874,2022-05-28,Completed,Credit Card,0.0
7689,4904,2021-04-15,Completed,Credit Card,0.0
7690,3359,2022-09-17,Completed,Credit Card,0.0
7691,2461,2023-09-13,Completed,Debit Card,0.0
7692,3969,2021-03-22,Completed,PayPal,0.0
7693,1284,2023-01-20,Completed,Debit Card,0.0
7694,3364,2023-07-25,Completed,Credit Card,5.99
7695,4312,2021-06-30,Completed,Credit Card,0.0
7696,2538,2021-11-22,Completed,Credit Card,0.0
7697,4087,2023-05-04,Completed,Cash,5.99
7698,2180,2022-10-13,Completed,Debit Card,0.0
7699,3379,2023-03-07,Pending,Credit Card,0.0
7700,2270,2022-12-11,Completed,Debit Card,0.0
7701,2949,2023-02-26,Completed,Credit Card,5.99
7702,2630,2022-07-24,Completed,Cash,9.99
7703,278,2021-07-26,Completed,,0.0
7704,3727,2023-05-28,Completed,Credit Card,5.99
7705,1237,2022-10-09,Completed,Debit Card,5.99
7706,4260,2023-03-21,Cancelled,Credit Card,5.99
7707,2011,2023-03-10,Completed,Credit Card,9.99
7708,842,2023-05-10,Completed,Debit Card,9.99
7709,81,2023-07-27,Completed,Debit Card,0.0
7710,1007,2021-07-14,Completed,Credit Card,5.99
7711,4511,2022-11-18,Completed,Debit Card,5.99
7712,2896,2023-07-28,Completed,Debit Card,14.99
7713,404,2021-08-18,Completed,Credit Card,9.99
7714,4312,2021-06-20,Completed,Credit Card,0.0
7715,4476,2021-09-01,Completed,Debit Card,0.0
7716,403,2021-10-15,Completed,Credit Card,9.99
7717,4423,2021-03-21,Completed,PayPal,5.99
7718,3934,2023-10-10,Completed,Credit Card,5.99
7719,2590,2021-02-06,Completed,Credit Card,5.99
7720,3303,2021-08-03,Completed,Credit Card,0.0
7721,2544,2023-12-06,Completed,Debit Card,9.99
7722,2873,2021-02-06,Completed,Debit Card,9.99
7723,210,2022-11-23,Pending,Credit Card,5.99
7724,2773,2023-12-15,Pending,Credit Card,5.99
7725,4448,2022-01-28,Completed,PayPal,5.99
7726,911,2023-01-23,Pending,Credit Card,0.0
7727,99,2023-05-16,Completed,Credit Card,0.0
7728,2622,2023-10-02,Completed,Credit Card,0.0
7729,4340,2022-01-16,Completed,Credit Card,14.99
7730,87,2023-04-19,Completed,Credit Card,5.99
7731,892,2022-01-09,Completed,Credit Card,0.0
7732,13,2023-01-11,Completed,Credit Card,5.99
7733,4605,2022-11-26,Completed,PayPal,0.0
7734,4556,2021-10-09,Completed,Credit Card,0.0
7735,3445,2022-12-08,Completed,PayPal,5.99
7736,3986,2023-08-01,Completed,Debit Card,5.99
7737,4871,2023-05-13,Completed,Credit Card,5.99
7738,4030,2021-06-10,Completed,Debit Card,5.99
7739,2130,2022-12-17,Pending,Credit Card,5.99
7740,2078,2021-02-27,Completed,Credit Card,5.99
7741,4093,2022-05-02,Completed,Cash,5.99
7742,3566,2022-01-20,Completed,Debit Card,5.99
7743,651,2022-12-13,Completed,PayPal,5.99
7744,4820,2023-11-18,Completed,PayPal,5.99
7745,1738,2022-06-13,Cancelled,Credit Card,5.99
7746,3659,2024-01-02,Completed,Credit Card,0.0
7747,4354,2021-04-07,Completed,Credit Card,0.0
7748,4490,2023-11-23,Completed,PayPal,5.99
7749,3497,2023-05-06,Completed,PayPal,5.99
7750,3088,2021-05-15,Completed,Debit Card,5.99
7751,1589,2023-10-30,Completed,Credit Card,14.99
7752,3147,2023-06-02,Completed,Credit Card,5.99
7753,2423,2023-11-24,Completed,PayPal,9.99
7754,3184,2022-01-27,Completed,Cash,5.99
7755,2708,2021-01-21,Completed,Credit Card,0.0
7756,1985,2022-06-02,Completed,Credit Card,14.99
7757,1797,2022-02-23,Completed,Credit Card,9.99
7758,1917,2022-07-28,Cancelled,Credit Card,5.99
7759,2461,2021-10-25,Completed,PayPal,0.0
7760,3639,2021-11-26,Completed,Credit Card,0.0
7761,3627,2023-10-13,Completed,Debit Card,9.99
7762,2266,2024-01-12,Completed,Credit Card,0.0
7763,4703,2023-02-05,Completed,Credit Card,5.99
7764,3346,2022-03-21,Completed,Credit Card,5.99
7765,1875,2021-09-25,Completed,PayPal,0.0
7766,1628,2021-09-11,Completed,Debit Card,9.99
7767,3929,2021-01-07,Completed,Credit Card,9.99
7768,4729,2021-05-13,Pending,Credit Card,5.99
7769,1212,2022-05-08,Completed,Credit Card,5.99
7770,1280,2022-03-25,Completed,Credit Card,9.99
7771,3526,2024-01-20,Completed,Debit Card,5.99
7772,1395,2022-03-21,Completed,Debit Card,5.99
7773,4113,2021-01-20,Completed,Credit Card,5.99
7774,938,2021-01-29,Completed,PayPal,0.0
7775,609,2022-07-29,Completed,Debit Card,14.99
7776,2826,2021-01-16,Completed,Credit Card,5.99
7777,5,2021-04-08,Completed,Credit Card,5.99
7778,1486,2022-05-22,Pending,PayPal,9.99
7779,1791,2023-10-01,Completed,Debit Card,5.99
7780,3973,2023-05-11,Completed,Credit Card,0.0
7781,2378,2022-12-07,Completed,Debit Card,9.99
7782,1694,2022-09-26,Cancelled,Credit Card,0.0
7783,4501,2021-02-02,Completed,PayPal,5.99
7784,4086,2021-08-06,Completed,Cash,5.99
7785,2007,2022-09-15,Completed,Debit Card,5.99
7786,2362,2021-03-28,Completed,Debit Card,9.99
7787,2566,2022-11-26,Completed,Credit Card,5.99
7788,412,2023-06-06,Returned,Debit Card,9.99
7789,2648,2022-11-13,Completed,PayPal,5.99
7790,1349,2021-01-01,Completed,Credit Card,14.99
7791,945,2021-10-31,Completed,Debit Card,5.99
7792,4918,2022-12-22,Completed,PayPal,5.99
7793,2374,2023-07-11,Completed,Credit Card,14.99
7794,72,2024-01-28,Returned,Credit Card,0.0
7795,2618,2023-09-28,Completed,Debit Card,0.0
7796,32,2021-03-18,Returned,PayPal,14.99
7797,2069,2021-04-06,Completed,PayPal,14.99
7798,3877,2022-10-28,Completed,Debit Card,9.99
7799,1070,2021-04-26,Completed,PayPal,5.99
7800,3414,2021-10-20,Completed,Debit Card,5.99
7801,217,2023-08-03,Completed,Credit Card,0.0
7802,3918,2021-01-15,Completed,PayPal,5.99
7803,4618,2022-07-10,Completed,Credit Card,5.99
7804,3499,2023-03-12,Completed,Credit Card,0.0
7805,1343,2022-01-31,Completed,Credit Card,5.99
7806,4876,2023-03-20,Completed,Credit Card,5.99
7807,623,2021-05-20,Completed,Credit Card,5.99
7808,2210,2021-08-17,Completed,Credit Card,5.99
7809,2912,2023-11-24,Completed,Credit Card,9.99
7810,4813,2022-01-31,Completed,Credit Card,5.99
7811,3988,2023-12-05,Completed,Credit Card,5.99
7812,3694,2023-05-11,Completed,PayPal,5.99
7813,1936,2022-07-01,Completed,PayPal,0.0
7814,3357,2023-12-23,Completed,PayPal,5.99
7815,3094,2024-01-13,Completed,Credit Card,5.99
7816,132,2022-01-20,Completed,Debit Card,5.99
7817,4687,2023-02-19,Completed,Credit Card,14.99
7818,4364,2021-09-30,Returned,Credit Card,5.99
7819,2598,2023-04-17,Completed,Debit Card,0.0
7820,4757,2023-04-30,Completed,Debit Card,5.99
7821,941,2021-06-12,Completed,PayPal,9.99
7822,4969,2023-04-26,Completed,Debit Card,5.99
7823,4561,2022-02-02,Completed,Credit Card,9.99
7824,763,2023-03-08,Completed,PayPal,9.99
7825,3597,2023-07-01,Pending,Debit Card,0.0
7826,2442,2023-08-31,Completed,PayPal,0.0
7827,3971,2021-05-17,Completed,PayPal,5.99
7828,1900,2023-07-22,Completed,Credit Card,0.0
7829,3186,2023-07-27,Completed,Credit Card,5.99
7830,3571,2022-10-14,Completed,Credit Card,9.99
7831,2989,2022-01-15,Completed,Credit Card,5.99
7832,1680,2023-04-22,Completed,Credit Card,5.99
7833,3615,2022-09-05,Completed,Credit Card,5.99
7834,4332,2022-01-04,Completed,,0.0
7835,4319,2023-02-27,Completed,PayPal,9.99
7836,2868,2021-07-23,Completed,Debit Card,5.99
7837,4293,2023-01-03,Pending,Credit Card,5.99
7838,3690,2022-07-12,Completed,Credit Card,0.0
7839,2454,2024-01-12,Completed,Debit Card,9.99
7840,4145,2023-08-05,Completed,Credit Card,5.99
7841,4880,2024-01-11,Cancelled,PayPal,0.0
7842,2838,2024-01-20,Completed,Cash,14.99
7843,2968,2021-06-30,Completed,Credit Card,9.99
7844,3709,2022-06-27,Completed,Debit Card,5.99
7845,955,2021-07-17,Completed,Credit Card,5.99
7846,2005,2021-10-11,Completed,Debit Card,14.99
7847,928,2022-06-13,Pending,Credit Card,9.99
7848,4385,2022-11-03,Cancelled,Credit Card,5.99
7849,2074,2021-12-02,Completed,Debit Card,5.99
7850,2150,2023-06-30,Completed,Debit Card,0.0
7851,2163,2023-08-26,Completed,Debit Card,0.0
7852,4923,2021-03-14,Completed,Credit Card,0.0
7853,3198,2023-01-11,Cancelled,Debit Card,0.0
7854,529,2021-03-20,Completed,PayPal,9.99
7855,3565,2023-12-29,Completed,Cash,0.0
7856,1992,2023-08-26,Completed,PayPal,9.99
7857,4625,2022-11-23,Completed,PayPal,5.99
7858,2623,2022-11-24,Completed,Debit Card,5.99
7859,1484,2021-03-25,Completed,Debit Card,5.99
7860,2777,2022-10-22,Completed,Credit Card,5.99
7861,3924,2023-05-31,Completed,Credit Card,5.99
7862,2056,2021-11-30,Returned,PayPal,5.99
7863,3912,2022-06-28,Completed,PayPal,9.99
7864,3906,2022-08-28,Completed,Debit Card,5.99
7865,3960,2023-12-31,Completed,Credit Card,9.99
7866,2275,2021-06-14,Completed,Credit Card,9.99
7867,1942,2024-01-19,Completed,Credit Card,9.99
7868,3593,2024-01-05,Completed,Credit Card,0.0
7869,1293,2023-12-28,Completed,Credit Card,14.99
7870,651,2023-03-01,Completed,Cash,5.99
7871,1161,2023-06-25,Completed,Credit Card,9.99
7872,1821,2023-11-24,Cancelled,Debit Card,5.99
7873,4159,2023-01-24,Completed,Credit Card,5.99
7874,2246,2021-02-21,Completed,Cash,14.99
7875,4221,2021-07-27,Returned,PayPal,0.0
7876,3729,2022-04-08,Completed,Credit Card,5.99
7877,3641,2021-08-20,Completed,Cash,0.0
7878,3025,2022-02-16,Completed,Debit Card,0.0
7879,3142,2023-12-13,Completed,Credit Card,9.99
7880,596,2023-08-03,Completed,Debit Card,0.0
7881,667,2021-05-08,Completed,Credit Card,9.99
7882,4492,2023-06-17,Completed,Debit Card,5.99
7883,4611,2022-07-25,Completed,Cash,5.99
7884,4253,2021-06-15,Completed,PayPal,5.99
7885,3843,2022-09-04,Completed,Credit Card,0.0
7886,2721,2021-12-11,Completed,Credit Card,14.99
7887,3059,2021-02-14,Completed,Credit Card,9.99
7888,4037,2021-07-27,Completed,Credit Card,5.99
7889,4855,2022-05-09,Returned,Credit Card,0.0
7890,4407,2022-07-21,Completed,Credit Card,5.99
7891,1810,2024-01-07,Completed,Debit Card,0.0
7892,1040,2022-09-27,Completed,PayPal,9.99
7893,1536,2022-03-10,Completed,Credit Card,9.99
7894,4872,2021-12-24,Returned,Credit Card,5.99
7895,332,2024-01-23,Completed,Credit Card,9.99
7896,234,2021-06-03,Completed,Credit Card,0.0
7897,490,2022-09-29,Completed,Credit Card,5.99
7898,2652,2021-02-04,Cancelled,Credit Card,9.99
7899,4827,2022-08-23,Cancelled,Debit Card,0.0
7900,101,2023-03-11,Completed,PayPal,5.99
7901,2619,2021-12-29,Cancelled,Credit Card,5.99
7902,2349,2022-10-01,Completed,Debit Card,5.99
7903,2873,2023-08-31,Completed,Credit Card,5.99
7904,929,2023-12-28,Completed,PayPal,5.99
7905,3590,2023-06-15,Cancelled,Credit Card,5.99
7906,1886,2022-02-06,Completed,Credit Card,0.0
7907,3112,2023-01-03,Completed,Credit Card,0.0
7908,2639,2023-06-21,Completed,,5.99
7909,4510,2022-01-14,Completed,Debit Card,0.0
7910,2985,2022-03-18,Cancelled,Cash,9.99
7911,2330,2023-04-21,Completed,PayPal,9.99
7912,266,2021-11-29,Returned,Credit Card,5.99
7913,2643,2023-09-14,Returned,Debit Card,9.99
7914,4648,2022-04-11,Completed,Debit Card,5.99
7915,551,2022-04-22,Completed,PayPal,0.0
7916,4683,2021-04-08,Completed,Debit Card,5.99
7917,1836,2023-10-25,Completed,Debit Card,5.99
7918,2272,2021-01-24,Completed,Debit Card,0.0
7919,2482,2022-05-11,Completed,Debit Card,5.99
7920,1515,2022-09-19,Completed,Credit Card,0.0
7921,2380,2022-10-15,Cancelled,Credit Card,5.99
7922,3349,2022-08-31,Completed,Debit Card,5.99
7923,1030,2022-09-27,Completed,PayPal,5.99
7924,3845,2023-03-24,Pending,Credit Card,0.0
7925,845,2023-10-22,Completed,Cash,0.0
7926,1104,2022-08-04,Completed,Credit Card,5.99
7927,1544,2022-05-25,Completed,Credit Card,9.99
7928,4998,2022-01-01,Completed,Credit Card,5.99
7929,1920,2021-05-09,Completed,Cash,5.99
7930,2024,2021-03-28,Completed,Credit Card,5.99
7931,454,2022-10-22,Completed,Credit Card,9.99
7932,3330,2022-08-30,Completed,Credit Card,5.99
7933,2755,2023-03-04,Completed,Debit Card,0.0
7934,1940,2023-05-08,Completed,PayPal,0.0
7935,1657,2021-07-28,Completed,Credit Card,0.0
7936,3047,2023-09-25,Completed,PayPal,5.99
7937,1596,2023-08-02,Completed,Cash,0.0
7938,3019,2022-01-21,Completed,Credit Card,0.0
7939,3870,2021-04-28,Completed,PayPal,5.99
7940,2571,2023-08-26,Completed,Credit Card,5.99
7941,4795,2021-01-07,Completed,Credit Card,9.99
7942,4438,2021-06-05,Completed,Debit Card,5.99
7943,165,2023-10-23,Completed,Debit Card,14.99
7944,4673,2022-07-26,Completed,Credit Card,14.99
7945,3244,2023-03-24,Completed,Credit Card,9.99
7946,1282,2023-07-03,Completed,Cash,14.99
7947,4127,2023-05-09,Completed,Debit Card,0.0
7948,1523,2021-05-20,Completed,Credit Card,9.99
7949,984,2023-08-12,Cancelled,Credit Card,5.99
7950,4870,2021-02-09,Completed,Credit Card,9.99
7951,3305,2023-02-02,Completed,Credit Card,5.99
7952,1,2021-08-30,Completed,Debit Card,0.0
7953,4304,2021-07-09,Completed,Debit Card,14.99
7954,4015,2021-03-23,Completed,Credit Card,0.0
7955,4589,2022-03-18,Completed,PayPal,9.99
7956,4005,2022-12-21,Completed,Credit Card,5.99
7957,2665,2023-04-08,Returned,Debit Card,5.99
7958,3856,2021-11-30,Cancelled,Credit Card,5.99
7959,4131,2022-10-15,Completed,Credit Card,0.0
7960,4523,2023-09-16,Returned,Credit Card,14.99
7961,1199,2023-03-26,Completed,Debit Card,14.99
7962,3901,2021-09-30,Completed,Credit Card,9.99
7963,1560,2021-05-22,Completed,Credit Card,9.99
7964,3810,2021-04-27,Completed,Credit Card,0.0
7965,3481,2021-03-10,Completed,Credit Card,5.99
7966,2028,2021-10-19,Completed,Credit Card,5.99
7967,389,2023-12-15,Completed,Debit Card,5.99
7968,4817,2021-02-22,Completed,Credit Card,0.0
7969,3841,2022-12-11,Completed,Debit Card,5.99
7970,3733,2023-07-19,Completed,Cash,5.99
7971,1799,2022-12-05,Completed,Debit Card,0.0
7972,4760,2023-02-05,Pending,PayPal,0.0
7973,4223,2021-02-17,Completed,PayPal,0.0
7974,2026,2021-02-19,Completed,Cash,9.99
7975,3583,2021-04-23,Returned,Credit Card,5.99
7976,3153,2022-06-10,Completed,PayPal,0.0
7977,3375,2022-09-02,Completed,Cash,9.99
7978,224,2022-07-16,Completed,Credit Card,0.0
7979,4664,2021-05-31,Completed,Credit Card,5.99
7980,4093,2022-12-07,Completed,Cash,9.99
7981,4665,2023-05-24,Completed,Debit Card,5.99
7982,4085,2023-02-22,Completed,Credit Card,5.99
7983,4123,2022-05-03,Completed,PayPal,0.0
7984,2670,2021-03-26,Pending,Credit Card,0.0
7985,2745,2023-02-06,Completed,Credit Card,5.99
7986,92,2023-07-09,Pending,Debit Card,0.0
7987,453,2021-11-17,Pending,Debit Card,9.99
7988,2395,2023-10-15,Completed,PayPal,5.99
7989,2273,2023-02-03,Completed,Credit Card,5.99
7990,2981,2023-06-08,Completed,PayPal,0.0
7991,380,2021-11-13,Pending,Credit Card,9.99
7992,3635,2022-01-19,Completed,Debit Card,5.99
7993,1151,2021-02-14,Completed,Credit Card,5.99
7994,4921,2021-12-02,Completed,Credit Card,5.99
7995,3275,2021-08-21,Completed,PayPal,5.99
7996,1287,2023-07-13,Pending,Credit Card,5.99
7997,4996,2022-10-16,Completed,PayPal,5.99
7998,223,2024-01-13,Cancelled,Credit Card,5.99
7999,670,2022-01-02,Completed,Credit Card,5.99
8000,142,2022-03-11,Completed,Credit Card,0.0
8001,3617,2021-02-14,Returned,Debit Card,0.0
8002,1895,2022-10-19,Completed,Credit Card,0.0
8003,1491,2022-02-02,Pending,Debit Card,0.0
8004,1209,2023-07-31,Completed,Debit Card,9.99
8005,3316,2021-03-01,Completed,Credit Card,5.99
8006,2914,2021-08-29,Completed,Credit Card,14.99
8007,1211,2022-04-10,Returned,Credit Card,5.99
8008,3676,2023-09-07,Returned,Cash,5.99
8009,4234,2023-03-15,Completed,Credit Card,9.99
8010,1298,2021-03-01,Completed,Credit Card,5.99
8011,2832,2023-07-24,Completed,Credit Card,5.99
8012,2373,2022-01-14,Completed,Debit Card,5.99
8013,3161,2021-01-10,Completed,Debit Card,5.99
8014,1947,2022-03-20,Completed,Cash,9.99
8015,129,2021-11-09,Returned,PayPal,5.99
8016,2725,2022-07-26,Completed,Credit Card,14.99
8017,2493,2023-11-30,Completed,Credit Card,14.99
8018,643,2022-01-31,Completed,Debit Card,5.99
8019,2878,2021-10-16,Completed,Cash,0.0
8020,3485,2022-04-11,Returned,Credit Card,0.0
8021,4095,2023-08-12,Completed,Credit Card,0.0
8022,992,2023-09-14,Cancelled,PayPal,0.0
8023,555,2023-01-19,Returned,Credit Card,5.99
8024,3759,2023-05-12,Completed,Credit Card,0.0
8025,3622,2023-10-04,Completed,Cash,5.99
8026,2618,2023-09-02,Completed,PayPal,0.0
8027,1666,2022-07-09,Completed,Credit Card,5.99
8028,4785,2023-02-09,Completed,Credit Card,0.0
8029,4515,2023-03-06,Completed,Credit Card,9.99
8030,3624,2024-01-22,Completed,Cash,9.99
8031,1349,2022-10-28,Completed,Cash,5.99
8032,2278,2022-02-23,Completed,PayPal,14.99
8033,2587,2022-01-17,Completed,Credit Card,0.0
8034,4536,2022-07-22,Completed,Credit Card,9.99
8035,742,2021-08-28,Completed,Debit Card,5.99
8036,4836,2022-08-25,Completed,Credit Card,5.99
8037,4531,2023-11-01,Completed,Debit Card,0.0
8038,3772,2022-08-03,Completed,Debit Card,0.0
8039,281,2021-11-16,Completed,Credit Card,9.99
8040,4146,2023-05-08,Completed,,5.99
8041,4103,2023-11-07,Completed,Credit Card,0.0
8042,2492,2021-03-14,Completed,Debit Card,5.99
8043,59,2023-09-24,Returned,Credit Card,0.0
8044,4054,2023-06-23,Completed,Debit Card,0.0
8045,2698,2023-01-06,Completed,Debit Card,14.99
8046,2584,2023-09-03,Completed,Credit Card,5.99
8047,1643,2022-08-09,Completed,Credit Card,5.99
8048,4511,2023-06-15,Completed,Credit Card,14.99
8049,19,2022-12-07,Returned,Credit Card,5.99
8050,2987,2023-12-21,Completed,,5.99
8051,1604,2022-11-25,Pending,Credit Card,0.0
8052,3211,2023-06-19,Completed,Credit Card,5.99
8053,2775,2024-01-30,Returned,Credit Card,5.99
8054,3910,2023-02-01,Completed,Debit Card,0.0
8055,1163,2023-03-19,Completed,Debit Card,5.99
8056,3584,2022-09-05,Completed,Credit Card,9.99
8057,4273,2023-01-21,Completed,Debit Card,5.99
8058,1778,2021-06-29,Completed,PayPal,9.99
8059,3039,2022-01-03,Completed,Credit Card,0.0
8060,273,2022-07-22,Completed,Debit Card,0.0
8061,3715,2021-10-09,Completed,Credit Card,5.99
8062,197,2023-07-08,Completed,Credit Card,0.0
8063,2861,2022-05-11,Completed,Debit Card,0.0
8064,673,2022-06-28,Returned,Credit Card,0.0
8065,1556,2023-03-02,Completed,PayPal,9.99
8066,373,2024-01-08,Completed,Credit Card,0.0
8067,3349,2021-09-18,Completed,Credit Card,0.0
8068,4965,2023-01-14,Completed,Debit Card,0.0
8069,3404,2021-07-06,Pending,Debit Card,9.99
8070,3674,2023-03-28,Completed,Debit Card,5.99
8071,1489,2022-12-10,Completed,Credit Card,0.0
8072,532,2021-10-23,Cancelled,PayPal,9.99
8073,1053,2022-01-11,Completed,Cash,9.99
8074,4381,2023-12-04,Completed,Credit Card,5.99
8075,875,2023-10-02,Returned,PayPal,0.0
8076,2602,2022-03-02,Completed,Debit Card,5.99
8077,3180,2022-10-31,Completed,Credit Card,14.99
8078,4486,2021-08-09,Completed,Credit Card,0.0
8079,1986,2021-06-27,Completed,Credit Card,0.0
8080,4529,2023-08-15,Pending,Cash,0.0
8081,3686,2023-09-12,Completed,Credit Card,5.99
8082,231,2023-12-23,Completed,Debit Card,5.99
8083,1501,2023-03-17,Completed,Credit Card,0.0
8084,3961,2022-05-08,Completed,Debit Card,0.0
8085,4266,2022-06-16,Completed,Credit Card,14.99
8086,2733,2021-05-20,Completed,PayPal,9.99
8087,1839,2022-07-15,Completed,Credit Card,14.99
8088,3685,2022-08-06,Returned,PayPal,9.99
8089,4663,2023-09-07,Completed,PayPal,5.99
8090,4561,2023-09-21,Completed,Debit Card,0.0
8091,1275,2023-06-23,Completed,Credit Card,5.99
8092,915,2022-09-08,Completed,Credit Card,5.99
8093,2366,2023-07-01,Completed,PayPal,5.99
8094,4699,2023-04-15,Completed,Credit Card,5.99
8095,1398,2022-02-08,Pending,Credit Card,14.99
8096,2541,2023-07-02,Returned,Debit Card,0.0
8097,692,2021-06-08,Completed,Credit Card,0.0
8098,1825,2021-02-07,Completed,Credit Card,5.99
8099,3876,2022-01-31,Completed,Debit Card,9.99
8100,848,2021-05-18,Completed,Credit Card,14.99
8101,3928,2023-12-09,Completed,Credit Card,5.99
8102,1978,2024-01-05,Completed,Debit Card,0.0
8103,21,2023-06-18,Completed,Credit Card,5.99
8104,3491,2022-01-02,Completed,Debit Card,14.99
8105,1575,2023-10-16,Completed,Credit Card,5.99
8106,4640,2023-09-24,Completed,Debit Card,9.99
8107,290,2023-05-07,Completed,Credit Card,0.0
8108,4336,2021-04-23,Pending,Credit Card,0.0
8109,3048,2023-04-20,Returned,Credit Card,5.99
8110,4348,2024-01-10,Completed,Credit Card,9.99
8111,1768,2023-11-02,Completed,PayPal,14.99
8112,274,2023-12-05,Completed,Credit Card,9.99
8113,3343,2023-02-22,Completed,Debit Card,5.99
8114,4582,2023-06-17,Completed,Cash,5.99
8115,2137,2022-08-03,Completed,Debit Card,9.99
8116,4112,2021-12-24,Completed,Credit Card,0.0
8117,1673,2021-01-19,Completed,Credit Card,14.99
8118,3483,2022-11-08,Completed,Cash,5.99
8119,4227,2021-03-04,Returned,Debit Card,14.99
8120,1013,2022-10-27,Completed,Debit Card,9.99
8121,3469,2023-08-22,Completed,Credit Card,0.0
8122,3630,2024-01-01,Completed,PayPal,0.0
8123,1327,2022-08-30,Completed,Debit Card,5.99
8124,1630,2023-04-07,Completed,Credit Card,0.0
8125,4389,2021-12-26,Completed,Debit Card,5.99
8126,3234,2021-10-23,Completed,Credit Card,5.99
8127,3487,2021-05-23,Completed,Credit Card,5.99
8128,2753,2023-04-10,Completed,PayPal,0.0
8129,3390,2022-03-05,Completed,Credit Card,14.99
8130,377,2022-06-21,Completed,Debit Card,5.99
8131,3270,2023-04-14,Completed,Credit Card,9.99
8132,3890,2022-11-08,Completed,Credit Card,0.0
8133,3939,2021-07-09,Completed,Credit Card,9.99
8134,3043,2023-12-25,Completed,Cash,0.0
8135,2867,2023-04-09,Completed,Credit Card,5.99
8136,4622,2022-10-14,Returned,Credit Card,5.99
8137,2915,2021-08-21,Pending,Debit Card,14.99
8138,3678,2022-12-10,Completed,Credit Card,5.99
8139,1995,2022-04-22,Cancelled,Credit Card,0.0
8140,2680,2021-06-25,Completed,Credit Card,9.99
8141,2381,2021-09-29,Returned,Credit Card,5.99
8142,824,2021-05-11,Completed,Credit Card,0.0
8143,25,2022-08-24,Completed,Credit Card,5.99
8144,2609,2021-05-27,Completed,Credit Card,0.0
8145,3621,2022-04-24,Completed,PayPal,0.0
8146,3944,2023-12-04,Completed,Credit Card,5.99
8147,1072,2021-09-14,Pending,Cash,0.0
8148,2899,2023-10-25,Completed,Debit Card,5.99
8149,98,2023-09-19,Completed,Credit Card,5.99
8150,2406,2021-04-07,Completed,Cash,9.99
8151,321,2023-12-25,Completed,Credit Card,14.99
8152,1466,2023-05-31,Completed,Credit Card,0.0
8153,2689,2023-11-09,Completed,Credit Card,9.99
8154,4368,2023-05-25,Completed,Debit Card,14.99
8155,4114,2022-10-07,Completed,Credit Card,5.99
8156,4491,2021-08-10,Completed,Credit Card,14.99
8157,530,2022-06-04,Completed,Credit Card,5.99
8158,212,2023-06-14,Completed,Debit Card,9.99
8159,4429,2023-04-20,Pending,Credit Card,5.99
8160,2623,2021-04-19,Completed,Credit Card,5.99
8161,2666,2021-07-29,Completed,Credit Card,9.99
8162,4331,2023-10-10,Completed,PayPal,5.99
8163,3667,2021-01-29,Completed,Credit Card,0.0
8164,1240,2022-12-18,Completed,Credit Card,0.0
8165,1731,2022-05-01,Completed,PayPal,9.99
8166,2807,2023-04-30,Completed,Credit Card,9.99
8167,3969,2023-08-07,Completed,Debit Card,5.99
8168,4128,2021-03-17,Completed,Cash,5.99
8169,2392,2021-08-08,Completed,PayPal,0.0
8170,2948,2022-11-17,Completed,Credit Card,5.99
8171,3872,2023-01-27,Completed,Credit Card,9.99
8172,1221,2021-12-04,Completed,Credit Card,9.99
8173,381,2022-01-12,Completed,Cash,5.99
8174,4313,2023-03-05,Completed,Cash,14.99
8175,175,2022-09-24,Completed,Credit Card,9.99
8176,1253,2021-06-09,Completed,Debit Card,0.0
8177,2361,2021-10-01,Completed,PayPal,5.99
8178,936,2022-06-23,Completed,Credit Card,0.0
8179,135,2023-03-02,Completed,Credit Card,5.99
8180,2346,2023-02-06,Completed,Credit Card,9.99
8181,702,2022-11-17,Completed,Credit Card,0.0
8182,3030,2021-11-12,Completed,PayPal,9.99
8183,486,2023-01-10,Completed,Cash,5.99
8184,3825,2023-09-23,Completed,Credit Card,9.99
8185,2482,2023-07-16,Completed,Credit Card,0.0
8186,4751,2022-02-05,Completed,Credit Card,0.0
8187,2005,2022-10-12,Completed,PayPal,5.99
8188,958,2021-08-23,Pending,Debit Card,9.99
8189,3327,2023-02-16,Returned,Debit Card,9.99
8190,3105,2024-01-18,Returned,Debit Card,5.99
8191,113,2022-05-04,Completed,Credit Card,0.0
8192,4285,2021-10-13,Completed,Credit Card,0.0
8193,974,2021-01-12,Completed,Cash,9.99
8194,3508,2022-01-04,Completed,Credit Card,0.0
8195,939,2021-11-22,Completed,Debit Card,5.99
8196,705,2023-08-07,Completed,Credit Card,5.99
8197,2813,2021-09-12,Returned,Debit Card,5.99
8198,3005,2021-06-19,Completed,Debit Card,5.99
8199,3133,2022-03-15,Completed,Debit Card,14.99
8200,3578,2021-06-15,Completed,PayPal,9.99
8201,732,2023-10-22,Completed,Credit Card,9.99
8202,1893,2021-04-13,Completed,Debit Card,5.99
8203,2331,2021-05-03,Completed,Credit Card,0.0
8204,137,2021-10-21,Completed,PayPal,14.99
8205,2257,2021-06-18,Completed,Credit Card,0.0
8206,3609,2022-07-24,Pending,PayPal,5.99
8207,2919,2023-11-29,Completed,Credit Card,0.0
8208,369,2021-04-16,Completed,Credit Card,5.99
8209,345,2021-03-07,Completed,Credit Card,5.99
8210,340,2023-12-29,Cancelled,Cash,9.99
8211,2555,2022-06-05,Completed,Credit Card,14.99
8212,2751,2023-06-26,Completed,Credit Card,5.99
8213,4522,2022-10-08,Completed,Credit Card,0.0
8214,2465,2022-11-13,Pending,Credit Card,5.99
8215,278,2023-01-08,Completed,Credit Card,5.99
8216,4537,2023-07-04,Completed,Debit Card,14.99
8217,4811,2023-09-23,Completed,Credit Card,0.0
8218,1129,2022-05-21,Completed,Debit Card,0.0
8219,1066,2022-08-18,Completed,Credit Card,5.99
8220,3913,2022-03-20,Completed,Credit Card,9.99
8221,190,2021-11-03,Completed,Debit Card,5.99
8222,3328,2022-01-05,Returned,Credit Card,0.0
8223,4676,2022-04-14,Completed,Credit Card,5.99
8224,305,2021-05-20,Cancelled,Credit Card,5.99
8225,3150,2022-01-21,Completed,Credit Card,0.0
8226,2541,2021-09-18,Completed,Debit Card,9.99
8227,4973,2021-05-16,Completed,Debit Card,0.0
8228,2522,2024-01-31,Completed,Debit Card,5.99
8229,1983,2022-05-09,Completed,Credit Card,9.99
8230,2721,2023-05-02,Completed,Credit Card,0.0
8231,3581,2023-03-11,Completed,Credit Card,9.99
8232,2854,2022-06-22,Completed,Debit Card,9.99
8233,4147,2023-11-26,Completed,Credit Card,0.0
8234,334,2022-05-25,Completed,Credit Card,9.99
8235,1846,2023-01-04,Completed,PayPal,5.99
8236,3226,2023-11-17,Pending,Credit Card,5.99
8237,1730,2021-01-21,Completed,Cash,9.99
8238,4608,2023-12-10,Completed,Credit Card,9.99
8239,1783,2022-07-11,Returned,PayPal,5.99
8240,3306,2023-03-10,Returned,Credit Card,0.0
8241,2400,2023-11-23,Completed,PayPal,0.0
8242,3992,2023-10-16,Completed,Credit Card,9.99
8243,1148,2022-02-27,Completed,Credit Card,14.99
8244,1350,2021-10-11,Completed,Credit Card,0.0
8245,2494,2023-07-18,Completed,Cash,0.0
8246,2973,2022-10-09,Completed,Cash,9.99
8247,2665,2023-11-12,Completed,Credit Card,5.99
8248,4178,2022-07-13,Completed,Debit Card,0.0
8249,797,2022-11-17,Completed,Debit Card,0.0
8250,3970,2023-05-25,Completed,Credit Card,5.99
8251,315,2021-10-18,Completed,Credit Card,14.99
8252,4293,2023-08-30,Completed,Cash,14.99
8253,1810,2021-08-08,Completed,Credit Card,5.99
8254,1931,2022-01-24,Completed,Credit Card,14.99
8255,2863,2023-08-13,Completed,Credit Card,0.0
8256,530,2021-04-20,Completed,Credit Card,9.99
8257,2432,2021-10-22,Completed,Debit Card,0.0
8258,1508,2022-06-16,Completed,Credit Card,9.99
8259,2136,2022-09-05,Completed,Credit Card,5.99
8260,2230,2023-03-15,Completed,Credit Card,0.0
8261,3334,2023-12-12,Completed,Credit Card,14.99
8262,3289,2022-07-21,Completed,Credit Card,0.0
8263,2030,2022-12-14,Completed,PayPal,14.99
8264,4977,2024-01-15,Completed,Credit Card,0.0
8265,289,2021-03-01,Completed,PayPal,0.0
8266,333,2021-05-06,Returned,Credit Card,9.99
8267,286,2023-02-17,Completed,Credit Card,5.99
8268,2129,2023-03-29,Completed,Credit Card,5.99
8269,2925,2021-02-27,Returned,Debit Card,0.0
8270,1735,2022-09-01,Cancelled,PayPal,5.99
8271,4848,2023-08-16,Completed,Credit Card,5.99
8272,4496,2023-12-11,Completed,Credit Card,5.99
8273,149,2022-02-11,Completed,Debit Card,5.99
8274,2239,2021-04-22,Completed,Credit Card,5.99
8275,4507,2023-05-04,Completed,Debit Card,14.99
8276,4455,2021-10-29,Completed,Credit Card,5.99
8277,3418,2023-05-22,Completed,Debit Card,5.99
8278,4062,2022-08-19,Completed,Debit Card,5.99
8279,1358,2023-04-11,Completed,Credit Card,5.99
8280,2591,2022-11-11,Cancelled,Debit Card,0.0
8281,856,2023-10-26,Completed,Credit Card,5.99
8282,2471,2023-12-26,Completed,Credit Card,9.99
8283,84,2023-10-21,Completed,Credit Card,9.99
8284,4714,2021-12-30,Completed,Credit Card,5.99
8285,3085,2022-07-03,Completed,Credit Card,5.99
8286,897,2022-07-03,Returned,Cash,5.99
8287,3585,2022-09-08,Cancelled,Debit Card,5.99
8288,418,2023-03-08,Completed,Credit Card,9.99
8289,4626,2022-05-12,Completed,PayPal,9.99
8290,4748,2021-06-18,Completed,Credit Card,0.0
8291,4113,2021-10-19,Completed,Debit Card,9.99
8292,3669,2023-12-22,Completed,Credit Card,9.99
8293,1727,2022-07-28,Completed,Debit Card,0.0
8294,603,2021-10-14,Completed,Debit Card,0.0
8295,4079,2021-03-29,Completed,Debit Card,9.99
8296,114,2021-12-20,Completed,Credit Card,5.99
8297,4834,2023-07-29,Returned,Credit Card,9.99
8298,4105,2022-09-19,Completed,Credit Card,0.0
8299,948,2022-05-19,Completed,Credit Card,0.0
8300,3261,2021-04-01,Completed,Credit Card,0.0
8301,3329,2023-11-23,Completed,Debit Card,5.99
8302,4369,2021-07-08,Completed,PayPal,5.99
8303,4596,2021-06-13,Completed,Credit Card,9.99
8304,841,2021-10-21,Completed,Credit Card,9.99
8305,1826,2021-10-11,Completed,PayPal,14.99
8306,146,2021-03-19,Completed,PayPal,0.0
8307,1883,2022-01-08,Completed,Credit Card,0.0
8308,4470,2021-06-01,Pending,Credit Card,0.0
8309,2409,2022-11-30,Pending,Debit Card,5.99
8310,3111,2021-07-17,Completed,PayPal,0.0
8311,4938,2021-10-11,Completed,Credit Card,5.99
8312,890,2023-11-06,Completed,Debit Card,0.0
8313,1480,2022-12-26,Completed,Debit Card,0.0
8314,4502,2021-06-10,Completed,Credit Card,5.99
8315,786,2022-03-07,Completed,Debit Card,5.99
8316,2989,2023-02-24,Completed,Credit Card,9.99
8317,448,2023-11-10,Completed,Debit Card,9.99
8318,829,2022-07-26,Completed,Debit Card,0.0
8319,3122,2021-03-07,Cancelled,Credit Card,9.99
8320,2068,2022-10-27,Completed,Debit Card,5.99
8321,2667,2022-08-19,Completed,Debit Card,5.99
8322,2140,2021-08-10,Completed,Cash,0.0
8323,3350,2023-03-06,Completed,Credit Card,9.99
8324,3155,2022-11-11,Completed,Credit Card,0.0
8325,1258,2021-12-05,Completed,Cash,0.0
8326,3029,2022-04-16,Completed,Debit Card,0.0
8327,3598,2023-09-28,Completed,Cash,5.99
8328,1898,2021-01-17,Completed,Credit Card,5.99
8329,916,2021-01-03,Completed,Credit Card,9.99
8330,1269,2024-01-06,Returned,Credit Card,9.99
8331,2861,2023-07-15,Completed,PayPal,14.99
8332,1795,2023-10-18,Completed,PayPal,9.99
8333,3455,2023-09-03,Completed,Debit Card,0.0
8334,885,2023-02-01,Cancelled,Credit Card,5.99
8335,1043,2021-06-08,Completed,Credit Card,5.99
8336,3616,2021-04-21,Completed,Debit Card,5.99
8337,3297,2021-04-05,Cancelled,Debit Card,5.99
8338,4862,2022-02-26,Completed,Debit Card,9.99
8339,4101,2021-12-27,Completed,Credit Card,0.0
8340,3707,2021-11-21,Completed,Credit Card,9.99
8341,3234,2023-06-02,Completed,Credit Card,0.0
8342,1411,2021-02-24,Completed,Debit Card,0.0
8343,1326,2023-09-02,Completed,Credit Card,5.99
8344,4785,2022-05-11,Completed,Cash,5.99
8345,2906,2022-08-11,Completed,Debit Card,0.0
8346,4082,2023-08-09,Completed,Credit Card,5.99
8347,4788,2023-11-10,Completed,Credit Card,5.99
8348,2532,2022-08-11,Completed,Cash,0.0
8349,4001,2022-05-07,Completed,Credit Card,9.99
8350,2295,2021-11-26,Completed,Credit Card,0.0
8351,2981,2023-05-23,Pending,Cash,9.99
8352,305,2023-08-16,Completed,Debit Card,5.99
8353,4550,2022-06-10,Cancelled,Debit Card,5.99
8354,491,2023-12-26,Completed,Credit Card,9.99
8355,4621,2022-09-27,Completed,PayPal,9.99
8356,4142,2023-05-15,Completed,Credit Card,9.99
8357,3698,2022-07-12,Completed,Credit Card,0.0
8358,981,2022-03-25,Returned,Credit Card,0.0
8359,3820,2021-06-08,Cancelled,Credit Card,5.99
8360,1897,2021-05-07,Completed,Cash,5.99
8361,1807,2022-03-04,Completed,Debit Card,14.99
8362,734,2021-10-15,Completed,Debit Card,5.99
8363,2760,2022-03-24,Completed,Cash,5.99
8364,4064,2022-04-21,Completed,Credit Card,5.99
8365,771,2024-01-21,Completed,Credit Card,9.99
8366,3476,2022-12-26,Completed,,0.0
8367,302,2022-06-12,Completed,,14.99
8368,2276,2022-05-13,Completed,Credit Card,5.99
8369,1414,2023-07-04,Completed,Credit Card,9.99
8370,3135,2023-06-10,Completed,Credit Card,5.99
8371,676,2023-09-13,Cancelled,Credit Card,9.99
8372,2172,2022-04-29,Completed,Credit Card,0.0
8373,2069,2021-04-23,Completed,Credit Card,9.99
8374,3669,2022-12-30,Completed,Credit Card,5.99
8375,718,2024-01-28,Completed,Credit Card,5.99
8376,3420,2022-12-04,Completed,Credit Card,0.0
8377,2728,2024-01-07,Cancelled,Cash,9.99
8378,303,2021-12-23,Returned,Cash,0.0
8379,2171,2021-06-08,Completed,Debit Card,0.0
8380,2151,2023-05-16,Completed,Cash,0.0
8381,859,2022-07-23,Completed,Cash,0.0
8382,3031,2022-11-30,Completed,Credit Card,5.99
8383,1519,2023-05-10,Completed,Credit Card,0.0
8384,3524,2024-01-23,Completed,Cash,0.0
8385,2141,2021-11-01,Completed,Debit Card,5.99
8386,2326,2021-10-11,Completed,Credit Card,5.99
8387,2827,2022-07-10,Completed,Debit Card,5.99
8388,4098,2022-02-26,Completed,Credit Card,5.99
8389,1176,2021-07-10,Completed,Credit Card,5.99
8390,4912,2021-10-06,Completed,Credit Card,5.99
8391,3393,2021-06-13,Completed,Credit Card,9.99
8392,4883,2021-11-02,Completed,Credit Card,0.0
8393,2342,2022-12-30,Completed,PayPal,9.99
8394,3024,2023-01-19,Cancelled,Credit Card,0.0
8395,2105,2023-10-24,Completed,Credit Card,9.99
8396,708,2023-10-25,Completed,Credit Card,5.99
8397,4697,2023-12-01,Completed,Debit Card,0.0
8398,939,2022-02-05,Completed,Cash,5.99
8399,1796,2021-12-11,Completed,Credit Card,9.99
8400,3793,2022-02-26,Completed,Credit Card,5.99
8401,4569,2021-02-12,Returned,Credit Card,5.99
8402,365,2023-09-05,Completed,Debit Card,0.0
8403,2084,2024-01-18,Completed,Credit Card,14.99
8404,4874,2021-09-02,Completed,Credit Card,9.99
8405,4146,2022-07-02,Completed,Credit Card,5.99
8406,3974,2021-08-16,Completed,Credit Card,9.99
8407,3511,2021-09-19,Completed,Cash,5.99
8408,1107,2022-11-07,Cancelled,Credit Card,9.99
8409,172,2023-08-16,Completed,Credit Card,5.99
8410,4940,2021-02-12,Completed,PayPal,5.99
8411,1552,2023-04-25,Completed,PayPal,0.0
8412,4486,2023-07-12,Completed,Credit Card,14.99
8413,1576,2021-04-30,Completed,Cash,9.99
8414,3640,2023-07-26,Completed,Debit Card,9.99
8415,2020,2023-10-18,Pending,Credit Card,5.99
8416,4868,2022-01-17,Completed,Credit Card,0.0
8417,3213,2022-09-07,Completed,Credit Card,5.99
8418,2665,2022-06-04,Returned,Credit Card,9.99
8419,1350,2022-12-05,Cancelled,Credit Card,14.99
8420,2560,2022-09-08,Completed,Debit Card,0.0
8421,1423,2023-08-19,Pending,PayPal,5.99
8422,3894,2022-10-30,Completed,Credit Card,9.99
8423,3416,2023-06-17,Completed,Credit Card,0.0
8424,20,2021-05-23,Completed,Credit Card,5.99
8425,3981,2021-07-31,Cancelled,Debit Card,0.0
8426,2305,2022-04-18,Completed,PayPal,5.99
8427,992,2021-08-14,Completed,Credit Card,9.99
8428,2548,2023-02-05,Completed,Debit Card,9.99
8429,3577,2023-05-01,Completed,Credit Card,5.99
8430,2143,2023-12-15,Completed,Debit Card,5.99
8431,2214,2023-09-24,Completed,Credit Card,5.99
8432,28,2022-03-08,Pending,Credit Card,9.99
8433,1396,2021-08-28,Completed,Credit Card,5.99
8434,3567,2021-03-26,Completed,PayPal,5.99
8435,1016,2021-09-25,Completed,Debit Card,14.99
8436,1560,2022-09-04,Returned,Cash,9.99
8437,2887,2021-11-19,Completed,Credit Card,9.99
8438,1567,2023-03-04,Completed,Credit Card,14.99
8439,2314,2022-08-29,Cancelled,Credit Card,5.99
8440,1270,2022-10-12,Completed,Debit Card,9.99
8441,2667,2023-05-30,Completed,PayPal,5.99
8442,2894,2022-04-18,Completed,PayPal,0.0
8443,2798,2022-07-27,Pending,Debit Card,5.99
8444,3158,2023-05-26,Completed,Debit Card,5.99
8445,708,2023-12-19,Completed,Cash,0.0
8446,4563,2022-08-11,Cancelled,Credit Card,14.99
8447,1618,2023-01-31,Completed,PayPal,0.0
8448,1175,2023-11-18,Completed,Cash,14.99
8449,3525,2022-03-14,Completed,Credit Card,0.0
8450,1249,2021-07-23,Completed,Debit Card,5.99
8451,724,2021-01-26,Completed,Credit Card,5.99
8452,1703,2021-01-30,Completed,Credit Card,9.99
8453,4370,2022-01-29,Cancelled,Debit Card,0.0
8454,2096,2022-12-11,Completed,Credit Card,14.99
8455,1007,2022-12-08,Completed,Credit Card,9.99
8456,2950,2023-10-29,Completed,PayPal,9.99
8457,2824,2023-09-03,Completed,Credit Card,0.0
8458,594,2021-10-04,Completed,Credit Card,5.99
8459,73,2023-02-14,Returned,Debit Card,14.99
8460,4716,2022-01-25,Completed,,0.0
8461,2881,2022-01-19,Returned,Credit Card,0.0
8462,2238,2023-08-28,Completed,Credit Card,5.99
8463,1086,2022-12-18,Completed,Credit Card,14.99
8464,2966,2021-03-12,Completed,Credit Card,5.99
8465,1159,2022-01-19,Completed,PayPal,5.99
8466,3943,2023-10-03,Completed,Credit Card,5.99
8467,2780,2021-05-26,Completed,Credit Card,14.99
8468,55,2021-11-13,Completed,Cash,0.0
8469,3013,2023-03-08,Completed,PayPal,0.0
8470,3293,2022-09-19,Completed,Credit Card,0.0
8471,4434,2022-01-13,Completed,Debit Card,0.0
8472,4124,2021-08-15,Completed,Debit Card,5.99
8473,506,2021-01-14,Completed,Debit Card,0.0
8474,4183,2021-12-21,Completed,PayPal,5.99
8475,2244,2022-04-27,Completed,Credit Card,5.99
8476,4306,2024-01-31,Completed,Credit Card,5.99
8477,1409,2023-06-18,Completed,Credit Card,14.99
8478,109,2021-11-29,Completed,Debit Card,0.0
8479,3594,2023-11-24,Completed,Debit Card,5.99
8480,1281,2024-01-26,Cancelled,Credit Card,0.0
8481,3857,2021-03-05,Completed,Credit Card,5.99
8482,589,2023-09-28,Completed,Cash,9.99
8483,1240,2022-05-26,Completed,Credit Card,9.99
8484,3206,2023-06-10,Completed,Credit Card,5.99
8485,1542,2023-04-29,Completed,PayPal,9.99
8486,1684,2022-09-22,Returned,Credit Card,9.99
8487,2514,2023-10-08,Completed,Credit Card,0.0
8488,268,2021-03-27,Completed,Credit Card,0.0
8489,1511,2023-02-15,Completed,Debit Card,5.99
8490,1736,2022-10-03,Completed,Credit Card,14.99
8491,4004,2021-01-06,Cancelled,Cash,5.99
8492,4338,2021-08-28,Completed,Credit Card,0.0
8493,863,2023-04-09,Completed,Debit Card,9.99
8494,2034,2022-07-02,Completed,Credit Card,0.0
8495,1241,2022-03-28,Completed,Credit Card,5.99
8496,3332,2022-05-06,Completed,Debit Card,0.0
8497,3850,2022-12-09,Pending,Credit Card,0.0
8498,1298,2023-04-28,Completed,Debit Card,5.99
8499,3698,2021-10-21,Completed,Credit Card,5.99
8500,2028,2022-01-22,Completed,Credit Card,0.0
8501,1998,2022-11-14,Completed,Debit Card,9.99
8502,1267,2021-02-24,Completed,Debit Card,0.0
8503,3355,2021-12-19,Completed,Credit Card,5.99
8504,1028,2021-05-30,Completed,Cash,5.99
8505,3677,2021-06-08,Completed,Credit Card,9.99
8506,3664,2021-09-05,Pending,Credit Card,9.99
8507,3519,2023-11-08,Completed,Credit Card,0.0
8508,3597,2023-08-24,Completed,Credit Card,0.0
8509,2388,2021-01-11,Completed,Credit Card,9.99
8510,3559,2021-04-01,Completed,PayPal,5.99
8511,2751,2021-01-09,Completed,Credit Card,5.99
8512,4151,2021-03-24,Pending,Credit Card,0.0
8513,4168,2024-01-06,Completed,Cash,14.99
8514,1013,2021-10-14,Completed,Credit Card,14.99
8515,4757,2022-01-02,Completed,Credit Card,0.0
8516,2400,2021-09-19,Completed,Credit Card,5.99
8517,3153,2021-04-23,Completed,Credit Card,9.99
8518,4403,2023-01-06,Pending,Credit Card,5.99
8519,3657,2022-04-28,Completed,Credit Card,5.99
8520,3751,2021-09-26,Completed,Debit Card,5.99
8521,2411,2021-12-08,Completed,Debit Card,0.0
8522,4781,2021-03-29,Completed,PayPal,9.99
8523,1238,2024-01-15,Completed,Debit Card,5.99
8524,4712,2022-04-27,Cancelled,Credit Card,5.99
8525,2372,2023-01-06,Completed,Credit Card,0.0
8526,2200,2023-02-25,Cancelled,Debit Card,9.99
8527,4974,2021-04-11,Completed,Credit Card,9.99
8528,1589,2023-12-20,Completed,Credit Card,5.99
8529,598,2023-12-19,Completed,Debit Card,14.99
8530,1649,2021-03-04,Completed,Credit Card,0.0
8531,3417,2022-08-20,Pending,PayPal,9.99
8532,4006,2023-05-20,Completed,Credit Card,5.99
8533,2840,2023-02-24,Completed,Cash,0.0
8534,4055,2021-05-26,Completed,PayPal,0.0
8535,1287,2023-07-05,Completed,Credit Card,5.99
8536,3304,2021-08-27,Completed,Debit Card,9.99
8537,3350,2021-02-01,Completed,Debit Card,9.99
8538,4134,2021-07-08,Completed,Debit Card,5.99
8539,2136,2022-08-09,Completed,Credit Card,0.0
8540,4945,2023-08-21,Completed,Credit Card,14.99
8541,38,2024-01-04,Completed,Credit Card,5.99
8542,2707,2022-01-07,Cancelled,Credit Card,5.99
8543,1884,2022-06-24,Completed,Cash,9.99
8544,3313,2023-08-12,Cancelled,Credit Card,0.0
8545,3463,2022-12-23,Completed,Credit Card,5.99
8546,3598,2021-07-24,Completed,Credit Card,0.0
8547,4108,2021-09-07,Completed,PayPal,0.0
8548,1715,2023-09-25,Completed,Debit Card,9.99
8549,1530,2022-01-28,Cancelled,PayPal,0.0
8550,261,2021-04-01,Completed,PayPal,5.99
8551,1568,2023-03-15,Completed,PayPal,0.0
8552,620,2023-05-08,Completed,Debit Card,5.99
8553,3251,2022-10-26,Completed,Credit Card,0.0
8554,1012,2021-04-30,Completed,Credit Card,9.99
8555,1691,2023-04-06,Completed,Debit Card,0.0
8556,880,2023-11-21,Completed,Credit Card,9.99
8557,3963,2023-12-24,Completed,Debit Card,5.99
8558,3688,2023-10-27,Completed,Credit Card,5.99
8559,4890,2023-01-18,Completed,Debit Card,9.99
8560,122,2023-08-05,Completed,Credit Card,0.0
8561,2798,2023-05-30,Completed,Credit Card,0.0
8562,1994,2021-03-21,Completed,Debit Card,0.0
8563,2478,2022-01-10,Completed,Credit Card,5.99
8564,338,2023-08-11,Completed,Debit Card,14.99
8565,1699,2022-02-08,Completed,Debit Card,0.0
8566,4544,2021-09-06,Completed,Cash,9.99
8567,4375,2023-05-20,Completed,PayPal,5.99
8568,1816,2021-02-10,Completed,Credit Card,0.0
8569,1552,2022-05-04,Returned,Debit Card,14.99
8570,1636,2022-12-15,Cancelled,Credit Card,14.99
8571,835,2021-04-19,Completed,Credit Card,14.99
8572,2613,2021-11-11,Completed,Debit Card,5.99
8573,786,2022-09-18,Pending,Debit Card,0.0
8574,4196,2022-11-28,Completed,Credit Card,5.99
8575,129,2021-02-01,Completed,Credit Card,5.99
8576,864,2023-03-18,Completed,PayPal,5.99
8577,3261,2022-02-13,Completed,Credit Card,9.99
8578,3300,2021-09-17,Completed,PayPal,9.99
8579,2291,2023-08-07,Returned,Debit Card,0.0
8580,4429,2021-05-05,Completed,Credit Card,5.99
8581,93,2022-12-17,Completed,Credit Card,14.99
8582,1291,2021-11-13,Completed,Credit Card,0.0
8583,2045,2022-07-18,Completed,PayPal,5.99
8584,3469,2021-06-30,Completed,PayPal,0.0
8585,1108,2023-05-26,Completed,Debit Card,5.99
8586,4406,2022-06-11,Completed,Credit Card,5.99
8587,478,2022-10-05,Pending,Debit Card,0.0
8588,977,2023-06-03,Completed,,0.0
8589,4891,2022-09-06,Completed,Debit Card,5.99
8590,1820,2023-02-21,Completed,Credit Card,5.99
8591,4103,2024-01-05,Completed,PayPal,0.0
8592,4330,2023-05-02,Completed,Debit Card,9.99
8593,2994,2023-02-15,Pending,Credit Card,5.99
8594,1589,2023-08-15,Cancelled,PayPal,0.0
8595,590,2023-03-24,Completed,Credit Card,9.99
8596,904,2022-06-05,Completed,Credit Card,0.0
8597,2897,2023-04-24,Completed,Credit Card,0.0
8598,2262,2021-09-03,Completed,Debit Card,9.99
8599,1975,2022-07-24,Completed,PayPal,0.0
8600,4616,2021-12-06,Pending,PayPal,9.99
8601,3966,2023-11-01,Completed,Debit Card,9.99
8602,4458,2022-09-17,Completed,Credit Card,5.99
8603,773,2021-01-18,Completed,Credit Card,0.0
8604,2945,2021-02-05,Completed,Credit Card,0.0
8605,3971,2021-01-11,Completed,PayPal,0.0
8606,2016,2021-01-28,Completed,Cash,9.99
8607,2131,2021-08-13,Completed,Credit Card,5.99
8608,710,2022-03-10,Completed,PayPal,0.0
8609,2602,2023-06-28,Completed,Debit Card,5.99
8610,4750,2022-06-23,Completed,Credit Card,0.0
8611,692,2022-01-27,Completed,Debit Card,0.0
8612,177,2023-07-06,Cancelled,PayPal,0.0
8613,3094,2023-11-12,Completed,Credit Card,9.99
8614,3493,2022-07-10,Completed,PayPal,0.0
8615,101,2023-09-29,Completed,Credit Card,5.99
8616,4097,2021-07-19,Completed,Credit Card,0.0
8617,3443,2021-02-05,Completed,Credit Card,5.99
8618,1503,2023-08-31,Completed,PayPal,5.99
8619,1931,2022-05-08,Completed,Credit Card,0.0
8620,3114,2023-11-06,Completed,PayPal,5.99
8621,2894,2022-01-01,Completed,Debit Card,5.99
8622,489,2022-01-26,Completed,Credit Card,0.0
8623,2374,2022-01-05,Completed,PayPal,9.99
8624,3254,2021-10-29,Completed,Credit Card,5.99
8625,311,2022-10-28,Completed,PayPal,9.99
8626,1157,2024-01-16,Completed,Credit Card,5.99
8627,3362,2022-04-02,Completed,Debit Card,9.99
8628,1431,2022-04-03,Completed,Debit Card,5.99
8629,1176,2023-09-12,Cancelled,PayPal,0.0
8630,2548,2023-05-26,Returned,Credit Card,9.99
8631,4051,2021-12-03,Completed,Debit Card,9.99
8632,4524,2021-10-17,Completed,Credit Card,14.99
8633,4958,2022-03-05,Completed,Credit Card,0.0
8634,1080,2022-04-27,Completed,Credit Card,5.99
8635,1185,2022-07-05,Completed,Credit Card,5.99
8636,2760,2022-11-06,Completed,PayPal,5.99
8637,859,2021-04-01,Completed,Debit Card,14.99
8638,4508,2021-08-25,Completed,Credit Card,5.99
8639,1200,2022-12-03,Completed,PayPal,5.99
8640,3492,2022-07-20,Completed,Credit Card,5.99
8641,814,2021-08-31,Completed,Debit Card,0.0
8642,2005,2023-08-23,Completed,PayPal,5.99
8643,2764,2023-10-09,Completed,PayPal,0.0
8644,354,2023-04-10,Completed,Credit Card,0.0
8645,3407,2023-01-26,Completed,Debit Card,0.0
8646,1028,2023-08-04,Completed,Credit Card,5.99
8647,533,2024-01-09,Completed,PayPal,5.99
8648,495,2023-05-14,Completed,Debit Card,9.99
8649,4337,2023-06-15,Completed,PayPal,5.99
8650,2369,2021-06-10,Completed,Credit Card,5.99
8651,272,2021-03-28,Completed,Debit Card,0.0
8652,634,2021-04-14,Completed,Debit Card,9.99
8653,2647,2021-03-15,Completed,Debit Card,0.0
8654,3933,2021-02-08,Completed,Debit Card,14.99
8655,4768,2022-12-21,Completed,Cash,5.99
8656,4067,2021-06-26,Returned,PayPal,0.0
8657,145,2021-09-09,Completed,Credit Card,5.99
8658,3234,2023-12-21,Completed,PayPal,0.0
8659,1114,2023-02-20,Completed,Credit Card,0.0
8660,4289,2021-11-30,Completed,Debit Card,5.99
8661,527,2022-07-04,Completed,PayPal,5.99
8662,305,2023-10-21,Completed,Credit Card,0.0
8663,4624,2022-05-04,Completed,PayPal,5.99
8664,3913,2022-03-17,Completed,PayPal,9.99
8665,2899,2022-02-27,Completed,Debit Card,5.99
8666,1507,2022-09-10,Cancelled,Credit Card,0.0
8667,3463,2023-11-07,Completed,Credit Card,0.0
8668,4350,2021-06-24,Completed,Cash,0.0
8669,3242,2022-08-08,Cancelled,Credit Card,9.99
8670,3428,2021-04-25,Cancelled,Debit Card,5.99
8671,3066,2021-09-20,Completed,Credit Card,5.99
8672,407,2023-03-20,Completed,Credit Card,0.0
8673,4370,2023-03-08,Completed,PayPal,0.0
8674,1757,2022-04-07,Completed,Credit Card,9.99
8675,3431,2021-06-26,Returned,Cash,5.99
8676,4525,2022-10-18,Completed,Debit Card,14.99
8677,762,2022-12-13,Completed,Debit Card,14.99
8678,3206,2022-12-20,Cancelled,Credit Card,9.99
8679,4565,2023-12-13,Completed,Cash,0.0
8680,1344,2021-04-08,Completed,Credit Card,0.0
8681,932,2021-02-08,Pending,Debit Card,0.0
8682,2384,2023-10-28,Completed,Credit Card,14.99
8683,344,2023-09-12,Completed,Credit Card,5.99
8684,3626,2023-01-29,Completed,Debit Card,9.99
8685,1852,2023-10-18,Completed,Debit Card,14.99
8686,3859,2022-11-25,Completed,Credit Card,9.99
8687,1606,2023-08-02,Completed,Credit Card,5.99
8688,442,2022-11-04,Returned,PayPal,0.0
8689,4305,2021-07-21,Completed,Credit Card,0.0
8690,3715,2022-03-11,Completed,Credit Card,5.99
8691,678,2021-08-13,Completed,Credit Card,14.99
8692,2299,2023-11-09,Completed,Credit Card,14.99
8693,1620,2022-04-03,Completed,Credit Card,0.0
8694,4740,2021-10-06,Completed,Credit Card,0.0
8695,147,2022-01-30,Completed,Debit Card,5.99
8696,1598,2023-10-03,Completed,Credit Card,5.99
8697,83,2021-04-22,Pending,Debit Card,0.0
8698,4938,2024-01-06,Completed,Cash,5.99
8699,1271,2022-07-30,Completed,Cash,14.99
8700,215,2022-07-17,Completed,PayPal,14.99
8701,427,2022-06-09,Pending,Credit Card,5.99
8702,2796,2023-03-06,Completed,Credit Card,5.99
8703,3205,2024-01-03,Completed,PayPal,0.0
8704,1451,2022-10-17,Completed,Credit Card,9.99
8705,3259,2021-02-03,Completed,Credit Card,0.0
8706,325,2021-08-04,Completed,Debit Card,0.0
8707,3952,2022-02-10,Completed,Credit Card,0.0
8708,60,2024-01-15,Completed,PayPal,5.99
8709,1453,2021-06-29,Returned,PayPal,9.99
8710,2331,2022-05-16,Completed,PayPal,14.99
8711,4035,2023-11-04,Completed,PayPal,5.99
8712,2339,2023-01-22,Completed,Credit Card,9.99
8713,4208,2022-09-03,Completed,Debit Card,0.0
8714,2674,2021-08-12,Completed,Credit Card,5.99
8715,3678,2024-01-30,Completed,Debit Card,9.99
8716,4288,2022-09-25,Completed,Credit Card,5.99
8717,4377,2021-12-29,Completed,Debit Card,0.0
8718,4339,2022-04-08,Completed,Cash,9.99
8719,1408,2021-11-26,Completed,Credit Card,0.0
8720,518,2023-04-06,Completed,Credit Card,0.0
8721,1893,2022-07-28,Completed,Credit Card,5.99
8722,1379,2022-10-24,Completed,Credit Card,0.0
8723,3784,2023-07-18,Completed,Credit Card,5.99
8724,1872,2021-04-05,Completed,PayPal,5.99
8725,4366,2021-05-15,Pending,Credit Card,0.0
8726,961,2023-08-21,Returned,Credit Card,14.99
8727,2705,2023-07-09,Returned,Debit Card,9.99
8728,1427,2022-05-27,Completed,Credit Card,0.0
8729,1251,2022-04-14,Completed,Credit Card,9.99
8730,4883,2023-09-25,Completed,PayPal,5.99
8731,1698,2021-03-19,Completed,PayPal,9.99
8732,1417,2021-05-17,Completed,Credit Card,9.99
8733,1108,2021-04-07,Returned,Credit Card,0.0
8734,4710,2023-05-15,Completed,Credit Card,5.99
8735,3716,2023-01-11,Completed,Credit Card,9.99
8736,1431,2022-01-30,Completed,Credit Card,5.99
8737,2687,2023-04-03,Pending,Debit Card,0.0
8738,2097,2021-04-01,Completed,PayPal,0.0
8739,305,2022-12-10,Completed,Credit Card,0.0
8740,919,2022-08-27,Cancelled,Debit Card,0.0
8741,2431,2023-09-24,Completed,Credit Card,5.99
8742,4856,2021-06-19,Completed,Debit Card,0.0
8743,2039,2022-01-12,Completed,Debit Card,0.0
8744,4512,2023-08-27,Completed,PayPal,5.99
8745,2423,2022-04-23,Completed,Credit Card,14.99
8746,4009,2021-06-11,Completed,Credit Card,14.99
8747,3014,2021-03-19,Returned,Debit Card,0.0
8748,2390,2023-12-30,Completed,Credit Card,9.99
8749,1923,2021-11-16,Completed,Credit Card,14.99
8750,699,2023-03-06,Completed,Credit Card,14.99
8751,4145,2021-12-04,Completed,Debit Card,9.99
8752,4400,2023-09-12,Completed,Credit Card,9.99
8753,3292,2023-08-17,Completed,Cash,0.0
8754,2551,2022-10-05,Completed,Credit Card,0.0
8755,2958,2023-05-07,Completed,Credit Card,5.99
8756,4917,2021-01-01,Completed,Debit Card,0.0
8757,2198,2023-06-09,Completed,Credit Card,14.99
8758,3724,2021-02-15,Completed,Credit Card,5.99
8759,4474,2022-09-08,Completed,Credit Card,14.99
8760,427,2021-08-26,Completed,Credit Card,9.99
8761,471,2023-11-02,Completed,PayPal,5.99
8762,3896,2023-06-08,Completed,Credit Card,0.0
8763,4703,2023-03-07,Completed,Cash,0.0
8764,1423,2021-01-22,Returned,PayPal,5.99
8765,2209,2023-01-07,Completed,Credit Card,9.99
8766,3511,2023-02-26,Completed,Credit Card,14.99
8767,1776,2023-04-06,Completed,Credit Card,0.0
8768,3276,2021-07-25,Completed,Credit Card,0.0
8769,3368,2021-06-23,Completed,,0.0
8770,4905,2022-01-18,Completed,Credit Card,0.0
8771,4287,2021-09-23,Completed,Cash,9.99
8772,1984,2021-06-28,Completed,Credit Card,0.0
8773,3917,2021-02-05,Completed,Credit Card,5.99
8774,2871,2023-09-12,Completed,Credit Card,5.99
8775,2945,2022-10-04,Cancelled,Credit Card,5.99
8776,2995,2023-10-27,Pending,PayPal,5.99
8777,140,2023-06-02,Completed,Debit Card,5.99
8778,2295,2022-09-16,Completed,Credit Card,5.99
8779,2755,2022-03-26,Completed,PayPal,5.99
8780,4458,2023-01-10,Completed,PayPal,0.0
8781,1999,2022-05-02,Returned,PayPal,5.99
8782,4421,2021-02-15,Completed,PayPal,14.99
8783,4038,2023-10-07,Completed,Debit Card,9.99
8784,2957,2022-10-21,Completed,Debit Card,5.99
8785,317,2022-04-03,Completed,Credit Card,9.99
8786,112,2022-02-10,Completed,Credit Card,9.99
8787,4095,2023-02-12,Completed,Debit Card,5.99
8788,3808,2022-02-10,Completed,PayPal,9.99
8789,257,2021-08-20,Completed,Debit Card,5.99
8790,4761,2022-06-21,Completed,Cash,9.99
8791,445,2021-10-03,Completed,Credit Card,0.0
8792,1543,2023-10-25,Completed,Debit Card,14.99
8793,947,2023-04-16,Completed,Debit Card,5.99
8794,3636,2021-07-13,Completed,Debit Card,5.99
8795,1187,2023-11-23,Cancelled,Debit Card,5.99
8796,779,2023-04-08,Cancelled,Credit Card,5.99
8797,638,2021-09-03,Returned,Credit Card,0.0
8798,1860,2023-08-31,Completed,Cash,0.0
8799,2971,2022-10-17,Pending,Credit Card,5.99
8800,4814,2023-03-20,Completed,Credit Card,5.99
8801,4099,2024-01-23,Cancelled,Credit Card,5.99
8802,20,2023-06-04,Completed,Credit Card,0.0
8803,2317,2022-03-23,Returned,PayPal,5.99
8804,1581,2022-05-28,Completed,Debit Card,0.0
8805,1717,2022-10-12,Completed,Cash,0.0
8806,1938,2022-07-17,Completed,Credit Card,0.0
8807,902,2023-02-22,Completed,Debit Card,5.99
8808,3071,2022-07-27,Completed,PayPal,0.0
8809,3446,2021-12-14,Completed,Cash,0.0
8810,4757,2021-12-20,Completed,Cash,5.99
8811,3445,2021-02-28,Completed,Debit Card,0.0
8812,2168,2023-05-03,Completed,Credit Card,5.99
8813,151,2021-11-10,Completed,Credit Card,5.99
8814,947,2022-11-24,Completed,PayPal,9.99
8815,400,2022-12-04,Completed,PayPal,9.99
8816,684,2023-12-19,Completed,Debit Card,14.99
8817,2560,2022-05-08,Completed,Credit Card,5.99
8818,3324,2021-04-22,Completed,Debit Card,5.99
8819,254,2021-01-23,Completed,Credit Card,14.99
8820,743,2022-02-10,Completed,Credit Card,5.99
8821,1638,2022-12-18,Completed,Credit Card,5.99
8822,1711,2024-01-01,Completed,Cash,5.99
8823,2678,2021-05-01,Returned,Credit Card,5.99
8824,1521,2023-08-01,Completed,Debit Card,0.0
8825,59,2023-01-25,Completed,Credit Card,9.99
8826,3562,2023-04-11,Completed,Debit Card,14.99
8827,1363,2022-05-19,Completed,Debit Card,0.0
8828,1427,2022-06-05,Completed,Cash,9.99
8829,3140,2022-08-17,Completed,Credit Card,0.0
8830,447,2021-07-18,Completed,Credit Card,0.0
8831,4646,2021-03-22,Completed,PayPal,5.99
8832,1697,2023-11-05,Completed,Credit Card,0.0
8833,633,2023-11-27,Completed,Credit Card,5.99
8834,3177,2022-12-14,Returned,Debit Card,0.0
8835,2264,2022-04-22,Completed,Debit Card,5.99
8836,1069,2022-08-18,Completed,Credit Card,5.99
8837,3165,2024-01-24,Returned,Credit Card,14.99
8838,3266,2022-05-07,Completed,PayPal,9.99
8839,1858,2021-06-24,Completed,Debit Card,0.0
8840,1894,2022-01-17,Completed,Credit Card,5.99
8841,959,2023-06-22,Completed,Credit Card,14.99
8842,3106,2021-12-02,Completed,Debit Card,9.99
8843,775,2023-07-17,Completed,Credit Card,5.99
8844,2399,2023-06-26,Completed,PayPal,5.99
8845,430,2023-11-03,Completed,Debit Card,5.99
8846,4504,2022-03-06,Completed,Credit Card,5.99
8847,1280,2022-08-14,Completed,Cash,9.99
8848,1559,2021-04-07,Completed,Credit Card,0.0
8849,864,2023-10-15,Completed,Credit Card,14.99
8850,64,2022-01-20,Completed,Debit Card,0.0
8851,523,2021-10-09,Completed,Debit Card,5.99
8852,3895,2023-10-25,Completed,Credit Card,0.0
8853,703,2021-06-11,Returned,Credit Card,5.99
8854,3678,2021-07-02,Completed,,5.99
8855,992,2023-03-02,Completed,Credit Card,0.0
8856,4933,2023-08-29,Cancelled,Debit Card,14.99
8857,4769,2021-06-26,Completed,Debit Card,5.99
8858,2418,2023-10-03,Cancelled,Credit Card,5.99
8859,2593,2023-07-15,Completed,Credit Card,5.99
8860,3811,2021-07-12,Completed,Credit Card,0.0
8861,2049,2021-09-02,Completed,Credit Card,5.99
8862,379,2021-01-14,Completed,Credit Card,5.99
8863,2740,2022-04-08,Completed,Credit Card,5.99
8864,903,2022-08-06,Cancelled,Credit Card,9.99
8865,4946,2021-03-31,Completed,Debit Card,0.0
8866,4692,2021-12-24,Completed,PayPal,5.99
8867,2966,2021-04-20,Completed,Credit Card,0.0
8868,237,2023-10-04,Completed,Cash,5.99
8869,4540,2022-03-25,Completed,PayPal,5.99
8870,603,2023-06-14,Completed,Cash,0.0
8871,4899,2021-05-16,Completed,PayPal,5.99
8872,96,2023-10-18,Completed,Debit Card,5.99
8873,47,2022-09-29,Completed,Debit Card,14.99
8874,2726,2022-10-17,Cancelled,Credit Card,5.99
8875,3384,2023-07-21,Completed,Debit Card,0.0
8876,3613,2022-06-20,Completed,Debit Card,0.0
8877,1907,2021-08-05,Completed,Debit Card,0.0
8878,2934,2023-08-29,Completed,Debit Card,0.0
8879,1289,2021-05-16,Completed,Credit Card,5.99
8880,3418,2023-10-26,Returned,Debit Card,9.99
8881,1851,2022-07-12,Completed,Credit Card,0.0
8882,2989,2023-12-19,Completed,Debit Card,5.99
8883,4900,2021-01-12,Completed,PayPal,5.99
8884,3024,2021-02-06,Completed,PayPal,5.99
8885,713,2021-05-08,Completed,PayPal,0.0
8886,3866,2021-02-27,Pending,Credit Card,14.99
8887,3541,2021-02-01,Completed,Cash,9.99
8888,1955,2021-07-04,Completed,Credit Card,14.99
8889,2962,2022-04-12,Completed,PayPal,0.0
8890,1492,2022-05-05,Completed,Credit Card,5.99
8891,2161,2021-05-01,Completed,Credit Card,9.99
8892,897,2021-12-12,Completed,Debit Card,9.99
8893,1965,2021-08-29,Completed,Debit Card,0.0
8894,231,2022-07-20,Pending,Credit Card,14.99
8895,1230,2024-01-27,Completed,Debit Card,14.99
8896,1522,2021-02-07,Completed,Debit Card,0.0
8897,4320,2022-06-07,Completed,Credit Card,5.99
8898,3084,2021-01-17,Completed,Debit Card,5.99
8899,3924,2021-06-13,Returned,Credit Card,9.99
8900,802,2021-07-11,Completed,Debit Card,5.99
8901,446,2022-05-22,Completed,Credit Card,0.0
8902,3252,2021-11-28,Completed,Debit Card,0.0
8903,3394,2021-08-12,Completed,Credit Card,0.0
8904,2675,2022-12-29,Completed,Credit Card,0.0
8905,3469,2021-06-09,Completed,Debit Card,0.0
8906,178,2021-11-04,Completed,Debit Card,5.99
8907,1381,2023-08-13,Pending,Cash,9.99
8908,2416,2023-10-05,Completed,PayPal,5.99
8909,4761,2021-10-29,Cancelled,Debit Card,5.99
8910,1374,2022-06-30,Completed,Credit Card,0.0
8911,1584,2022-08-15,Completed,Credit Card,5.99
8912,3001,2022-05-27,Completed,Credit Card,9.99
8913,3652,2023-07-08,Completed,Credit Card,5.99
8914,3607,2023-05-12,Cancelled,PayPal,5.99
8915,3636,2022-08-15,Completed,Credit Card,0.0
8916,2356,2022-10-23,Completed,Credit Card,5.99
8917,665,2023-02-12,Completed,Credit Card,9.99
8918,2466,2021-06-04,Completed,Credit Card,5.99
8919,4752,2023-11-27,Pending,Credit Card,0.0
8920,360,2022-09-28,Completed,Debit Card,9.99
8921,3009,2023-05-24,Completed,Credit Card,0.0
8922,3857,2021-07-22,Completed,Debit Card,5.99
8923,701,2023-02-04,Completed,Debit Card,0.0
8924,4083,2024-01-22,Completed,PayPal,14.99
8925,2762,2022-02-06,Completed,PayPal,9.99
8926,1570,2022-02-27,Completed,PayPal,5.99
8927,1239,2023-03-25,Completed,Credit Card,5.99
8928,1053,2022-11-04,Completed,Credit Card,5.99
8929,4064,2023-06-27,Completed,Cash,0.0
8930,4041,2022-09-26,Completed,Credit Card,9.99
8931,2850,2023-09-26,Completed,Credit Card,5.99
8932,1338,2021-04-02,Cancelled,Credit Card,5.99
8933,3226,2021-08-02,Completed,Debit Card,0.0
8934,1000,2022-08-20,Returned,Credit Card,0.0
8935,2588,2023-11-22,Completed,Debit Card,5.99
8936,4317,2023-08-03,Completed,Debit Card,5.99
8937,3806,2021-09-01,Completed,Credit Card,0.0
8938,4282,2022-01-15,Completed,Credit Card,0.0
8939,4294,2021-01-31,Completed,Debit Card,5.99
8940,4873,2023-11-13,Cancelled,Credit Card,0.0
8941,945,2022-04-05,Completed,Credit Card,5.99
8942,3286,2022-04-02,Completed,Credit Card,5.99
8943,4538,2023-12-06,Completed,Debit Card,5.99
8944,2043,2021-09-26,Completed,Debit Card,9.99
8945,809,2023-02-09,Completed,Credit Card,0.0
8946,3911,2022-12-13,Pending,Debit Card,9.99
8947,868,2023-05-15,Completed,Debit Card,9.99
8948,2599,2021-09-06,Completed,Credit Card,5.99
8949,929,2023-08-21,Completed,Credit Card,14.99
8950,767,2024-01-01,Cancelled,PayPal,9.99
8951,547,2023-02-15,Returned,Debit Card,14.99
8952,2115,2024-01-18,Completed,Debit Card,5.99
8953,1332,2021-05-25,Returned,Credit Card,5.99
8954,2156,2021-10-05,Completed,PayPal,5.99
8955,951,2023-02-12,Returned,Debit Card,0.0
8956,1288,2023-04-06,Completed,Credit Card,14.99
8957,2399,2023-04-23,Completed,PayPal,5.99
8958,4103,2021-08-31,Completed,Credit Card,5.99
8959,2554,2023-02-28,Completed,Credit Card,14.99
8960,2985,2021-11-20,Completed,Credit Card,14.99
8961,2502,2023-07-27,Completed,Debit Card,0.0
8962,3412,2023-07-17,Completed,Debit Card,9.99
8963,3602,2021-02-24,Pending,Debit Card,5.99
8964,1777,2023-10-26,Completed,Cash,5.99
8965,610,2023-05-20,Completed,Credit Card,14.99
8966,1671,2023-02-11,Completed,Debit Card,9.99
8967,3635,2022-12-29,Returned,Debit Card,5.99
8968,610,2023-07-23,Pending,Cash,5.99
8969,3850,2022-08-31,Completed,Credit Card,5.99
8970,2161,2024-01-09,Completed,Cash,5.99
8971,758,2023-05-19,Completed,Credit Card,0.0
8972,4698,2023-01-31,Completed,PayPal,5.99
8973,5,2023-07-11,Completed,Debit Card,0.0
8974,3358,2023-06-25,Cancelled,PayPal,5.99
8975,3296,2022-10-17,Completed,Credit Card,9.99
8976,4892,2023-08-09,Completed,Credit Card,0.0
8977,2632,2023-10-02,Completed,Credit Card,9.99
8978,2542,2023-06-08,Completed,Debit Card,0.0
8979,2601,2023-09-15,Completed,Debit Card,5.99
8980,439,2022-03-15,Completed,Cash,5.99
8981,4447,2023-11-05,Completed,Credit Card,9.99
8982,2883,2021-02-02,Completed,Credit Card,9.99
8983,3897,2021-03-22,Completed,Credit Card,5.99
8984,41,2023-08-05,Completed,Credit Card,0.0
8985,1574,2022-10-14,Returned,PayPal,5.99
8986,2083,2021-03-11,Completed,PayPal,5.99
8987,61,2023-04-23,Completed,Cash,5.99
8988,1002,2023-12-11,Completed,Credit Card,0.0
8989,744,2021-09-30,Completed,Credit Card,0.0
8990,4039,2022-01-29,Completed,Credit Card,0.0
8991,3304,2022-05-24,Completed,Debit Card,5.99
8992,732,2023-08-31,Completed,Cash,5.99
8993,3781,2022-04-27,Completed,Credit Card,5.99
8994,237,2022-04-04,Completed,Credit Card,5.99
8995,3170,2022-05-05,Cancelled,Debit Card,14.99
8996,855,2022-07-26,Completed,Debit Card,5.99
8997,1690,2023-08-16,Pending,Credit Card,5.99
8998,302,2022-08-02,Completed,PayPal,0.0
8999,929,2021-07-11,Completed,Credit Card,5.99
9000,849,2021-12-26,Completed,Cash,5.99
9001,1030,2023-06-08,Completed,Credit Card,5.99
9002,3703,2023-10-19,Completed,Credit Card,9.99
9003,1747,2023-10-22,Completed,Credit Card,9.99
9004,4361,2023-04-09,Completed,Credit Card,9.99
9005,1816,2022-11-23,Completed,Debit Card,0.0
9006,742,2023-07-09,Pending,Debit Card,5.99
9007,4280,2021-04-17,Completed,Credit Card,5.99
9008,720,2023-07-04,Completed,Debit Card,5.99
9009,3728,2022-05-19,Completed,,5.99
9010,1330,2024-01-21,Returned,Credit Card,9.99
9011,243,2023-01-24,Completed,Cash,5.99
9012,2003,2022-06-20,Pending,PayPal,0.0
9013,2605,2023-04-05,Completed,Credit Card,0.0
9014,3852,2021-01-07,Completed,Credit Card,0.0
9015,4810,2023-01-07,Completed,Debit Card,0.0
9016,3119,2021-11-15,Completed,Credit Card,0.0
9017,2930,2021-06-16,Pending,Debit Card,0.0
9018,3457,2023-07-31,Completed,Debit Card,9.99
9019,2127,2022-03-07,Returned,Credit Card,5.99
9020,101,2021-10-05,Completed,Credit Card,0.0
9021,252,2021-05-17,Completed,PayPal,5.99
9022,522,2022-05-25,Completed,Credit Card,14.99
9023,4668,2022-03-23,Completed,Credit Card,5.99
9024,523,2021-01-07,Completed,Debit Card,14.99
9025,2599,2022-11-12,Completed,Debit Card,5.99
9026,2382,2023-11-19,Completed,Credit Card,14.99
9027,1064,2023-06-18,Completed,PayPal,0.0
9028,3268,2021-12-09,Completed,Debit Card,0.0
9029,469,2023-11-07,Completed,Credit Card,5.99
9030,3586,2023-12-12,Completed,Credit Card,14.99
9031,4530,2021-01-31,Completed,Debit Card,9.99
9032,1217,2021-12-03,Completed,Credit Card,5.99
9033,2384,2021-11-17,Cancelled,Credit Card,0.0
9034,616,2022-12-11,Completed,Debit Card,5.99
9035,1008,2022-11-15,Completed,Debit Card,0.0
9036,3451,2023-10-21,Completed,Debit Card,5.99
9037,2296,2023-03-27,Completed,Debit Card,0.0
9038,1686,2022-03-23,Completed,Credit Card,5.99
9039,2222,2021-04-23,Completed,Credit Card,9.99
9040,1414,2023-11-15,Completed,,0.0
9041,2482,2023-12-07,Completed,PayPal,5.99
9042,572,2024-01-06,Completed,Debit Card,0.0
9043,1001,2022-03-17,Completed,Credit Card,0.0
9044,2077,2023-10-18,Completed,Cash,5.99
9045,3876,2021-03-07,Completed,Credit Card,0.0
9046,2598,2023-06-18,Completed,Credit Card,14.99
9047,2390,2021-05-21,Completed,Credit Card,5.99
9048,3243,2021-01-21,Completed,Credit Card,0.0
9049,3576,2023-05-05,Pending,Debit Card,5.99
9050,1184,2021-09-18,Completed,Credit Card,0.0
9051,2251,2022-01-21,Completed,Credit Card,0.0
9052,4327,2021-06-20,Completed,Credit Card,0.0
9053,1195,2022-12-10,Completed,Debit Card,0.0
9054,1040,2022-08-01,Completed,PayPal,9.99
9055,1875,2022-04-06,Completed,PayPal,9.99
9056,512,2022-09-20,Completed,Credit Card,5.99
9057,3486,2022-08-25,Completed,Debit Card,5.99
9058,2408,2021-06-11,Completed,Credit Card,5.99
9059,1035,2023-10-05,Completed,Credit Card,0.0
9060,601,2022-09-28,Returned,PayPal,5.99
9061,650,2023-07-20,Completed,Credit Card,5.99
9062,3463,2021-01-07,Returned,Credit Card,0.0
9063,4188,2024-01-24,Completed,Credit Card,5.99
9064,2144,2022-08-08,Completed,Credit Card,9.99
9065,3280,2024-01-14,Completed,Credit Card,9.99
9066,450,2023-03-25,Cancelled,Credit Card,0.0
9067,1838,2023-09-27,Returned,Credit Card,0.0
9068,4248,2021-09-12,Completed,Cash,0.0
9069,4896,2021-08-17,Completed,Debit Card,14.99
9070,2849,2023-06-20,Completed,PayPal,9.99
9071,802,2021-11-21,Completed,PayPal,9.99
9072,2769,2022-08-24,Completed,Debit Card,5.99
9073,1220,2023-12-19,Completed,Credit Card,5.99
9074,1951,2022-10-10,Pending,Credit Card,0.0
9075,2287,2023-02-12,Completed,Debit Card,9.99
9076,3462,2022-05-06,Completed,Credit Card,9.99
9077,3203,2022-06-09,Completed,Credit Card,5.99
9078,2610,2022-02-18,Completed,Credit Card,5.99
9079,1204,2023-05-16,Completed,Debit Card,9.99
9080,530,2023-02-05,Completed,Cash,0.0
9081,4058,2021-04-07,Completed,Credit Card,9.99
9082,2349,2022-05-29,Completed,Debit Card,5.99
9083,3480,2021-08-02,Returned,PayPal,5.99
9084,2107,2023-05-06,Completed,Credit Card,5.99
9085,2661,2021-10-17,Completed,Credit Card,5.99
9086,1543,2023-03-14,Completed,Credit Card,0.0
9087,1914,2023-07-22,Completed,PayPal,14.99
9088,808,2022-01-01,Completed,Credit Card,14.99
9089,3549,2022-06-29,Completed,Credit Card,5.99
9090,2215,2021-01-23,Completed,Credit Card,5.99
9091,4756,2023-11-02,Returned,PayPal,5.99
9092,2577,2023-02-17,Completed,Cash,5.99
9093,79,2021-12-02,Completed,Credit Card,14.99
9094,3524,2023-10-06,Returned,Cash,0.0
9095,277,2021-04-27,Completed,Credit Card,0.0
9096,2651,2021-06-20,Completed,Credit Card,14.99
9097,2360,2022-05-21,Completed,Cash,0.0
9098,848,2021-10-20,Returned,Debit Card,9.99
9099,788,2021-07-26,Completed,Credit Card,0.0
9100,1747,2023-02-02,Cancelled,Credit Card,14.99
9101,3898,2023-03-27,Completed,PayPal,9.99
9102,854,2023-05-19,Completed,PayPal,14.99
9103,1834,2023-07-09,Completed,PayPal,14.99
9104,2381,2021-05-07,Completed,Debit Card,0.0
9105,3484,2021-05-10,Completed,PayPal,5.99
9106,1984,2021-06-06,Completed,Debit Card,5.99
9107,862,2023-11-13,Completed,Debit Card,9.99
9108,98,2023-08-11,Completed,PayPal,0.0
9109,4067,2021-09-01,Completed,Credit Card,14.99
9110,4451,2023-08-10,Completed,Credit Card,0.0
9111,4904,2021-08-16,Completed,Credit Card,9.99
9112,373,2021-01-15,Completed,Debit Card,5.99
9113,3962,2022-07-03,Completed,Credit Card,5.99
9114,4388,2022-11-15,Completed,Credit Card,5.99
9115,3509,2021-11-22,Completed,Credit Card,0.0
9116,4724,2021-04-03,Completed,Credit Card,5.99
9117,2632,2023-09-03,Completed,Debit Card,5.99
9118,3710,2021-06-10,Completed,Credit Card,5.99
9119,3079,2023-11-23,Returned,Credit Card,9.99
9120,439,2021-02-15,Completed,Debit Card,5.99
9121,914,2021-11-03,Completed,PayPal,5.99
9122,4567,2021-12-20,Completed,Credit Card,14.99
9123,4317,2021-06-11,Completed,Credit Card,9.99
9124,1864,2022-05-12,Completed,Cash,0.0
9125,113,2021-08-03,Completed,Credit Card,9.99
9126,2247,2023-03-26,Completed,Cash,14.99
9127,873,2021-03-08,Completed,Credit Card,14.99
9128,2644,2022-10-04,Completed,Credit Card,9.99
9129,2280,2021-03-13,Completed,Credit Card,5.99
9130,2323,2022-01-26,Completed,Credit Card,0.0
9131,4002,2022-10-02,Completed,PayPal,5.99
9132,2511,2023-02-28,Completed,Cash,5.99
9133,4083,2021-08-12,Completed,Cash,0.0
9134,1970,2021-07-04,Completed,PayPal,0.0
9135,1951,2023-08-29,Completed,PayPal,5.99
9136,2192,2022-05-03,Completed,Debit Card,5.99
9137,1826,2022-08-28,Completed,PayPal,0.0
9138,3041,2021-07-04,Completed,Credit Card,5.99
9139,4987,2023-09-16,Completed,Credit Card,9.99
9140,3841,2022-06-10,Completed,Debit Card,0.0
9141,2037,2021-06-30,Completed,PayPal,14.99
9142,3540,2022-07-26,Completed,Debit Card,5.99
9143,4940,2023-04-15,Completed,PayPal,0.0
9144,3915,2022-12-09,Completed,Credit Card,0.0
9145,283,2023-01-16,Completed,Debit Card,5.99
9146,769,2022-09-07,Completed,Cash,0.0
9147,3495,2022-11-03,Completed,Credit Card,9.99
9148,4113,2021-06-25,Completed,Cash,9.99
9149,2952,2022-01-11,Completed,Debit Card,9.99
9150,1280,2022-05-22,Completed,Debit Card,5.99
9151,2973,2022-02-27,Completed,PayPal,5.99
9152,1978,2022-11-28,Cancelled,Credit Card,0.0
9153,627,2023-01-16,Completed,Credit Card,5.99
9154,3963,2021-06-03,Completed,Debit Card,5.99
9155,2620,2023-04-30,Completed,Credit Card,5.99
9156,400,2022-09-10,Completed,Credit Card,14.99
9157,2082,2021-06-28,Cancelled,Credit Card,5.99
9158,34,2022-12-16,Completed,Cash,9.99
9159,4617,2023-04-22,Cancelled,Credit Card,5.99
9160,1756,2023-04-12,Completed,Credit Card,5.99
9161,3882,2022-02-01,Completed,Cash,9.99
9162,152,2021-02-18,Completed,Cash,0.0
9163,677,2022-02-07,Completed,Debit Card,5.99
9164,947,2023-02-22,Completed,Debit Card,5.99
9165,4247,2022-02-14,Completed,Credit Card,0.0
9166,2683,2022-04-22,Completed,Credit Card,5.99
9167,3260,2023-11-16,Completed,Credit Card,5.99
9168,4564,2023-04-24,Cancelled,PayPal,0.0
9169,4689,2022-09-23,Completed,Credit Card,9.99
9170,3668,2023-11-09,Completed,Debit Card,5.99
9171,2201,2023-03-30,Completed,Credit Card,5.99
9172,147,2022-11-13,Completed,Credit Card,5.99
9173,2937,2021-02-09,Completed,Debit Card,9.99
9174,1386,2021-04-22,Completed,PayPal,0.0
9175,4626,2023-07-04,Pending,Credit Card,5.99
9176,175,2022-08-27,Cancelled,Credit Card,5.99
9177,2684,2022-06-21,Completed,Credit Card,9.99
9178,2903,2022-03-04,Completed,Credit Card,5.99
9179,267,2022-10-29,Completed,Debit Card,0.0
9180,4907,2022-01-03,Completed,Credit Card,5.99
9181,2869,2022-10-12,Completed,Credit Card,5.99
9182,3958,2021-01-03,Completed,PayPal,0.0
9183,4674,2021-05-12,Cancelled,Debit Card,9.99
9184,1255,2021-06-29,Completed,Credit Card,0.0
9185,4114,2023-04-27,Completed,Credit Card,0.0
9186,553,2023-01-20,Completed,Credit Card,0.0
9187,4347,2022-04-19,Completed,Credit Card,5.99
9188,2187,2023-03-26,Returned,Debit Card,5.99
9189,3662,2022-06-16,Completed,,0.0
9190,1256,2023-08-03,Completed,Credit Card,9.99
9191,3200,2021-02-10,Completed,Debit Card,0.0
9192,3263,2023-03-16,Completed,Credit Card,5.99
9193,4140,2023-06-11,Completed,Credit Card,0.0
9194,407,2023-05-25,Completed,PayPal,14.99
9195,3250,2023-09-10,Completed,Credit Card,9.99
9196,1684,2023-09-22,Completed,Credit Card,9.99
9197,4968,2023-11-05,Completed,PayPal,0.0
9198,4962,2021-07-22,Completed,,5.99
9199,1409,2022-03-02,Completed,Credit Card,5.99
9200,2360,2022-06-27,Completed,Debit Card,5.99
9201,631,2021-05-13,Completed,Debit Card,5.99
9202,3490,2022-09-25,Cancelled,PayPal,9.99
9203,778,2022-12-02,Completed,Credit Card,0.0
9204,741,2021-11-03,Completed,Credit Card,5.99
9205,4890,2022-07-16,Completed,Credit Card,5.99
9206,2838,2022-07-19,Completed,Debit Card,5.99
9207,2207,2024-01-27,Completed,Credit Card,0.0
9208,289,2023-06-07,Cancelled,Debit Card,0.0
9209,3124,2022-07-17,Pending,Credit Card,5.99
9210,1455,2021-05-13,Completed,Credit Card,14.99
9211,3998,2022-10-10,Completed,Credit Card,14.99
9212,4201,2022-03-19,Returned,Cash,0.0
9213,213,2022-12-10,Completed,PayPal,0.0
9214,4183,2021-02-20,Cancelled,Cash,5.99
9215,4365,2021-02-05,Completed,Credit Card,5.99
9216,442,2022-06-28,Completed,Credit Card,9.99
9217,3226,2022-02-07,Completed,Credit Card,5.99
9218,4115,2022-12-21,Completed,Debit Card,5.99
9219,1650,2021-06-05,Completed,Credit Card,5.99
9220,730,2023-12-03,Completed,Credit Card,0.0
9221,1006,2022-07-22,Completed,Credit Card,5.99
9222,1230,2021-03-22,Returned,Credit Card,5.99
9223,965,2023-02-15,Completed,Credit Card,9.99
9224,3772,2022-03-04,Completed,Credit Card,0.0
9225,4773,2021-11-11,Completed,Credit Card,5.99
9226,2722,2022-06-12,Completed,Credit Card,14.99
9227,4938,2023-04-08,Completed,Debit Card,5.99
9228,1144,2023-01-16,Completed,Debit Card,14.99
9229,4542,2021-07-21,Completed,Credit Card,5.99
9230,1217,2022-02-23,Completed,PayPal,14.99
9231,1313,2021-10-24,Completed,Credit Card,5.99
9232,1718,2023-07-23,Completed,Credit Card,0.0
9233,1978,2021-06-25,Completed,Debit Card,9.99
9234,667,2021-04-11,Cancelled,Cash,9.99
9235,1519,2021-03-12,Pending,Debit Card,5.99
9236,2698,2022-09-05,Returned,Credit Card,5.99
9237,3197,2021-08-01,Pending,Debit Card,14.99
9238,3982,2021-12-21,Completed,Credit Card,0.0
9239,4083,2023-05-30,Completed,Credit Card,5.99
9240,1123,2022-07-28,Completed,Credit Card,0.0
9241,2837,2022-04-28,Completed,Debit Card,0.0
9242,19,2023-11-24,Cancelled,Credit Card,5.99
9243,1755,2022-06-28,Cancelled,Debit Card,9.99
9244,4253,2023-08-25,Completed,Debit Card,9.99
9245,2819,2021-02-22,Completed,Credit Card,14.99
9246,3514,2021-07-20,Completed,PayPal,0.0
9247,1010,2021-11-21,Completed,Debit Card,5.99
9248,3479,2021-02-05,Completed,Credit Card,0.0
9249,1433,2023-01-13,Completed,Credit Card,0.0
9250,3773,2021-04-10,Returned,Debit Card,0.0
9251,952,2021-07-14,Completed,Credit Card,0.0
9252,2140,2023-02-24,Cancelled,Cash,5.99
9253,754,2022-03-09,Completed,Credit Card,0.0
9254,1553,2022-05-05,Completed,Credit Card,5.99
9255,2288,2021-11-07,Completed,Cash,14.99
9256,1430,2022-05-15,Pending,Cash,9.99
9257,4070,2023-03-12,Completed,Credit Card,9.99
9258,4052,2021-09-18,Pending,Debit Card,9.99
9259,1546,2022-10-13,Completed,Credit Card,5.99
9260,1180,2022-03-27,Completed,Debit Card,9.99
9261,1652,2021-10-02,Completed,PayPal,9.99
9262,2585,2023-05-28,Completed,Credit Card,0.0
9263,4030,2023-01-10,Completed,Credit Card,9.99
9264,1905,2023-09-30,Completed,Credit Card,5.99
9265,4015,2021-09-03,Completed,Credit Card,0.0
9266,2084,2021-08-16,Completed,Credit Card,5.99
9267,1474,2021-12-12,Pending,PayPal,5.99
9268,830,2022-08-24,Completed,Credit Card,5.99
9269,2536,2021-08-10,Cancelled,Credit Card,0.0
9270,1238,2021-10-14,Completed,PayPal,5.99
9271,98,2023-11-13,Completed,Credit Card,5.99
9272,4991,2022-03-10,Completed,Credit Card,14.99
9273,2070,2021-01-06,Completed,Credit Card,9.99
9274,1517,2021-02-24,Completed,Debit Card,9.99
9275,285,2023-05-26,Completed,Credit Card,0.0
9276,3599,2021-12-21,Completed,PayPal,5.99
9277,4866,2022-05-05,Completed,Credit Card,5.99
9278,1954,2023-12-26,Completed,Debit Card,5.99
9279,3942,2021-08-19,Completed,Debit Card,0.0
9280,2138,2023-11-16,Completed,Debit Card,5.99
9281,917,2022-03-10,Cancelled,Credit Card,5.99
9282,3028,2021-12-15,Completed,Credit Card,5.99
9283,4164,2022-07-04,Completed,PayPal,0.0
9284,3731,2023-01-16,Completed,Credit Card,5.99
9285,537,2021-08-26,Completed,Credit Card,9.99
9286,2356,2023-04-29,Completed,Debit Card,5.99
9287,1176,2023-10-09,Completed,PayPal,9.99
9288,2805,2021-07-02,Cancelled,Credit Card,5.99
9289,413,2023-10-08,Completed,Debit Card,9.99
9290,2698,2023-07-11,Completed,,0.0
9291,4642,2023-03-31,Completed,Credit Card,0.0
9292,1114,2021-09-08,Completed,Debit Card,5.99
9293,2704,2023-06-14,Completed,PayPal,14.99
9294,1854,2021-01-17,Completed,Cash,5.99
9295,18,2023-10-04,Completed,Credit Card,5.99
9296,4708,2021-06-24,Completed,Debit Card,0.0
9297,2984,2021-07-14,Completed,Credit Card,5.99
9298,2941,2023-08-26,Completed,Credit Card,5.99
9299,4485,2021-10-16,Completed,Debit Card,9.99
9300,4028,2021-11-02,Completed,Credit Card,5.99
9301,4050,2022-05-01,Completed,Credit Card,5.99
9302,4980,2022-04-13,Completed,Credit Card,0.0
9303,4972,2022-10-31,Completed,Credit Card,0.0
9304,1833,2021-09-09,Completed,Credit Card,5.99
9305,3239,2022-05-25,Completed,Credit Card,5.99
9306,2420,2022-03-06,Completed,Debit Card,5.99
9307,1493,2023-01-11,Completed,Credit Card,9.99
9308,4003,2022-02-27,Completed,Debit Card,0.0
9309,1728,2021-06-18,Completed,PayPal,5.99
9310,3772,2023-02-04,Completed,Credit Card,9.99
9311,4793,2022-05-22,Completed,Debit Card,5.99
9312,2853,2022-12-23,Completed,Debit Card,5.99
9313,3718,2023-06-04,Completed,Debit Card,5.99
9314,1221,2021-12-10,Completed,Credit Card,5.99
9315,1823,2024-01-18,Completed,Debit Card,0.0
9316,4265,2023-08-01,Completed,Credit Card,0.0
9317,816,2021-10-09,Completed,Credit Card,0.0
9318,3460,2022-09-30,Completed,Debit Card,9.99
9319,586,2022-12-27,Cancelled,Credit Card,0.0
9320,1046,2021-02-15,Completed,Debit Card,14.99
9321,4776,2022-07-13,Completed,Debit Card,9.99
9322,1218,2021-02-27,Completed,PayPal,5.99
9323,697,2022-06-04,Completed,Credit Card,9.99
9324,1961,2021-08-01,Completed,Cash,0.0
9325,2627,2022-06-30,Returned,Debit Card,5.99
9326,850,2023-07-04,Cancelled,Credit Card,14.99
9327,836,2023-10-14,Completed,Credit Card,0.0
9328,604,2021-07-04,Completed,Debit Card,0.0
9329,1961,2023-05-29,Completed,PayPal,0.0
9330,1700,2021-12-06,Completed,Debit Card,5.99
9331,416,2023-12-26,Completed,Debit Card,0.0
9332,876,2024-01-08,Completed,Credit Card,5.99
9333,241,2021-12-21,Completed,Credit Card,9.99
9334,3895,2021-06-08,Completed,Credit Card,0.0
9335,2689,2024-01-04,Completed,Debit Card,9.99
9336,1538,2021-09-21,Returned,Credit Card,0.0
9337,3056,2022-08-18,Completed,Credit Card,0.0
9338,364,2022-08-08,Returned,Credit Card,0.0
9339,1460,2023-03-02,Completed,PayPal,9.99
9340,2132,2024-01-27,Completed,Debit Card,9.99
9341,3318,2021-11-26,Completed,Credit Card,0.0
9342,4725,2021-07-18,Completed,Cash,0.0
9343,2285,2023-03-31,Completed,Credit Card,9.99
9344,4304,2022-02-03,Pending,Credit Card,5.99
9345,2363,2023-02-08,Returned,Credit Card,0.0
9346,849,2021-09-24,Completed,Credit Card,5.99
9347,1397,2023-09-27,Completed,Credit Card,9.99
9348,1730,2021-01-09,Completed,Debit Card,0.0
9349,1143,2022-03-11,Completed,Debit Card,0.0
9350,1034,2023-12-08,Completed,Debit Card,0.0
9351,1486,2023-06-03,Completed,Debit Card,5.99
9352,1869,2022-08-07,Completed,PayPal,0.0
9353,1394,2023-06-19,Completed,Credit Card,9.99
9354,274,2022-04-18,Completed,Debit Card,9.99
9355,4569,2021-10-17,Completed,Debit Card,5.99
9356,3966,2021-11-29,Completed,Cash,0.0
9357,2043,2022-03-22,Returned,Credit Card,14.99
9358,4291,2021-10-12,Completed,Credit Card,5.99
9359,2636,2021-10-10,Cancelled,Debit Card,5.99
9360,3888,2022-06-01,Completed,Debit Card,14.99
9361,486,2021-11-22,Returned,Credit Card,9.99
9362,4715,2023-06-06,Completed,Debit Card,5.99
9363,2494,2022-02-14,Completed,Credit Card,5.99
9364,1698,2023-07-17,Cancelled,Cash,0.0
9365,4791,2022-03-16,Completed,Credit Card,14.99
9366,859,2023-03-16,Completed,Credit Card,9.99
9367,2037,2023-11-16,Returned,Credit Card,5.99
9368,3933,2021-06-10,Completed,Credit Card,9.99
9369,98,2021-11-21,Returned,Credit Card,9.99
9370,4316,2022-11-29,Completed,Debit Card,0.0
9371,2894,2022-05-30,Cancelled,PayPal,5.99
9372,4603,2021-08-02,Completed,Credit Card,0.0
9373,3602,2022-08-25,Completed,Debit Card,9.99
9374,4254,2022-12-03,Completed,Credit Card,0.0
9375,1681,2021-10-07,Pending,Credit Card,5.99
9376,3930,2023-12-04,Completed,Credit Card,5.99
9377,1389,2023-09-21,Completed,Credit Card,0.0
9378,1015,2024-01-14,Completed,Debit Card,0.0
9379,1845,2022-07-28,Completed,Credit Card,5.99
9380,915,2023-09-04,Completed,PayPal,0.0
9381,3476,2022-12-13,Pending,Debit Card,5.99
9382,4538,2021-01-16,Completed,Debit Card,5.99
9383,1523,2022-07-23,Completed,Cash,5.99
9384,1152,2022-06-13,Completed,Cash,5.99
9385,3079,2023-08-12,Completed,Debit Card,5.99
9386,444,2022-08-03,Completed,Credit Card,0.0
9387,4226,2021-07-04,Completed,Credit Card,5.99
9388,54,2023-06-26,Completed,Debit Card,5.99
9389,4883,2023-05-19,Completed,Debit Card,9.99
9390,1714,2022-10-02,Completed,Cash,0.0
9391,3657,2022-03-16,Completed,Credit Card,5.99
9392,554,2022-07-14,Completed,Credit Card,0.0
9393,3051,2022-07-05,Completed,Credit Card,0.0
9394,875,2021-06-09,Completed,PayPal,5.99
9395,1900,2021-01-08,Completed,Credit Card,0.0
9396,611,2022-12-06,Completed,Credit Card,5.99
9397,3680,2023-07-28,Pending,Credit Card,14.99
9398,4452,2022-09-06,Completed,Credit Card,0.0
9399,2471,2021-03-10,Completed,,5.99
9400,2212,2023-03-03,Completed,Debit Card,14.99
9401,4904,2022-10-21,Completed,Credit Card,0.0
9402,4461,2022-01-09,Completed,Debit Card,5.99
9403,4581,2022-12-18,Completed,Cash,0.0
9404,2019,2022-03-21,Completed,Cash,5.99
9405,4427,2021-12-28,Completed,Debit Card,5.99
9406,26,2022-05-21,Completed,Debit Card,5.99
9407,1617,2021-09-20,Completed,Credit Card,5.99
9408,3640,2022-07-04,Completed,Cash,9.99
9409,2280,2022-09-05,Completed,Credit Card,0.0
9410,3586,2022-07-05,Completed,Credit Card,14.99
9411,1895,2024-01-07,Completed,Credit Card,0.0
9412,4455,2022-04-21,Completed,Credit Card,0.0
9413,1011,2022-07-23,Completed,Credit Card,14.99
9414,785,2023-02-06,Completed,Debit Card,9.99
9415,1830,2021-09-01,Completed,Debit Card,9.99
9416,1712,2023-01-26,Completed,Debit Card,0.0
9417,3649,2022-10-16,Completed,Credit Card,9.99
9418,502,2021-01-11,Completed,PayPal,5.99
9419,2050,2023-07-10,Returned,Credit Card,9.99
9420,4710,2023-09-16,Completed,Credit Card,14.99
9421,2184,2022-10-14,Returned,Debit Card,0.0
9422,3242,2022-06-25,Completed,Cash,5.99
9423,1385,2023-10-09,Completed,Credit Card,9.99
9424,2509,2021-10-07,Completed,Debit Card,5.99
9425,3001,2024-01-19,Completed,Debit Card,0.0
9426,2566,2021-09-05,Completed,PayPal,0.0
9427,2528,2022-10-22,Completed,Credit Card,5.99
9428,256,2023-07-12,Completed,Credit Card,0.0
9429,3602,2021-02-26,Completed,Credit Card,0.0
9430,4000,2023-05-27,Completed,Credit Card,5.99
9431,125,2023-05-18,Returned,Credit Card,0.0
9432,128,2021-12-31,Cancelled,Cash,0.0
9433,2629,2022-12-11,Completed,Credit Card,0.0
9434,1906,2021-01-02,Cancelled,Cash,9.99
9435,2917,2021-08-01,Pending,Credit Card,0.0
9436,2638,2023-05-29,Completed,Cash,9.99
9437,4160,2021-12-21,Completed,Debit Card,9.99
9438,4250,2022-01-19,Completed,Credit Card,5.99
9439,1067,2021-02-23,Completed,Debit Card,0.0
9440,1675,2022-09-08,Completed,Credit Card,9.99
9441,2162,2022-02-04,Completed,Credit Card,5.99
9442,4521,2023-07-08,Completed,Credit Card,0.0
9443,829,2023-06-28,Completed,Credit Card,5.99
9444,1019,2021-09-13,Completed,Debit Card,0.0
9445,4188,2022-06-15,Completed,PayPal,5.99
9446,225,2022-08-08,Completed,Credit Card,5.99
9447,4550,2024-01-28,Cancelled,Cash,5.99
9448,1468,2023-09-02,Completed,Cash,5.99
9449,4626,2021-12-04,Completed,Credit Card,14.99
9450,1904,2022-08-01,Returned,Credit Card,5.99
9451,4240,2023-11-27,Cancelled,Credit Card,5.99
9452,2638,2022-05-28,Completed,Debit Card,9.99
9453,475,2021-09-22,Completed,Credit Card,5.99
9454,1117,2023-05-30,Returned,Credit Card,5.99
9455,4383,2021-08-28,Completed,Debit Card,9.99
9456,2297,2022-12-15,Completed,Debit Card,9.99
9457,4032,2021-12-19,Completed,Credit Card,5.99
9458,3943,2023-11-29,Completed,PayPal,0.0
9459,4847,2022-05-02,Completed,Debit Card,5.99
9460,4533,2021-01-12,Completed,Credit Card,5.99
9461,1360,2022-10-23,Returned,Debit Card,5.99
9462,2791,2023-05-21,Completed,Credit Card,0.0
9463,4223,2024-01-31,Completed,Credit Card,5.99
9464,3984,2021-10-01,Completed,Credit Card,5.99
9465,2901,2021-04-16,Returned,Credit Card,0.0
9466,1796,2021-04-07,Completed,Credit Card,14.99
9467,3806,2023-11-08,Completed,Credit Card,9.99
9468,575,2021-12-26,Pending,Debit Card,9.99
9469,3041,2021-02-13,Completed,Debit Card,5.99
9470,3492,2023-08-29,Completed,Credit Card,5.99
9471,2415,2023-10-26,Cancelled,Credit Card,9.99
9472,822,2021-01-09,Returned,PayPal,5.99
9473,2631,2023-10-25,Completed,Credit Card,5.99
9474,1924,2023-11-20,Cancelled,Credit Card,0.0
9475,1773,2022-01-09,Completed,Credit Card,5.99
9476,273,2021-12-17,Completed,PayPal,14.99
9477,3656,2021-03-15,Pending,PayPal,0.0
9478,133,2021-09-22,Returned,Debit Card,5.99
9479,3124,2022-12-31,Completed,Credit Card,5.99
9480,3367,2021-12-29,Completed,Debit Card,5.99
9481,3409,2021-08-24,Completed,Credit Card,0.0
9482,4043,2021-01-09,Completed,Credit Card,9.99
9483,499,2022-07-15,Completed,Debit Card,0.0
9484,3290,2021-10-23,Completed,Debit Card,9.99
9485,1747,2022-02-05,Completed,Credit Card,0.0
9486,1909,2022-12-09,Completed,Credit Card,0.0
9487,743,2022-06-15,Completed,PayPal,9.99
9488,819,2023-10-03,Completed,PayPal,9.99
9489,4695,2021-06-17,Completed,Debit Card,14.99
9490,566,2022-03-10,Completed,Credit Card,0.0
9491,3529,2021-04-12,Cancelled,PayPal,5.99
9492,765,2021-11-18,Completed,Debit Card,0.0
9493,855,2023-10-01,Completed,Debit Card,0.0
9494,4836,2021-09-25,Completed,Credit Card,0.0
9495,2723,2021-01-24,Completed,Credit Card,0.0
9496,2761,2021-12-10,Completed,Credit Card,9.99
9497,1805,2022-10-08,Completed,Credit Card,0.0
9498,210,2021-06-27,Completed,Credit Card,5.99
9499,4874,2021-02-16,Completed,Debit Card,5.99
9500,2007,2021-02-01,Completed,Credit Card,0.0
9501,4015,2021-12-10,Completed,PayPal,14.99
9502,1684,2021-12-13,Pending,Credit Card,5.99
9503,935,2023-09-09,Completed,Credit Card,14.99
9504,1560,2021-10-06,Completed,Debit Card,14.99
9505,2095,2023-01-10,Completed,Credit Card,14.99
9506,468,2023-08-08,Completed,Credit Card,9.99
9507,1888,2023-11-16,Cancelled,Credit Card,0.0
9508,3995,2023-12-13,Completed,PayPal,0.0
9509,4038,2022-05-23,Pending,Cash,5.99
9510,633,2022-11-13,Completed,Debit Card,5.99
9511,3822,2022-05-29,Pending,PayPal,9.99
9512,69,2022-03-10,Completed,Credit Card,9.99
9513,1761,2021-12-12,Completed,PayPal,0.0
9514,3979,2023-06-03,Completed,Cash,0.0
9515,4688,2021-03-11,Completed,Debit Card,0.0
9516,1731,2022-04-21,Completed,PayPal,5.99
9517,226,2021-12-31,Completed,Debit Card,0.0
9518,3393,2021-12-16,Completed,Credit Card,5.99
9519,799,2022-09-06,Returned,,5.99
9520,4412,2021-04-11,Completed,Debit Card,0.0
9521,4758,2021-01-10,Completed,Debit Card,5.99
9522,1124,2023-08-17,Pending,Debit Card,5.99
9523,417,2023-08-28,Cancelled,PayPal,5.99
9524,120,2021-03-07,Completed,Debit Card,14.99
9525,2350,2021-01-26,Completed,Credit Card,0.0
9526,3040,2022-04-23,Completed,Credit Card,5.99
9527,4239,2023-09-13,Completed,Cash,9.99
9528,1062,2023-12-30,Completed,Debit Card,5.99
9529,370,2021-08-02,Completed,Cash,5.99
9530,3907,2023-10-02,Completed,PayPal,5.99
9531,1179,2021-08-05,Completed,Debit Card,5.99
9532,791,2022-12-12,Returned,Credit Card,0.0
9533,3205,2021-04-11,Completed,Credit Card,5.99
9534,1496,2023-02-17,Completed,Debit Card,5.99
9535,2215,2024-01-16,Completed,Credit Card,5.99
9536,3677,2022-11-03,Completed,PayPal,5.99
9537,2446,2021-10-31,Completed,PayPal,5.99
9538,1041,2022-08-25,Completed,Credit Card,5.99
9539,2446,2023-02-20,Cancelled,Debit Card,0.0
9540,3536,2021-01-28,Completed,Credit Card,0.0
9541,4579,2023-11-03,Completed,Credit Card,5.99
9542,2212,2023-11-11,Completed,Credit Card,0.0
9543,3918,2023-01-27,Completed,PayPal,5.99
9544,1998,2021-11-28,Completed,Credit Card,5.99
9545,1208,2021-04-13,Completed,Credit Card,0.0
9546,2951,2024-01-14,Completed,Credit Card,9.99
9547,2632,2022-10-31,Completed,Credit Card,5.99
9548,497,2021-08-28,Completed,Debit Card,0.0
9549,3479,2023-01-04,Completed,Credit Card,0.0
9550,2691,2021-06-22,Completed,PayPal,5.99
9551,1102,2022-01-18,Completed,Credit Card,5.99
9552,4715,2021-10-15,Completed,Debit Card,9.99
9553,4964,2023-11-11,Completed,Credit Card,5.99
9554,198,2023-05-04,Cancelled,Cash,14.99
9555,2747,2023-02-24,Completed,Credit Card,0.0
9556,1793,2021-04-04,Completed,PayPal,5.99
9557,3151,2021-02-14,Completed,PayPal,9.99
9558,3614,2023-07-25,Completed,Debit Card,0.0
9559,981,2022-08-17,Completed,PayPal,0.0
9560,1060,2022-07-29,Completed,Credit Card,5.99
9561,199,2021-08-13,Completed,Debit Card,14.99
9562,3689,2021-07-30,Completed,Credit Card,5.99
9563,1302,2023-06-25,Completed,PayPal,5.99
9564,281,2021-08-14,Completed,Cash,5.99
9565,2832,2023-02-04,Completed,Cash,0.0
9566,3906,2021-05-08,Completed,Credit Card,5.99
9567,4496,2022-04-26,Returned,Credit Card,0.0
9568,4959,2023-04-11,Cancelled,Credit Card,5.99
9569,186,2022-08-29,Completed,Credit Card,9.99
9570,1919,2023-10-23,Completed,Credit Card,5.99
9571,2571,2023-09-28,Completed,Credit Card,14.99
9572,2629,2022-05-24,Pending,Cash,0.0
9573,92,2023-08-24,Completed,Debit Card,5.99
9574,4401,2021-09-15,Cancelled,Debit Card,9.99
9575,809,2022-12-06,Completed,Credit Card,0.0
9576,4657,2021-02-13,Completed,Debit Card,0.0
9577,4952,2021-08-05,Returned,Cash,5.99
9578,3395,2021-10-26,Completed,Debit Card,5.99
9579,4421,2022-10-10,Completed,Credit Card,14.99
9580,2155,2023-05-23,Completed,Credit Card,5.99
9581,2275,2023-11-03,Completed,Cash,9.99
9582,2637,2022-07-26,Completed,Credit Card,9.99
9583,3568,2023-12-04,Completed,Debit Card,0.0
9584,2676,2022-02-22,Completed,Credit Card,9.99
9585,3660,2022-07-06,Completed,Credit Card,0.0
9586,4413,2022-04-15,Completed,PayPal,0.0
9587,651,2021-10-05,Returned,Credit Card,9.99
9588,3664,2023-06-24,Completed,Credit Card,0.0
9589,2159,2024-01-13,Completed,Credit Card,5.99
9590,2412,2023-05-24,Completed,,5.99
9591,1520,2023-10-02,Completed,Credit Card,0.0
9592,276,2021-06-02,Returned,PayPal,5.99
9593,2578,2022-11-18,Completed,Credit Card,5.99
9594,2133,2022-10-02,Completed,PayPal,5.99
9595,455,2022-01-13,Completed,Cash,14.99
9596,2962,2022-11-27,Completed,Credit Card,5.99
9597,696,2022-10-26,Pending,,0.0
9598,3031,2023-09-21,Returned,Credit Card,0.0
9599,2670,2021-06-17,Completed,PayPal,9.99
9600,3440,2022-09-11,Returned,Credit Card,5.99
9601,3968,2023-06-19,Completed,Credit Card,14.99
9602,2299,2023-10-15,Completed,Credit Card,5.99
9603,79,2021-04-16,Completed,Credit Card,0.0
9604,4621,2021-04-02,Completed,Credit Card,0.0
9605,1428,2023-08-16,Completed,PayPal,5.99
9606,398,2021-06-30,Cancelled,PayPal,5.99
9607,959,2021-06-20,Completed,Credit Card,0.0
9608,3225,2021-04-07,Completed,Debit Card,5.99
9609,4084,2022-04-21,Completed,Debit Card,9.99
9610,2589,2023-01-21,Completed,Debit Card,9.99
9611,4927,2022-01-22,Completed,Debit Card,5.99
9612,4889,2022-03-25,Completed,Debit Card,9.99
9613,1989,2023-04-03,Completed,Debit Card,0.0
9614,291,2022-04-02,Completed,Debit Card,0.0
9615,197,2022-12-17,Completed,Credit Card,0.0
9616,587,2021-11-01,Cancelled,Credit Card,0.0
9617,1836,2021-08-23,Completed,Credit Card,14.99
9618,2110,2023-08-21,Completed,Debit Card,0.0
9619,643,2022-01-03,Completed,Credit Card,5.99
9620,2484,2022-02-18,Completed,Debit Card,5.99
9621,273,2022-06-29,Cancelled,Credit Card,5.99
9622,2860,2021-01-23,Completed,PayPal,5.99
9623,4415,2022-11-25,Completed,Credit Card,5.99
9624,428,2021-06-27,Cancelled,Debit Card,5.99
9625,3176,2023-02-03,Completed,Debit Card,14.99
9626,3922,2022-10-19,Completed,Credit Card,0.0
9627,157,2023-12-28,Completed,Credit Card,0.0
9628,4677,2024-01-18,Completed,PayPal,5.99
9629,592,2023-06-08,Completed,Credit Card,5.99
9630,2088,2023-05-12,Completed,PayPal,5.99
9631,2227,2022-05-23,Cancelled,PayPal,14.99
9632,3551,2021-08-14,Completed,Debit Card,9.99
9633,2944,2022-07-12,Completed,PayPal,9.99
9634,2535,2022-03-30,Completed,,5.99
9635,4253,2024-01-15,Completed,Debit Card,0.0
9636,2109,2023-08-13,Completed,Cash,9.99
9637,46,2021-04-26,Completed,Credit Card,9.99
9638,402,2023-02-08,Completed,Credit Card,5.99
9639,112,2021-08-14,Completed,Credit Card,9.99
9640,330,2021-05-12,Completed,Debit Card,14.99
9641,2407,2022-12-04,Completed,Credit Card,5.99
9642,307,2022-09-15,Completed,Cash,0.0
9643,185,2021-10-26,Completed,Credit Card,5.99
9644,2400,2021-08-26,Completed,PayPal,14.99
9645,3378,2021-08-19,Completed,Credit Card,0.0
9646,2088,2023-12-05,Completed,Credit Card,5.99
9647,2940,2023-10-22,Cancelled,Credit Card,5.99
9648,2064,2022-11-24,Completed,Credit Card,0.0
9649,3785,2022-06-10,Completed,Credit Card,5.99
9650,3155,2021-08-23,Completed,Cash,5.99
9651,4329,2021-10-30,Completed,Credit Card,9.99
9652,1729,2023-03-03,Completed,Debit Card,9.99
9653,2423,2022-10-29,Completed,Credit Card,9.99
9654,4387,2022-11-19,Completed,Credit Card,0.0
9655,3611,2021-08-29,Completed,Debit Card,0.0
9656,2876,2023-09-02,Completed,Credit Card,9.99
9657,1396,2022-02-25,Completed,PayPal,5.99
9658,2960,2022-04-22,Completed,PayPal,0.0
9659,3329,2023-03-18,Completed,Credit Card,0.0
9660,156,2023-03-10,Returned,Debit Card,5.99
9661,2311,2023-05-17,Completed,Credit Card,0.0
9662,4519,2022-09-18,Completed,Debit Card,5.99
9663,4760,2024-01-29,Completed,PayPal,9.99
9664,4957,2021-09-03,Completed,PayPal,5.99
9665,1164,2022-07-25,Completed,Credit Card,14.99
9666,2311,2022-04-02,Completed,Credit Card,0.0
9667,3247,2021-06-30,Completed,Debit Card,5.99
9668,3482,2022-03-23,Completed,Cash,0.0
9669,1103,2023-07-12,Completed,Cash,9.99
9670,2591,2022-06-25,Completed,Credit Card,14.99
9671,3634,2021-02-17,Completed,PayPal,5.99
9672,3458,2021-01-02,Cancelled,Cash,5.99
9673,496,2021-07-10,Completed,Credit Card,0.0
9674,682,2024-01-25,Completed,PayPal,9.99
9675,1577,2021-04-29,Completed,Credit Card,5.99
9676,4345,2021-08-28,Completed,Credit Card,9.99
9677,324,2021-08-09,Completed,Credit Card,0.0
9678,3855,2021-01-10,Completed,Debit Card,5.99
9679,4936,2023-04-20,Completed,PayPal,5.99
9680,2715,2022-05-23,Cancelled,Debit Card,9.99
9681,649,2021-12-04,Completed,Credit Card,5.99
9682,731,2022-01-07,Completed,,5.99
9683,4155,2022-07-15,Completed,Debit Card,14.99
9684,919,2022-07-10,Completed,Debit Card,0.0
9685,1398,2022-04-27,Completed,Debit Card,5.99
9686,875,2021-11-22,Completed,Credit Card,5.99
9687,3147,2023-02-27,Completed,PayPal,0.0
9688,2891,2022-12-13,Completed,Cash,5.99
9689,1450,2022-06-28,Returned,Debit Card,9.99
9690,3055,2022-10-06,Completed,Debit Card,5.99
9691,491,2021-06-14,Completed,Cash,5.99
9692,4562,2023-11-19,Completed,Debit Card,9.99
9693,963,2023-10-24,Completed,Debit Card,14.99
9694,3016,2021-09-04,Completed,Debit Card,9.99
9695,4638,2023-09-25,Completed,Credit Card,9.99
9696,2703,2023-10-23,Completed,Debit Card,14.99
9697,4929,2022-11-08,Completed,PayPal,9.99
9698,185,2022-10-30,Completed,Credit Card,14.99
9699,2526,2021-05-14,Completed,PayPal,9.99
9700,1969,2023-07-11,Completed,Debit Card,5.99
9701,892,2021-08-19,Returned,Credit Card,5.99
9702,2771,2022-12-11,Completed,Debit Card,14.99
9703,177,2022-08-07,Completed,Credit Card,5.99
9704,3598,2022-05-04,Completed,PayPal,9.99
9705,579,2023-04-01,Pending,Credit Card,0.0
9706,4074,2021-03-25,Completed,Cash,14.99
9707,2104,2022-03-14,Completed,Debit Card,5.99
9708,583,2022-07-07,Completed,Debit Card,0.0
9709,3546,2023-01-22,Completed,Cash,9.99
9710,2249,2022-06-10,Completed,Credit Card,5.99
9711,3941,2023-12-30,Completed,Debit Card,0.0
9712,3967,2022-02-24,Completed,Credit Card,0.0
9713,3173,2021-02-28,Completed,PayPal,0.0
9714,1546,2022-08-04,Completed,Debit Card,0.0
9715,832,2022-07-13,Completed,Cash,5.99
9716,327,2021-04-12,Completed,PayPal,9.99
9717,1874,2023-12-11,Pending,Credit Card,5.99
9718,1281,2021-04-06,Cancelled,Credit Card,5.99
9719,2028,2021-05-23,Completed,Debit Card,9.99
9720,997,2021-03-10,Completed,Debit Card,5.99
9721,4784,2021-01-12,Completed,Credit Card,5.99
9722,3757,2023-05-03,Completed,Credit Card,5.99
9723,3294,2022-10-30,Completed,Debit Card,5.99
9724,3866,2023-04-01,Completed,Credit Card,0.0
9725,475,2024-01-13,Pending,PayPal,14.99
9726,1329,2021-07-11,Cancelled,PayPal,0.0
9727,2968,2024-01-03,Completed,PayPal,5.99
9728,2518,2022-03-19,Completed,Credit Card,0.0
9729,3079,2022-01-21,Pending,Credit Card,5.99
9730,817,2022-01-26,Pending,Debit Card,5.99
9731,3386,2021-06-25,Returned,Cash,5.99
9732,4178,2023-03-26,Completed,Credit Card,0.0
9733,2081,2023-08-22,Completed,Credit Card,0.0
9734,2397,2021-12-11,Completed,Credit Card,9.99
9735,2278,2023-03-09,Completed,Debit Card,0.0
9736,3111,2023-02-28,Completed,Debit Card,9.99
9737,4864,2022-08-13,Completed,Credit Card,5.99
9738,3436,2021-02-05,Cancelled,Credit Card,0.0
9739,2318,2022-05-02,Cancelled,Debit Card,0.0
9740,2994,2021-04-09,Completed,Credit Card,9.99
9741,4138,2023-07-05,Cancelled,Debit Card,5.99
9742,4973,2022-12-12,Completed,PayPal,0.0
9743,1475,2021-01-06,Completed,Debit Card,9.99
9744,2059,2022-11-21,Completed,Debit Card,9.99
9745,2526,2021-02-25,Completed,PayPal,5.99
9746,689,2023-06-01,Completed,Cash,5.99
9747,4443,2022-07-24,Completed,Credit Card,0.0
9748,1868,2021-02-12,Completed,Credit Card,0.0
9749,1518,2023-11-23,Completed,PayPal,5.99
9750,4166,2021-08-25,Returned,Credit Card,9.99
9751,552,2021-05-04,Completed,Cash,5.99
9752,722,2023-02-09,Completed,Credit Card,5.99
9753,1984,2023-07-06,Completed,Cash,5.99
9754,3637,2021-08-14,Completed,Debit Card,5.99
9755,1041,2021-04-28,Completed,PayPal,5.99
9756,2228,2021-08-03,Completed,Credit Card,5.99
9757,2286,2023-06-24,Completed,Cash,0.0
9758,4040,2023-02-09,Completed,Credit Card,9.99
9759,4880,2023-01-27,Completed,Credit Card,0.0
9760,1288,2021-07-20,Completed,Credit Card,5.99
9761,4738,2021-02-06,Completed,Cash,5.99
9762,3749,2022-10-30,Cancelled,Credit Card,9.99
9763,2660,2021-11-29,Completed,Debit Card,9.99
9764,4708,2021-02-22,Completed,Debit Card,0.0
9765,757,2024-01-12,Pending,PayPal,5.99
9766,2181,2023-02-23,Completed,Debit Card,0.0
9767,2453,2022-11-04,Completed,Debit Card,0.0
9768,4344,2022-03-17,Returned,Debit Card,14.99
9769,4713,2023-10-19,Completed,PayPal,0.0
9770,2505,2022-08-16,Completed,Credit Card,0.0
9771,164,2022-07-11,Cancelled,Credit Card,0.0
9772,41,2022-12-26,Cancelled,Credit Card,5.99
9773,4706,2023-01-02,Completed,Credit Card,14.99
9774,2536,2023-12-28,Completed,Credit Card,0.0
9775,3150,2022-02-05,Completed,Debit Card,5.99
9776,2784,2022-01-21,Completed,Cash,5.99
9777,4460,2021-06-24,Completed,Credit Card,5.99
9778,2090,2023-12-12,Completed,PayPal,5.99
9779,3320,2023-01-17,Completed,Debit Card,5.99
9780,1923,2023-06-10,Cancelled,Credit Card,5.99
9781,4752,2023-02-28,Cancelled,Debit Card,9.99
9782,1268,2022-11-12,Returned,Cash,0.0
9783,2370,2022-06-09,Cancelled,Credit Card,0.0
9784,4591,2022-05-19,Completed,Debit Card,14.99
9785,4122,2022-06-08,Completed,Credit Card,9.99
9786,4050,2023-08-05,Completed,Credit Card,9.99
9787,4589,2023-11-11,Completed,Debit Card,5.99
9788,150,2021-08-06,Completed,PayPal,5.99
9789,3905,2021-10-30,Completed,Debit Card,5.99
9790,1999,2023-04-21,Pending,Credit Card,0.0
9791,3920,2023-11-26,Completed,Cash,9.99
9792,3255,2024-01-28,Completed,Credit Card,5.99
9793,3911,2023-11-19,Completed,PayPal,14.99
9794,3425,2021-09-12,Completed,Credit Card,5.99
9795,2087,2021-01-15,Completed,PayPal,0.0
9796,4688,2023-08-19,Completed,PayPal,5.99
9797,3851,2023-02-09,Completed,Cash,0.0
9798,1686,2022-05-04,Completed,Credit Card,9.99
9799,3710,2021-12-27,Completed,Debit Card,5.99
9800,4352,2021-05-01,Completed,Debit Card,5.99
9801,371,2021-06-15,Returned,Debit Card,14.99
9802,2635,2023-08-09,Completed,Debit Card,14.99
9803,2034,2021-03-23,Pending,Credit Card,14.99
9804,2247,2022-03-23,Completed,Credit Card,0.0
9805,1213,2021-02-16,Completed,Credit Card,9.99
9806,2873,2023-10-02,Completed,PayPal,14.99
9807,914,2023-12-12,Completed,PayPal,5.99
9808,4612,2021-09-05,Completed,Credit Card,0.0
9809,817,2023-08-09,Completed,Cash,9.99
9810,4408,2023-05-18,Returned,Credit Card,9.99
9811,3724,2021-09-21,Completed,Credit Card,9.99
9812,1005,2022-05-27,Completed,Credit Card,0.0
9813,3469,2021-12-20,Completed,PayPal,0.0
9814,1039,2022-11-01,Completed,Debit Card,5.99
9815,4410,2022-11-18,Completed,Credit Card,5.99
9816,4683,2023-12-24,Completed,Debit Card,5.99
9817,3657,2024-01-20,Completed,Credit Card,0.0
9818,2512,2021-08-22,Completed,Credit Card,0.0
9819,3618,2021-06-23,Completed,Credit Card,5.99
9820,3566,2021-08-27,Completed,Credit Card,0.0
9821,3750,2021-12-05,Completed,PayPal,5.99
9822,3544,2023-06-20,Completed,Debit Card,5.99
9823,3483,2023-08-07,Completed,Credit Card,5.99
9824,3280,2023-05-08,Completed,Credit Card,9.99
9825,470,2021-07-21,Completed,Credit Card,0.0
9826,669,2023-01-13,Completed,Credit Card,14.99
9827,4820,2021-07-15,Completed,Debit Card,9.99
9828,988,2024-01-23,Completed,Credit Card,5.99
9829,4927,2021-03-02,Completed,Debit Card,14.99
9830,1555,2023-07-11,Completed,Credit Card,0.0
9831,2989,2023-10-27,Completed,Credit Card,5.99
9832,1341,2022-06-29,Completed,Cash,0.0
9833,3118,2022-09-30,Completed,Credit Card,5.99
9834,2074,2021-09-17,Completed,Credit Card,5.99
9835,1034,2022-06-24,Completed,Credit Card,5.99
9836,2806,2023-03-08,Completed,Credit Card,0.0
9837,4726,2023-08-18,Completed,Credit Card,0.0
9838,1726,2023-06-10,Completed,Credit Card,5.99
9839,928,2021-02-09,Completed,PayPal,0.0
9840,3673,2021-05-06,Completed,PayPal,9.99
9841,3566,2022-06-05,Completed,Debit Card,5.99
9842,4747,2021-10-12,Completed,Credit Card,5.99
9843,4066,2022-12-08,Completed,,0.0
9844,127,2023-06-28,Completed,Credit Card,0.0
9845,4350,2023-04-23,Completed,Credit Card,5.99
9846,2909,2022-10-09,Completed,Credit Card,14.99
9847,3445,2023-10-15,Completed,,5.99
9848,3666,2021-07-09,Returned,Credit Card,9.99
9849,2610,2022-01-12,Completed,Credit Card,9.99
9850,4712,2022-11-25,Completed,Credit Card,0.0
9851,957,2022-06-10,Completed,Credit Card,14.99
9852,215,2022-09-03,Completed,Credit Card,5.99
9853,3071,2022-12-18,Completed,Credit Card,14.99
9854,3573,2024-01-22,Completed,Credit Card,5.99
9855,1742,2022-09-10,Completed,Credit Card,0.0
9856,4844,2023-06-22,Cancelled,Credit Card,14.99
9857,3406,2022-12-24,Completed,Credit Card,0.0
9858,3973,2021-06-29,Completed,Credit Card,9.99
9859,381,2023-03-12,Completed,Debit Card,0.0
9860,2483,2021-05-11,Completed,Credit Card,5.99
9861,2274,2022-06-05,Completed,Credit Card,5.99
9862,3649,2021-02-06,Completed,Credit Card,14.99
9863,3912,2021-05-17,Completed,Credit Card,0.0
9864,3943,2022-06-26,Completed,Credit Card,5.99
9865,910,2021-02-27,Completed,Cash,5.99
9866,2226,2021-02-13,Completed,PayPal,14.99
9867,279,2022-11-17,Completed,Credit Card,5.99
9868,2912,2022-09-14,Completed,Debit Card,5.99
9869,3689,2022-09-08,Completed,Credit Card,5.99
9870,3835,2022-09-30,Completed,Credit Card,0.0
9871,454,2023-05-16,Completed,Debit Card,9.99
9872,1105,2021-12-15,Completed,Credit Card,0.0
9873,2992,2023-02-06,Completed,Credit Card,9.99
9874,150,2021-10-24,Completed,Debit Card,5.99
9875,701,2021-08-13,Completed,,0.0
9876,2949,2023-05-13,Completed,Cash,5.99
9877,3019,2022-12-17,Completed,PayPal,9.99
9878,2311,2022-05-20,Pending,PayPal,5.99
9879,2098,2023-07-25,Completed,Credit Card,0.0
9880,2312,2022-03-21,Completed,Credit Card,0.0
9881,294,2021-04-09,Completed,Debit Card,9.99
9882,4410,2023-07-26,Completed,Cash,5.99
9883,2628,2023-04-07,Completed,Credit Card,14.99
9884,3755,2023-03-11,Completed,Cash,5.99
9885,2653,2023-04-04,Completed,Credit Card,5.99
9886,1083,2023-09-23,Cancelled,Credit Card,5.99
9887,3033,2023-01-01,Completed,Credit Card,5.99
9888,3191,2021-11-07,Completed,Credit Card,14.99
9889,1774,2022-06-10,Pending,PayPal,5.99
9890,4020,2022-09-02,Pending,Credit Card,0.0
9891,2117,2022-01-08,Completed,Cash,5.99
9892,2189,2021-01-29,Completed,Debit Card,5.99
9893,4503,2022-05-08,Completed,Credit Card,9.99
9894,2205,2021-08-01,Completed,PayPal,14.99
9895,2925,2022-10-19,Completed,Credit Card,5.99
9896,2758,2023-09-12,Completed,PayPal,5.99
9897,2760,2023-10-09,Completed,Credit Card,5.99
9898,3879,2021-01-19,Completed,Credit Card,14.99
9899,3198,2023-04-09,Completed,Debit Card,14.99
9900,3359,2022-12-12,Completed,Cash,14.99
9901,1725,2021-05-15,Completed,Debit Card,0.0
9902,1983,2021-07-29,Completed,Debit Card,5.99
9903,2772,2021-09-26,Completed,PayPal,0.0
9904,2225,2022-07-23,Completed,,5.99
9905,1506,2023-01-26,Completed,PayPal,0.0
9906,27,2021-04-30,Completed,Credit Card,0.0
9907,2736,2023-08-27,Completed,Credit Card,5.99
9908,217,2023-06-16,Completed,Credit Card,5.99
9909,4631,2022-04-24,Completed,Credit Card,0.0
9910,2798,2023-06-12,Completed,Credit Card,0.0
9911,1768,2022-04-04,Completed,Credit Card,9.99
9912,81,2022-11-02,Completed,Credit Card,0.0
9913,3681,2021-03-29,Completed,Debit Card,9.99
9914,1316,2023-05-14,Completed,Debit Card,5.99
9915,3854,2023-11-14,Completed,Debit Card,9.99
9916,3852,2021-04-10,Completed,Credit Card,0.0
9917,1072,2021-07-30,Completed,PayPal,0.0
9918,4326,2021-10-12,Completed,Credit Card,5.99
9919,1171,2021-10-27,Completed,Debit Card,14.99
9920,3890,2023-07-31,Completed,Credit Card,0.0
9921,3188,2021-09-03,Completed,Debit Card,0.0
9922,4685,2023-05-07,Pending,Credit Card,14.99
9923,2679,2023-05-01,Pending,PayPal,0.0
9924,4158,2021-12-17,Completed,PayPal,0.0
9925,4558,2022-02-27,Completed,Debit Card,14.99
9926,4080,2022-04-14,Completed,Credit Card,9.99
9927,494,2023-01-04,Pending,Credit Card,5.99
9928,4550,2022-01-05,Completed,Cash,14.99
9929,4761,2023-05-10,Completed,Credit Card,5.99
9930,2234,2021-01-03,Completed,Cash,0.0
9931,1291,2021-06-23,Completed,Credit Card,9.99
9932,3493,2023-08-03,Completed,Cash,5.99
9933,3303,2023-07-06,Completed,Cash,5.99
9934,188,2021-12-22,Completed,Debit Card,14.99
9935,1924,2023-05-04,Completed,Credit Card,0.0
9936,3357,2022-12-05,Pending,Credit Card,5.99
9937,3471,2022-11-19,Completed,Cash,5.99
9938,4999,2023-11-01,Completed,PayPal,0.0
9939,4427,2021-05-18,Completed,Credit Card,5.99
9940,255,2022-02-22,Completed,Credit Card,5.99
9941,1536,2021-09-18,Completed,PayPal,9.99
9942,3807,2023-06-10,Completed,Debit Card,9.99
9943,3565,2021-07-21,Completed,PayPal,5.99
9944,2509,2022-01-24,Completed,PayPal,5.99
9945,2165,2022-11-19,Completed,Cash,5.99
9946,4432,2022-06-17,Returned,Credit Card,5.99
9947,1413,2021-10-07,Completed,Credit Card,0.0
9948,4916,2023-07-16,Completed,Credit Card,5.99
9949,2339,2021-01-12,Completed,Cash,5.99
9950,1611,2021-06-18,Completed,Credit Card,5.99
9951,2953,2021-09-20,Completed,Credit Card,14.99
9952,379,2022-03-14,Completed,Credit Card,0.0
9953,464,2022-02-19,Completed,Credit Card,5.99
9954,3949,2021-09-29,Completed,PayPal,5.99
9955,4942,2021-04-28,Completed,Debit Card,5.99
9956,3262,2021-04-16,Completed,Debit Card,0.0
9957,841,2021-12-07,Cancelled,Credit Card,5.99
9958,3542,2022-10-27,Completed,Cash,0.0
9959,2908,2022-04-02,Completed,Credit Card,9.99
9960,1835,2021-03-30,Completed,Debit Card,9.99
9961,3918,2022-07-19,Completed,Credit Card,0.0
9962,4062,2023-03-29,Completed,Credit Card,0.0
9963,3826,2023-08-23,Cancelled,Credit Card,0.0
9964,4305,2022-09-25,Completed,Debit Card,0.0
9965,2098,2021-02-04,Completed,Debit Card,0.0
9966,1144,2023-07-18,Completed,Credit Card,0.0
9967,2279,2021-07-12,Completed,Credit Card,5.99
9968,4023,2024-01-21,Completed,PayPal,5.99
9969,870,2023-02-02,Completed,Credit Card,5.99
9970,3442,2022-03-27,Completed,Credit Card,5.99
9971,2359,2022-04-22,Returned,Credit Card,9.99
9972,4623,2021-08-20,Completed,PayPal,14.99
9973,530,2021-06-08,Completed,Credit Card,5.99
9974,4804,2022-11-28,Completed,Cash,0.0
9975,916,2023-04-07,Completed,Credit Card,0.0
9976,3192,2022-08-28,Completed,Credit Card,0.0
9977,1582,2023-11-05,Completed,Credit Card,5.99
9978,3509,2022-03-27,Completed,Debit Card,5.99
9979,4768,2022-10-26,Completed,Credit Card,5.99
9980,2734,2023-04-30,Completed,Debit Card,0.0
9981,178,2021-12-30,Completed,Credit Card,9.99
9982,3857,2023-08-02,Completed,Credit Card,0.0
9983,1423,2022-11-27,Returned,PayPal,0.0
9984,2811,2022-01-31,Completed,Debit Card,5.99
9985,4976,2021-08-07,Completed,Credit Card,0.0
9986,1442,2023-11-09,Completed,Debit Card,5.99
9987,2821,2022-06-14,Completed,Debit Card,14.99
9988,296,2024-01-17,Completed,Credit Card,9.99
9989,812,2022-04-30,Completed,Credit Card,0.0
9990,3181,2022-05-02,Cancelled,Credit Card,5.99
9991,4968,2023-02-15,Pending,Credit Card,5.99
9992,606,2022-08-13,Completed,PayPal,14.99
9993,2857,2021-11-05,Completed,Credit Card,14.99
9994,3499,2021-08-15,Completed,Credit Card,0.0
9995,3903,2022-12-07,Completed,Credit Card,14.99
9996,4344,2021-11-04,Completed,Cash,0.0
9997,508,2023-04-30,Completed,Debit Card,5.99
9998,3936,2022-06-03,Completed,Credit Card,5.99
9999,4175,2023-01-16,Completed,Credit Card,0.0
10000,1163,2023-12-03,Completed,Credit Card,9.99
10001,1706,2023-08-15,Completed,Debit Card,5.99
10002,439,2021-05-10,Completed,Credit Card,9.99
10003,3918,2023-02-14,Completed,Cash,14.99
10004,378,2023-02-26,Completed,Credit Card,9.99
10005,174,2022-02-02,Completed,Debit Card,5.99
10006,4292,2022-03-05,Completed,Debit Card,9.99
10007,519,2021-04-07,Completed,PayPal,5.99
10008,1612,2022-03-01,Completed,Credit Card,9.99
10009,1768,2021-09-29,Completed,Debit Card,0.0
10010,2523,2021-11-26,Completed,Credit Card,5.99
10011,4748,2021-07-16,Completed,Credit Card,9.99
10012,151,2023-06-08,Completed,PayPal,9.99
10013,1159,2023-11-18,Returned,Cash,14.99
10014,1709,2021-04-05,Completed,Debit Card,0.0
10015,3935,2023-08-14,Cancelled,Credit Card,5.99
10016,2455,2021-01-07,Completed,PayPal,5.99
10017,1899,2021-07-15,Completed,Credit Card,5.99
10018,1457,2023-11-15,Completed,Credit Card,5.99
10019,3541,2021-11-16,Completed,Debit Card,0.0
10020,4704,2021-06-21,Completed,Credit Card,9.99
10021,1439,2022-11-16,Completed,Cash,14.99
10022,2284,2022-11-20,Completed,Credit Card,0.0
10023,2306,2023-09-30,Completed,Credit Card,0.0
10024,801,2022-06-23,Completed,Debit Card,0.0
10025,4524,2021-06-29,Completed,PayPal,5.99
10026,31,2021-10-02,Cancelled,Credit Card,9.99
10027,740,2023-01-24,Completed,Credit Card,0.0
10028,3108,2021-07-25,Completed,PayPal,5.99
10029,4729,2022-01-01,Completed,Credit Card,0.0
10030,2888,2021-08-01,Completed,Credit Card,14.99
10031,966,2024-01-21,Completed,Debit Card,9.99
10032,967,2024-01-24,Pending,Credit Card,14.99
10033,1430,2022-01-26,Completed,Cash,0.0
10034,4689,2022-02-04,Pending,Debit Card,5.99
10035,2462,2022-08-18,Completed,Cash,0.0
10036,3445,2021-02-01,Completed,Credit Card,5.99
10037,2154,2021-06-09,Completed,Cash,0.0
10038,323,2023-08-19,Completed,Credit Card,9.99
10039,2026,2021-05-29,Cancelled,Credit Card,5.99
10040,559,2022-09-15,Completed,Credit Card,5.99
10041,877,2022-06-30,Completed,Credit Card,9.99
10042,4444,2022-12-02,Completed,Credit Card,5.99
10043,1276,2023-01-19,Completed,Debit Card,0.0
10044,4533,2023-08-28,Completed,Credit Card,5.99
10045,3786,2023-06-14,Completed,Credit Card,14.99
10046,4912,2023-03-07,Completed,Debit Card,5.99
10047,774,2023-02-11,Completed,Credit Card,5.99
10048,2156,2021-11-05,Completed,PayPal,14.99
10049,3561,2022-12-06,Completed,Debit Card,5.99
10050,2927,2022-02-17,Completed,Cash,14.99
10051,4835,2023-04-22,Cancelled,Credit Card,0.0
10052,2859,2023-07-14,Completed,Cash,5.99
10053,786,2021-07-31,Completed,Debit Card,0.0
10054,673,2021-07-29,Cancelled,Cash,5.99
10055,1189,2023-09-22,Completed,Credit Card,0.0
10056,226,2021-09-09,Completed,Debit Card,0.0
10057,1545,2021-10-07,Completed,PayPal,0.0
10058,1889,2021-03-30,Completed,Credit Card,5.99
10059,4612,2022-04-13,Completed,Debit Card,0.0
10060,488,2022-09-17,Completed,PayPal,9.99
10061,3011,2023-01-22,Completed,Debit Card,0.0
10062,4938,2023-09-10,Completed,Credit Card,5.99
10063,3153,2022-07-04,Completed,Debit Card,0.0
10064,3541,2021-09-08,Completed,Credit Card,0.0
10065,3545,2023-06-30,Completed,PayPal,9.99
10066,4749,2022-11-29,Completed,Credit Card,9.99
10067,2080,2023-02-19,Completed,Credit Card,9.99
10068,1264,2022-12-07,Completed,Credit Card,5.99
10069,1777,2021-12-20,Completed,Debit Card,0.0
10070,4702,2022-03-03,Pending,Cash,0.0
10071,2377,2021-01-12,Pending,Credit Card,5.99
10072,1548,2021-04-07,Completed,Credit Card,9.99
10073,4569,2021-09-25,Completed,Credit Card,14.99
10074,1703,2022-01-14,Completed,PayPal,0.0
10075,3946,2022-08-23,Pending,Credit Card,5.99
10076,2927,2022-01-01,Completed,Credit Card,0.0
10077,2352,2021-09-22,Completed,Debit Card,9.99
10078,1303,2022-04-19,Completed,Credit Card,0.0
10079,4341,2023-07-11,Completed,Credit Card,5.99
10080,4104,2021-07-07,Completed,Credit Card,14.99
10081,2457,2023-04-05,Completed,PayPal,9.99
10082,3154,2023-02-28,Completed,Cash,0.0
10083,1986,2022-09-30,Completed,PayPal,0.0
10084,3884,2022-04-12,Completed,Credit Card,9.99
10085,3927,2022-03-21,Completed,Debit Card,5.99
10086,1977,2022-01-30,Completed,Credit Card,9.99
10087,2511,2022-12-30,Completed,Debit Card,0.0
10088,4505,2021-06-23,Completed,Debit Card,9.99
10089,2659,2023-07-14,Completed,Cash,9.99
10090,440,2021-11-24,Completed,Credit Card,9.99
10091,1996,2021-05-15,Completed,PayPal,5.99
10092,80,2021-05-16,Completed,Debit Card,0.0
10093,1469,2021-05-21,Completed,Credit Card,0.0
10094,3675,2022-10-11,Completed,Debit Card,14.99
10095,3891,2021-10-01,Completed,Cash,0.0
10096,1120,2021-11-28,Completed,Cash,0.0
10097,650,2023-06-25,Completed,Debit Card,0.0
10098,3719,2021-01-18,Completed,Credit Card,9.99
10099,4715,2022-03-11,Completed,PayPal,9.99
10100,1675,2021-04-24,Completed,Debit Card,9.99
10101,612,2023-05-14,Completed,Credit Card,5.99
10102,3286,2023-08-23,Completed,Credit Card,14.99
10103,1298,2023-05-29,Completed,Credit Card,0.0
10104,2931,2022-06-10,Completed,Credit Card,9.99
10105,382,2021-09-15,Cancelled,PayPal,5.99
10106,2704,2021-04-08,Cancelled,Credit Card,5.99
10107,2888,2021-08-27,Completed,Credit Card,0.0
10108,1621,2021-07-11,Completed,Credit Card,0.0
10109,1294,2023-10-19,Completed,Credit Card,5.99
10110,3478,2022-05-18,Completed,Credit Card,0.0
10111,3634,2021-06-03,Completed,Credit Card,5.99
10112,4968,2021-03-24,Completed,Credit Card,0.0
10113,1194,2021-06-09,Pending,Debit Card,0.0
10114,2277,2021-03-24,Completed,Credit Card,9.99
10115,2501,2021-08-23,Completed,Debit Card,14.99
10116,4187,2021-03-05,Completed,Credit Card,14.99
10117,2016,2022-06-22,Completed,Credit Card,5.99
10118,3817,2023-03-15,Cancelled,Credit Card,9.99
10119,1177,2021-03-15,Completed,Credit Card,9.99
10120,3233,2021-04-09,Completed,Credit Card,5.99
10121,4575,2022-11-11,Completed,Credit Card,5.99
10122,3780,2022-01-16,Completed,Credit Card,0.0
10123,3993,2021-04-06,Completed,Debit Card,0.0
10124,4827,2022-09-30,Completed,Credit Card,9.99
10125,1971,2022-11-29,Completed,PayPal,5.99
10126,4180,2023-03-04,Completed,PayPal,5.99
10127,4314,2023-05-06,Completed,PayPal,0.0
10128,4665,2024-01-01,Completed,Credit Card,0.0
10129,2199,2023-04-01,Cancelled,PayPal,9.99
10130,4871,2022-12-11,Completed,Credit Card,5.99
10131,650,2021-07-02,Completed,Credit Card,5.99
10132,1405,2021-02-12,Returned,Credit Card,5.99
10133,4314,2022-02-15,Pending,Cash,5.99
10134,3574,2024-01-28,Completed,Credit Card,14.99
10135,3625,2023-01-04,Completed,Cash,14.99
10136,1358,2022-03-08,Completed,Credit Card,0.0
10137,4149,2023-08-26,Completed,Cash,5.99
10138,3995,2022-01-07,Completed,Cash,5.99
10139,3934,2021-10-05,Completed,Cash,5.99
10140,2107,2023-07-30,Completed,Credit Card,5.99
10141,4079,2023-12-21,Completed,PayPal,0.0
10142,4411,2022-04-17,Returned,Cash,9.99
10143,3143,2022-01-10,Completed,Credit Card,5.99
10144,684,2021-01-17,Completed,Credit Card,14.99
10145,427,2021-12-08,Completed,Debit Card,0.0
10146,2414,2022-11-29,Returned,Credit Card,0.0
10147,148,2022-03-16,Completed,PayPal,5.99
10148,3630,2022-01-07,Completed,Credit Card,5.99
10149,3109,2022-09-22,Pending,Debit Card,5.99
10150,1355,2022-07-03,Completed,Credit Card,14.99
10151,4890,2023-12-19,Completed,Credit Card,5.99
10152,3090,2024-01-19,Cancelled,Credit Card,5.99
10153,3121,2024-01-20,Returned,PayPal,14.99
10154,2569,2021-02-15,Completed,Credit Card,5.99
10155,1497,2023-10-05,Completed,PayPal,5.99
10156,2308,2023-04-19,Completed,PayPal,9.99
10157,822,2023-06-12,Completed,Credit Card,5.99
10158,2595,2023-01-01,Completed,,5.99
10159,3982,2023-08-06,Completed,Credit Card,0.0
10160,1806,2023-08-27,Completed,Credit Card,5.99
10161,609,2023-03-28,Completed,Credit Card,0.0
10162,4209,2022-10-07,Completed,Debit Card,14.99
10163,412,2022-10-01,Completed,Cash,0.0
10164,1153,2022-03-13,Completed,Credit Card,0.0
10165,150,2022-12-23,Completed,Debit Card,5.99
10166,2341,2021-12-03,Completed,Cash,9.99
10167,166,2021-07-24,Completed,PayPal,9.99
10168,2162,2022-06-09,Completed,PayPal,5.99
10169,635,2023-05-18,Completed,PayPal,9.99
10170,66,2022-04-29,Completed,Credit Card,5.99
10171,3770,2021-05-30,Completed,PayPal,5.99
10172,838,2021-12-07,Completed,Cash,9.99
10173,4644,2022-08-29,Completed,Credit Card,0.0
10174,566,2022-12-03,Completed,Credit Card,9.99
10175,1104,2022-04-30,Returned,Credit Card,5.99
10176,4876,2022-06-15,Completed,Credit Card,14.99
10177,2293,2023-07-18,Completed,Credit Card,0.0
10178,2043,2022-06-20,Completed,Debit Card,14.99
10179,2036,2021-05-15,Completed,Debit Card,5.99
10180,3739,2021-06-06,Completed,Credit Card,5.99
10181,461,2023-04-12,Completed,Credit Card,5.99
10182,1475,2021-03-11,Completed,PayPal,14.99
10183,3460,2023-11-10,Completed,Credit Card,5.99
10184,2986,2022-06-28,Completed,Credit Card,5.99
10185,3587,2023-08-12,Completed,Debit Card,9.99
10186,4335,2024-01-20,Completed,Credit Card,0.0
10187,817,2021-09-04,Completed,Credit Card,0.0
10188,2385,2021-11-20,Completed,Credit Card,9.99
10189,3242,2021-10-24,Completed,PayPal,0.0
10190,1819,2021-12-01,Completed,Debit Card,9.99
10191,2930,2022-03-14,Returned,Credit Card,5.99
10192,2604,2022-06-30,Completed,Credit Card,5.99
10193,246,2022-07-10,Completed,Debit Card,0.0
10194,647,2022-08-17,Completed,PayPal,9.99
10195,4772,2022-07-25,Completed,Debit Card,9.99
10196,1717,2023-07-19,Completed,PayPal,5.99
10197,3032,2022-09-11,Completed,Debit Card,5.99
10198,1713,2024-01-03,Pending,Debit Card,0.0
10199,517,2022-09-15,Completed,PayPal,9.99
10200,651,2023-12-12,Completed,PayPal,5.99
10201,249,2022-12-29,Completed,Cash,0.0
10202,933,2023-03-21,Completed,Credit Card,9.99
10203,2649,2022-09-28,Completed,Cash,9.99
10204,4188,2022-09-09,Completed,Debit Card,0.0
10205,2476,2022-11-04,Completed,PayPal,9.99
10206,3026,2021-06-14,Completed,Credit Card,9.99
10207,3242,2022-06-22,Completed,Debit Card,14.99
10208,3629,2021-12-29,Completed,PayPal,0.0
10209,1846,2021-08-30,Completed,Credit Card,5.99
10210,751,2023-01-24,Completed,Debit Card,14.99
10211,1794,2023-08-08,Pending,PayPal,0.0
10212,3909,2021-10-15,Completed,Credit Card,5.99
10213,472,2021-07-10,Cancelled,Credit Card,5.99
10214,380,2022-06-10,Completed,Debit Card,5.99
10215,538,2021-09-29,Completed,Debit Card,5.99
10216,3778,2023-02-17,Completed,Credit Card,14.99
10217,2255,2021-04-24,Cancelled,Credit Card,0.0
10218,4647,2023-09-10,Completed,Credit Card,5.99
10219,1562,2021-05-12,Completed,Credit Card,5.99
10220,756,2022-03-26,Completed,Credit Card,0.0
10221,3695,2022-02-20,Cancelled,Debit Card,0.0
10222,2945,2021-06-24,Pending,Debit Card,14.99
10223,3399,2022-07-07,Returned,PayPal,5.99
10224,228,2022-04-25,Returned,Credit Card,5.99
10225,4094,2024-01-01,Completed,Credit Card,9.99
10226,1911,2021-09-23,Completed,Credit Card,0.0
10227,56,2023-06-22,Completed,PayPal,9.99
10228,1515,2023-04-06,Completed,Debit Card,0.0
10229,850,2022-07-31,Completed,PayPal,9.99
10230,3648,2023-03-24,Cancelled,Credit Card,0.0
10231,1746,2021-08-25,Completed,Debit Card,9.99
10232,3713,2021-09-28,Completed,Debit Card,5.99
10233,1746,2022-03-10,Pending,PayPal,5.99
10234,1934,2022-12-22,Completed,Debit Card,5.99
10235,4879,2022-10-23,Completed,Debit Card,0.0
10236,3941,2022-06-25,Completed,Credit Card,14.99
10237,363,2023-01-22,Completed,Debit Card,0.0
10238,684,2021-10-29,Completed,Credit Card,5.99
10239,47,2022-11-18,Completed,Credit Card,0.0
10240,801,2021-08-17,Completed,Credit Card,14.99
10241,2371,2022-03-02,Returned,Cash,5.99
10242,4635,2023-06-24,Completed,Credit Card,0.0
10243,1408,2021-12-20,Completed,PayPal,5.99
10244,3390,2021-01-22,Returned,Cash,14.99
10245,1282,2023-04-27,Completed,Cash,5.99
10246,629,2023-08-18,Completed,PayPal,5.99
10247,4519,2023-06-23,Completed,PayPal,0.0
10248,1295,2022-03-22,Completed,Credit Card,0.0
10249,1305,2021-05-04,Completed,Credit Card,0.0
10250,2139,2023-08-02,Completed,Debit Card,5.99
10251,128,2021-02-24,Completed,Credit Card,9.99
10252,1,2022-05-09,Completed,Credit Card,9.99
10253,3408,2022-03-14,Completed,Debit Card,9.99
10254,634,2022-06-07,Completed,Debit Card,0.0
10255,1710,2023-03-31,Completed,PayPal,9.99
10256,4295,2023-03-21,Pending,Debit Card,5.99
10257,3124,2021-11-26,Completed,Debit Card,5.99
10258,2742,2021-04-15,Completed,Credit Card,5.99
10259,2212,2023-09-08,Completed,Credit Card,0.0
10260,4863,2022-12-05,Completed,Cash,0.0
10261,3493,2022-03-11,Completed,Credit Card,5.99
10262,3301,2021-08-26,Completed,Credit Card,0.0
10263,435,2021-06-28,Completed,Debit Card,5.99
10264,1402,2022-01-25,Completed,Credit Card,5.99
10265,2565,2024-01-30,Completed,Credit Card,14.99
10266,697,2021-11-20,Completed,Credit Card,14.99
10267,2219,2023-11-25,Completed,Credit Card,14.99
10268,2045,2021-06-21,Completed,,9.99
10269,2797,2023-11-11,Completed,PayPal,14.99
10270,4445,2022-03-08,Completed,Debit Card,9.99
10271,340,2022-10-19,Completed,Credit Card,14.99
10272,2268,2021-01-27,Completed,Credit Card,5.99
10273,3859,2023-06-26,Completed,Credit Card,9.99
10274,684,2022-04-29,Completed,Cash,0.0
10275,526,2023-10-22,Completed,Credit Card,5.99
10276,4564,2022-09-14,Completed,Cash,14.99
10277,254,2023-12-26,Completed,Credit Card,5.99
10278,267,2022-10-22,Completed,PayPal,0.0
10279,2481,2022-11-27,Completed,Credit Card,5.99
10280,2777,2021-01-23,Returned,Credit Card,9.99
10281,431,2023-01-14,Pending,Credit Card,9.99
10282,680,2021-03-17,Completed,Debit Card,5.99
10283,2588,2023-03-13,Pending,Credit Card,0.0
10284,1986,2023-11-10,Completed,Credit Card,14.99
10285,574,2021-09-01,Completed,PayPal,9.99
10286,922,2022-12-10,Completed,Credit Card,0.0
10287,4688,2021-07-12,Completed,Credit Card,9.99
10288,2687,2021-06-27,Cancelled,PayPal,5.99
10289,3330,2022-06-27,Completed,Credit Card,5.99
10290,477,2023-04-29,Returned,PayPal,9.99
10291,1238,2021-09-30,Completed,Credit Card,9.99
10292,3948,2023-08-02,Completed,Credit Card,5.99
10293,3328,2023-10-26,Completed,Credit Card,0.0
10294,4919,2022-11-15,Completed,Cash,0.0
10295,1561,2023-03-21,Completed,PayPal,14.99
10296,2245,2023-04-14,Completed,,9.99
10297,4051,2021-11-26,Pending,Credit Card,5.99
10298,3971,2021-05-27,Completed,PayPal,5.99
10299,4973,2023-08-20,Completed,Credit Card,5.99
10300,3581,2023-03-16,Completed,Credit Card,9.99
10301,3418,2021-11-28,Returned,PayPal,5.99
10302,408,2023-08-05,Completed,Credit Card,5.99
10303,2682,2021-12-29,Completed,Credit Card,9.99
10304,2103,2022-09-27,Completed,Credit Card,0.0
10305,4116,2022-04-17,Completed,PayPal,0.0
10306,2723,2023-11-02,Completed,Credit Card,5.99
10307,3081,2021-09-10,Completed,Credit Card,5.99
10308,1227,2022-09-17,Pending,Cash,9.99
10309,2596,2022-07-06,Cancelled,Credit Card,5.99
10310,3869,2023-01-13,Completed,Credit Card,0.0
10311,2867,2023-04-19,Returned,Debit Card,5.99
10312,68,2022-12-20,Completed,PayPal,0.0
10313,2240,2021-06-20,Completed,Credit Card,0.0
10314,1386,2022-07-04,Completed,Debit Card,5.99
10315,1471,2023-07-16,Completed,,14.99
10316,2537,2022-12-04,Completed,Debit Card,9.99
10317,3283,2022-02-21,Completed,Credit Card,9.99
10318,2138,2021-03-13,Completed,Credit Card,9.99
10319,467,2021-05-23,Completed,Credit Card,9.99
10320,3169,2022-08-30,Completed,Cash,9.99
10321,4839,2022-06-16,Completed,Debit Card,5.99
10322,2159,2023-02-28,Completed,Cash,5.99
10323,4098,2022-03-12,Completed,Debit Card,0.0
10324,3400,2022-05-15,Cancelled,Credit Card,5.99
10325,899,2024-01-20,Completed,Credit Card,14.99
10326,4031,2022-06-20,Completed,Cash,5.99
10327,2765,2022-10-21,Completed,Debit Card,0.0
10328,2113,2022-10-27,Completed,Cash,5.99
10329,868,2022-08-05,Returned,Credit Card,5.99
10330,4246,2022-11-15,Completed,Credit Card,14.99
10331,1306,2021-01-07,Completed,Credit Card,0.0
10332,4085,2021-07-02,Pending,Credit Card,9.99
10333,4088,2021-09-14,Completed,Credit Card,5.99
10334,896,2021-10-19,Completed,Credit Card,14.99
10335,949,2021-10-14,Completed,Debit Card,5.99
10336,2459,2021-05-31,Completed,Credit Card,9.99
10337,4602,2023-12-04,Completed,Credit Card,0.0
10338,4572,2023-10-27,Completed,Debit Card,0.0
10339,796,2022-09-01,Completed,Credit Card,5.99
10340,3135,2021-07-25,Completed,Debit Card,5.99
10341,455,2022-02-23,Completed,Credit Card,5.99
10342,3024,2021-06-11,Completed,PayPal,0.0
10343,4558,2021-09-20,Completed,Debit Card,5.99
10344,173,2021-04-20,Completed,Cash,5.99
10345,620,2023-01-03,Completed,Debit Card,5.99
10346,4650,2022-05-17,Completed,Credit Card,0.0
10347,4090,2021-04-25,Completed,Credit Card,14.99
10348,2706,2023-12-02,Completed,Debit Card,5.99
10349,2901,2022-04-25,Completed,Debit Card,0.0
10350,4015,2021-02-18,Completed,Debit Card,5.99
10351,345,2021-11-08,Completed,Credit Card,5.99
10352,4561,2022-01-15,Completed,Debit Card,5.99
10353,1396,2021-11-07,Completed,PayPal,5.99
10354,3290,2021-03-23,Pending,Debit Card,9.99
10355,4030,2021-12-04,Completed,Credit Card,14.99
10356,4493,2022-09-25,Completed,Cash,0.0
10357,3125,2021-05-22,Completed,Credit Card,0.0
10358,2672,2023-10-21,Pending,Credit Card,0.0
10359,383,2023-05-24,Completed,PayPal,5.99
10360,2152,2023-04-15,Completed,Credit Card,0.0
10361,2219,2023-06-18,Cancelled,Debit Card,9.99
10362,2374,2021-04-04,Completed,Credit Card,5.99
10363,749,2023-04-08,Completed,Credit Card,5.99
10364,2450,2023-12-23,Completed,Credit Card,5.99
10365,2286,2022-02-17,Completed,Credit Card,14.99
10366,1126,2024-01-27,Completed,Credit Card,0.0
10367,2135,2021-11-22,Cancelled,Credit Card,9.99
10368,1188,2021-12-04,Completed,PayPal,5.99
10369,3313,2023-02-14,Completed,PayPal,5.99
10370,4045,2023-04-18,Completed,PayPal,5.99
10371,154,2023-07-08,Completed,PayPal,0.0
10372,4343,2022-08-16,Completed,Credit Card,5.99
10373,4414,2021-05-04,Completed,PayPal,9.99
10374,497,2021-02-07,Completed,Debit Card,0.0
10375,2839,2021-01-15,Completed,Credit Card,5.99
10376,358,2023-09-12,Completed,Debit Card,0.0
10377,531,2023-09-26,Completed,Credit Card,5.99
10378,2691,2022-03-30,Completed,PayPal,9.99
10379,1015,2022-11-03,Completed,Credit Card,5.99
10380,1863,2022-08-25,Completed,Credit Card,5.99
10381,3591,2023-04-19,Cancelled,Credit Card,0.0
10382,4193,2022-01-15,Completed,Credit Card,9.99
10383,3401,2023-01-19,Completed,PayPal,5.99
10384,1449,2022-12-18,Completed,Cash,0.0
10385,3365,2021-02-07,Pending,Credit Card,5.99
10386,4177,2021-08-25,Completed,Credit Card,0.0
10387,2065,2021-10-17,Completed,Credit Card,9.99
10388,3640,2021-07-05,Completed,PayPal,0.0
10389,353,2022-03-22,Completed,Credit Card,5.99
10390,2403,2023-01-16,Cancelled,Cash,0.0
10391,1172,2022-11-12,Completed,Debit Card,5.99
10392,2088,2022-01-22,Completed,PayPal,5.99
10393,515,2021-04-17,Completed,Debit Card,9.99
10394,3367,2021-08-31,Completed,Debit Card,5.99
10395,4616,2021-11-28,Pending,Debit Card,0.0
10396,4137,2022-11-24,Completed,PayPal,0.0
10397,954,2022-03-31,Completed,PayPal,14.99
10398,2416,2022-06-02,Completed,Debit Card,5.99
10399,1228,2022-02-11,Completed,Debit Card,5.99
10400,46,2023-06-04,Completed,Cash,14.99
10401,3648,2022-06-14,Completed,Cash,0.0
10402,3131,2023-03-08,Completed,Debit Card,5.99
10403,4416,2023-05-30,Completed,Credit Card,0.0
10404,644,2022-04-01,Completed,Credit Card,0.0
10405,3598,2023-08-11,Pending,PayPal,0.0
10406,87,2021-05-07,Completed,Credit Card,9.99
10407,362,2023-05-23,Completed,Credit Card,5.99
10408,3516,2023-09-01,Completed,Credit Card,0.0
10409,4382,2022-11-04,Completed,Debit Card,0.0
10410,638,2023-06-10,Completed,Debit Card,0.0
10411,2169,2022-09-04,Completed,Credit Card,9.99
10412,1802,2022-08-18,Completed,Credit Card,5.99
10413,3490,2021-02-16,Cancelled,PayPal,14.99
10414,2949,2022-03-08,Completed,Cash,9.99
10415,4725,2021-06-26,Completed,Credit Card,9.99
10416,3870,2022-07-03,Completed,Credit Card,0.0
10417,1263,2023-11-21,Completed,Debit Card,0.0
10418,1849,2021-12-26,Completed,PayPal,5.99
10419,4883,2022-01-11,Completed,PayPal,5.99
10420,3830,2021-09-02,Completed,Debit Card,5.99
10421,3207,2021-06-01,Completed,PayPal,0.0
10422,3368,2022-06-18,Completed,Credit Card,14.99
10423,859,2022-11-08,Completed,Credit Card,0.0
10424,389,2023-10-09,Completed,Debit Card,0.0
10425,2564,2022-01-05,Pending,PayPal,5.99
10426,2061,2021-02-08,Completed,Debit Card,0.0
10427,996,2022-12-12,Completed,Cash,0.0
10428,3761,2023-02-07,Completed,PayPal,0.0
10429,685,2022-10-18,Cancelled,Debit Card,0.0
10430,2642,2022-04-11,Completed,Credit Card,0.0
10431,310,2021-11-30,Completed,Credit Card,0.0
10432,240,2021-07-26,Returned,PayPal,5.99
10433,4050,2023-03-24,Completed,Credit Card,5.99
10434,3543,2022-10-27,Completed,Credit Card,5.99
10435,114,2022-12-22,Completed,Cash,5.99
10436,659,2022-10-12,Completed,PayPal,0.0
10437,3746,2021-01-02,Completed,Credit Card,0.0
10438,2850,2021-11-12,Completed,PayPal,9.99
10439,909,2023-03-05,Completed,Credit Card,5.99
10440,4399,2022-08-07,Completed,Credit Card,0.0
10441,49,2023-01-23,Cancelled,Debit Card,14.99
10442,45,2021-01-29,Completed,PayPal,5.99
10443,3677,2022-12-24,Completed,Credit Card,0.0
10444,3877,2023-12-07,Completed,Credit Card,14.99
10445,4536,2022-03-04,Completed,Credit Card,5.99
10446,2052,2023-03-14,Completed,Cash,14.99
10447,1467,2021-04-21,Completed,Debit Card,0.0
10448,4153,2023-08-06,Completed,Credit Card,0.0
10449,2327,2021-11-22,Completed,Credit Card,5.99
10450,3013,2021-11-01,Completed,Debit Card,0.0
10451,2971,2023-10-27,Completed,Debit Card,0.0
10452,3741,2022-08-01,Completed,PayPal,9.99
10453,3579,2022-02-13,Returned,Credit Card,0.0
10454,841,2021-11-03,Completed,Cash,14.99
10455,4338,2023-12-26,Completed,Credit Card,5.99
10456,3506,2023-04-13,Completed,Credit Card,9.99
10457,3959,2023-03-06,Cancelled,Credit Card,5.99
10458,3951,2023-11-02,Completed,Debit Card,5.99
10459,375,2023-12-19,Completed,Cash,5.99
10460,3551,2021-01-30,Completed,Debit Card,5.99
10461,3506,2021-07-20,Completed,Debit Card,5.99
10462,3999,2021-03-05,Completed,Credit Card,0.0
10463,1076,2023-03-31,Completed,Credit Card,0.0
10464,757,2022-11-29,Completed,Debit Card,0.0
10465,4949,2022-01-04,Completed,Debit Card,5.99
10466,1306,2023-12-22,Completed,PayPal,9.99
10467,1449,2022-12-07,Cancelled,Credit Card,0.0
10468,4533,2022-08-07,Completed,Credit Card,0.0
10469,1906,2022-10-01,Completed,Credit Card,14.99
10470,2453,2022-02-05,Completed,Cash,5.99
10471,4803,2021-03-07,Completed,Debit Card,14.99
10472,962,2022-10-06,Completed,Credit Card,14.99
10473,2122,2021-12-24,Completed,Credit Card,0.0
10474,1682,2022-03-09,Completed,Credit Card,14.99
10475,88,2023-05-21,Completed,Credit Card,0.0
10476,4849,2021-07-31,Completed,PayPal,14.99
10477,1238,2022-06-06,Completed,Cash,5.99
10478,908,2021-07-15,Completed,Debit Card,5.99
10479,2969,2023-06-05,Returned,Credit Card,9.99
10480,1298,2022-04-24,Completed,Debit Card,9.99
10481,3707,2023-07-01,Completed,PayPal,5.99
10482,1448,2021-02-06,Completed,Credit Card,5.99
10483,2979,2023-08-02,Completed,PayPal,0.0
10484,3976,2021-11-28,Completed,PayPal,9.99
10485,4381,2023-10-15,Completed,Credit Card,0.0
10486,1820,2022-06-18,Completed,Debit Card,9.99
10487,1608,2021-10-13,Cancelled,Debit Card,5.99
10488,3464,2021-03-01,Completed,Debit Card,5.99
10489,3800,2021-04-03,Completed,Credit Card,5.99
10490,2297,2022-12-17,Completed,Credit Card,9.99
10491,446,2021-04-19,Completed,Credit Card,14.99
10492,4292,2022-01-11,Completed,PayPal,0.0
10493,4721,2022-08-25,Completed,Credit Card,14.99
10494,838,2021-01-10,Completed,Debit Card,14.99
10495,1398,2023-06-26,Completed,PayPal,9.99
10496,369,2022-04-10,Completed,Credit Card,9.99
10497,2829,2023-06-26,Completed,Debit Card,5.99
10498,4858,2023-08-29,Completed,Credit Card,0.0
10499,4785,2023-11-16,Completed,Credit Card,5.99
10500,2193,2021-06-20,Cancelled,Credit Card,9.99
10501,2348,2021-04-07,Returned,Cash,14.99
10502,3812,2022-06-22,Completed,PayPal,5.99
10503,3204,2023-11-07,Completed,Credit Card,9.99
10504,4841,2023-01-27,Pending,Cash,9.99
10505,4370,2021-07-25,Completed,PayPal,0.0
10506,4420,2022-12-14,Completed,Credit Card,0.0
10507,240,2021-02-20,Completed,Credit Card,9.99
10508,743,2023-01-05,Completed,Credit Card,0.0
10509,1445,2022-06-28,Completed,Debit Card,0.0
10510,1354,2021-12-16,Completed,Debit Card,5.99
10511,2804,2022-08-30,Completed,Credit Card,9.99
10512,3318,2023-07-05,Completed,Credit Card,5.99
10513,1058,2023-12-07,Cancelled,Credit Card,9.99
10514,499,2022-08-02,Completed,Credit Card,0.0
10515,4360,2021-04-01,Completed,Debit Card,0.0
10516,1771,2022-09-24,Completed,Credit Card,5.99
10517,3400,2021-08-03,Completed,Debit Card,9.99
10518,787,2022-09-22,Completed,Cash,5.99
10519,120,2023-10-20,Completed,Credit Card,0.0
10520,4583,2021-08-02,Completed,Credit Card,5.99
10521,4422,2022-06-18,Completed,Credit Card,9.99
10522,314,2021-01-13,Returned,Credit Card,0.0
10523,1219,2023-11-16,Completed,Debit Card,0.0
10524,2931,2023-11-28,Completed,Debit Card,5.99
10525,4022,2023-08-07,Completed,Credit Card,0.0
10526,316,2023-09-27,Completed,Credit Card,5.99
10527,573,2022-12-17,Completed,Credit Card,0.0
10528,3305,2021-06-08,Completed,Credit Card,0.0
10529,1380,2022-10-25,Completed,Debit Card,5.99
10530,388,2023-04-01,Completed,Credit Card,0.0
10531,3263,2021-11-25,Completed,PayPal,0.0
10532,1974,2021-10-02,Completed,Debit Card,9.99
10533,3750,2021-08-23,Pending,Credit Card,0.0
10534,511,2022-02-13,Completed,Debit Card,5.99
10535,1856,2023-07-24,Completed,Cash,9.99
10536,3045,2021-03-11,Pending,Credit Card,0.0
10537,2762,2021-05-10,Completed,Credit Card,0.0
10538,2882,2023-03-27,Completed,Credit Card,5.99
10539,866,2023-12-09,Completed,Debit Card,5.99
10540,2606,2022-08-01,Completed,Credit Card,5.99
10541,1010,2021-01-29,Completed,Cash,9.99
10542,3207,2022-09-24,Completed,Debit Card,0.0
10543,3590,2023-09-06,Completed,PayPal,5.99
10544,3104,2023-04-07,Completed,Credit Card,14.99
10545,630,2022-04-28,Completed,PayPal,0.0
10546,3569,2022-04-16,Completed,Credit Card,0.0
10547,3387,2021-01-24,Completed,Credit Card,5.99
10548,1243,2022-09-27,Completed,Cash,14.99
10549,4691,2023-08-23,Completed,Credit Card,0.0
10550,3325,2021-07-24,Completed,Cash,5.99
10551,2845,2022-09-17,Completed,Credit Card,0.0
10552,4438,2021-07-29,Completed,Cash,5.99
10553,3249,2022-10-06,Completed,Debit Card,0.0
10554,1580,2022-01-16,Completed,PayPal,5.99
10555,3161,2023-10-24,Completed,Credit Card,5.99
10556,446,2022-09-11,Completed,Credit Card,14.99
10557,1088,2021-10-11,Pending,Debit Card,9.99
10558,2948,2023-08-15,Cancelled,PayPal,9.99
10559,1995,2023-02-18,Pending,Credit Card,0.0
10560,3078,2023-10-02,Pending,Credit Card,0.0
10561,4207,2023-07-25,Completed,Credit Card,5.99
10562,4000,2022-07-24,Completed,Credit Card,5.99
10563,1541,2021-07-29,Completed,Credit Card,5.99
10564,1183,2023-06-07,Completed,PayPal,0.0
10565,497,2022-11-20,Completed,Credit Card,5.99
10566,1214,2022-05-11,Completed,Credit Card,0.0
10567,1457,2023-06-30,Completed,Cash,5.99
10568,2673,2022-07-28,Completed,Credit Card,0.0
10569,2261,2023-04-16,Completed,Debit Card,9.99
10570,2946,2023-02-08,Completed,Debit Card,0.0
10571,377,2023-06-22,Cancelled,PayPal,14.99
10572,4503,2022-12-05,Completed,Debit Card,9.99
10573,161,2023-05-09,Cancelled,Debit Card,9.99
10574,3173,2022-02-26,Completed,Credit Card,14.99
10575,2198,2023-06-27,Completed,Debit Card,0.0
10576,151,2021-07-27,Completed,PayPal,5.99
10577,3598,2023-02-13,Completed,Credit Card,9.99
10578,4581,2022-08-31,Completed,Credit Card,0.0
10579,3794,2022-04-30,Completed,PayPal,5.99
10580,1674,2023-03-25,Completed,Debit Card,5.99
10581,4579,2021-05-20,Pending,Credit Card,5.99
10582,4080,2021-08-21,Completed,Cash,14.99
10583,794,2021-07-13,Completed,PayPal,5.99
10584,4390,2023-04-10,Completed,Cash,0.0
10585,1640,2023-11-27,Completed,Cash,14.99
10586,2356,2023-01-26,Completed,Credit Card,0.0
10587,961,2023-01-31,Completed,PayPal,9.99
10588,459,2021-10-11,Completed,Debit Card,14.99
10589,417,2022-09-29,Completed,PayPal,9.99
10590,37,2021-05-26,Completed,PayPal,5.99
10591,3581,2023-10-10,Completed,Credit Card,9.99
10592,3191,2021-08-29,Completed,Credit Card,5.99
10593,2643,2023-06-01,Completed,Credit Card,5.99
10594,4423,2023-12-06,Completed,PayPal,0.0
10595,2400,2023-10-09,Completed,PayPal,0.0
10596,4222,2022-09-09,Completed,Credit Card,9.99
10597,2353,2023-10-02,Completed,Debit Card,5.99
10598,1974,2024-01-27,Completed,PayPal,5.99
10599,4617,2021-12-02,Completed,Credit Card,5.99
10600,1896,2022-10-07,Completed,Credit Card,9.99
10601,224,2023-04-14,Completed,Credit Card,9.99
10602,48,2022-05-23,Returned,Cash,0.0
10603,2267,2022-07-13,Completed,PayPal,5.99
10604,3528,2022-02-22,Completed,Credit Card,0.0
10605,508,2021-12-21,Completed,Credit Card,5.99
10606,1845,2022-10-27,Completed,Debit Card,0.0
10607,2566,2021-06-29,Completed,PayPal,9.99
10608,3393,2021-01-21,Completed,Debit Card,0.0
10609,11,2021-09-09,Completed,Credit Card,0.0
10610,4372,2021-06-17,Completed,Credit Card,9.99
10611,4991,2021-02-25,Completed,Cash,0.0
10612,4068,2021-12-06,Completed,Credit Card,5.99
10613,313,2023-12-08,Completed,Credit Card,14.99
10614,3145,2022-02-20,Completed,PayPal,5.99
10615,2261,2021-08-29,Cancelled,Cash,9.99
10616,4631,2022-07-03,Completed,Debit Card,9.99
10617,2007,2021-05-19,Completed,Debit Card,0.0
10618,3853,2022-07-07,Completed,Credit Card,5.99
10619,3056,2021-06-06,Returned,Credit Card,5.99
10620,44,2021-04-20,Completed,Credit Card,0.0
10621,2332,2021-06-23,Completed,Debit Card,0.0
10622,2316,2021-07-03,Completed,Credit Card,5.99
10623,3830,2021-09-22,Completed,PayPal,9.99
10624,418,2021-04-04,Completed,Credit Card,9.99
10625,2580,2021-06-17,Completed,Debit Card,5.99
10626,4543,2023-07-18,Completed,Debit Card,5.99
10627,1988,2022-09-18,Completed,Debit Card,5.99
10628,473,2023-08-16,Cancelled,Credit Card,9.99
10629,2153,2022-06-13,Cancelled,PayPal,0.0
10630,3850,2021-07-10,Completed,Credit Card,0.0
10631,121,2022-10-04,Completed,Debit Card,5.99
10632,1037,2023-08-31,Completed,Debit Card,5.99
10633,4003,2023-06-13,Returned,Credit Card,9.99
10634,4340,2021-07-17,Completed,Debit Card,5.99
10635,4727,2022-07-16,Completed,Debit Card,0.0
10636,194,2021-09-23,Completed,PayPal,0.0
10637,1310,2022-01-22,Completed,PayPal,14.99
10638,3732,2023-10-23,Completed,Credit Card,0.0
10639,3486,2021-04-26,Completed,Credit Card,0.0
10640,2154,2022-01-17,Completed,Credit Card,9.99
10641,3018,2021-05-19,Completed,Cash,5.99
10642,931,2021-12-20,Completed,Credit Card,5.99
10643,1541,2022-06-12,Cancelled,Debit Card,5.99
10644,36,2022-10-22,Completed,Debit Card,14.99
10645,392,2024-01-09,Completed,Debit Card,0.0
10646,2627,2021-11-12,Pending,Credit Card,5.99
10647,410,2022-06-22,Completed,Credit Card,5.99
10648,969,2023-09-06,Completed,Credit Card,0.0
10649,4469,2021-01-18,Completed,Credit Card,5.99
10650,2686,2023-11-09,Completed,Credit Card,9.99
10651,4022,2021-02-21,Completed,Credit Card,5.99
10652,2691,2023-10-18,Completed,Debit Card,9.99
10653,2448,2021-03-30,Completed,Credit Card,5.99
10654,3951,2022-01-05,Completed,Credit Card,9.99
10655,1719,2023-08-03,Completed,Credit Card,9.99
10656,4442,2023-11-26,Completed,Credit Card,5.99
10657,4162,2023-01-14,Completed,Credit Card,9.99
10658,2,2023-07-08,Returned,Credit Card,5.99
10659,4440,2022-07-06,Completed,Debit Card,5.99
10660,2317,2022-01-31,Completed,Credit Card,5.99
10661,1475,2023-04-20,Completed,Cash,0.0
10662,3971,2022-08-14,Completed,Credit Card,9.99
10663,2519,2021-12-02,Completed,Cash,5.99
10664,200,2022-11-07,Completed,PayPal,5.99
10665,3136,2022-07-17,Completed,Debit Card,0.0
10666,1311,2022-01-01,Completed,Cash,5.99
10667,4183,2022-09-27,Completed,Credit Card,14.99
10668,1349,2023-08-04,Completed,Credit Card,9.99
10669,4108,2021-05-05,Completed,Credit Card,5.99
10670,2667,2021-12-19,Completed,Credit Card,5.99
10671,22,2023-03-02,Completed,Credit Card,5.99
10672,3641,2021-08-10,Completed,Debit Card,0.0
10673,1342,2022-10-15,Completed,Credit Card,5.99
10674,2822,2022-08-22,Completed,Credit Card,5.99
10675,2579,2023-03-28,Pending,Credit Card,14.99
10676,1833,2023-04-11,Completed,Debit Card,5.99
10677,1506,2023-06-13,Completed,Cash,5.99
10678,108,2021-09-27,Completed,Debit Card,14.99
10679,3035,2021-01-04,Pending,Credit Card,5.99
10680,1148,2023-09-18,Completed,Credit Card,0.0
10681,4393,2021-12-23,Completed,PayPal,5.99
10682,2956,2023-07-30,Completed,Credit Card,5.99
10683,598,2021-11-02,Completed,Cash,9.99
10684,2619,2021-09-27,Completed,Credit Card,0.0
10685,3030,2022-04-28,Completed,Credit Card,9.99
10686,460,2021-08-26,Completed,Cash,9.99
10687,960,2023-12-08,Pending,Cash,5.99
10688,1545,2023-06-16,Completed,Debit Card,0.0
10689,2700,2021-02-22,Completed,Credit Card,5.99
10690,1287,2023-11-08,Pending,Debit Card,5.99
10691,2072,2023-04-21,Completed,Credit Card,5.99
10692,3835,2022-05-09,Completed,Credit Card,5.99
10693,661,2022-03-03,Completed,Credit Card,5.99
10694,753,2022-09-12,Completed,Debit Card,14.99
10695,3586,2022-07-21,Completed,Debit Card,5.99
10696,4530,2022-12-19,Completed,Credit Card,5.99
10697,4180,2022-04-18,Cancelled,Cash,9.99
10698,3883,2023-06-20,Completed,Credit Card,0.0
10699,2831,2023-01-08,Completed,Credit Card,0.0
10700,111,2021-04-06,Completed,Debit Card,14.99
10701,2961,2024-01-30,Completed,PayPal,0.0
10702,1001,2021-12-20,Completed,Cash,0.0
10703,1707,2021-02-11,Completed,PayPal,5.99
10704,987,2022-02-16,Completed,Credit Card,0.0
10705,4347,2023-11-18,Completed,Cash,5.99
10706,2190,2022-10-22,Completed,Cash,5.99
10707,720,2023-03-09,Completed,Credit Card,5.99
10708,4202,2023-10-25,Completed,Debit Card,0.0
10709,201,2021-04-05,Completed,Debit Card,14.99
10710,2940,2021-10-11,Completed,Credit Card,0.0
10711,759,2022-09-13,Completed,Cash,5.99
10712,2372,2022-07-25,Pending,Credit Card,14.99
10713,835,2021-01-04,Completed,Debit Card,5.99
10714,1042,2021-11-11,Cancelled,Credit Card,0.0
10715,181,2023-07-13,Completed,Debit Card,0.0
10716,27,2023-11-26,Cancelled,PayPal,14.99
10717,4036,2022-02-14,Completed,Credit Card,9.99
10718,2116,2023-05-10,Completed,Credit Card,14.99
10719,342,2021-09-28,Completed,Cash,5.99
10720,2252,2023-02-15,Completed,PayPal,5.99
10721,3062,2022-07-20,Completed,Debit Card,0.0
10722,555,2022-08-30,Completed,Credit Card,14.99
10723,2714,2021-08-11,Completed,Credit Card,5.99
10724,3505,2022-08-24,Completed,PayPal,5.99
10725,4756,2023-07-27,Pending,PayPal,5.99
10726,4946,2021-04-24,Completed,Credit Card,0.0
10727,1744,2022-06-25,Completed,Debit Card,5.99
10728,1772,2022-08-10,Completed,Credit Card,5.99
10729,1262,2023-07-23,Completed,Credit Card,0.0
10730,3874,2022-10-31,Completed,Debit Card,0.0
10731,3336,2021-06-17,Completed,Credit Card,5.99
10732,1192,2022-12-11,Completed,Credit Card,5.99
10733,3135,2022-04-26,Pending,Debit Card,0.0
10734,4602,2023-10-02,Completed,Credit Card,0.0
10735,4684,2021-12-08,Completed,PayPal,14.99
10736,4784,2023-04-01,Completed,Debit Card,0.0
10737,2173,2021-02-06,Completed,Debit Card,0.0
10738,3671,2023-06-03,Completed,Credit Card,5.99
10739,1853,2021-02-13,Completed,Credit Card,0.0
10740,4186,2024-01-11,Completed,Debit Card,5.99
10741,3814,2021-09-22,Completed,Credit Card,9.99
10742,1664,2022-05-26,Completed,PayPal,5.99
10743,345,2023-11-26,Pending,Debit Card,9.99
10744,4648,2021-10-28,Completed,Credit Card,14.99
10745,1236,2021-01-24,Completed,Debit Card,0.0
10746,3029,2021-02-03,Completed,Cash,5.99
10747,1460,2021-01-29,Completed,Credit Card,5.99
10748,1669,2021-12-19,Completed,Credit Card,5.99
10749,4938,2023-08-26,Completed,PayPal,9.99
10750,397,2024-01-04,Completed,Credit Card,9.99
10751,3076,2021-01-18,Completed,Credit Card,5.99
10752,420,2023-05-13,Completed,Credit Card,0.0
10753,3007,2023-09-14,Completed,Credit Card,0.0
10754,3382,2021-10-12,Completed,Debit Card,5.99
10755,1628,2022-07-04,Pending,Debit Card,0.0
10756,3371,2023-05-15,Completed,Cash,9.99
10757,372,2022-10-06,Completed,PayPal,5.99
10758,3596,2022-10-05,Completed,Cash,5.99
10759,664,2022-02-19,Completed,Credit Card,5.99
10760,1219,2021-01-10,Completed,Credit Card,9.99
10761,2472,2021-10-29,Completed,Cash,9.99
10762,1009,2021-11-02,Completed,Credit Card,9.99
10763,1668,2022-01-06,Completed,PayPal,5.99
10764,3910,2021-12-15,Completed,Credit Card,0.0
10765,1681,2021-09-05,Completed,PayPal,5.99
10766,4996,2021-09-19,Completed,Cash,5.99
10767,2434,2023-11-19,Completed,Credit Card,14.99
10768,710,2024-01-27,Completed,Credit Card,5.99
10769,1122,2021-07-31,Completed,Credit Card,5.99
10770,2564,2023-03-28,Completed,Credit Card,9.99
10771,4385,2021-02-12,Completed,Credit Card,5.99
10772,570,2022-02-24,Completed,Debit Card,5.99
10773,4649,2022-10-18,Completed,Credit Card,0.0
10774,1818,2024-01-04,Cancelled,Credit Card,0.0
10775,3525,2022-03-21,Returned,Credit Card,9.99
10776,3190,2021-12-24,Completed,Debit Card,9.99
10777,4740,2021-11-03,Pending,Credit Card,5.99
10778,2353,2022-04-12,Completed,Debit Card,5.99
10779,1554,2021-12-07,Completed,PayPal,5.99
10780,3529,2023-10-11,Returned,Credit Card,5.99
10781,2437,2021-10-22,Completed,Credit Card,0.0
10782,1701,2022-04-07,Completed,PayPal,9.99
10783,3503,2022-09-17,Completed,Credit Card,5.99
10784,2867,2022-06-15,Completed,Credit Card,5.99
10785,1598,2021-10-11,Completed,Debit Card,0.0
10786,689,2022-07-03,Completed,Credit Card,5.99
10787,2509,2021-05-27,Completed,Credit Card,0.0
10788,2582,2023-03-14,Completed,Cash,5.99
10789,4884,2021-04-29,Completed,Credit Card,5.99
10790,2294,2023-11-23,Returned,Cash,5.99
10791,3055,2022-03-15,Completed,Credit Card,0.0
10792,3447,2023-12-12,Completed,PayPal,9.99
10793,4522,2021-06-16,Completed,Debit Card,5.99
10794,962,2022-06-05,Completed,,5.99
10795,3016,2024-01-18,Completed,Debit Card,5.99
10796,260,2022-07-10,Completed,PayPal,5.99
10797,4449,2024-01-15,Completed,Credit Card,5.99
10798,4782,2021-12-08,Cancelled,Debit Card,9.99
10799,2619,2021-12-03,Completed,Credit Card,9.99
10800,892,2022-03-16,Completed,PayPal,5.99
10801,2405,2022-01-28,Completed,Debit Card,5.99
10802,3126,2021-09-17,Completed,Credit Card,0.0
10803,1907,2021-12-28,Completed,Credit Card,0.0
10804,884,2023-10-26,Completed,Credit Card,5.99
10805,4376,2022-09-09,Completed,Cash,14.99
10806,3668,2023-05-21,Completed,Credit Card,5.99
10807,4511,2023-03-21,Completed,Debit Card,5.99
10808,4743,2021-09-02,Completed,Credit Card,0.0
10809,3924,2023-06-30,Cancelled,Debit Card,5.99
10810,3366,2021-06-16,Completed,Debit Card,5.99
10811,1870,2021-04-03,Completed,Debit Card,9.99
10812,1965,2023-11-08,Completed,Cash,0.0
10813,380,2021-07-12,Completed,Credit Card,5.99
10814,1055,2023-11-09,Completed,Credit Card,14.99
10815,1626,2023-03-31,Completed,Cash,9.99
10816,65,2022-02-08,Completed,Credit Card,9.99
10817,2304,2021-10-28,Completed,Debit Card,5.99
10818,1276,2021-08-16,Pending,Debit Card,14.99
10819,1722,2022-05-07,Completed,Debit Card,9.99
10820,1972,2022-04-10,Completed,Credit Card,9.99
10821,1819,2023-07-03,Completed,Credit Card,14.99
10822,4245,2022-10-14,Cancelled,Debit Card,14.99
10823,4303,2022-01-01,Completed,Credit Card,0.0
10824,1961,2021-06-15,Completed,Debit Card,0.0
10825,850,2022-06-17,Completed,Credit Card,5.99
10826,4670,2022-12-08,Completed,Credit Card,5.99
10827,3167,2023-01-02,Completed,Credit Card,5.99
10828,34,2022-09-11,Completed,Cash,5.99
10829,1190,2022-06-12,Completed,Debit Card,0.0
10830,2658,2023-07-04,Completed,Debit Card,0.0
10831,222,2021-09-26,Completed,Cash,5.99
10832,1258,2021-11-13,Completed,Debit Card,0.0
10833,4061,2023-09-07,Completed,Cash,9.99
10834,133,2021-02-27,Completed,Credit Card,14.99
10835,2118,2021-04-16,Completed,PayPal,5.99
10836,48,2022-06-25,Completed,Credit Card,5.99
10837,199,2023-11-23,Pending,PayPal,0.0
10838,2543,2023-10-06,Completed,PayPal,5.99
10839,2009,2022-06-24,Pending,Credit Card,9.99
10840,4476,2022-06-05,Cancelled,Credit Card,5.99
10841,3568,2021-12-05,Completed,Debit Card,0.0
10842,3110,2021-12-25,Pending,Credit Card,9.99
10843,3513,2022-12-04,Completed,PayPal,14.99
10844,4220,2023-07-16,Completed,Credit Card,0.0
10845,2484,2022-02-15,Completed,Cash,0.0
10846,3829,2021-03-07,Completed,Credit Card,5.99
10847,329,2022-03-24,Completed,Debit Card,0.0
10848,4094,2023-10-04,Completed,Credit Card,9.99
10849,1252,2022-06-03,Completed,Credit Card,14.99
10850,3185,2023-11-21,Completed,Credit Card,5.99
10851,351,2023-01-17,Completed,Credit Card,9.99
10852,1313,2021-04-17,Completed,Credit Card,5.99
10853,3802,2023-12-11,Completed,PayPal,5.99
10854,2577,2022-03-11,Pending,Credit Card,5.99
10855,3905,2023-06-16,Completed,PayPal,9.99
10856,4148,2022-07-05,Completed,Credit Card,9.99
10857,4965,2022-04-01,Cancelled,Debit Card,0.0
10858,3429,2021-10-25,Completed,Credit Card,5.99
10859,3495,2021-04-14,Completed,Debit Card,5.99
10860,1660,2021-04-17,Completed,Debit Card,9.99
10861,3386,2023-03-31,Completed,Credit Card,5.99
10862,4125,2021-01-10,Returned,Credit Card,5.99
10863,238,2022-05-20,Completed,Credit Card,9.99
10864,2924,2021-01-05,Completed,Credit Card,5.99
10865,1681,2023-07-21,Completed,Credit Card,0.0
10866,3978,2023-09-26,Completed,Credit Card,9.99
10867,1586,2022-05-14,Completed,Debit Card,0.0
10868,4342,2023-06-10,Pending,Credit Card,0.0
10869,475,2023-02-21,Cancelled,Credit Card,0.0
10870,4545,2023-09-17,Completed,Credit Card,0.0
10871,4308,2023-01-15,Completed,Debit Card,5.99
10872,1207,2023-11-06,Completed,Credit Card,5.99
10873,1649,2022-12-30,Completed,Debit Card,5.99
10874,1556,2023-11-29,Completed,Debit Card,0.0
10875,354,2023-06-24,Completed,Debit Card,0.0
10876,4623,2023-09-24,Pending,Credit Card,5.99
10877,3772,2021-07-11,Completed,Debit Card,5.99
10878,243,2022-10-12,Completed,Credit Card,5.99
10879,765,2023-08-17,Completed,Cash,0.0
10880,4987,2022-04-25,Completed,PayPal,0.0
10881,4758,2022-04-09,Completed,Credit Card,0.0
10882,4441,2022-04-22,Completed,Cash,0.0
10883,1391,2022-11-12,Completed,Debit Card,9.99
10884,2414,2022-04-01,Completed,Credit Card,5.99
10885,3803,2023-10-25,Completed,Credit Card,0.0
10886,4096,2022-03-10,Completed,Debit Card,5.99
10887,413,2023-10-19,Completed,PayPal,5.99
10888,3824,2021-03-18,Completed,PayPal,5.99
10889,2965,2022-01-13,Completed,Debit Card,0.0
10890,814,2022-05-21,Pending,Credit Card,9.99
10891,4290,2023-12-30,Completed,Debit Card,5.99
10892,3246,2022-08-20,Completed,PayPal,5.99
10893,1136,2021-04-25,Cancelled,Credit Card,5.99
10894,855,2022-10-31,Completed,Credit Card,0.0
10895,27,2023-06-14,Completed,Debit Card,9.99
10896,4616,2022-08-16,Completed,PayPal,5.99
10897,4154,2023-07-29,Completed,PayPal,0.0
10898,3392,2023-02-17,Cancelled,Credit Card,5.99
10899,1542,2021-08-03,Completed,Credit Card,14.99
10900,3308,2021-12-12,Completed,PayPal,5.99
10901,3772,2023-08-07,Completed,PayPal,5.99
10902,4321,2023-12-11,Completed,,5.99
10903,1425,2021-09-03,Completed,Debit Card,0.0
10904,4141,2021-11-11,Completed,Cash,5.99
10905,558,2021-03-31,Completed,Cash,5.99
10906,3471,2023-08-03,Completed,PayPal,9.99
10907,4461,2023-04-01,Pending,Credit Card,5.99
10908,4703,2021-11-13,Completed,Debit Card,5.99
10909,3173,2022-07-28,Completed,Credit Card,9.99
10910,93,2024-01-13,Completed,PayPal,9.99
10911,113,2021-03-15,Pending,Credit Card,5.99
10912,3100,2022-12-25,Completed,Debit Card,0.0
10913,3269,2021-11-21,Completed,Debit Card,9.99
10914,4131,2021-11-24,Completed,PayPal,0.0
10915,4290,2022-06-21,Completed,Debit Card,0.0
10916,519,2021-09-30,Completed,Credit Card,5.99
10917,1308,2023-07-20,Completed,Debit Card,5.99
10918,3985,2022-11-03,Completed,Credit Card,9.99
10919,4817,2023-05-24,Completed,Credit Card,5.99
10920,385,2021-08-26,Completed,Cash,0.0
10921,2553,2023-07-11,Cancelled,Debit Card,5.99
10922,1339,2022-05-18,Pending,Debit Card,5.99
10923,3027,2023-07-04,Completed,Debit Card,9.99
10924,1408,2021-11-06,Completed,PayPal,5.99
10925,4459,2021-04-22,Completed,PayPal,0.0
10926,2182,2021-06-11,Cancelled,Debit Card,5.99
10927,3092,2023-09-02,Completed,Cash,0.0
10928,2643,2021-02-16,Cancelled,Credit Card,0.0
10929,4126,2021-05-11,Completed,Debit Card,9.99
10930,191,2021-08-19,Completed,PayPal,5.99
10931,3460,2023-07-03,Completed,Credit Card,5.99
10932,4473,2022-10-20,Completed,Credit Card,5.99
10933,616,2022-11-08,Cancelled,Cash,5.99
10934,3684,2022-11-13,Completed,Credit Card,0.0
10935,4889,2023-03-13,Completed,Credit Card,0.0
10936,1100,2023-07-21,Completed,Credit Card,0.0
10937,1285,2023-07-31,Completed,Credit Card,14.99
10938,2339,2022-08-26,Completed,PayPal,9.99
10939,827,2023-09-10,Completed,Credit Card,5.99
10940,4995,2022-05-23,Cancelled,Credit Card,0.0
10941,3739,2023-01-25,Completed,PayPal,0.0
10942,4953,2021-08-18,Completed,Credit Card,9.99
10943,3628,2021-03-30,Completed,Debit Card,14.99
10944,69,2023-05-08,Completed,PayPal,0.0
10945,1778,2023-07-18,Completed,PayPal,14.99
10946,1011,2022-09-14,Completed,PayPal,5.99
10947,339,2022-09-01,Completed,Credit Card,0.0
10948,4568,2022-06-18,Completed,Credit Card,0.0
10949,511,2023-11-07,Completed,Credit Card,9.99
10950,4352,2021-03-28,Completed,Credit Card,5.99
10951,1738,2023-10-03,Pending,Debit Card,9.99
10952,2166,2021-09-12,Completed,Credit Card,0.0
10953,4578,2023-03-28,Completed,Debit Card,5.99
10954,36,2023-09-27,Completed,Credit Card,0.0
10955,4474,2023-10-04,Completed,Credit Card,0.0
10956,2833,2023-11-30,Completed,Credit Card,0.0
10957,2118,2023-11-22,Completed,Credit Card,9.99
10958,2109,2021-04-18,Completed,Debit Card,5.99
10959,4348,2022-04-27,Completed,Debit Card,0.0
10960,3736,2021-02-07,Completed,PayPal,5.99
10961,4514,2021-12-06,Completed,PayPal,9.99
10962,4699,2022-08-10,Completed,Debit Card,0.0
10963,365,2021-10-05,Completed,Debit Card,14.99
10964,2226,2022-03-25,Completed,Credit Card,14.99
10965,4375,2021-01-04,Completed,Credit Card,5.99
10966,2021,2021-01-20,Completed,PayPal,5.99
10967,1577,2022-03-16,Completed,Credit Card,5.99
10968,2089,2022-04-05,Completed,Credit Card,0.0
10969,3412,2022-09-12,Completed,Credit Card,5.99
10970,2608,2021-09-05,Completed,Credit Card,0.0
10971,4418,2023-12-29,Cancelled,PayPal,14.99
10972,3090,2023-09-10,Completed,Credit Card,9.99
10973,3751,2021-09-04,Pending,Credit Card,0.0
10974,1110,2022-10-18,Completed,Credit Card,5.99
10975,3170,2022-10-03,Completed,Debit Card,5.99
10976,491,2021-02-07,Cancelled,Debit Card,9.99
10977,1498,2022-02-06,Completed,Credit Card,5.99
10978,819,2022-02-02,Completed,PayPal,5.99
10979,1774,2021-04-23,Completed,Credit Card,0.0
10980,576,2022-04-16,Completed,Debit Card,5.99
10981,4132,2023-11-10,Completed,Debit Card,0.0
10982,243,2021-01-21,Cancelled,Cash,0.0
10983,3460,2022-01-25,Cancelled,Credit Card,5.99
10984,3462,2023-01-27,Completed,Credit Card,5.99
10985,3400,2022-07-06,Completed,Credit Card,14.99
10986,2439,2022-02-26,Completed,Credit Card,5.99
10987,460,2021-08-04,Returned,Credit Card,5.99
10988,2623,2022-05-26,Completed,Credit Card,14.99
10989,4964,2023-06-23,Completed,Credit Card,9.99
10990,4735,2022-03-27,Completed,Cash,5.99
10991,3904,2021-08-12,Completed,Credit Card,5.99
10992,2488,2021-11-06,Completed,Cash,14.99
10993,1824,2023-01-27,Returned,PayPal,5.99
10994,200,2021-03-01,Completed,PayPal,9.99
10995,4352,2022-07-09,Pending,Cash,0.0
10996,4086,2023-11-21,Completed,PayPal,9.99
10997,4553,2024-01-23,Completed,PayPal,0.0
10998,71,2021-08-10,Completed,Credit Card,0.0
10999,1734,2024-01-14,Completed,Debit Card,9.99
11000,3647,2023-10-19,Pending,Cash,5.99
11001,4293,2023-01-18,Completed,Credit Card,5.99
11002,1418,2023-08-06,Completed,Credit Card,5.99
11003,2740,2022-04-13,Completed,PayPal,0.0
11004,1976,2021-10-10,Completed,Debit Card,0.0
11005,3595,2021-12-30,Returned,PayPal,5.99
11006,876,2021-09-30,Completed,Credit Card,0.0
11007,1039,2023-09-13,Completed,Debit Card,5.99
11008,3427,2023-12-12,Completed,Credit Card,9.99
11009,4309,2021-03-21,Completed,Cash,0.0
11010,4322,2021-10-21,Completed,Credit Card,0.0
11011,4068,2023-12-05,Completed,PayPal,14.99
11012,190,2022-04-27,Completed,Credit Card,9.99
11013,2354,2024-01-10,Completed,Credit Card,0.0
11014,658,2023-03-23,Returned,Credit Card,0.0
11015,2734,2022-03-08,Completed,Credit Card,5.99
11016,2622,2021-07-12,Completed,Debit Card,5.99
11017,3987,2021-03-21,Returned,Credit Card,9.99
11018,4428,2023-05-10,Completed,Credit Card,5.99
11019,807,2022-01-01,Returned,Credit Card,14.99
11020,1925,2021-03-05,Returned,PayPal,5.99
11021,3602,2022-07-21,Completed,Credit Card,0.0
11022,1641,2023-05-29,Completed,Credit Card,5.99
11023,638,2023-08-01,Completed,Debit Card,5.99
11024,2325,2023-04-30,Completed,Cash,0.0
11025,1369,2022-02-07,Completed,PayPal,0.0
11026,979,2021-03-24,Completed,PayPal,0.0
11027,3916,2022-04-01,Completed,Credit Card,5.99
11028,2771,2024-01-17,Completed,PayPal,5.99
11029,3177,2021-05-11,Completed,PayPal,0.0
11030,1127,2023-03-05,Cancelled,Cash,5.99
11031,2213,2021-05-19,Completed,Credit Card,5.99
11032,3937,2022-06-12,Completed,Cash,14.99
11033,4868,2024-01-22,Cancelled,Credit Card,9.99
11034,4934,2023-03-16,Completed,Debit Card,14.99
11035,2258,2023-09-10,Completed,Credit Card,14.99
11036,2065,2021-03-22,Completed,Credit Card,5.99
11037,2018,2023-08-16,Completed,Debit Card,5.99
11038,1609,2023-02-17,Completed,Credit Card,0.0
11039,912,2024-01-07,Completed,PayPal,5.99
11040,4070,2023-04-14,Completed,Debit Card,0.0
11041,4462,2022-06-10,Completed,Debit Card,5.99
11042,1303,2022-07-13,Cancelled,Credit Card,0.0
11043,3683,2022-07-16,Completed,Cash,0.0
11044,1852,2021-05-12,Cancelled,Debit Card,0.0
11045,320,2021-09-03,Completed,Credit Card,14.99
11046,2883,2024-01-23,Completed,PayPal,0.0
11047,3913,2022-12-20,Pending,Credit Card,9.99
11048,3347,2021-06-17,Completed,Credit Card,0.0
11049,3562,2021-03-28,Completed,Debit Card,5.99
11050,1105,2021-08-05,Completed,Debit Card,5.99
11051,263,2022-12-04,Completed,Credit Card,5.99
11052,4325,2022-06-23,Completed,Credit Card,14.99
11053,2531,2021-12-07,Completed,Cash,0.0
11054,115,2023-06-21,Completed,Credit Card,0.0
11055,3609,2021-12-25,Completed,Credit Card,5.99
11056,4267,2022-10-24,Completed,Cash,9.99
11057,2247,2022-11-16,Completed,Credit Card,14.99
11058,3285,2023-07-30,Returned,Debit Card,9.99
11059,2074,2022-04-14,Completed,Credit Card,5.99
11060,112,2021-01-31,Completed,Debit Card,5.99
11061,942,2021-07-29,Completed,Credit Card,5.99
11062,2721,2023-10-30,Completed,Cash,5.99
11063,3623,2021-04-06,Completed,Credit Card,0.0
11064,3679,2023-12-13,Completed,,5.99
11065,2411,2023-10-10,Completed,Cash,0.0
11066,3329,2021-10-05,Completed,Cash,5.99
11067,3164,2022-11-23,Completed,Credit Card,0.0
11068,1138,2023-10-28,Completed,PayPal,5.99
11069,958,2022-09-10,Completed,Credit Card,5.99
11070,4915,2021-12-26,Completed,Debit Card,0.0
11071,3980,2022-04-05,Completed,Credit Card,0.0
11072,4187,2021-02-03,Completed,Credit Card,0.0
11073,2594,2021-09-26,Returned,Credit Card,0.0
11074,3502,2021-11-27,Cancelled,Debit Card,0.0
11075,2810,2023-09-01,Cancelled,Debit Card,9.99
11076,1026,2022-01-04,Completed,Credit Card,5.99
11077,2590,2023-09-20,Completed,Debit Card,5.99
11078,2815,2023-02-02,Completed,Cash,5.99
11079,2464,2021-11-21,Completed,Debit Card,9.99
11080,1227,2021-08-23,Completed,Credit Card,0.0
11081,2156,2022-12-06,Completed,Cash,9.99
11082,2737,2021-12-11,Completed,Debit Card,14.99
11083,4606,2023-09-25,Completed,Credit Card,0.0
11084,3457,2021-10-29,Returned,Debit Card,5.99
11085,3293,2022-05-10,Completed,Credit Card,0.0
11086,3723,2021-05-22,Completed,PayPal,0.0
11087,1430,2021-09-04,Completed,Cash,0.0
11088,4999,2022-06-30,Cancelled,,9.99
11089,1464,2022-03-30,Completed,Credit Card,5.99
11090,4691,2022-08-12,Pending,Credit Card,5.99
11091,4974,2021-05-19,Completed,Credit Card,5.99
11092,450,2023-03-02,Completed,PayPal,5.99
11093,3795,2023-02-25,Completed,Debit Card,5.99
11094,1328,2022-04-24,Completed,Credit Card,9.99
11095,1109,2024-01-16,Cancelled,PayPal,5.99
11096,3441,2021-11-21,Returned,Credit Card,5.99
11097,3869,2023-05-06,Completed,Cash,5.99
11098,2223,2023-08-05,Completed,Credit Card,14.99
11099,358,2023-06-19,Completed,Debit Card,9.99
11100,3551,2023-01-19,Cancelled,Credit Card,0.0
11101,193,2023-06-19,Completed,Credit Card,5.99
11102,811,2021-09-28,Completed,PayPal,0.0
11103,2576,2023-08-11,Completed,Credit Card,14.99
11104,2129,2023-06-22,Completed,Cash,5.99
11105,854,2023-08-13,Completed,Debit Card,0.0
11106,1866,2021-08-13,Completed,Cash,5.99
11107,4234,2023-11-09,Completed,Cash,5.99
11108,1341,2022-07-18,Completed,Credit Card,5.99
11109,3591,2023-04-15,Completed,Debit Card,0.0
11110,1912,2021-02-24,Completed,PayPal,0.0
11111,4564,2022-12-23,Completed,Credit Card,0.0
11112,3336,2022-01-22,Completed,PayPal,0.0
11113,4404,2022-09-09,Completed,Debit Card,5.99
11114,4306,2023-03-19,Returned,Debit Card,9.99
11115,1792,2022-11-10,Completed,Credit Card,0.0
11116,1939,2023-06-21,Cancelled,PayPal,0.0
11117,1106,2022-08-10,Pending,Credit Card,9.99
11118,1663,2021-05-05,Completed,PayPal,9.99
11119,4395,2023-02-20,Completed,Debit Card,5.99
11120,4963,2024-01-08,Completed,Credit Card,0.0
11121,4299,2022-04-21,Completed,Cash,9.99
11122,3198,2022-06-16,Completed,PayPal,0.0
11123,1130,2023-12-30,Completed,Cash,14.99
11124,1271,2023-06-14,Completed,Credit Card,9.99
11125,2934,2023-10-30,Completed,Debit Card,5.99
11126,2072,2023-09-30,Completed,Debit Card,0.0
11127,3467,2021-07-12,Cancelled,Debit Card,0.0
11128,4105,2023-05-25,Completed,Credit Card,14.99
11129,3452,2022-08-18,Pending,Credit Card,9.99
11130,1530,2023-04-01,Completed,Cash,5.99
11131,4613,2021-11-21,Completed,Credit Card,0.0
11132,3378,2021-09-15,Pending,Cash,5.99
11133,3529,2021-07-11,Pending,Credit Card,14.99
11134,712,2023-10-16,Completed,,9.99
11135,495,2023-09-11,Completed,Debit Card,0.0
11136,1857,2022-01-31,Completed,PayPal,5.99
11137,2953,2023-03-09,Completed,Credit Card,0.0
11138,3289,2021-02-09,Completed,Cash,14.99
11139,3056,2022-10-29,Pending,Debit Card,5.99
11140,4074,2022-05-10,Completed,Debit Card,9.99
11141,2202,2021-01-05,Completed,Credit Card,0.0
11142,4544,2024-01-19,Completed,Debit Card,0.0
11143,425,2021-05-12,Cancelled,PayPal,5.99
11144,4584,2021-06-24,Returned,Credit Card,9.99
11145,2558,2021-01-27,Completed,Debit Card,0.0
11146,1645,2021-02-17,Completed,Credit Card,5.99
11147,4020,2021-03-07,Completed,Cash,5.99
11148,649,2023-09-15,Completed,Cash,9.99
11149,2502,2023-08-23,Completed,Credit Card,5.99
11150,4749,2024-01-12,Cancelled,Credit Card,0.0
11151,1319,2022-04-30,Returned,Debit Card,5.99
11152,3363,2021-08-28,Completed,Credit Card,9.99
11153,1194,2023-11-28,Completed,Credit Card,9.99
11154,3941,2021-11-17,Completed,Credit Card,5.99
11155,1900,2023-04-17,Completed,Credit Card,14.99
11156,2996,2022-02-21,Completed,Credit Card,0.0
11157,34,2023-09-04,Completed,Credit Card,5.99
11158,3267,2022-05-28,Completed,Credit Card,9.99
11159,258,2021-05-25,Completed,Debit Card,0.0
11160,429,2024-01-11,Completed,Debit Card,14.99
11161,633,2023-09-20,Completed,Credit Card,5.99
11162,1218,2021-04-08,Completed,Debit Card,5.99
11163,3506,2022-03-02,Completed,PayPal,0.0
11164,3380,2022-01-11,Completed,Credit Card,0.0
11165,2338,2022-01-16,Completed,PayPal,5.99
11166,3198,2022-10-13,Completed,Debit Card,5.99
11167,298,2021-04-26,Completed,Credit Card,0.0
11168,4797,2023-11-22,Returned,Credit Card,9.99
11169,3555,2021-07-01,Completed,Debit Card,0.0
11170,619,2022-02-12,Completed,Debit Card,9.99
11171,2333,2022-04-18,Completed,Credit Card,0.0
11172,4956,2021-11-04,Completed,Cash,5.99
11173,298,2021-11-26,Cancelled,Debit Card,5.99
11174,4642,2023-08-31,Pending,Credit Card,5.99
11175,685,2022-06-13,Returned,Credit Card,9.99
11176,53,2022-08-20,Completed,Credit Card,14.99
11177,385,2023-01-27,Completed,Credit Card,5.99
11178,4894,2022-06-27,Completed,Credit Card,5.99
11179,872,2022-12-18,Completed,PayPal,5.99
11180,3521,2022-08-04,Completed,Debit Card,14.99
11181,3214,2022-08-03,Cancelled,Credit Card,9.99
11182,2914,2023-09-15,Pending,Debit Card,5.99
11183,4857,2021-11-25,Completed,Credit Card,5.99
11184,2647,2023-06-28,Completed,Credit Card,0.0
11185,2531,2023-11-29,Completed,PayPal,9.99
11186,2784,2023-10-10,Completed,Credit Card,9.99
11187,2548,2021-12-24,Completed,PayPal,14.99
11188,2037,2022-08-18,Pending,Cash,5.99
11189,318,2022-08-02,Completed,Debit Card,5.99
11190,448,2023-06-16,Completed,Credit Card,5.99
11191,788,2023-07-31,Completed,Credit Card,5.99
11192,3888,2021-06-05,Completed,Credit Card,5.99
11193,4252,2023-07-23,Pending,Debit Card,9.99
11194,2202,2022-10-01,Completed,PayPal,0.0
11195,3278,2021-02-18,Returned,Debit Card,0.0
11196,1068,2023-04-16,Completed,PayPal,9.99
11197,4022,2023-03-14,Completed,PayPal,14.99
11198,2443,2023-03-05,Completed,PayPal,5.99
11199,1281,2023-07-10,Completed,Credit Card,9.99
11200,35,2022-06-19,Completed,PayPal,9.99
11201,2579,2021-09-15,Completed,Debit Card,5.99
11202,1482,2021-01-12,Completed,Credit Card,0.0
11203,1070,2023-02-09,Completed,Cash,14.99
11204,2785,2021-09-05,Returned,Cash,14.99
11205,4505,2022-03-24,Returned,Debit Card,5.99
11206,4675,2023-08-26,Completed,PayPal,0.0
11207,4149,2023-05-29,Pending,Credit Card,9.99
11208,3750,2023-12-26,Completed,Credit Card,9.99
11209,1618,2021-12-05,Completed,Credit Card,0.0
11210,463,2022-01-27,Completed,Debit Card,0.0
11211,4089,2023-07-17,Returned,Credit Card,14.99
11212,1625,2023-02-09,Completed,Credit Card,0.0
11213,1294,2021-06-24,Completed,Debit Card,0.0
11214,893,2021-09-26,Completed,Credit Card,5.99
11215,3373,2022-10-12,Completed,Credit Card,0.0
11216,3251,2022-02-23,Completed,Credit Card,0.0
11217,3060,2021-03-02,Completed,Credit Card,5.99
11218,3276,2024-01-21,Completed,Credit Card,0.0
11219,4666,2023-10-06,Returned,Credit Card,9.99
11220,869,2023-11-27,Completed,Credit Card,5.99
11221,376,2023-10-09,Cancelled,Credit Card,0.0
11222,3666,2021-03-01,Completed,Credit Card,5.99
11223,485,2021-05-24,Completed,Cash,0.0
11224,4360,2021-12-29,Completed,Credit Card,0.0
11225,3310,2023-10-22,Completed,Debit Card,9.99
11226,539,2021-06-07,Pending,Credit Card,0.0
11227,967,2021-12-27,Completed,Credit Card,5.99
11228,4053,2021-06-18,Pending,Credit Card,9.99
11229,764,2021-11-27,Completed,Cash,5.99
11230,1749,2023-04-12,Completed,Credit Card,5.99
11231,2072,2022-03-21,Completed,Debit Card,9.99
11232,8,2022-10-10,Completed,Debit Card,9.99
11233,1203,2021-08-17,Completed,Credit Card,9.99
11234,2930,2023-01-19,Completed,Cash,5.99
11235,275,2023-06-09,Completed,Credit Card,14.99
11236,184,2023-09-07,Completed,Credit Card,9.99
11237,3336,2021-06-03,Completed,Credit Card,5.99
11238,2210,2021-03-10,Pending,Credit Card,5.99
11239,1443,2021-12-21,Completed,Credit Card,0.0
11240,1210,2023-03-08,Completed,Debit Card,5.99
11241,3756,2021-12-17,Completed,Credit Card,0.0
11242,3445,2021-12-16,Completed,Debit Card,0.0
11243,2108,2022-10-27,Completed,Credit Card,0.0
11244,2009,2021-07-29,Completed,Cash,5.99
11245,2541,2022-02-14,Completed,Credit Card,5.99
11246,4713,2022-01-29,Completed,Debit Card,5.99
11247,2512,2022-10-12,Completed,Debit Card,5.99
11248,3391,2023-05-09,Completed,Credit Card,9.99
11249,2773,2021-09-25,Completed,Credit Card,5.99
11250,1149,2023-11-06,Completed,Credit Card,5.99
11251,3532,2022-08-14,Completed,Credit Card,0.0
11252,2918,2022-08-19,Completed,Credit Card,9.99
11253,499,2022-04-16,Completed,Debit Card,5.99
11254,2621,2023-09-25,Completed,Credit Card,9.99
11255,1577,2022-01-11,Completed,Debit Card,0.0
11256,2331,2024-01-14,Returned,Credit Card,5.99
11257,4089,2022-01-12,Completed,PayPal,0.0
11258,4017,2023-10-22,Completed,Credit Card,0.0
11259,2158,2022-06-05,Completed,Credit Card,5.99
11260,652,2021-02-27,Completed,Credit Card,9.99
11261,670,2021-07-23,Completed,Credit Card,5.99
11262,3369,2021-12-10,Completed,Debit Card,5.99
11263,122,2022-12-28,Pending,Debit Card,9.99
11264,1286,2021-09-29,Completed,Debit Card,0.0
11265,4165,2021-04-30,Completed,Debit Card,5.99
11266,3064,2021-03-30,Completed,Cash,5.99
11267,4695,2022-06-28,Returned,Debit Card,5.99
11268,2887,2022-05-18,Completed,Credit Card,5.99
11269,1575,2022-01-17,Completed,Credit Card,0.0
11270,4501,2021-04-06,Completed,Credit Card,5.99
11271,4404,2021-05-23,Completed,Debit Card,14.99
11272,4084,2024-01-13,Completed,Credit Card,14.99
11273,2813,2021-11-17,Pending,Debit Card,5.99
11274,2943,2023-10-22,Completed,Credit Card,5.99
11275,4912,2021-08-30,Completed,PayPal,0.0
11276,4596,2021-11-11,Completed,Cash,5.99
11277,4044,2022-08-21,Completed,Credit Card,9.99
11278,2593,2023-09-14,Completed,PayPal,5.99
11279,4619,2023-03-25,Completed,PayPal,9.99
11280,1535,2023-05-08,Completed,Cash,5.99
11281,487,2023-06-02,Completed,Credit Card,5.99
11282,2133,2023-08-14,Completed,PayPal,0.0
11283,572,2023-11-17,Completed,,9.99
11284,2821,2022-02-27,Completed,Debit Card,14.99
11285,2648,2021-02-23,Completed,Debit Card,5.99
11286,1341,2022-01-30,Completed,Debit Card,0.0
11287,4337,2021-07-19,Returned,Credit Card,14.99
11288,1350,2023-10-01,Completed,PayPal,0.0
11289,1872,2021-12-14,Completed,Credit Card,5.99
11290,408,2022-06-30,Completed,Credit Card,0.0
11291,811,2021-04-13,Completed,Debit Card,0.0
11292,3272,2022-03-19,Completed,PayPal,0.0
11293,2243,2023-09-01,Completed,Cash,5.99
11294,1893,2022-12-19,Completed,Debit Card,5.99
11295,168,2021-06-14,Completed,Credit Card,5.99
11296,2017,2022-03-13,Completed,Credit Card,5.99
11297,1097,2023-09-25,Completed,Credit Card,5.99
11298,4941,2023-05-02,Pending,Credit Card,9.99
11299,4056,2024-01-01,Completed,Credit Card,14.99
11300,3752,2022-06-13,Completed,Credit Card,0.0
11301,2288,2023-12-23,Completed,Credit Card,0.0
11302,2416,2021-08-19,Completed,PayPal,5.99
11303,2354,2022-09-13,Completed,Debit Card,0.0
11304,1862,2021-07-28,Completed,PayPal,9.99
11305,1867,2023-02-19,Completed,Credit Card,0.0
11306,1192,2023-10-11,Completed,Credit Card,5.99
11307,4860,2021-07-24,Completed,Credit Card,0.0
11308,2533,2022-08-19,Completed,Credit Card,5.99
11309,2827,2022-10-31,Completed,Debit Card,0.0
11310,3741,2021-05-20,Completed,Credit Card,9.99
11311,4304,2021-11-11,Completed,PayPal,14.99
11312,3511,2021-01-06,Pending,Cash,5.99
11313,4087,2023-11-08,Completed,Credit Card,0.0
11314,2314,2022-07-11,Completed,Credit Card,5.99
11315,441,2023-05-24,Completed,,5.99
11316,2417,2022-12-19,Completed,Debit Card,0.0
11317,3871,2022-05-27,Completed,Debit Card,9.99
11318,3723,2023-11-17,Completed,Debit Card,0.0
11319,1061,2022-11-20,Completed,Credit Card,0.0
11320,2145,2021-07-06,Completed,Credit Card,5.99
11321,3223,2022-06-22,Cancelled,Credit Card,0.0
11322,2245,2021-03-22,Pending,Credit Card,5.99
11323,3939,2023-02-04,Returned,Credit Card,0.0
11324,1232,2023-04-06,Completed,Credit Card,9.99
11325,4178,2024-01-11,Pending,PayPal,5.99
11326,1730,2022-08-17,Completed,Debit Card,5.99
11327,2424,2022-12-12,Completed,Credit Card,0.0
11328,842,2022-03-15,Completed,Credit Card,0.0
11329,4612,2022-06-01,Completed,Debit Card,5.99
11330,84,2021-04-22,Pending,Credit Card,0.0
11331,3360,2021-07-23,Completed,Debit Card,5.99
11332,3692,2021-04-07,Completed,PayPal,5.99
11333,611,2023-08-04,Completed,Debit Card,0.0
11334,179,2023-01-15,Pending,Credit Card,9.99
11335,264,2021-12-24,Completed,PayPal,14.99
11336,4887,2024-01-29,Returned,Credit Card,5.99
11337,4689,2023-07-17,Completed,Credit Card,14.99
11338,3624,2023-08-29,Completed,Credit Card,9.99
11339,4580,2021-12-04,Completed,Cash,0.0
11340,2389,2021-10-13,Completed,Credit Card,0.0
11341,2389,2022-11-27,Completed,Cash,5.99
11342,1424,2023-08-26,Completed,Credit Card,5.99
11343,4161,2022-10-20,Completed,Credit Card,5.99
11344,1353,2021-04-07,Completed,Debit Card,5.99
11345,4743,2021-09-21,Completed,Credit Card,5.99
11346,4669,2021-12-24,Completed,Credit Card,5.99
11347,2029,2022-11-20,Completed,Credit Card,0.0
11348,541,2022-05-24,Completed,Credit Card,9.99
11349,3107,2021-08-29,Completed,Credit Card,14.99
11350,2128,2021-11-17,Completed,Debit Card,9.99
11351,1075,2022-01-14,Completed,Debit Card,0.0
11352,993,2023-08-31,Completed,Cash,0.0
11353,1055,2021-12-12,Completed,Debit Card,5.99
11354,4119,2023-02-03,Returned,Debit Card,14.99
11355,1038,2022-07-06,Completed,Debit Card,9.99
11356,3471,2022-08-08,Returned,PayPal,5.99
11357,2913,2023-01-20,Completed,Credit Card,0.0
11358,4145,2022-10-07,Completed,Credit Card,9.99
11359,2857,2021-01-25,Completed,Debit Card,9.99
11360,4952,2022-05-22,Completed,Credit Card,14.99
11361,3849,2021-01-28,Completed,Cash,5.99
11362,413,2023-07-17,Completed,,5.99
11363,1475,2022-10-12,Cancelled,Credit Card,5.99
11364,2329,2024-01-23,Completed,PayPal,14.99
11365,4225,2021-09-29,Completed,Credit Card,5.99
11366,4851,2022-11-08,Completed,Cash,0.0
11367,586,2022-05-30,Completed,Cash,5.99
11368,15,2023-05-27,Completed,Debit Card,9.99
11369,2805,2023-08-20,Completed,Credit Card,5.99
11370,2980,2023-06-21,Completed,Credit Card,5.99
11371,3847,2021-11-01,Completed,Debit Card,9.99
11372,4619,2022-05-02,Completed,PayPal,5.99
11373,4694,2023-02-08,Completed,Credit Card,0.0
11374,4653,2023-06-24,Completed,Credit Card,9.99
11375,726,2023-09-21,Completed,Credit Card,5.99
11376,2963,2023-12-02,Completed,Debit Card,14.99
11377,4332,2022-01-27,Completed,PayPal,14.99
11378,2139,2021-01-23,Completed,Credit Card,5.99
11379,1873,2023-06-28,Completed,Credit Card,14.99
11380,2167,2022-10-17,Pending,Debit Card,5.99
11381,2874,2021-06-14,Completed,PayPal,5.99
11382,3104,2023-04-14,Completed,PayPal,0.0
11383,2870,2022-02-17,Completed,PayPal,0.0
11384,959,2024-01-19,Completed,Credit Card,9.99
11385,1208,2021-01-10,Cancelled,Credit Card,9.99
11386,1827,2023-04-01,Completed,Cash,5.99
11387,2350,2023-05-23,Completed,Cash,5.99
11388,1676,2022-01-06,Completed,Debit Card,5.99
11389,2173,2023-04-09,Completed,Debit Card,9.99
11390,2255,2023-09-16,Completed,Cash,0.0
11391,458,2022-09-05,Completed,Credit Card,0.0
11392,3829,2021-01-27,Completed,Credit Card,9.99
11393,220,2021-03-20,Completed,Debit Card,14.99
11394,4212,2023-07-30,Completed,Cash,0.0
11395,165,2022-03-04,Completed,Debit Card,9.99
11396,3395,2023-08-14,Completed,PayPal,5.99
11397,1774,2021-10-06,Completed,Credit Card,0.0
11398,583,2021-12-14,Returned,Credit Card,9.99
11399,1961,2021-08-17,Completed,Credit Card,9.99
11400,4841,2023-10-21,Returned,Cash,0.0
11401,2694,2023-03-11,Completed,Credit Card,5.99
11402,5000,2022-07-16,Completed,Credit Card,9.99
11403,2396,2023-12-28,Completed,Cash,0.0
11404,1956,2021-01-31,Completed,Credit Card,5.99
11405,2644,2022-03-22,Cancelled,PayPal,0.0
11406,3685,2023-03-31,Cancelled,Debit Card,5.99
11407,4423,2021-05-22,Completed,Credit Card,0.0
11408,2208,2022-08-09,Completed,Debit Card,5.99
11409,2672,2022-12-30,Completed,Cash,0.0
11410,169,2022-09-14,Pending,Credit Card,5.99
11411,3872,2022-05-29,Completed,PayPal,0.0
11412,1715,2021-02-21,Completed,Credit Card,9.99
11413,1012,2022-01-09,Completed,Credit Card,5.99
11414,1279,2021-06-13,Completed,Credit Card,0.0
11415,4285,2023-01-12,Completed,PayPal,14.99
11416,1340,2023-02-23,Completed,Debit Card,9.99
11417,601,2022-11-13,Returned,Credit Card,5.99
11418,826,2021-02-09,Completed,PayPal,5.99
11419,585,2022-10-28,Completed,Credit Card,0.0
11420,1495,2023-12-07,Completed,Credit Card,14.99
11421,3224,2022-07-30,Completed,Credit Card,0.0
11422,2528,2022-09-08,Completed,Debit Card,5.99
11423,1247,2021-05-26,Completed,Debit Card,5.99
11424,776,2022-07-10,Completed,PayPal,14.99
11425,4186,2022-01-03,Completed,Credit Card,5.99
11426,645,2021-09-17,Completed,Credit Card,5.99
11427,2617,2024-01-07,Completed,PayPal,9.99
11428,2098,2022-04-04,Completed,Credit Card,0.0
11429,2152,2022-11-03,Completed,Cash,0.0
11430,4062,2023-04-03,Completed,Credit Card,0.0
11431,4536,2021-03-11,Completed,Credit Card,0.0
11432,4139,2021-10-01,Completed,Credit Card,0.0
11433,4782,2021-10-04,Completed,Credit Card,5.99
11434,1782,2022-04-25,Completed,Credit Card,9.99
11435,3805,2023-01-01,Completed,Credit Card,14.99
11436,3734,2021-05-12,Completed,Credit Card,5.99
11437,425,2021-06-17,Completed,Credit Card,0.0
11438,3995,2023-09-26,Completed,Credit Card,9.99
11439,478,2022-09-07,Completed,Credit Card,9.99
11440,3031,2023-11-13,Completed,Credit Card,5.99
11441,232,2023-04-12,Completed,Credit Card,0.0
11442,3637,2022-01-23,Completed,Debit Card,14.99
11443,206,2023-05-01,Completed,Debit Card,0.0
11444,3040,2022-05-12,Completed,Debit Card,0.0
11445,164,2024-01-12,Completed,Credit Card,9.99
11446,3295,2021-04-05,Pending,Credit Card,5.99
11447,1067,2022-12-19,Completed,Credit Card,0.0
11448,3153,2024-01-09,Cancelled,PayPal,5.99
11449,1781,2022-06-03,Pending,Credit Card,9.99
11450,1520,2023-03-14,Completed,Credit Card,9.99
11451,3636,2021-03-10,Completed,Credit Card,0.0
11452,3316,2023-08-30,Completed,Cash,0.0
11453,1469,2021-01-13,Completed,Debit Card,5.99
11454,2092,2022-06-23,Completed,Credit Card,9.99
11455,1657,2022-04-14,Completed,Credit Card,0.0
11456,1065,2022-11-22,Returned,PayPal,5.99
11457,3502,2021-08-03,Completed,Credit Card,0.0
11458,2742,2023-09-25,Completed,Debit Card,0.0
11459,3712,2023-02-07,Completed,Debit Card,9.99
11460,1253,2022-01-28,Completed,Credit Card,0.0
11461,28,2021-06-14,Completed,,9.99
11462,4064,2023-06-16,Completed,Credit Card,5.99
11463,4968,2021-11-25,Completed,Cash,0.0
11464,4304,2023-05-15,Completed,Debit Card,14.99
11465,431,2021-05-15,Completed,PayPal,5.99
11466,2092,2021-03-10,Completed,Debit Card,5.99
11467,4023,2024-01-14,Completed,Cash,9.99
11468,329,2022-06-23,Completed,Cash,5.99
11469,3943,2022-10-31,Completed,Credit Card,5.99
11470,4206,2023-03-25,Completed,Credit Card,0.0
11471,1980,2022-02-16,Completed,Debit Card,9.99
11472,3613,2021-06-06,Completed,Debit Card,5.99
11473,4951,2022-05-29,Completed,Credit Card,0.0
11474,4237,2023-07-05,Completed,PayPal,9.99
11475,4086,2023-03-25,Completed,Credit Card,5.99
11476,4053,2021-08-01,Completed,Credit Card,5.99
11477,2694,2022-01-03,Completed,Debit Card,0.0
11478,1336,2023-05-14,Completed,Credit Card,14.99
11479,1564,2022-11-19,Completed,Credit Card,14.99
11480,4825,2021-04-13,Completed,Cash,5.99
11481,3561,2023-12-17,Completed,Debit Card,5.99
11482,1599,2024-01-02,Completed,Cash,5.99
11483,3186,2023-09-24,Completed,Debit Card,0.0
11484,4635,2023-01-08,Completed,Debit Card,5.99
11485,892,2022-11-18,Completed,,0.0
11486,4254,2023-11-02,Completed,Credit Card,14.99
11487,2463,2022-10-18,Returned,Debit Card,0.0
11488,2966,2022-02-03,Completed,Credit Card,9.99
11489,2271,2023-08-27,Returned,Cash,5.99
11490,2194,2023-09-04,Completed,Credit Card,0.0
11491,882,2024-01-09,Completed,Credit Card,5.99
11492,4803,2023-11-14,Completed,Debit Card,9.99
11493,4468,2021-06-16,Completed,Debit Card,9.99
11494,1840,2023-05-23,Completed,Credit Card,0.0
11495,4153,2023-05-09,Completed,Credit Card,5.99
11496,2969,2023-11-21,Completed,PayPal,9.99
11497,3706,2021-03-30,Completed,Credit Card,9.99
11498,4659,2023-04-09,Completed,Credit Card,9.99
11499,1259,2022-11-07,Completed,Credit Card,0.0
11500,4320,2021-06-09,Cancelled,Credit Card,9.99
11501,1357,2021-08-03,Completed,Credit Card,5.99
11502,3275,2024-01-30,Completed,Cash,5.99
11503,1203,2023-11-06,Completed,Credit Card,0.0
11504,4954,2023-07-02,Completed,Credit Card,0.0
11505,147,2022-08-09,Completed,Cash,5.99
11506,825,2022-09-13,Completed,PayPal,0.0
11507,3436,2023-08-31,Completed,Credit Card,5.99
11508,2883,2022-02-02,Completed,Credit Card,9.99
11509,858,2022-01-06,Completed,PayPal,14.99
11510,2587,2021-06-21,Completed,Credit Card,0.0
11511,4943,2023-08-31,Cancelled,Debit Card,0.0
11512,4730,2023-07-16,Completed,Debit Card,5.99
11513,2570,2023-11-09,Completed,Credit Card,0.0
11514,1360,2022-10-24,Completed,Debit Card,0.0
11515,3946,2022-08-24,Cancelled,Credit Card,5.99
11516,2328,2022-10-14,Completed,Credit Card,5.99
11517,3657,2023-08-03,Completed,PayPal,9.99
11518,4452,2022-08-08,Pending,Credit Card,14.99
11519,4048,2023-09-04,Completed,Credit Card,9.99
11520,810,2023-08-05,Completed,Debit Card,0.0
11521,2959,2021-02-17,Completed,Debit Card,9.99
11522,2716,2023-03-24,Completed,Credit Card,5.99
11523,1835,2021-03-23,Completed,Debit Card,5.99
11524,1582,2023-12-03,Completed,Credit Card,14.99
11525,1678,2022-12-02,Completed,Debit Card,9.99
11526,579,2022-11-26,Completed,PayPal,5.99
11527,3654,2023-11-06,Completed,PayPal,0.0
11528,4704,2022-01-26,Completed,Debit Card,9.99
11529,1866,2022-10-02,Completed,Credit Card,9.99
11530,584,2024-01-12,Returned,Credit Card,0.0
11531,1747,2023-02-04,Completed,Credit Card,0.0
11532,2448,2023-04-29,Completed,Debit Card,0.0
11533,4056,2022-08-04,Completed,Credit Card,0.0
11534,2700,2022-04-20,Completed,Cash,5.99
11535,3137,2021-12-08,Completed,PayPal,0.0
11536,521,2023-08-14,Completed,Credit Card,14.99
11537,3466,2023-01-18,Completed,Debit Card,9.99
11538,777,2022-09-24,Completed,PayPal,5.99
11539,3808,2021-06-18,Completed,Credit Card,5.99
11540,3109,2021-05-26,Completed,Debit Card,5.99
11541,2956,2022-10-21,Completed,Credit Card,0.0
11542,415,2023-05-23,Completed,Credit Card,0.0
11543,1168,2023-01-16,Completed,Debit Card,5.99
11544,923,2021-11-04,Completed,Cash,14.99
11545,168,2023-08-27,Completed,Credit Card,14.99
11546,168,2023-07-19,Completed,Debit Card,9.99
11547,356,2021-04-15,Returned,Credit Card,5.99
11548,1406,2021-06-22,Completed,PayPal,9.99
11549,4086,2022-12-07,Completed,PayPal,5.99
11550,4329,2023-02-24,Completed,Credit Card,0.0
11551,3475,2021-11-28,Completed,PayPal,5.99
11552,2521,2023-03-10,Completed,Credit Card,14.99
11553,4613,2023-04-02,Completed,Credit Card,0.0
11554,2923,2024-01-07,Returned,Debit Card,0.0
11555,4275,2021-06-16,Pending,Credit Card,0.0
11556,3802,2024-01-11,Completed,Debit Card,0.0
11557,463,2021-04-27,Completed,Debit Card,0.0
11558,41,2023-01-23,Completed,Credit Card,5.99
11559,2876,2021-09-15,Completed,Credit Card,14.99
11560,989,2023-07-12,Completed,Credit Card,9.99
11561,1026,2021-11-03,Completed,Credit Card,14.99
11562,2668,2021-02-24,Completed,Credit Card,0.0
11563,1863,2021-04-03,Completed,Credit Card,0.0
11564,4201,2022-10-30,Completed,PayPal,0.0
11565,438,2022-06-06,Pending,Cash,14.99
11566,3456,2023-03-27,Pending,Credit Card,0.0
11567,1584,2022-05-03,Completed,Credit Card,5.99
11568,783,2021-07-28,Completed,Debit Card,0.0
11569,23,2023-05-16,Returned,Cash,0.0
11570,2711,2022-07-23,Completed,Credit Card,0.0
11571,1768,2023-04-18,Completed,PayPal,9.99
11572,4063,2021-03-22,Completed,Debit Card,0.0
11573,3139,2023-03-30,Cancelled,Cash,0.0
11574,4900,2023-04-03,Completed,Credit Card,5.99
11575,1706,2022-09-25,Completed,Cash,5.99
11576,1398,2022-02-16,Returned,Credit Card,5.99
11577,4558,2021-11-26,Completed,Cash,14.99
11578,3832,2022-05-04,Cancelled,Credit Card,5.99
11579,4715,2023-09-20,Completed,Debit Card,0.0
11580,1375,2022-11-17,Completed,PayPal,5.99
11581,4080,2022-11-05,Completed,Debit Card,5.99
11582,2351,2024-01-09,Completed,Debit Card,9.99
11583,3153,2022-03-08,Completed,Credit Card,14.99
11584,1535,2023-11-22,Completed,PayPal,9.99
11585,1467,2023-12-03,Completed,Cash,5.99
11586,3238,2022-02-17,Completed,Credit Card,0.0
11587,4224,2022-04-06,Completed,Debit Card,14.99
11588,3898,2022-04-10,Completed,PayPal,5.99
11589,2599,2021-07-02,Completed,Debit Card,9.99
11590,1593,2022-06-24,Completed,PayPal,14.99
11591,728,2022-05-25,Completed,PayPal,5.99
11592,629,2021-11-13,Completed,PayPal,5.99
11593,2851,2023-01-03,Completed,Debit Card,5.99
11594,1340,2022-08-08,Completed,Cash,0.0
11595,2132,2023-11-13,Completed,PayPal,5.99
11596,1691,2022-10-27,Completed,PayPal,5.99
11597,4416,2021-12-04,Completed,Credit Card,0.0
11598,4031,2023-10-25,Completed,Credit Card,5.99
11599,1098,2021-12-23,Completed,Debit Card,5.99
11600,216,2021-01-17,Completed,Debit Card,9.99
11601,3642,2023-03-18,Completed,Credit Card,9.99
11602,2664,2023-05-30,Completed,Credit Card,0.0
11603,3655,2023-06-10,Completed,Credit Card,9.99
11604,4937,2022-10-22,Returned,PayPal,5.99
11605,1580,2022-03-02,Completed,PayPal,5.99
11606,795,2022-06-14,Completed,,9.99
11607,2544,2023-10-21,Completed,Credit Card,0.0
11608,2456,2023-07-08,Returned,Credit Card,5.99
11609,2057,2021-06-29,Completed,Credit Card,5.99
11610,4987,2021-03-13,Completed,Credit Card,9.99
11611,2193,2021-02-13,Completed,Debit Card,5.99
11612,943,2021-02-13,Completed,Credit Card,9.99
11613,4864,2021-11-07,Completed,Credit Card,0.0
11614,4625,2024-01-05,Completed,Credit Card,9.99
11615,3077,2021-06-18,Completed,Credit Card,5.99
11616,2214,2021-01-01,Completed,Credit Card,5.99
11617,2586,2021-03-22,Completed,Credit Card,5.99
11618,4708,2021-02-10,Completed,Credit Card,5.99
11619,3149,2022-02-25,Completed,Credit Card,0.0
11620,1441,2021-12-10,Returned,Credit Card,0.0
11621,2153,2023-05-07,Completed,Debit Card,0.0
11622,1659,2023-03-29,Completed,Cash,9.99
11623,4530,2023-04-19,Completed,Debit Card,9.99
11624,2277,2021-07-04,Pending,Debit Card,9.99
11625,52,2023-08-14,Completed,Cash,9.99
11626,4708,2021-01-27,Completed,Credit Card,0.0
11627,1156,2023-11-07,Completed,Credit Card,5.99
11628,4040,2023-11-14,Completed,Credit Card,14.99
11629,3660,2023-04-12,Completed,Credit Card,9.99
11630,610,2022-06-10,Completed,Debit Card,0.0
11631,2907,2022-09-24,Completed,Credit Card,5.99
11632,3691,2021-05-23,Completed,PayPal,0.0
11633,1873,2023-03-13,Completed,Credit Card,0.0
11634,3392,2021-10-22,Completed,Cash,5.99
11635,4325,2023-10-10,Completed,Cash,9.99
11636,2715,2023-09-23,Completed,Cash,5.99
11637,46,2023-04-28,Completed,PayPal,5.99
11638,3643,2022-12-09,Completed,Credit Card,5.99
11639,482,2021-01-08,Completed,Debit Card,9.99
11640,2626,2021-10-30,Completed,Credit Card,0.0
11641,900,2022-08-28,Completed,PayPal,5.99
11642,4438,2021-11-28,Completed,Credit Card,0.0
11643,1279,2022-12-27,Completed,Credit Card,5.99
11644,2864,2021-05-08,Completed,Cash,0.0
11645,727,2021-06-24,Completed,Credit Card,9.99
11646,972,2021-11-12,Returned,Credit Card,0.0
11647,251,2021-09-30,Pending,Credit Card,0.0
11648,1569,2021-08-27,Completed,Debit Card,5.99
11649,735,2023-01-11,Completed,Debit Card,5.99
11650,4353,2022-02-17,Completed,Debit Card,9.99
11651,3560,2023-01-25,Completed,PayPal,0.0
11652,3711,2022-02-20,Completed,Credit Card,0.0
11653,1070,2023-07-24,Completed,Debit Card,9.99
11654,156,2022-11-03,Pending,Debit Card,9.99
11655,3907,2021-11-17,Cancelled,Debit Card,9.99
11656,2910,2023-09-13,Completed,Credit Card,5.99
11657,4744,2021-05-30,Completed,,9.99
11658,864,2023-08-09,Completed,Credit Card,5.99
11659,2244,2023-03-21,Completed,Credit Card,5.99
11660,2276,2023-03-19,Completed,Credit Card,9.99
11661,3058,2021-08-27,Completed,Credit Card,0.0
11662,3394,2023-02-09,Completed,Credit Card,5.99
11663,3520,2021-12-09,Cancelled,Credit Card,9.99
11664,633,2022-08-15,Completed,PayPal,5.99
11665,3344,2021-10-07,Completed,PayPal,5.99
11666,3297,2022-01-24,Completed,Credit Card,0.0
11667,3762,2022-03-12,Completed,Debit Card,0.0
11668,3084,2023-12-23,Pending,Cash,0.0
11669,79,2021-02-20,Completed,Debit Card,14.99
11670,756,2021-08-13,Completed,Cash,14.99
11671,2728,2021-04-10,Completed,Credit Card,0.0
11672,448,2023-08-30,Completed,PayPal,0.0
11673,2215,2021-04-02,Returned,Credit Card,0.0
11674,1922,2021-08-25,Completed,Credit Card,0.0
11675,2230,2023-06-18,Completed,Cash,5.99
11676,13,2023-08-03,Completed,Cash,0.0
11677,665,2022-08-25,Completed,Credit Card,9.99
11678,9,2022-09-24,Completed,Cash,9.99
11679,1519,2023-03-23,Completed,Credit Card,0.0
11680,3213,2021-02-10,Completed,Debit Card,5.99
11681,3048,2024-01-10,Pending,Credit Card,5.99
11682,2804,2022-03-29,Completed,Credit Card,0.0
11683,3716,2022-08-30,Completed,PayPal,9.99
11684,3101,2023-02-08,Cancelled,Credit Card,0.0
11685,2492,2022-06-28,Completed,Credit Card,0.0
11686,3781,2021-08-28,Completed,Credit Card,0.0
11687,3033,2023-09-26,Completed,Credit Card,14.99
11688,3435,2022-10-25,Completed,Debit Card,5.99
11689,3235,2021-01-20,Completed,Credit Card,5.99
11690,2972,2023-07-23,Completed,PayPal,9.99
11691,3752,2024-01-27,Completed,Credit Card,0.0
11692,1578,2022-02-19,Completed,Credit Card,14.99
11693,1141,2021-07-14,Completed,Credit Card,5.99
11694,4817,2021-09-28,Completed,Debit Card,5.99
11695,3905,2022-02-24,Completed,Credit Card,9.99
11696,3930,2022-04-01,Completed,Credit Card,5.99
11697,2465,2021-08-25,Completed,Credit Card,9.99
11698,685,2022-10-16,Completed,PayPal,9.99
11699,481,2022-04-09,Completed,Credit Card,0.0
11700,2766,2022-07-13,Completed,PayPal,0.0
11701,23,2023-10-19,Cancelled,Credit Card,0.0
11702,3549,2023-02-12,Completed,Credit Card,0.0
11703,4257,2021-12-21,Completed,Credit Card,5.99
11704,2658,2021-07-31,Completed,Credit Card,0.0
11705,173,2023-10-01,Completed,Debit Card,5.99
11706,1245,2022-08-11,Completed,Cash,9.99
11707,1977,2021-05-27,Pending,Credit Card,9.99
11708,1997,2021-03-03,Returned,Credit Card,0.0
11709,447,2022-03-30,Completed,Credit Card,0.0
11710,2433,2023-07-16,Completed,Credit Card,0.0
11711,3492,2022-12-15,Completed,Credit Card,9.99
11712,1523,2021-08-03,Completed,PayPal,5.99
11713,961,2022-09-03,Completed,Credit Card,14.99
11714,2545,2021-08-07,Pending,PayPal,9.99
11715,3976,2023-02-17,Returned,Credit Card,9.99
11716,192,2022-07-28,Pending,Credit Card,0.0
11717,3426,2023-04-17,Completed,Credit Card,5.99
11718,801,2023-02-27,Completed,Credit Card,14.99
11719,3074,2023-12-18,Completed,Credit Card,0.0
11720,2740,2022-01-18,Completed,Credit Card,5.99
11721,1805,2022-01-24,Completed,Credit Card,5.99
11722,3792,2023-07-19,Completed,PayPal,5.99
11723,1801,2022-01-30,Completed,Credit Card,9.99
11724,104,2021-09-25,Completed,Debit Card,5.99
11725,2638,2023-07-01,Completed,Credit Card,9.99
11726,1670,2023-12-20,Completed,PayPal,5.99
11727,2428,2023-03-17,Completed,Credit Card,5.99
11728,1351,2021-03-07,Completed,Credit Card,9.99
11729,4450,2021-11-23,Completed,Cash,14.99
11730,4886,2023-12-13,Completed,Credit Card,14.99
11731,1,2022-08-17,Completed,Debit Card,9.99
11732,4021,2023-04-27,Completed,Debit Card,5.99
11733,4327,2022-03-18,Completed,Credit Card,0.0
11734,576,2023-01-07,Completed,Cash,0.0
11735,3424,2023-01-21,Cancelled,PayPal,0.0
11736,1221,2022-12-30,Pending,PayPal,5.99
11737,4742,2021-02-04,Completed,Cash,0.0
11738,1659,2021-05-20,Completed,Credit Card,0.0
11739,512,2021-10-17,Completed,Credit Card,0.0
11740,4715,2021-05-16,Completed,PayPal,5.99
11741,3096,2021-06-15,Completed,Credit Card,0.0
11742,913,2022-06-22,Pending,Credit Card,9.99
11743,2881,2022-12-14,Completed,Credit Card,5.99
11744,461,2021-09-22,Pending,Cash,5.99
11745,3924,2022-10-21,Completed,Credit Card,9.99
11746,914,2022-01-27,Completed,PayPal,0.0
11747,414,2022-11-21,Completed,Credit Card,14.99
11748,3538,2023-01-19,Completed,Credit Card,5.99
11749,3262,2022-04-30,Completed,,0.0
11750,998,2021-01-16,Completed,Cash,5.99
11751,3255,2021-06-21,Completed,Credit Card,9.99
11752,4948,2023-03-05,Completed,Credit Card,5.99
11753,448,2023-01-18,Completed,Credit Card,0.0
11754,1805,2022-07-11,Completed,PayPal,14.99
11755,3551,2023-09-27,Completed,Credit Card,9.99
11756,3766,2021-04-29,Completed,Credit Card,9.99
11757,473,2022-11-21,Completed,Debit Card,9.99
11758,2717,2022-08-17,Cancelled,Credit Card,9.99
11759,4721,2022-06-09,Completed,Credit Card,0.0
11760,481,2023-01-09,Completed,PayPal,5.99
11761,2206,2021-07-25,Completed,Cash,9.99
11762,971,2022-06-17,Pending,Cash,0.0
11763,980,2022-10-04,Completed,Credit Card,0.0
11764,3770,2021-10-30,Completed,Cash,0.0
11765,4704,2021-05-25,Completed,Debit Card,0.0
11766,3845,2021-01-10,Completed,Credit Card,0.0
11767,3630,2021-10-08,Completed,Debit Card,9.99
11768,4988,2021-03-18,Completed,Credit Card,9.99
11769,3529,2022-02-24,Completed,Debit Card,0.0
11770,1661,2023-10-30,Completed,Debit Card,9.99
11771,852,2024-01-22,Cancelled,PayPal,5.99
11772,4870,2023-09-03,Cancelled,Credit Card,0.0
11773,4713,2021-01-04,Completed,Debit Card,0.0
11774,2336,2023-07-15,Completed,Credit Card,0.0
11775,3379,2021-05-30,Completed,Cash,9.99
11776,3631,2022-05-21,Completed,Debit Card,5.99
11777,265,2023-05-30,Completed,Credit Card,0.0
11778,4651,2021-02-15,Pending,Credit Card,0.0
11779,3173,2022-08-13,Completed,Debit Card,14.99
11780,399,2021-09-27,Completed,Credit Card,9.99
11781,4502,2021-05-17,Completed,Debit Card,5.99
11782,3779,2021-10-17,Completed,Credit Card,14.99
11783,2222,2021-07-23,Completed,Debit Card,0.0
11784,3443,2021-01-13,Completed,Credit Card,5.99
11785,568,2021-03-11,Completed,Debit Card,5.99
11786,1219,2022-08-10,Completed,Cash,5.99
11787,1226,2023-04-15,Completed,Debit Card,9.99
11788,4957,2024-01-14,Completed,Credit Card,9.99
11789,4189,2023-09-21,Cancelled,Cash,0.0
11790,1794,2023-08-24,Returned,Credit Card,0.0
11791,151,2022-12-26,Completed,Debit Card,5.99
11792,4204,2021-10-23,Completed,Debit Card,9.99
11793,4015,2021-06-15,Returned,Credit Card,0.0
11794,4433,2021-03-24,Completed,Credit Card,5.99
11795,4236,2021-05-04,Completed,Credit Card,9.99
11796,2548,2023-12-14,Completed,PayPal,0.0
11797,3843,2022-08-06,Completed,PayPal,9.99
11798,3706,2023-06-03,Completed,Credit Card,0.0
11799,4614,2022-10-05,Completed,Credit Card,5.99
11800,4417,2022-09-06,Pending,PayPal,9.99
11801,4166,2021-12-26,Completed,Credit Card,5.99
11802,4135,2022-12-12,Completed,Credit Card,0.0
11803,1255,2022-11-10,Completed,Credit Card,14.99
11804,2097,2023-06-07,Completed,Credit Card,0.0
11805,1776,2023-11-26,Cancelled,Debit Card,5.99
11806,3730,2023-02-25,Returned,Debit Card,5.99
11807,2853,2021-10-19,Completed,Credit Card,5.99
11808,3304,2022-01-10,Returned,PayPal,5.99
11809,4351,2021-12-05,Completed,Credit Card,5.99
11810,3209,2021-04-23,Completed,Debit Card,0.0
11811,4407,2022-10-22,Completed,Credit Card,5.99
11812,3530,2022-06-30,Completed,PayPal,0.0
11813,1450,2022-08-04,Pending,Credit Card,0.0
11814,3662,2021-07-13,Completed,Credit Card,5.99
11815,2078,2023-08-01,Completed,PayPal,5.99
11816,4115,2021-07-01,Completed,Credit Card,0.0
11817,1536,2021-02-06,Completed,Debit Card,5.99
11818,1920,2022-12-13,Completed,Cash,5.99
11819,101,2023-02-23,Completed,Debit Card,5.99
11820,293,2023-10-17,Completed,Credit Card,5.99
11821,4669,2022-03-16,Completed,Credit Card,14.99
11822,3607,2021-10-22,Completed,PayPal,5.99
11823,531,2022-03-20,Completed,Credit Card,9.99
11824,2658,2023-04-23,Completed,Debit Card,0.0
11825,2109,2021-03-09,Completed,PayPal,9.99
11826,3999,2023-08-12,Completed,Debit Card,5.99
11827,2728,2021-01-19,Completed,PayPal,5.99
11828,4837,2023-02-18,Completed,Credit Card,9.99
11829,2908,2022-05-30,Completed,Debit Card,0.0
11830,131,2023-11-24,Completed,Debit Card,5.99
11831,948,2023-10-06,Completed,Credit Card,0.0
11832,1593,2021-10-18,Completed,Credit Card,9.99
11833,1771,2022-05-08,Completed,Debit Card,9.99
11834,3152,2022-11-16,Completed,Debit Card,5.99
11835,3706,2023-12-11,Completed,Credit Card,5.99
11836,1241,2022-01-20,Completed,PayPal,5.99
11837,720,2022-11-15,Completed,Credit Card,0.0
11838,538,2021-06-19,Completed,PayPal,0.0
11839,2684,2023-08-05,Completed,Debit Card,5.99
11840,3129,2023-01-17,Cancelled,Credit Card,5.99
11841,3655,2021-10-12,Pending,Credit Card,5.99
11842,4276,2021-04-22,Cancelled,Debit Card,0.0
11843,542,2022-09-15,Completed,PayPal,5.99
11844,2270,2023-08-10,Completed,Credit Card,14.99
11845,146,2023-09-17,Completed,Debit Card,0.0
11846,4389,2021-02-17,Completed,Credit Card,5.99
11847,1306,2021-03-23,Completed,Credit Card,5.99
11848,4381,2022-09-20,Completed,Debit Card,14.99
11849,1496,2023-12-04,Completed,Credit Card,5.99
11850,2407,2022-02-05,Completed,Debit Card,5.99
11851,3324,2021-01-15,Cancelled,Cash,9.99
11852,2528,2023-07-04,Completed,Cash,0.0
11853,4990,2023-03-12,Completed,Credit Card,5.99
11854,976,2021-09-23,Returned,Debit Card,5.99
11855,1966,2023-08-05,Completed,Cash,5.99
11856,3682,2022-05-25,Returned,Credit Card,0.0
11857,654,2021-12-15,Completed,Credit Card,0.0
11858,3442,2023-01-12,Completed,Cash,0.0
11859,2672,2022-12-04,Completed,Credit Card,9.99
11860,459,2022-03-13,Completed,Cash,14.99
11861,4653,2024-01-24,Completed,Debit Card,0.0
11862,2282,2021-11-19,Completed,Credit Card,0.0
11863,1374,2023-08-01,Completed,Credit Card,14.99
11864,1775,2022-09-21,Completed,Credit Card,5.99
11865,867,2022-03-19,Completed,Credit Card,9.99
11866,3062,2022-04-25,Completed,Debit Card,0.0
11867,4670,2021-11-16,Completed,Credit Card,9.99
11868,3345,2023-03-20,Completed,Credit Card,9.99
11869,1932,2021-11-27,Completed,Credit Card,0.0
11870,3844,2021-09-19,Completed,PayPal,0.0
11871,4413,2022-11-22,Completed,Credit Card,0.0
11872,703,2021-04-30,Pending,PayPal,0.0
11873,1825,2023-05-22,Completed,PayPal,14.99
11874,968,2022-03-03,Cancelled,Credit Card,5.99
11875,514,2022-09-15,Completed,Credit Card,9.99
11876,2987,2023-12-21,Completed,Cash,9.99
11877,871,2022-03-08,Completed,PayPal,5.99
11878,4200,2023-07-22,Completed,Credit Card,5.99
11879,611,2022-04-28,Completed,Debit Card,0.0
11880,1977,2021-10-08,Completed,Credit Card,5.99
11881,3123,2022-04-20,Completed,Credit Card,14.99
11882,4754,2021-01-06,Completed,Debit Card,0.0
11883,192,2021-05-27,Completed,Credit Card,5.99
11884,216,2022-06-17,Completed,Cash,9.99
11885,2260,2023-04-22,Completed,PayPal,5.99
11886,3606,2022-06-10,Completed,Debit Card,5.99
11887,4868,2023-05-19,Returned,Credit Card,9.99
11888,395,2023-09-16,Completed,Credit Card,0.0
11889,2490,2023-01-15,Completed,Credit Card,9.99
11890,3541,2021-03-03,Completed,Credit Card,9.99
11891,2501,2022-05-25,Completed,Credit Card,0.0
11892,2306,2023-12-22,Completed,Debit Card,5.99
11893,4903,2021-04-26,Completed,Credit Card,5.99
11894,2145,2022-11-01,Completed,Cash,0.0
11895,492,2022-08-28,Completed,Cash,5.99
11896,2844,2021-06-24,Completed,Debit Card,5.99
11897,4476,2024-01-14,Completed,Debit Card,14.99
11898,532,2022-10-08,Completed,Credit Card,5.99
11899,2692,2021-12-05,Pending,Credit Card,9.99
11900,805,2021-05-07,Cancelled,Cash,0.0
11901,4955,2022-03-11,Completed,Debit Card,0.0
11902,1825,2023-10-11,Completed,Credit Card,14.99
11903,2089,2021-08-04,Completed,Debit Card,9.99
11904,1276,2021-03-31,Completed,Cash,0.0
11905,4052,2021-09-05,Completed,Credit Card,5.99
11906,4586,2021-02-10,Returned,Credit Card,5.99
11907,4626,2022-07-20,Completed,Cash,5.99
11908,763,2022-07-08,Completed,Credit Card,9.99
11909,596,2022-03-20,Cancelled,Credit Card,9.99
11910,1316,2022-03-23,Completed,Credit Card,0.0
11911,3556,2021-03-15,Returned,PayPal,5.99
11912,4382,2023-01-15,Completed,PayPal,0.0
11913,4887,2021-03-30,Pending,Credit Card,9.99
11914,446,2024-01-10,Completed,Credit Card,5.99
11915,173,2021-04-20,Completed,Credit Card,14.99
11916,4101,2022-05-10,Completed,Credit Card,9.99
11917,3490,2022-06-05,Completed,Credit Card,0.0
11918,410,2021-03-26,Completed,Credit Card,9.99
11919,3464,2023-04-18,Returned,Credit Card,5.99
11920,4282,2021-02-10,Completed,Cash,0.0
11921,595,2021-04-23,Completed,,5.99
11922,2388,2023-12-20,Completed,Credit Card,14.99
11923,2526,2023-09-12,Completed,Credit Card,5.99
11924,662,2023-04-08,Completed,Debit Card,9.99
11925,3514,2023-10-29,Completed,Credit Card,5.99
11926,3496,2022-08-21,Pending,Debit Card,5.99
11927,3185,2023-12-15,Completed,PayPal,9.99
11928,787,2023-03-15,Completed,Cash,9.99
11929,843,2023-02-05,Completed,Debit Card,0.0
11930,3907,2022-11-02,Completed,Credit Card,0.0
11931,3823,2023-12-04,Completed,Credit Card,5.99
11932,1247,2022-09-13,Completed,Debit Card,5.99
11933,4992,2021-11-15,Completed,Credit Card,9.99
11934,2280,2021-11-30,Completed,Credit Card,0.0
11935,1337,2022-12-21,Completed,Cash,9.99
11936,17,2022-01-15,Completed,PayPal,5.99
11937,3353,2023-08-10,Completed,PayPal,0.0
11938,3841,2023-06-20,Completed,PayPal,5.99
11939,411,2023-03-11,Cancelled,Debit Card,0.0
11940,4564,2023-12-07,Completed,Debit Card,0.0
11941,245,2022-12-22,Completed,Credit Card,9.99
11942,2805,2023-08-16,Completed,Cash,5.99
11943,4251,2022-11-19,Completed,Credit Card,5.99
11944,2824,2023-01-21,Completed,Debit Card,5.99
11945,4542,2023-06-10,Completed,Credit Card,0.0
11946,1259,2022-08-24,Completed,Credit Card,5.99
11947,2295,2022-10-01,Cancelled,Debit Card,9.99
11948,96,2021-10-17,Pending,Credit Card,0.0
11949,2089,2021-12-26,Completed,Debit Card,5.99
11950,3930,2023-10-10,Completed,Debit Card,0.0
11951,3970,2023-10-09,Returned,,0.0
11952,4829,2022-11-30,Completed,Credit Card,5.99
11953,2641,2021-02-17,Completed,Credit Card,5.99
11954,3967,2021-06-27,Returned,PayPal,9.99
11955,1448,2022-03-07,Returned,Credit Card,5.99
11956,2334,2021-10-27,Completed,Credit Card,0.0
11957,56,2023-01-07,Completed,Credit Card,5.99
11958,275,2021-09-25,Completed,PayPal,5.99
11959,1889,2023-04-16,Cancelled,Debit Card,5.99
11960,482,2023-06-23,Pending,Credit Card,9.99
11961,1617,2022-10-02,Completed,PayPal,0.0
11962,685,2022-07-27,Completed,PayPal,14.99
11963,2995,2021-10-09,Completed,PayPal,5.99
11964,529,2022-01-19,Completed,Credit Card,5.99
11965,4260,2021-12-21,Completed,PayPal,14.99
11966,3389,2021-07-04,Completed,Credit Card,9.99
11967,757,2023-05-20,Completed,Debit Card,0.0
11968,3665,2023-03-01,Completed,PayPal,5.99
11969,2848,2021-04-29,Completed,PayPal,5.99
11970,4830,2022-12-29,Completed,Credit Card,5.99
11971,4575,2021-12-24,Completed,PayPal,9.99
11972,4988,2022-01-26,Completed,Credit Card,5.99
11973,3566,2023-11-09,Completed,Credit Card,0.0
11974,1459,2021-07-29,Pending,Debit Card,5.99
11975,1248,2022-07-17,Completed,Debit Card,0.0
11976,2541,2024-01-27,Completed,Credit Card,5.99
11977,2489,2023-07-11,Completed,Credit Card,5.99
11978,3836,2021-06-05,Pending,Credit Card,5.99
11979,3436,2022-08-13,Completed,Debit Card,5.99
11980,2163,2022-01-07,Completed,PayPal,0.0
11981,824,2021-02-14,Completed,Debit Card,14.99
11982,4998,2022-04-01,Completed,Credit Card,5.99
11983,2216,2022-10-14,Returned,Cash,5.99
11984,4832,2023-07-24,Cancelled,Debit Card,14.99
11985,2837,2023-10-19,Completed,PayPal,9.99
11986,4146,2023-07-10,Completed,Debit Card,0.0
11987,1736,2022-03-28,Completed,Cash,5.99
11988,1484,2021-09-04,Completed,PayPal,5.99
11989,2973,2021-12-29,Cancelled,Debit Card,0.0
11990,617,2022-06-04,Returned,Credit Card,0.0
11991,4908,2021-04-14,Completed,Debit Card,5.99
11992,4691,2022-08-17,Completed,Debit Card,5.99
11993,311,2022-05-18,Completed,Debit Card,9.99
11994,678,2023-11-26,Completed,Credit Card,0.0
11995,83,2023-02-24,Completed,Credit Card,14.99
11996,1117,2022-03-13,Completed,Debit Card,9.99
11997,3306,2023-02-08,Completed,PayPal,9.99
11998,1904,2021-10-28,Completed,PayPal,0.0
11999,1739,2022-04-15,Completed,Credit Card,9.99
12000,2150,2021-05-20,Completed,Credit Card,5.99
12001,1097,2023-10-02,Completed,Credit Card,5.99
12002,1188,2022-11-24,Completed,Credit Card,5.99
12003,3630,2022-12-21,Cancelled,Credit Card,9.99
12004,3984,2022-02-22,Completed,PayPal,0.0
12005,3879,2022-03-23,Cancelled,Cash,5.99
12006,450,2023-08-15,Cancelled,Credit Card,9.99
12007,4355,2022-02-14,Completed,Debit Card,5.99
12008,2682,2022-09-02,Completed,Debit Card,0.0
12009,4729,2023-09-17,Pending,Cash,0.0
12010,2507,2023-08-17,Completed,Cash,5.99
12011,1356,2023-06-04,Pending,Credit Card,5.99
12012,3463,2022-03-22,Completed,Credit Card,0.0
12013,4147,2021-05-08,Completed,Credit Card,0.0
12014,1412,2023-06-09,Completed,Debit Card,9.99
12015,1924,2022-10-18,Completed,Debit Card,0.0
12016,2953,2024-01-04,Returned,Credit Card,14.99
12017,3038,2022-12-31,Completed,PayPal,5.99
12018,2163,2023-11-10,Completed,Credit Card,9.99
12019,1627,2021-10-20,Completed,Cash,0.0
12020,2280,2023-07-19,Completed,Credit Card,14.99
12021,2098,2023-06-02,Completed,Credit Card,0.0
12022,4410,2022-12-31,Completed,Credit Card,0.0
12023,1490,2022-09-07,Completed,Credit Card,0.0
12024,749,2023-03-07,Completed,PayPal,0.0
12025,1975,2021-05-19,Completed,Credit Card,5.99
12026,4282,2022-12-09,Completed,Debit Card,9.99
12027,35,2023-09-30,Cancelled,Credit Card,0.0
12028,961,2022-03-25,Completed,Credit Card,9.99
12029,989,2021-02-28,Completed,PayPal,9.99
12030,2567,2022-05-17,Completed,Cash,14.99
12031,2777,2023-10-04,Completed,Credit Card,0.0
12032,3910,2023-11-11,Completed,Cash,0.0
12033,3322,2022-10-19,Completed,Debit Card,0.0
12034,4932,2023-12-17,Completed,Credit Card,5.99
12035,2265,2021-07-30,Completed,PayPal,5.99
12036,817,2022-07-04,Completed,Credit Card,5.99
12037,3037,2022-10-01,Completed,Credit Card,0.0
12038,841,2021-09-17,Completed,Debit Card,5.99
12039,1727,2023-12-10,Returned,Credit Card,5.99
12040,4471,2022-02-13,Completed,Credit Card,5.99
12041,2970,2023-04-17,Completed,Credit Card,0.0
12042,3019,2023-12-26,Completed,PayPal,5.99
12043,2036,2023-08-16,Completed,Debit Card,5.99
12044,1287,2023-04-20,Completed,Credit Card,9.99
12045,1678,2021-08-23,Completed,PayPal,14.99
12046,3855,2021-02-13,Completed,Credit Card,9.99
12047,2963,2023-08-01,Completed,Debit Card,0.0
12048,115,2022-10-04,Pending,Cash,0.0
12049,4131,2021-02-18,Completed,PayPal,14.99
12050,1768,2022-10-11,Completed,Debit Card,9.99
12051,4996,2023-03-22,Completed,Debit Card,9.99
12052,4055,2021-06-10,Completed,Credit Card,9.99
12053,1985,2021-07-23,Completed,Debit Card,0.0
12054,962,2022-12-12,Completed,Credit Card,9.99
12055,3792,2022-12-25,Completed,Credit Card,0.0
12056,2619,2023-01-16,Completed,Credit Card,5.99
12057,1367,2021-07-18,Completed,Credit Card,5.99
12058,2620,2021-03-30,Pending,Debit Card,5.99
12059,1226,2023-10-09,Completed,,5.99
12060,1806,2022-09-05,Completed,Credit Card,5.99
12061,1206,2024-01-22,Completed,Credit Card,5.99
12062,2284,2021-09-09,Completed,Credit Card,5.99
12063,1923,2023-12-04,Cancelled,Debit Card,0.0
12064,2058,2023-04-03,Completed,Credit Card,5.99
12065,1186,2023-02-20,Completed,Credit Card,9.99
12066,787,2021-08-02,Completed,Debit Card,5.99
12067,1676,2021-06-26,Completed,PayPal,5.99
12068,4661,2023-02-02,Returned,Credit Card,5.99
12069,2863,2023-12-17,Completed,Credit Card,0.0
12070,3954,2021-02-26,Cancelled,Debit Card,5.99
12071,4720,2021-05-12,Completed,Credit Card,0.0
12072,3543,2023-09-27,Completed,Credit Card,5.99
12073,2670,2021-05-28,Completed,Debit Card,5.99
12074,3582,2023-10-27,Completed,Cash,0.0
12075,1359,2023-06-17,Completed,Credit Card,5.99
12076,4520,2021-09-16,Completed,Credit Card,9.99
12077,54,2023-07-24,Completed,Credit Card,5.99
12078,4021,2021-01-17,Completed,PayPal,14.99
12079,1617,2021-06-12,Completed,Credit Card,14.99
12080,1825,2022-01-17,Pending,Debit Card,9.99
12081,3063,2023-04-30,Completed,PayPal,9.99
12082,156,2023-11-05,Completed,Cash,5.99
12083,101,2022-03-14,Completed,Debit Card,5.99
12084,3444,2021-08-28,Pending,Credit Card,14.99
12085,2122,2022-12-31,Completed,Credit Card,5.99
12086,2669,2023-04-12,Completed,Credit Card,0.0
12087,2672,2021-12-12,Completed,Debit Card,0.0
12088,4287,2022-06-19,Completed,Debit Card,9.99
12089,363,2022-01-17,Completed,PayPal,5.99
12090,2498,2021-05-04,Returned,Credit Card,0.0
12091,4248,2023-03-11,Completed,Debit Card,9.99
12092,1399,2021-04-10,Completed,Cash,5.99
12093,2398,2023-02-06,Returned,Cash,5.99
12094,342,2021-05-22,Completed,Debit Card,0.0
12095,3899,2021-07-17,Cancelled,Debit Card,0.0
12096,4433,2023-04-07,Pending,Debit Card,0.0
12097,1305,2023-09-14,Completed,Credit Card,5.99
12098,4255,2023-05-05,Completed,Credit Card,9.99
12099,3106,2021-01-22,Completed,Credit Card,9.99
12100,1534,2022-12-05,Completed,Credit Card,0.0
12101,2993,2022-06-29,Completed,Debit Card,9.99
12102,2846,2022-05-21,Completed,Debit Card,0.0
12103,4273,2022-11-15,Completed,Debit Card,0.0
12104,3611,2021-11-08,Completed,Credit Card,9.99
12105,1473,2023-04-11,Completed,Credit Card,0.0
12106,4724,2021-09-14,Completed,Credit Card,9.99
12107,1551,2021-05-18,Completed,Credit Card,0.0
12108,3702,2022-09-02,Pending,Cash,0.0
12109,191,2023-07-06,Completed,Credit Card,5.99
12110,3505,2021-06-21,Completed,Credit Card,0.0
12111,1289,2021-01-03,Completed,Credit Card,0.0
12112,2959,2021-09-26,Completed,Debit Card,5.99
12113,4151,2022-05-22,Completed,Debit Card,5.99
12114,3794,2021-12-21,Pending,Credit Card,9.99
12115,1783,2023-10-15,Completed,Cash,9.99
12116,3118,2021-08-04,Completed,PayPal,5.99
12117,160,2021-03-07,Completed,Credit Card,0.0
12118,4290,2023-08-29,Completed,Credit Card,5.99
12119,496,2022-05-20,Completed,Credit Card,9.99
12120,3009,2021-09-16,Completed,Credit Card,0.0
12121,2885,2022-11-28,Completed,PayPal,5.99
12122,4412,2023-07-15,Completed,Credit Card,9.99
12123,1090,2023-01-19,Completed,Credit Card,5.99
12124,1114,2021-10-14,Completed,Credit Card,5.99
12125,3425,2021-09-04,Completed,Credit Card,0.0
12126,1177,2022-01-06,Completed,PayPal,9.99
12127,1662,2022-05-07,Completed,Credit Card,0.0
12128,678,2021-03-15,Completed,Credit Card,9.99
12129,3349,2022-02-20,Completed,Debit Card,0.0
12130,3770,2022-09-05,Completed,Credit Card,9.99
12131,3058,2023-11-08,Completed,Credit Card,5.99
12132,165,2021-05-06,Completed,Credit Card,5.99
12133,521,2022-10-27,Completed,Credit Card,9.99
12134,692,2023-04-20,Completed,Credit Card,0.0
12135,3032,2022-05-30,Returned,Credit Card,0.0
12136,1622,2022-02-23,Returned,Credit Card,14.99
12137,1112,2021-06-17,Completed,Debit Card,5.99
12138,3681,2023-06-26,Completed,Credit Card,9.99
12139,201,2021-10-09,Completed,Cash,0.0
12140,1762,2021-06-11,Completed,Credit Card,5.99
12141,2464,2021-04-28,Completed,Debit Card,0.0
12142,782,2022-07-28,Returned,PayPal,9.99
12143,2340,2023-03-21,Completed,Credit Card,5.99
12144,3636,2022-03-06,Completed,Debit Card,5.99
12145,3906,2021-05-17,Completed,PayPal,0.0
12146,2765,2021-05-26,Completed,Credit Card,5.99
12147,3111,2023-12-12,Completed,Cash,5.99
12148,4464,2023-03-03,Completed,Credit Card,5.99
12149,4173,2023-07-21,Completed,Credit Card,5.99
12150,3453,2021-02-03,Completed,PayPal,0.0
12151,1733,2021-05-17,Completed,Credit Card,9.99
12152,3995,2024-01-06,Completed,Debit Card,9.99
12153,736,2023-10-11,Returned,PayPal,5.99
12154,1937,2023-12-31,Completed,Cash,0.0
12155,3602,2022-03-05,Completed,Credit Card,5.99
12156,4835,2022-12-18,Completed,Cash,0.0
12157,4816,2021-02-10,Completed,Credit Card,9.99
12158,4401,2022-10-17,Completed,Credit Card,5.99
12159,3872,2022-09-09,Completed,Debit Card,0.0
12160,65,2022-08-28,Completed,Debit Card,0.0
12161,4301,2023-01-11,Completed,Credit Card,14.99
12162,255,2022-01-24,Completed,Debit Card,9.99
12163,2727,2021-08-12,Completed,,0.0
12164,2034,2024-01-26,Pending,Debit Card,14.99
12165,4145,2021-08-07,Cancelled,Cash,0.0
12166,1510,2022-04-01,Returned,Credit Card,9.99
12167,4421,2021-07-14,Completed,Credit Card,5.99
12168,4779,2021-11-01,Returned,PayPal,9.99
12169,4512,2023-01-06,Completed,Credit Card,5.99
12170,617,2022-08-22,Completed,PayPal,5.99
12171,1441,2023-06-27,Completed,Credit Card,5.99
12172,1230,2021-01-08,Completed,Credit Card,5.99
12173,1827,2023-10-21,Completed,Credit Card,0.0
12174,3198,2022-01-31,Completed,Credit Card,9.99
12175,2705,2022-06-09,Completed,Debit Card,5.99
12176,3711,2021-07-31,Completed,Credit Card,5.99
12177,2980,2022-04-29,Completed,PayPal,5.99
12178,1600,2023-01-03,Completed,Debit Card,5.99
12179,3988,2021-02-13,Completed,Credit Card,9.99
12180,3187,2022-12-02,Completed,Debit Card,9.99
12181,2211,2022-07-24,Returned,Debit Card,9.99
12182,2361,2021-01-13,Completed,PayPal,9.99
12183,2722,2023-07-10,Completed,Debit Card,9.99
12184,933,2023-04-24,Completed,Credit Card,0.0
12185,1299,2022-06-05,Completed,Debit Card,0.0
12186,2685,2023-09-16,Completed,Credit Card,9.99
12187,3142,2021-08-13,Completed,Credit Card,0.0
12188,1268,2023-02-27,Returned,Cash,14.99
12189,1385,2021-09-24,Completed,Credit Card,9.99
12190,1255,2022-07-07,Completed,Debit Card,5.99
12191,99,2022-01-28,Completed,Credit Card,5.99
12192,4438,2023-04-18,Completed,Credit Card,5.99
12193,1684,2024-01-28,Completed,Credit Card,9.99
12194,2299,2021-08-15,Completed,Debit Card,9.99
12195,3342,2022-01-24,Completed,Credit Card,0.0
12196,2101,2021-06-30,Completed,Credit Card,9.99
12197,2203,2022-08-29,Completed,PayPal,5.99
12198,1078,2022-11-14,Completed,Credit Card,0.0
12199,4818,2022-04-25,Completed,Credit Card,5.99
12200,4635,2022-07-31,Completed,PayPal,5.99
12201,3168,2021-01-18,Completed,Cash,0.0
12202,1000,2023-08-18,Completed,Credit Card,0.0
12203,1718,2021-10-01,Completed,PayPal,0.0
12204,4242,2021-02-16,Completed,Credit Card,14.99
12205,466,2023-06-22,Completed,Credit Card,0.0
12206,3667,2023-12-26,Completed,PayPal,5.99
12207,616,2022-05-28,Completed,Cash,0.0
12208,4580,2022-12-12,Completed,Credit Card,9.99
12209,3081,2023-11-27,Completed,Credit Card,9.99
12210,364,2022-07-22,Completed,Credit Card,9.99
12211,3544,2022-11-06,Completed,Credit Card,5.99
12212,4672,2024-01-03,Completed,PayPal,5.99
12213,4855,2022-09-10,Completed,Debit Card,5.99
12214,1659,2021-04-21,Completed,Credit Card,5.99
12215,4958,2021-12-29,Completed,Debit Card,0.0
12216,4906,2021-09-28,Completed,PayPal,5.99
12217,2155,2021-11-27,Completed,Credit Card,0.0
12218,2785,2023-06-28,Cancelled,Debit Card,9.99
12219,609,2023-09-18,Completed,Cash,5.99
12220,303,2023-02-15,Completed,Credit Card,5.99
12221,3149,2021-01-12,Completed,PayPal,5.99
12222,4336,2021-09-23,Completed,Debit Card,9.99
12223,1636,2021-07-16,Pending,Credit Card,5.99
12224,4250,2021-04-22,Completed,Credit Card,5.99
12225,1245,2023-05-18,Returned,Debit Card,0.0
12226,1155,2023-06-08,Completed,Debit Card,0.0
12227,579,2023-09-21,Completed,Debit Card,0.0
12228,3123,2021-09-17,Completed,Credit Card,0.0
12229,1194,2022-11-19,Completed,Debit Card,9.99
12230,4770,2021-12-29,Completed,Credit Card,9.99
12231,4230,2023-07-08,Completed,Credit Card,0.0
12232,3095,2022-01-29,Completed,Credit Card,0.0
12233,121,2022-08-05,Completed,Debit Card,5.99
12234,2508,2022-06-06,Completed,Credit Card,5.99
12235,1520,2022-07-10,Completed,Credit Card,9.99
12236,3972,2022-12-20,Completed,Credit Card,5.99
12237,4153,2021-09-09,Completed,Credit Card,9.99
12238,3058,2021-03-20,Completed,Credit Card,0.0
12239,4059,2023-04-11,Completed,Debit Card,5.99
12240,867,2023-06-21,Returned,Debit Card,14.99
12241,469,2023-09-29,Completed,Debit Card,0.0
12242,2011,2022-09-01,Completed,Credit Card,5.99
12243,3454,2021-10-22,Completed,Credit Card,0.0
12244,1562,2021-05-14,Completed,Cash,5.99
12245,103,2021-01-16,Completed,Credit Card,0.0
12246,2952,2022-01-29,Completed,Debit Card,9.99
12247,3086,2021-01-31,Completed,Cash,14.99
12248,4903,2023-05-02,Completed,Debit Card,9.99
12249,2729,2022-03-04,Completed,Credit Card,5.99
12250,3402,2022-07-21,Returned,Credit Card,14.99
12251,1444,2022-08-28,Completed,Credit Card,9.99
12252,2589,2022-02-14,Completed,Debit Card,5.99
12253,284,2023-10-01,Completed,Debit Card,0.0
12254,4762,2021-07-30,Completed,Debit Card,5.99
12255,3141,2021-02-09,Completed,Credit Card,9.99
12256,2459,2023-11-29,Completed,PayPal,0.0
12257,601,2022-06-09,Completed,Debit Card,5.99
12258,1149,2021-12-09,Returned,Credit Card,14.99
12259,1756,2022-11-11,Completed,Credit Card,5.99
12260,2615,2023-06-30,Completed,Debit Card,5.99
12261,1378,2022-12-10,Completed,Credit Card,14.99
12262,4482,2022-07-07,Completed,Credit Card,0.0
12263,4332,2022-01-15,Completed,Credit Card,14.99
12264,4476,2022-04-15,Completed,PayPal,9.99
12265,4772,2023-08-01,Cancelled,Credit Card,5.99
12266,14,2022-05-04,Completed,Credit Card,0.0
12267,4493,2022-11-23,Completed,,0.0
12268,4215,2022-03-08,Completed,Debit Card,5.99
12269,4252,2022-06-13,Completed,Debit Card,9.99
12270,3143,2023-07-24,Completed,Credit Card,5.99
12271,255,2021-09-15,Completed,Debit Card,9.99
12272,4304,2022-09-30,Cancelled,Debit Card,5.99
12273,562,2023-12-05,Completed,Cash,5.99
12274,752,2023-05-09,Completed,Credit Card,14.99
12275,30,2023-12-02,Completed,Credit Card,9.99
12276,3772,2023-11-10,Completed,Credit Card,14.99
12277,815,2022-02-01,Completed,Debit Card,0.0
12278,2313,2021-12-06,Completed,Debit Card,9.99
12279,4882,2021-11-27,Completed,Credit Card,5.99
12280,1429,2022-11-12,Completed,Credit Card,14.99
12281,1674,2022-03-29,Completed,Credit Card,5.99
12282,3279,2022-11-21,Completed,Credit Card,0.0
12283,211,2021-02-23,Completed,Cash,5.99
12284,2003,2022-01-13,Completed,Debit Card,0.0
12285,3392,2022-01-08,Completed,Credit Card,0.0
12286,4189,2023-07-06,Completed,Credit Card,5.99
12287,241,2023-07-03,Completed,Credit Card,9.99
12288,4159,2022-06-20,Completed,Debit Card,0.0
12289,2734,2023-03-22,Completed,Credit Card,0.0
12290,4575,2021-01-16,Completed,Cash,9.99
12291,4142,2022-01-30,Completed,Debit Card,5.99
12292,2345,2022-04-17,Completed,Debit Card,14.99
12293,2139,2023-11-27,Completed,PayPal,0.0
12294,2229,2022-06-06,Cancelled,Debit Card,5.99
12295,1716,2023-10-05,Completed,Credit Card,0.0
12296,3998,2021-08-15,Completed,Debit Card,14.99
12297,1101,2022-03-26,Cancelled,Debit Card,9.99
12298,926,2023-09-04,Completed,Credit Card,9.99
12299,1626,2021-01-20,Completed,Credit Card,0.0
12300,1424,2022-11-27,Completed,Credit Card,14.99
12301,3536,2023-12-18,Completed,Credit Card,14.99
12302,4050,2023-10-09,Completed,Credit Card,5.99
12303,4062,2023-10-03,Completed,Cash,5.99
12304,3414,2022-11-18,Completed,Debit Card,14.99
12305,1741,2021-10-15,Completed,Debit Card,5.99
12306,4580,2021-11-30,Completed,Debit Card,0.0
12307,1833,2022-01-09,Completed,Debit Card,9.99
12308,596,2021-06-18,Completed,Cash,5.99
12309,4812,2021-11-25,Completed,Credit Card,14.99
12310,622,2021-04-03,Completed,Debit Card,5.99
12311,4132,2021-03-10,Completed,Credit Card,0.0
12312,450,2022-09-18,Completed,PayPal,5.99
12313,2494,2021-01-26,Completed,PayPal,9.99
12314,1909,2021-11-04,Completed,Cash,0.0
12315,4199,2022-03-16,Completed,Credit Card,5.99
12316,2434,2022-07-30,Completed,Credit Card,0.0
12317,1972,2021-09-30,Completed,Credit Card,5.99
12318,383,2021-04-07,Completed,Credit Card,14.99
12319,4844,2022-01-20,Cancelled,Credit Card,5.99
12320,3842,2022-04-09,Completed,Credit Card,5.99
12321,4670,2024-01-22,Completed,Debit Card,5.99
12322,4000,2023-09-08,Completed,Credit Card,5.99
12323,2699,2022-03-08,Completed,PayPal,5.99
12324,3079,2022-09-10,Completed,Credit Card,9.99
12325,4200,2023-02-03,Completed,Credit Card,9.99
12326,2142,2022-03-07,Completed,Debit Card,5.99
12327,1447,2023-01-06,Completed,Debit Card,14.99
12328,961,2021-03-09,Completed,Credit Card,9.99
12329,4550,2021-04-22,Completed,PayPal,0.0
12330,996,2021-09-14,Completed,Debit Card,5.99
12331,4556,2021-07-18,Completed,PayPal,14.99
12332,270,2022-10-05,Completed,PayPal,14.99
12333,539,2023-04-23,Completed,Debit Card,5.99
12334,4306,2022-05-07,Pending,Cash,9.99
12335,3871,2024-01-18,Completed,PayPal,5.99
12336,2288,2022-02-11,Returned,Cash,0.0
12337,3791,2023-04-06,Completed,PayPal,9.99
12338,1361,2023-02-13,Completed,PayPal,14.99
12339,4902,2023-05-01,Completed,Credit Card,5.99
12340,750,2022-07-28,Completed,Credit Card,0.0
12341,1872,2022-01-22,Completed,Cash,9.99
12342,859,2023-04-14,Completed,Debit Card,5.99
12343,1008,2022-11-25,Completed,Credit Card,0.0
12344,1307,2023-11-06,Completed,Credit Card,0.0
12345,3166,2023-02-08,Completed,Debit Card,0.0
12346,2923,2022-09-15,Completed,Credit Card,5.99
12347,3611,2021-05-26,Completed,Credit Card,0.0
12348,2533,2023-09-10,Completed,Credit Card,0.0
12349,3176,2024-01-16,Completed,Debit Card,14.99
12350,61,2022-10-20,Completed,Credit Card,14.99
12351,1780,2021-08-22,Completed,Debit Card,0.0
12352,470,2022-03-27,Completed,PayPal,0.0
12353,1075,2022-09-27,Completed,PayPal,5.99
12354,1741,2022-08-25,Completed,Credit Card,0.0
12355,876,2022-10-08,Completed,Credit Card,0.0
12356,1089,2022-10-19,Completed,Debit Card,5.99
12357,592,2022-05-23,Completed,Debit Card,14.99
12358,4009,2021-11-27,Completed,Credit Card,14.99
12359,4324,2023-03-10,Completed,Credit Card,9.99
12360,929,2023-10-17,Completed,PayPal,5.99
12361,3669,2023-10-16,Completed,Cash,9.99
12362,139,2022-01-24,Completed,Credit Card,5.99
12363,2527,2023-10-04,Pending,Credit Card,5.99
12364,1456,2022-10-08,Completed,Credit Card,5.99
12365,2003,2022-10-01,Completed,Credit Card,9.99
12366,1152,2021-11-16,Returned,Credit Card,0.0
12367,4047,2024-01-15,Completed,Credit Card,0.0
12368,2579,2022-03-05,Returned,Debit Card,14.99
12369,4309,2021-07-01,Completed,Credit Card,5.99
12370,4461,2023-10-29,Completed,PayPal,0.0
12371,4518,2024-01-19,Completed,Debit Card,5.99
12372,753,2023-12-12,Completed,Debit Card,0.0
12373,651,2023-03-18,Completed,Cash,0.0
12374,4367,2021-08-11,Completed,Debit Card,0.0
12375,2601,2023-03-26,Completed,Cash,5.99
12376,1367,2023-05-08,Completed,Credit Card,0.0
12377,199,2023-03-31,Completed,Credit Card,5.99
12378,3396,2022-04-16,Completed,Debit Card,0.0
12379,1792,2022-05-15,Returned,Debit Card,0.0
12380,200,2022-09-06,Completed,Credit Card,9.99
12381,2144,2022-01-14,Completed,Debit Card,9.99
12382,954,2023-11-15,Completed,Credit Card,5.99
12383,3122,2021-03-13,Completed,Debit Card,0.0
12384,2819,2021-06-17,Completed,Credit Card,0.0
12385,1068,2021-07-19,Completed,Debit Card,9.99
12386,3716,2022-11-26,Completed,Credit Card,0.0
12387,1372,2022-06-16,Completed,Cash,9.99
12388,3247,2021-08-19,Completed,Credit Card,5.99
12389,733,2023-02-16,Completed,Cash,9.99
12390,4533,2023-11-12,Completed,Credit Card,5.99
12391,4641,2021-12-19,Completed,Debit Card,5.99
12392,844,2022-08-28,Cancelled,Credit Card,0.0
12393,80,2023-08-10,Cancelled,PayPal,5.99
12394,4709,2023-07-24,Completed,PayPal,9.99
12395,2820,2021-01-12,Completed,PayPal,0.0
12396,1846,2022-12-31,Returned,Credit Card,5.99
12397,794,2022-06-15,Completed,PayPal,5.99
12398,349,2021-08-22,Completed,Credit Card,5.99
12399,153,2021-05-25,Completed,Credit Card,0.0
12400,569,2022-06-18,Returned,Credit Card,14.99
12401,3766,2021-03-06,Completed,Credit Card,5.99
12402,4932,2023-05-28,Completed,Debit Card,14.99
12403,1482,2023-01-31,Completed,Credit Card,9.99
12404,2654,2022-07-08,Completed,Credit Card,0.0
12405,528,2023-10-09,Completed,Debit Card,0.0
12406,1848,2023-03-24,Completed,Cash,9.99
12407,3252,2022-12-25,Completed,Debit Card,5.99
12408,1392,2021-07-15,Completed,Debit Card,0.0
12409,1279,2022-01-07,Completed,Debit Card,14.99
12410,1598,2023-05-19,Completed,PayPal,5.99
12411,4451,2023-09-16,Completed,Cash,5.99
12412,148,2022-07-15,Completed,Debit Card,5.99
12413,616,2021-02-05,Completed,Credit Card,9.99
12414,1764,2023-07-28,Completed,PayPal,0.0
12415,3677,2023-01-01,Completed,Cash,5.99
12416,263,2022-04-08,Pending,Credit Card,5.99
12417,1447,2022-12-15,Completed,Debit Card,9.99
12418,245,2021-07-27,Completed,PayPal,9.99
12419,4635,2022-02-15,Completed,Debit Card,5.99
12420,4588,2023-11-18,Completed,Credit Card,5.99
12421,746,2022-05-24,Pending,Debit Card,5.99
12422,4889,2022-06-18,Completed,Credit Card,5.99
12423,2554,2023-01-19,Completed,Credit Card,14.99
12424,41,2023-04-27,Returned,Cash,5.99
12425,613,2021-12-03,Completed,Debit Card,14.99
12426,2272,2022-03-19,Completed,PayPal,9.99
12427,3180,2022-03-29,Completed,PayPal,0.0
12428,3175,2022-09-11,Completed,Debit Card,9.99
12429,675,2022-10-29,Returned,PayPal,0.0
12430,1936,2023-05-15,Completed,Credit Card,5.99
12431,3302,2022-11-09,Pending,Debit Card,5.99
12432,294,2021-08-11,Returned,Debit Card,9.99
12433,3813,2022-11-17,Completed,Debit Card,0.0
12434,4058,2023-12-26,Completed,Credit Card,9.99
12435,1171,2021-11-11,Completed,Credit Card,14.99
12436,4022,2021-11-14,Completed,Credit Card,0.0
12437,1284,2022-03-14,Completed,Debit Card,9.99
12438,298,2021-04-18,Completed,Cash,0.0
12439,2313,2022-09-06,Completed,Cash,0.0
12440,2986,2023-09-25,Pending,Credit Card,14.99
12441,398,2023-04-02,Completed,Credit Card,5.99
12442,4681,2021-03-16,Completed,Credit Card,5.99
12443,4518,2022-12-02,Cancelled,Credit Card,5.99
12444,59,2023-05-25,Completed,PayPal,0.0
12445,3555,2023-07-06,Completed,Cash,5.99
12446,1677,2023-04-17,Completed,Credit Card,0.0
12447,2875,2023-01-16,Completed,Credit Card,0.0
12448,1874,2023-06-06,Completed,Credit Card,14.99
12449,1975,2021-06-21,Completed,Credit Card,14.99
12450,1695,2021-12-10,Completed,PayPal,5.99
12451,2969,2022-07-14,Returned,Debit Card,0.0
12452,224,2024-01-28,Completed,PayPal,5.99
12453,918,2022-03-24,Completed,Debit Card,9.99
12454,3296,2022-04-17,Completed,Credit Card,0.0
12455,1536,2022-09-04,Completed,Credit Card,0.0
12456,3451,2022-06-13,Completed,Credit Card,9.99
12457,1082,2021-07-19,Pending,PayPal,5.99
12458,2667,2022-10-02,Completed,PayPal,0.0
12459,559,2023-02-22,Completed,PayPal,0.0
12460,293,2023-09-22,Completed,Credit Card,9.99
12461,2559,2023-02-27,Completed,PayPal,5.99
12462,4721,2022-02-24,Completed,Credit Card,0.0
12463,2230,2023-11-09,Completed,Credit Card,9.99
12464,3096,2021-11-03,Completed,Credit Card,9.99
12465,980,2023-02-01,Completed,Credit Card,0.0
12466,3976,2021-12-04,Completed,PayPal,5.99
12467,2001,2021-07-26,Completed,Debit Card,0.0
12468,291,2022-08-10,Completed,Credit Card,5.99
12469,2976,2022-04-04,Returned,Credit Card,0.0
12470,612,2023-08-28,Completed,Credit Card,5.99
12471,2769,2022-03-13,Completed,Credit Card,5.99
12472,824,2022-11-25,Completed,Credit Card,5.99
12473,1696,2021-11-23,Completed,Debit Card,5.99
12474,1814,2021-04-08,Completed,Credit Card,0.0
12475,1029,2023-11-30,Completed,PayPal,14.99
12476,241,2022-04-06,Completed,Credit Card,0.0
12477,4848,2021-06-22,Completed,Credit Card,5.99
12478,3243,2021-06-14,Cancelled,Credit Card,0.0
12479,3631,2023-03-12,Completed,Debit Card,5.99
12480,1664,2023-11-21,Completed,Debit Card,0.0
12481,452,2023-05-14,Completed,Credit Card,0.0
12482,4805,2023-07-06,Cancelled,Cash,5.99
12483,1228,2022-06-25,Completed,Credit Card,0.0
12484,2404,2022-06-24,Completed,Cash,5.99
12485,1,2023-07-07,Cancelled,Credit Card,0.0
12486,3914,2023-12-10,Completed,PayPal,0.0
12487,2535,2023-06-14,Completed,Debit Card,9.99
12488,765,2023-12-13,Completed,Debit Card,0.0
12489,1651,2023-07-12,Cancelled,Credit Card,0.0
12490,2769,2022-02-13,Pending,Credit Card,0.0
12491,4646,2021-09-26,Pending,PayPal,0.0
12492,3438,2021-01-07,Completed,PayPal,0.0
12493,3399,2023-07-26,Pending,Debit Card,0.0
12494,2765,2021-05-10,Completed,Credit Card,0.0
12495,1957,2023-12-26,Completed,Credit Card,9.99
12496,1938,2021-06-27,Completed,Debit Card,0.0
12497,4616,2021-07-18,Completed,Credit Card,9.99
12498,409,2023-04-08,Completed,Credit Card,9.99
12499,1822,2022-06-03,Completed,Debit Card,0.0
12500,3145,2022-05-30,Pending,Credit Card,0.0
12501,1846,2021-08-23,Completed,Credit Card,0.0
12502,4240,2024-01-29,Completed,Credit Card,5.99
12503,2965,2021-10-21,Pending,Debit Card,5.99
12504,3937,2023-03-18,Completed,Credit Card,5.99
12505,2277,2023-10-18,Completed,PayPal,5.99
12506,1644,2021-06-18,Completed,Credit Card,0.0
12507,1813,2023-10-30,Completed,Credit Card,9.99
12508,4957,2023-08-15,Completed,PayPal,5.99
12509,829,2021-04-27,Completed,Debit Card,14.99
12510,4818,2021-08-22,Cancelled,Credit Card,5.99
12511,2623,2022-12-04,Completed,Credit Card,0.0
12512,4132,2022-04-13,Completed,Credit Card,9.99
12513,160,2023-08-05,Completed,Debit Card,5.99
12514,96,2022-07-04,Completed,Credit Card,9.99
12515,227,2021-02-12,Completed,Debit Card,5.99
12516,4528,2022-12-20,Pending,Debit Card,9.99
12517,2445,2022-07-11,Completed,Debit Card,14.99
12518,836,2021-06-08,Completed,PayPal,5.99
12519,3211,2021-05-13,Pending,Debit Card,0.0
12520,1161,2022-09-05,Completed,Credit Card,5.99
12521,3090,2023-12-31,Completed,Credit Card,14.99
12522,3999,2022-10-15,Completed,Credit Card,5.99
12523,2954,2021-09-06,Completed,PayPal,14.99
12524,359,2021-09-08,Completed,PayPal,5.99
12525,758,2023-09-13,Completed,Credit Card,14.99
12526,2541,2022-08-15,Completed,PayPal,0.0
12527,3527,2021-12-12,Completed,Debit Card,5.99
12528,4256,2023-03-11,Pending,Credit Card,5.99
12529,1976,2021-06-13,Cancelled,Credit Card,5.99
12530,994,2022-09-30,Completed,Credit Card,0.0
12531,2196,2021-09-26,Completed,Debit Card,14.99
12532,3206,2021-10-18,Completed,Credit Card,14.99
12533,2972,2023-06-29,Completed,Credit Card,9.99
12534,45,2022-09-28,Pending,,0.0
12535,146,2021-02-28,Pending,Debit Card,0.0
12536,1845,2022-08-31,Cancelled,Debit Card,5.99
12537,4732,2023-01-03,Completed,Debit Card,9.99
12538,2095,2021-06-17,Cancelled,Credit Card,0.0
12539,3033,2021-12-10,Pending,Cash,5.99
12540,2956,2021-12-07,Completed,Cash,5.99
12541,4186,2023-12-09,Completed,Debit Card,9.99
12542,2380,2022-11-05,Completed,Credit Card,5.99
12543,3183,2023-10-24,Completed,Credit Card,5.99
12544,2356,2022-03-24,Returned,Credit Card,0.0
12545,1322,2023-08-01,Completed,Debit Card,0.0
12546,481,2021-03-03,Completed,Credit Card,14.99
12547,801,2021-08-25,Completed,Debit Card,5.99
12548,4113,2021-04-12,Completed,Debit Card,14.99
12549,865,2022-04-29,Cancelled,Credit Card,0.0
12550,4898,2022-12-09,Completed,Debit Card,5.99
12551,175,2023-07-17,Completed,Credit Card,5.99
12552,1151,2022-07-20,Completed,PayPal,14.99
12553,1750,2022-04-04,Completed,Credit Card,14.99
12554,1386,2021-06-28,Completed,Credit Card,0.0
12555,18,2021-08-27,Pending,Credit Card,0.0
12556,778,2021-03-17,Completed,Cash,9.99
12557,3075,2021-03-02,Completed,Debit Card,9.99
12558,2852,2022-09-30,Completed,Credit Card,5.99
12559,862,2022-01-03,Completed,Credit Card,9.99
12560,4916,2022-06-07,Returned,Debit Card,0.0
12561,4279,2023-04-04,Completed,Credit Card,5.99
12562,4486,2021-03-16,Completed,Cash,9.99
12563,4948,2021-09-04,Completed,Cash,0.0
12564,58,2021-11-05,Completed,Debit Card,9.99
12565,3326,2024-01-16,Completed,Cash,14.99
12566,130,2023-01-05,Completed,Credit Card,9.99
12567,4865,2022-06-16,Completed,Credit Card,0.0
12568,919,2023-07-27,Cancelled,Credit Card,5.99
12569,3987,2022-01-01,Completed,Credit Card,5.99
12570,2860,2023-03-31,Completed,Cash,0.0
12571,265,2022-04-12,Pending,Credit Card,14.99
12572,3740,2021-07-25,Returned,PayPal,0.0
12573,2815,2022-11-17,Completed,PayPal,9.99
12574,983,2021-04-18,Completed,Credit Card,5.99
12575,4739,2023-11-15,Completed,Credit Card,5.99
12576,1324,2021-05-27,Completed,Credit Card,0.0
12577,3194,2021-01-17,Completed,Credit Card,0.0
12578,3781,2023-06-10,Completed,Credit Card,5.99
12579,3877,2023-06-15,Completed,Credit Card,5.99
12580,2903,2023-06-25,Completed,Debit Card,9.99
12581,172,2021-04-19,Completed,PayPal,0.0
12582,2299,2022-07-04,Completed,Credit Card,0.0
12583,3287,2021-09-22,Completed,Credit Card,9.99
12584,772,2023-01-06,Completed,PayPal,9.99
12585,3207,2023-07-09,Completed,Credit Card,0.0
12586,1307,2021-02-07,Completed,Credit Card,0.0
12587,1191,2022-03-13,Completed,PayPal,0.0
12588,4221,2022-10-22,Completed,Cash,0.0
12589,2325,2022-07-25,Completed,Cash,0.0
12590,1608,2021-04-05,Completed,Credit Card,5.99
12591,4949,2023-03-05,Completed,Debit Card,14.99
12592,3534,2022-07-09,Completed,Credit Card,0.0
12593,2833,2021-11-03,Completed,Cash,9.99
12594,3482,2023-12-18,Completed,Credit Card,5.99
12595,4407,2021-11-22,Completed,Credit Card,14.99
12596,4572,2022-04-01,Completed,PayPal,9.99
12597,4089,2023-01-08,Completed,Cash,9.99
12598,1349,2023-10-23,Completed,Debit Card,5.99
12599,84,2022-07-28,Completed,Credit Card,9.99
12600,1165,2023-12-28,Completed,Credit Card,5.99
12601,29,2023-10-27,Completed,PayPal,0.0
12602,2107,2023-09-21,Completed,Debit Card,14.99
12603,4553,2023-03-27,Completed,Credit Card,9.99
12604,3983,2021-06-11,Completed,Credit Card,0.0
12605,659,2024-01-07,Completed,PayPal,9.99
12606,245,2023-05-08,Completed,Debit Card,5.99
12607,1863,2022-08-02,Completed,Debit Card,0.0
12608,3142,2023-11-28,Completed,Credit Card,5.99
12609,2781,2022-08-02,Completed,Debit Card,5.99
12610,1864,2021-06-05,Completed,Cash,5.99
12611,2330,2021-12-26,Completed,Credit Card,0.0
12612,3997,2021-06-14,Completed,Debit Card,14.99
12613,3086,2021-11-01,Completed,Credit Card,14.99
12614,2420,2022-05-03,Completed,Credit Card,0.0
12615,725,2022-07-31,Completed,PayPal,5.99
12616,2069,2023-02-17,Completed,PayPal,0.0
12617,2388,2021-03-13,Completed,Debit Card,9.99
12618,1169,2022-12-19,Completed,Credit Card,9.99
12619,3843,2022-02-23,Returned,Credit Card,5.99
12620,943,2023-10-21,Completed,Cash,9.99
12621,4769,2021-03-28,Completed,Credit Card,9.99
12622,3587,2023-03-14,Completed,PayPal,5.99
12623,2421,2021-10-27,Pending,Credit Card,5.99
12624,2762,2023-08-08,Returned,Cash,0.0
12625,1785,2021-10-21,Completed,Cash,0.0
12626,528,2022-04-08,Completed,Credit Card,5.99
12627,2430,2022-11-16,Completed,PayPal,0.0
12628,2977,2021-10-13,Completed,Credit Card,0.0
12629,4756,2023-03-13,Completed,Credit Card,0.0
12630,3017,2022-07-08,Cancelled,Credit Card,5.99
12631,2910,2022-03-06,Completed,Debit Card,14.99
12632,126,2023-02-21,Completed,Credit Card,9.99
12633,4587,2021-07-02,Completed,Debit Card,9.99
12634,418,2021-08-16,Completed,Credit Card,9.99
12635,408,2022-05-19,Completed,Credit Card,5.99
12636,1190,2023-11-28,Completed,Debit Card,0.0
12637,152,2023-12-30,Completed,Debit Card,5.99
12638,3495,2023-08-30,Completed,Debit Card,0.0
12639,4774,2021-04-29,Completed,Debit Card,5.99
12640,2868,2022-10-19,Completed,PayPal,0.0
12641,2499,2023-08-20,Completed,Credit Card,9.99
12642,3855,2021-07-30,Completed,Credit Card,0.0
12643,1604,2023-06-05,Completed,Debit Card,0.0
12644,2582,2021-11-28,Completed,Debit Card,14.99
12645,3480,2023-11-05,Returned,Debit Card,0.0
12646,2084,2022-07-28,Cancelled,,5.99
12647,1108,2023-10-16,Completed,Credit Card,0.0
12648,3679,2023-02-05,Completed,Credit Card,0.0
12649,1139,2022-09-12,Completed,Debit Card,5.99
12650,4862,2023-10-29,Returned,Credit Card,5.99
12651,2083,2023-10-07,Completed,Credit Card,0.0
12652,1665,2021-04-02,Completed,Credit Card,9.99
12653,3382,2021-04-18,Completed,Credit Card,9.99
12654,761,2023-06-01,Completed,Debit Card,5.99
12655,312,2022-06-07,Completed,Credit Card,0.0
12656,4999,2023-04-24,Completed,Cash,9.99
12657,204,2021-08-30,Completed,Debit Card,9.99
12658,4633,2022-07-01,Pending,Credit Card,0.0
12659,4266,2023-02-08,Completed,Credit Card,5.99
12660,1307,2022-07-27,Pending,Credit Card,0.0
12661,2139,2023-11-20,Completed,Debit Card,0.0
12662,2650,2022-05-17,Completed,Credit Card,0.0
12663,465,2023-11-16,Returned,Credit Card,14.99
12664,4273,2022-12-23,Returned,Credit Card,9.99
12665,954,2023-04-10,Completed,Debit Card,9.99
12666,2164,2021-04-01,Completed,Debit Card,0.0
12667,3528,2021-09-08,Completed,Debit Card,0.0
12668,2435,2023-06-10,Completed,PayPal,0.0
12669,3621,2023-05-16,Completed,Credit Card,5.99
12670,338,2023-10-28,Completed,Debit Card,0.0
12671,1236,2022-11-25,Completed,Credit Card,0.0
12672,1623,2023-04-28,Completed,Debit Card,0.0
12673,3428,2023-07-20,Completed,Debit Card,9.99
12674,50,2023-06-20,Completed,Credit Card,5.99
12675,3602,2023-12-15,Completed,Credit Card,0.0
12676,2422,2022-11-13,Completed,PayPal,9.99
12677,921,2022-04-18,Completed,Credit Card,9.99
12678,4031,2021-10-08,Completed,Credit Card,0.0
12679,486,2022-09-21,Completed,Cash,0.0
12680,3506,2023-07-12,Completed,Debit Card,9.99
12681,105,2022-11-20,Completed,Debit Card,5.99
12682,1372,2022-03-18,Completed,PayPal,9.99
12683,1421,2022-03-05,Completed,Credit Card,0.0
12684,2974,2021-03-26,Completed,Credit Card,5.99
12685,1391,2022-04-10,Completed,PayPal,0.0
12686,2750,2023-03-12,Returned,PayPal,5.99
12687,2647,2021-06-05,Completed,Credit Card,14.99
12688,1657,2022-03-04,Cancelled,Credit Card,5.99
12689,658,2021-09-15,Completed,Credit Card,0.0
12690,1542,2023-02-14,Completed,PayPal,5.99
12691,2086,2021-02-14,Completed,Credit Card,9.99
12692,765,2022-05-23,Completed,Cash,9.99
12693,3688,2024-01-15,Pending,Cash,0.0
12694,3451,2023-03-25,Completed,PayPal,14.99
12695,1528,2021-08-17,Completed,Debit Card,5.99
12696,1530,2023-01-31,Completed,Credit Card,0.0
12697,4473,2023-06-17,Completed,Credit Card,5.99
12698,231,2022-08-08,Completed,Debit Card,5.99
12699,4719,2021-09-29,Completed,Credit Card,9.99
12700,2838,2022-01-23,Cancelled,Credit Card,5.99
12701,2451,2023-03-16,Completed,Debit Card,9.99
12702,568,2024-01-01,Completed,Credit Card,9.99
12703,4029,2022-02-13,Completed,PayPal,5.99
12704,3031,2023-07-10,Completed,Credit Card,0.0
12705,2179,2023-12-11,Completed,Credit Card,14.99
12706,259,2021-01-18,Returned,Credit Card,5.99
12707,789,2022-03-24,Completed,Cash,14.99
12708,3182,2023-07-15,Completed,PayPal,0.0
12709,2027,2021-06-12,Cancelled,Credit Card,14.99
12710,3680,2023-08-16,Completed,Credit Card,9.99
12711,297,2021-05-30,Completed,Cash,14.99
12712,2876,2023-06-07,Completed,Credit Card,0.0
12713,4501,2022-10-22,Cancelled,Credit Card,5.99
12714,2197,2024-01-08,Completed,Credit Card,0.0
12715,4543,2024-01-21,Completed,Debit Card,0.0
12716,1350,2021-02-13,Completed,Credit Card,0.0
12717,4536,2023-07-24,Completed,Credit Card,14.99
12718,931,2022-08-07,Completed,Debit Card,5.99
12719,3651,2023-04-06,Completed,Credit Card,5.99
12720,1540,2021-08-27,Completed,Debit Card,14.99
12721,1673,2021-10-28,Pending,Debit Card,9.99
12722,1731,2021-03-22,Completed,Credit Card,14.99
12723,3327,2022-05-30,Completed,Credit Card,14.99
12724,847,2023-04-28,Completed,Debit Card,9.99
12725,216,2022-11-23,Completed,Credit Card,0.0
12726,4450,2022-09-12,Pending,Credit Card,14.99
12727,1341,2022-10-31,Completed,Debit Card,5.99
12728,4793,2023-02-13,Completed,Debit Card,5.99
12729,3468,2022-10-13,Completed,Credit Card,9.99
12730,2900,2023-06-09,Completed,Credit Card,0.0
12731,3556,2023-03-10,Completed,Credit Card,5.99
12732,894,2022-03-29,Completed,Debit Card,5.99
12733,1120,2023-03-01,Completed,Debit Card,0.0
12734,499,2022-03-06,Completed,PayPal,0.0
12735,3136,2023-03-12,Completed,Debit Card,9.99
12736,2334,2022-02-04,Completed,PayPal,0.0
12737,3166,2021-08-21,Completed,Credit Card,9.99
12738,2276,2022-03-04,Completed,Credit Card,5.99
12739,3349,2021-10-20,Completed,PayPal,5.99
12740,3929,2021-10-15,Completed,Credit Card,9.99
12741,3081,2021-12-27,Completed,Credit Card,5.99
12742,2128,2022-03-08,Completed,Credit Card,5.99
12743,3798,2021-04-30,Completed,Cash,0.0
12744,4547,2022-08-05,Completed,Credit Card,5.99
12745,2914,2022-01-10,Completed,Credit Card,5.99
12746,3133,2021-07-18,Completed,Debit Card,0.0
12747,1390,2021-04-27,Returned,Credit Card,5.99
12748,2711,2022-04-18,Completed,Cash,5.99
12749,392,2023-10-05,Completed,Credit Card,9.99
12750,4548,2024-01-30,Completed,Debit Card,5.99
12751,2143,2022-01-16,Completed,Credit Card,14.99
12752,2892,2021-03-04,Completed,PayPal,5.99
12753,475,2022-09-11,Completed,PayPal,9.99
12754,637,2024-01-06,Completed,PayPal,5.99
12755,2505,2023-07-03,Completed,PayPal,5.99
12756,2031,2022-03-17,Completed,Credit Card,5.99
12757,4699,2023-10-18,Completed,Cash,5.99
12758,4755,2021-04-05,Completed,Debit Card,14.99
12759,4627,2021-07-09,Completed,PayPal,0.0
12760,1272,2021-12-24,Completed,Debit Card,0.0
12761,2918,2022-04-20,Completed,Credit Card,9.99
12762,3839,2022-02-16,Completed,Debit Card,5.99
12763,128,2022-11-18,Completed,Credit Card,0.0
12764,4753,2023-07-06,Completed,Debit Card,5.99
12765,4743,2022-03-22,Completed,Credit Card,5.99
12766,1398,2023-10-10,Completed,Credit Card,5.99
12767,4216,2023-08-23,Completed,Cash,9.99
12768,3539,2022-12-12,Completed,Cash,5.99
12769,982,2021-01-15,Completed,PayPal,5.99
12770,68,2021-06-15,Completed,PayPal,9.99
12771,1182,2022-01-02,Completed,Debit Card,9.99
12772,4268,2021-09-23,Completed,Debit Card,0.0
12773,2821,2021-09-23,Completed,,5.99
12774,2744,2021-11-13,Completed,Cash,5.99
12775,878,2021-02-19,Returned,PayPal,9.99
12776,2056,2021-05-20,Completed,Debit Card,9.99
12777,1954,2022-04-25,Completed,Cash,5.99
12778,4332,2022-03-05,Completed,Debit Card,14.99
12779,1255,2023-06-29,Completed,Credit Card,5.99
12780,2641,2021-01-30,Completed,Cash,9.99
12781,2733,2022-08-09,Completed,Credit Card,9.99
12782,1155,2022-10-20,Completed,Debit Card,14.99
12783,92,2023-08-30,Completed,Credit Card,14.99
12784,2017,2022-07-02,Completed,Debit Card,5.99
12785,1521,2021-01-15,Completed,Debit Card,0.0
12786,4437,2022-10-22,Completed,Debit Card,5.99
12787,3354,2021-04-12,Completed,Debit Card,9.99
12788,2764,2023-08-26,Completed,Credit Card,9.99
12789,4624,2022-08-31,Completed,Debit Card,5.99
12790,966,2021-06-10,Completed,Cash,0.0
12791,4397,2021-06-15,Cancelled,Credit Card,5.99
12792,1001,2022-04-08,Completed,Credit Card,5.99
12793,4611,2021-11-15,Completed,Credit Card,0.0
12794,4335,2024-01-08,Completed,Cash,9.99
12795,290,2021-10-03,Pending,Debit Card,0.0
12796,2859,2022-02-07,Completed,Cash,5.99
12797,1522,2023-04-23,Completed,Debit Card,0.0
12798,4343,2023-05-16,Completed,Credit Card,9.99
12799,1681,2022-10-02,Completed,PayPal,9.99
12800,4954,2022-05-06,Completed,Credit Card,5.99
12801,350,2024-01-24,Returned,Credit Card,5.99
12802,2776,2021-10-30,Pending,Credit Card,0.0
12803,1596,2023-06-06,Completed,Credit Card,14.99
12804,124,2022-04-05,Completed,Credit Card,9.99
12805,3548,2021-06-29,Returned,Credit Card,9.99
12806,4006,2022-05-04,Completed,Credit Card,0.0
12807,1797,2024-01-29,Completed,Credit Card,0.0
12808,123,2021-01-29,Completed,PayPal,5.99
12809,4435,2021-02-09,Completed,Credit Card,0.0
12810,1844,2022-03-23,Completed,Credit Card,9.99
12811,435,2022-05-27,Cancelled,Credit Card,5.99
12812,1860,2022-02-09,Completed,Debit Card,5.99
12813,4605,2022-04-27,Completed,Debit Card,0.0
12814,4320,2023-06-08,Completed,PayPal,14.99
12815,2372,2023-07-23,Completed,PayPal,14.99
12816,153,2022-02-11,Completed,Credit Card,0.0
12817,857,2023-04-09,Completed,Credit Card,5.99
12818,3529,2021-05-24,Completed,Credit Card,5.99
12819,3890,2022-09-05,Completed,Cash,0.0
12820,3801,2021-05-08,Completed,Debit Card,14.99
12821,3292,2022-08-05,Completed,Credit Card,9.99
12822,4854,2023-10-19,Completed,Credit Card,14.99
12823,1166,2023-04-28,Completed,Credit Card,9.99
12824,534,2021-06-06,Completed,Credit Card,9.99
12825,4766,2022-08-14,Completed,PayPal,5.99
12826,1008,2023-01-18,Completed,Debit Card,9.99
12827,143,2023-05-12,Completed,Debit Card,5.99
12828,2691,2021-06-28,Completed,Credit Card,0.0
12829,105,2022-10-17,Completed,Credit Card,5.99
12830,4011,2024-01-03,Completed,Debit Card,5.99
12831,832,2021-08-09,Completed,Debit Card,14.99
12832,4741,2023-11-01,Completed,Credit Card,5.99
12833,3754,2021-08-16,Completed,Debit Card,0.0
12834,287,2021-06-03,Completed,PayPal,0.0
12835,4931,2021-01-24,Completed,Credit Card,14.99
12836,2900,2023-03-27,Completed,Debit Card,14.99
12837,3974,2022-08-14,Completed,Credit Card,9.99
12838,2403,2021-11-06,Completed,Debit Card,0.0
12839,2512,2022-01-13,Completed,Credit Card,0.0
12840,2854,2021-12-03,Completed,Debit Card,5.99
12841,2273,2022-04-29,Cancelled,Credit Card,14.99
12842,201,2021-05-11,Completed,Credit Card,9.99
12843,3576,2023-10-02,Returned,Debit Card,14.99
12844,4843,2023-10-31,Completed,Debit Card,5.99
12845,954,2022-12-04,Returned,PayPal,9.99
12846,2535,2023-12-07,Completed,Debit Card,5.99
12847,2026,2022-03-07,Completed,Debit Card,0.0
12848,4177,2021-10-29,Completed,Debit Card,14.99
12849,3725,2021-03-27,Completed,Credit Card,0.0
12850,3556,2021-05-12,Completed,Credit Card,9.99
12851,3857,2021-03-21,Completed,Credit Card,5.99
12852,1698,2023-11-27,Returned,Credit Card,0.0
12853,4525,2021-06-03,Completed,Credit Card,0.0
12854,2501,2021-01-15,Completed,Cash,5.99
12855,2013,2023-09-12,Completed,PayPal,9.99
12856,954,2021-11-21,Returned,Cash,0.0
12857,2601,2022-04-16,Completed,Cash,5.99
12858,3053,2021-10-30,Completed,Credit Card,5.99
12859,3385,2021-10-18,Completed,Credit Card,0.0
12860,4058,2023-10-17,Completed,Debit Card,0.0
12861,3479,2022-09-07,Pending,PayPal,5.99
12862,4984,2023-06-20,Completed,Credit Card,0.0
12863,2577,2023-11-29,Completed,Debit Card,5.99
12864,4911,2022-05-01,Completed,Credit Card,14.99
12865,3784,2021-03-12,Completed,Credit Card,0.0
12866,1340,2021-07-05,Completed,Credit Card,14.99
12867,4614,2022-09-25,Completed,Credit Card,5.99
12868,3090,2022-07-02,Completed,PayPal,5.99
12869,1476,2021-09-11,Completed,Credit Card,9.99
12870,3351,2021-01-13,Completed,Cash,5.99
12871,1857,2023-11-09,Completed,Credit Card,0.0
12872,1345,2024-01-03,Returned,Cash,0.0
12873,3899,2022-02-21,Returned,Debit Card,9.99
12874,1790,2022-09-21,Completed,Debit Card,0.0
12875,1372,2022-07-06,Completed,Credit Card,5.99
12876,2167,2022-05-28,Completed,Debit Card,5.99
12877,1871,2021-11-07,Completed,PayPal,5.99
12878,4007,2022-11-26,Completed,Credit Card,9.99
12879,352,2022-05-24,Completed,Credit Card,9.99
12880,1562,2023-09-22,Completed,Credit Card,5.99
12881,646,2022-08-21,Completed,Credit Card,5.99
12882,4678,2021-10-11,Completed,Credit Card,0.0
12883,331,2022-07-01,Completed,Debit Card,5.99
12884,2675,2022-09-07,Completed,Credit Card,9.99
12885,3352,2021-07-08,Completed,Debit Card,5.99
12886,3322,2023-10-13,Completed,PayPal,14.99
12887,2631,2023-10-24,Completed,Debit Card,0.0
12888,895,2022-11-11,Completed,Credit Card,14.99
12889,2176,2024-01-30,Completed,Debit Card,5.99
12890,516,2022-06-23,Completed,Credit Card,9.99
12891,1914,2023-09-01,Completed,Credit Card,5.99
12892,2525,2023-10-20,Completed,Credit Card,5.99
12893,1567,2021-03-30,Pending,Cash,9.99
12894,173,2021-11-15,Completed,Debit Card,9.99
12895,3673,2022-03-17,Completed,Credit Card,5.99
12896,3254,2021-09-25,Completed,Credit Card,5.99
12897,4247,2023-11-05,Completed,Credit Card,5.99
12898,1890,2022-01-24,Cancelled,Cash,14.99
12899,1232,2021-06-17,Completed,Cash,5.99
12900,4730,2021-04-24,Completed,Credit Card,5.99
12901,4154,2021-05-15,Completed,Credit Card,9.99
12902,3637,2023-02-06,Completed,Debit Card,5.99
12903,3152,2023-06-19,Pending,Credit Card,5.99
12904,4484,2021-05-21,Completed,Credit Card,0.0
12905,704,2021-07-11,Completed,Debit Card,9.99
12906,3535,2021-01-22,Pending,Credit Card,5.99
12907,274,2022-08-22,Completed,Debit Card,0.0
12908,2902,2022-05-07,Completed,Credit Card,5.99
12909,711,2023-06-30,Completed,Debit Card,5.99
12910,4777,2021-12-25,Completed,Debit Card,5.99
12911,847,2022-05-07,Completed,Debit Card,5.99
12912,3857,2022-09-28,Completed,Debit Card,9.99
12913,61,2021-07-05,Completed,Credit Card,0.0
12914,1312,2021-02-27,Pending,Credit Card,0.0
12915,2196,2021-11-09,Completed,Credit Card,5.99
12916,1525,2022-09-09,Completed,Credit Card,0.0
12917,1948,2021-10-23,Completed,Credit Card,5.99
12918,3505,2022-12-15,Completed,Debit Card,14.99
12919,1969,2021-04-05,Completed,Credit Card,5.99
12920,3617,2022-10-22,Cancelled,Credit Card,0.0
12921,2051,2023-03-10,Completed,PayPal,0.0
12922,1762,2022-02-21,Pending,Debit Card,0.0
12923,3789,2021-08-06,Completed,Credit Card,0.0
12924,2043,2021-04-25,Completed,Credit Card,5.99
12925,4376,2023-02-11,Completed,Credit Card,0.0
12926,371,2021-11-19,Completed,Credit Card,9.99
12927,552,2023-05-18,Completed,PayPal,9.99
12928,1785,2022-08-24,Completed,Credit Card,5.99
12929,617,2022-07-31,Completed,Debit Card,0.0
12930,4306,2021-05-16,Cancelled,Cash,9.99
12931,2153,2024-01-28,Completed,Debit Card,0.0
12932,1580,2023-08-18,Completed,Credit Card,0.0
12933,2354,2023-08-17,Completed,Debit Card,5.99
12934,615,2023-06-04,Completed,PayPal,5.99
12935,1544,2024-01-11,Completed,Debit Card,5.99
12936,2822,2023-04-30,Completed,PayPal,0.0
12937,3945,2021-06-29,Completed,Debit Card,0.0
12938,978,2023-08-19,Completed,PayPal,9.99
12939,3584,2023-05-26,Returned,Cash,5.99
12940,4601,2023-12-29,Cancelled,Debit Card,0.0
12941,1171,2023-06-16,Completed,Debit Card,5.99
12942,3392,2022-01-18,Completed,Debit Card,0.0
12943,1019,2023-05-05,Completed,PayPal,5.99
12944,536,2021-09-14,Completed,PayPal,0.0
12945,891,2021-02-10,Completed,Credit Card,5.99
12946,2351,2022-09-10,Completed,Debit Card,5.99
12947,3779,2021-12-15,Completed,PayPal,9.99
12948,3128,2023-10-06,Completed,Debit Card,0.0
12949,1398,2023-01-22,Completed,Debit Card,5.99
12950,207,2024-01-24,Completed,Credit Card,14.99
12951,3648,2021-06-30,Completed,Credit Card,9.99
12952,1680,2021-04-29,Completed,PayPal,14.99
12953,2092,2021-07-11,Completed,Cash,14.99
12954,3779,2022-09-25,Completed,Credit Card,5.99
12955,4413,2021-05-10,Cancelled,Debit Card,0.0
12956,3945,2021-04-07,Completed,PayPal,9.99
12957,1876,2021-03-01,Completed,PayPal,5.99
12958,2817,2023-12-16,Pending,Debit Card,5.99
12959,2557,2021-11-04,Completed,Credit Card,5.99
12960,992,2022-12-06,Returned,Debit Card,5.99
12961,2299,2022-01-02,Completed,PayPal,5.99
12962,2652,2022-03-10,Completed,Debit Card,5.99
12963,2859,2021-04-07,Completed,PayPal,0.0
12964,3421,2023-03-04,Completed,Credit Card,9.99
12965,2502,2022-12-07,Completed,Cash,9.99
12966,3704,2021-07-18,Completed,PayPal,5.99
12967,1590,2021-08-26,Completed,Debit Card,0.0
12968,527,2023-09-08,Completed,Cash,0.0
12969,801,2023-04-27,Completed,,0.0
12970,3248,2021-11-26,Completed,PayPal,0.0
12971,4194,2022-10-28,Completed,Debit Card,5.99
12972,4373,2021-09-01,Completed,Debit Card,0.0
12973,2678,2022-10-18,Completed,Credit Card,0.0
12974,4854,2021-11-08,Completed,Credit Card,5.99
12975,1443,2023-11-01,Completed,Debit Card,14.99
12976,3314,2023-11-19,Completed,Debit Card,0.0
12977,3297,2021-02-23,Completed,Credit Card,5.99
12978,1896,2021-03-28,Completed,Cash,14.99
12979,3879,2022-09-27,Completed,Debit Card,14.99
12980,155,2023-05-04,Completed,Debit Card,5.99
12981,114,2021-02-20,Completed,Credit Card,5.99
12982,4469,2023-01-17,Completed,Credit Card,0.0
12983,4282,2022-07-16,Completed,PayPal,0.0
12984,4952,2023-05-08,Completed,Credit Card,5.99
12985,2200,2021-02-19,Completed,Debit Card,5.99
12986,1832,2023-02-04,Completed,Debit Card,9.99
12987,4496,2021-03-30,Completed,Debit Card,0.0
12988,1593,2023-11-03,Cancelled,Debit Card,9.99
12989,372,2022-09-08,Completed,Credit Card,0.0
12990,1021,2022-11-16,Completed,Credit Card,5.99
12991,2443,2021-06-28,Completed,Debit Card,5.99
12992,4482,2023-08-31,Cancelled,PayPal,5.99
12993,2998,2021-01-30,Completed,Credit Card,0.0
12994,3883,2022-06-15,Completed,Credit Card,0.0
12995,4155,2021-09-15,Completed,Credit Card,0.0
12996,853,2021-04-12,Completed,Debit Card,5.99
12997,3315,2022-08-03,Completed,Credit Card,0.0
12998,3060,2023-09-09,Completed,Credit Card,5.99
12999,3552,2022-03-08,Completed,Debit Card,0.0
13000,81,2021-02-14,Completed,Credit Card,5.99
13001,4253,2023-12-09,Completed,Debit Card,5.99
13002,4338,2023-06-21,Completed,Credit Card,5.99
13003,387,2024-01-18,Completed,Cash,0.0
13004,2168,2023-06-23,Completed,Credit Card,5.99
13005,562,2022-11-10,Cancelled,Credit Card,9.99
13006,4164,2021-09-17,Completed,Cash,0.0
13007,310,2023-03-03,Completed,Credit Card,0.0
13008,1064,2022-04-05,Pending,Debit Card,5.99
13009,2305,2021-11-26,Completed,Credit Card,14.99
13010,2330,2021-12-05,Completed,Credit Card,0.0
13011,3295,2023-12-06,Completed,Debit Card,5.99
13012,1513,2022-06-05,Returned,Cash,14.99
13013,4553,2022-08-29,Completed,Credit Card,5.99
13014,4317,2021-08-25,Completed,Debit Card,5.99
13015,1397,2022-04-23,Completed,Debit Card,5.99
13016,3541,2022-04-18,Cancelled,Credit Card,0.0
13017,538,2022-01-29,Completed,Debit Card,5.99
13018,3829,2022-10-21,Cancelled,Credit Card,0.0
13019,1682,2021-04-22,Completed,Credit Card,0.0
13020,2149,2021-12-25,Completed,Credit Card,0.0
13021,3093,2021-06-01,Completed,PayPal,9.99
13022,279,2021-05-03,Completed,Credit Card,14.99
13023,4466,2022-03-18,Completed,Debit Card,5.99
13024,3748,2023-09-11,Returned,Credit Card,0.0
13025,1783,2023-09-04,Completed,Credit Card,9.99
13026,3555,2021-01-31,Cancelled,Debit Card,5.99
13027,1652,2021-02-27,Completed,PayPal,9.99
13028,641,2021-10-18,Completed,Credit Card,5.99
13029,2146,2022-05-04,Completed,Credit Card,14.99
13030,4621,2022-03-16,Completed,Cash,0.0
13031,1599,2022-10-13,Completed,,0.0
13032,768,2024-01-17,Completed,Debit Card,5.99
13033,4230,2021-10-13,Completed,Debit Card,5.99
13034,700,2022-02-11,Completed,Debit Card,14.99
13035,1557,2022-11-09,Completed,Cash,14.99
13036,3699,2021-02-18,Returned,Debit Card,9.99
13037,1096,2023-06-14,Completed,Credit Card,0.0
13038,1243,2021-12-23,Completed,Credit Card,9.99
13039,4829,2023-08-18,Completed,Credit Card,5.99
13040,1651,2022-09-28,Completed,Credit Card,14.99
13041,4261,2021-06-19,Completed,Cash,0.0
13042,57,2023-01-28,Cancelled,Credit Card,0.0
13043,2503,2023-08-28,Completed,Debit Card,9.99
13044,2781,2021-04-20,Completed,Debit Card,9.99
13045,56,2023-11-07,Completed,PayPal,9.99
13046,1878,2023-12-24,Completed,Debit Card,0.0
13047,27,2022-02-18,Completed,Debit Card,9.99
13048,4298,2021-12-09,Completed,Credit Card,5.99
13049,1883,2023-11-06,Completed,Debit Card,5.99
13050,2271,2023-03-17,Pending,Credit Card,5.99
13051,4651,2021-03-15,Completed,Cash,9.99
13052,918,2022-06-25,Completed,Credit Card,5.99
13053,663,2021-07-16,Completed,Credit Card,0.0
13054,3292,2023-02-19,Completed,Credit Card,5.99
13055,2345,2021-07-24,Completed,PayPal,9.99
13056,4015,2022-10-01,Completed,Debit Card,0.0
13057,3379,2022-04-06,Cancelled,Credit Card,0.0
13058,2090,2022-12-01,Completed,Credit Card,5.99
13059,4757,2022-07-27,Completed,Credit Card,0.0
13060,1515,2022-03-27,Completed,Credit Card,0.0
13061,3910,2022-09-16,Completed,Debit Card,9.99
13062,1619,2021-08-18,Cancelled,Credit Card,0.0
13063,4595,2023-10-28,Cancelled,Debit Card,5.99
13064,3336,2021-11-06,Returned,Credit Card,5.99
13065,4547,2022-09-22,Completed,Cash,5.99
13066,785,2022-12-10,Completed,Credit Card,5.99
13067,1667,2022-10-08,Completed,Debit Card,14.99
13068,1916,2023-07-16,Completed,Debit Card,5.99
13069,3892,2022-08-10,Completed,Credit Card,5.99
13070,1078,2023-05-12,Pending,Credit Card,5.99
13071,1322,2022-08-28,Completed,Credit Card,5.99
13072,3993,2022-04-22,Pending,Credit Card,0.0
13073,4575,2022-02-06,Cancelled,Credit Card,14.99
13074,846,2022-04-18,Cancelled,Credit Card,0.0
13075,4574,2021-04-26,Completed,Credit Card,5.99
13076,616,2022-07-12,Completed,Credit Card,9.99
13077,2981,2021-02-02,Completed,Credit Card,9.99
13078,2830,2022-03-21,Completed,Credit Card,0.0
13079,1701,2021-04-01,Completed,Credit Card,5.99
13080,4749,2022-11-26,Completed,Debit Card,0.0
13081,1519,2024-01-27,Completed,Debit Card,9.99
13082,2991,2021-06-16,Completed,Cash,5.99
13083,4128,2023-10-23,Completed,Credit Card,0.0
13084,4383,2021-08-31,Pending,Credit Card,9.99
13085,2041,2023-01-08,Completed,Credit Card,5.99
13086,280,2023-11-18,Completed,Debit Card,0.0
13087,1433,2022-12-18,Completed,Debit Card,5.99
13088,724,2022-04-29,Completed,Credit Card,0.0
13089,1640,2022-12-04,Completed,PayPal,14.99
13090,3257,2021-01-07,Completed,Debit Card,5.99
13091,3987,2023-05-31,Returned,Cash,5.99
13092,520,2021-09-14,Completed,Credit Card,14.99
13093,3344,2021-11-08,Completed,Credit Card,5.99
13094,421,2023-01-09,Completed,Credit Card,5.99
13095,1954,2024-01-02,Completed,Credit Card,0.0
13096,2002,2021-03-10,Completed,Cash,14.99
13097,4126,2022-07-20,Completed,Credit Card,9.99
13098,2547,2021-05-10,Returned,Debit Card,0.0
13099,596,2022-05-31,Completed,Credit Card,5.99
13100,3880,2022-05-07,Completed,Credit Card,14.99
13101,4269,2023-06-27,Completed,Credit Card,5.99
13102,3728,2022-02-06,Completed,Credit Card,5.99
13103,3307,2022-05-03,Completed,Debit Card,5.99
13104,110,2022-03-14,Completed,Cash,9.99
13105,1266,2021-05-18,Completed,Debit Card,14.99
13106,4186,2021-12-27,Completed,Debit Card,9.99
13107,4040,2022-02-24,Completed,Credit Card,14.99
13108,2538,2023-12-23,Completed,PayPal,9.99
13109,4898,2023-02-20,Completed,Credit Card,0.0
13110,118,2022-12-24,Completed,Cash,0.0
13111,3868,2022-11-20,Completed,Debit Card,9.99
13112,1310,2023-04-06,Completed,Credit Card,0.0
13113,3389,2022-11-30,Completed,Credit Card,9.99
13114,2056,2021-05-02,Completed,Cash,9.99
13115,4348,2021-11-17,Completed,Credit Card,5.99
13116,4169,2021-10-08,Completed,Credit Card,5.99
13117,582,2021-01-20,Completed,Credit Card,0.0
13118,32,2023-12-25,Pending,Debit Card,0.0
13119,2774,2021-02-06,Completed,Credit Card,9.99
13120,249,2023-02-06,Completed,PayPal,0.0
13121,2034,2022-01-25,Cancelled,Cash,14.99
13122,4815,2024-01-20,Returned,Cash,0.0
13123,722,2022-09-01,Completed,Credit Card,9.99
13124,3420,2023-10-13,Completed,Debit Card,0.0
13125,3939,2021-11-10,Completed,Credit Card,5.99
13126,4400,2023-07-11,Completed,Debit Card,5.99
13127,611,2023-01-27,Completed,PayPal,0.0
13128,1423,2021-05-14,Returned,Debit Card,5.99
13129,4351,2022-03-11,Completed,PayPal,14.99
13130,4184,2022-01-13,Completed,PayPal,0.0
13131,1994,2022-07-28,Completed,Credit Card,0.0
13132,3640,2023-03-23,Completed,Debit Card,9.99
13133,4994,2022-10-29,Completed,Credit Card,9.99
13134,1814,2021-06-05,Completed,Credit Card,0.0
13135,4930,2024-01-24,Completed,Credit Card,0.0
13136,4425,2022-01-22,Completed,Cash,0.0
13137,2695,2023-01-28,Cancelled,Credit Card,0.0
13138,4648,2021-07-23,Cancelled,Debit Card,0.0
13139,1830,2022-06-07,Completed,Debit Card,5.99
13140,475,2023-06-10,Cancelled,PayPal,5.99
13141,4557,2021-08-21,Completed,Debit Card,5.99
13142,1272,2021-12-09,Completed,Credit Card,0.0
13143,1506,2021-04-02,Completed,Debit Card,5.99
13144,3671,2021-08-23,Completed,Debit Card,0.0
13145,4235,2022-06-28,Completed,Debit Card,0.0
13146,790,2021-03-25,Completed,Credit Card,5.99
13147,2244,2023-07-18,Completed,Credit Card,0.0
13148,3488,2023-11-04,Completed,Cash,9.99
13149,4688,2022-04-08,Completed,Credit Card,0.0
13150,2854,2022-07-17,Completed,Credit Card,9.99
13151,2048,2021-02-07,Completed,Credit Card,5.99
13152,4863,2021-01-12,Cancelled,Credit Card,5.99
13153,2595,2023-07-11,Completed,Credit Card,5.99
13154,2008,2023-06-30,Completed,Debit Card,0.0
13155,3455,2021-06-04,Completed,Cash,0.0
13156,4834,2023-05-13,Completed,Credit Card,5.99
13157,4232,2021-05-03,Completed,Credit Card,5.99
13158,1218,2021-07-24,Completed,Debit Card,5.99
13159,1991,2021-03-05,Completed,Credit Card,5.99
13160,1429,2022-03-28,Completed,Cash,0.0
13161,351,2021-08-13,Completed,Credit Card,14.99
13162,3594,2023-06-23,Completed,Credit Card,0.0
13163,1372,2022-05-10,Completed,Debit Card,0.0
13164,2462,2022-09-25,Completed,PayPal,14.99
13165,4192,2023-06-01,Completed,Debit Card,0.0
13166,3395,2022-02-20,Completed,Credit Card,14.99
13167,813,2021-12-25,Returned,,0.0
13168,701,2021-07-15,Completed,Cash,0.0
13169,2791,2023-01-24,Completed,PayPal,0.0
13170,3538,2023-01-07,Completed,Credit Card,5.99
13171,1305,2022-03-30,Completed,PayPal,5.99
13172,1894,2022-05-09,Pending,Debit Card,0.0
13173,426,2023-08-09,Completed,Debit Card,0.0
13174,3186,2022-10-19,Completed,Credit Card,0.0
13175,4083,2022-02-18,Cancelled,PayPal,0.0
13176,4527,2021-07-28,Pending,Credit Card,14.99
13177,241,2023-10-10,Completed,Debit Card,5.99
13178,529,2022-11-02,Completed,Credit Card,9.99
13179,4719,2021-09-26,Completed,PayPal,0.0
13180,2290,2024-01-24,Completed,Credit Card,0.0
13181,3160,2023-02-09,Cancelled,Credit Card,5.99
13182,4025,2021-07-24,Completed,Credit Card,9.99
13183,307,2022-01-14,Completed,Credit Card,9.99
13184,694,2021-11-21,Completed,Credit Card,5.99
13185,2269,2022-06-08,Completed,Credit Card,0.0
13186,635,2021-02-17,Completed,Cash,0.0
13187,1233,2021-04-07,Completed,Debit Card,5.99
13188,4599,2021-03-09,Completed,Debit Card,0.0
13189,8,2021-10-03,Completed,Credit Card,9.99
13190,2092,2022-10-03,Pending,Credit Card,5.99
13191,2416,2022-02-09,Completed,,9.99
13192,3585,2023-10-09,Completed,PayPal,5.99
13193,862,2022-11-16,Completed,Credit Card,9.99
13194,1299,2024-01-11,Completed,PayPal,0.0
13195,305,2021-06-21,Completed,Credit Card,5.99
13196,4603,2023-12-28,Completed,Cash,0.0
13197,1652,2022-04-12,Completed,Credit Card,5.99
13198,3440,2022-12-05,Completed,Credit Card,5.99
13199,1050,2021-03-20,Completed,Debit Card,9.99
13200,2335,2021-04-03,Completed,Cash,9.99
13201,4494,2022-01-14,Cancelled,Debit Card,5.99
13202,3658,2021-10-25,Completed,Credit Card,0.0
13203,2520,2023-08-27,Returned,Debit Card,14.99
13204,4128,2022-07-02,Completed,Cash,0.0
13205,2702,2021-01-27,Completed,Credit Card,9.99
13206,3299,2023-12-23,Completed,Credit Card,5.99
13207,1523,2023-10-03,Completed,PayPal,9.99
13208,1754,2023-02-01,Completed,PayPal,5.99
13209,3676,2023-09-27,Completed,Debit Card,5.99
13210,4461,2023-11-25,Completed,Cash,5.99
13211,4557,2022-06-19,Completed,Credit Card,9.99
13212,3488,2021-10-07,Completed,Debit Card,0.0
13213,576,2022-04-14,Completed,Debit Card,9.99
13214,3930,2022-12-11,Completed,Debit Card,0.0
13215,1814,2021-06-16,Completed,PayPal,9.99
13216,1065,2021-03-19,Completed,Cash,0.0
13217,3704,2021-11-24,Completed,Credit Card,0.0
13218,3762,2023-06-08,Completed,Credit Card,9.99
13219,3337,2022-09-29,Completed,Credit Card,9.99
13220,208,2022-01-07,Completed,Debit Card,5.99
13221,3408,2021-08-15,Completed,Credit Card,14.99
13222,1543,2022-09-10,Completed,PayPal,0.0
13223,2719,2021-10-13,Completed,Credit Card,0.0
13224,543,2023-12-27,Cancelled,Credit Card,0.0
13225,1968,2023-11-12,Completed,Debit Card,5.99
13226,3340,2022-09-01,Completed,Debit Card,5.99
13227,4566,2021-05-29,Completed,Credit Card,5.99
13228,4662,2023-03-05,Completed,Debit Card,0.0
13229,4769,2022-04-22,Completed,Credit Card,0.0
13230,404,2022-07-25,Completed,Credit Card,5.99
13231,3496,2022-08-08,Completed,Credit Card,0.0
13232,2947,2023-10-03,Completed,Debit Card,5.99
13233,3888,2023-08-18,Completed,Credit Card,0.0
13234,2391,2022-01-18,Completed,Cash,14.99
13235,610,2023-09-21,Completed,Debit Card,5.99
13236,3383,2023-05-03,Completed,Credit Card,9.99
13237,4864,2022-02-12,Completed,Credit Card,5.99
13238,4496,2021-11-05,Completed,Credit Card,0.0
13239,2057,2021-01-12,Completed,Debit Card,0.0
13240,1797,2022-12-10,Completed,Debit Card,5.99
13241,3402,2023-01-26,Completed,PayPal,14.99
13242,3316,2021-06-14,Completed,Credit Card,0.0
13243,1997,2023-01-22,Completed,Credit Card,0.0
13244,2021,2023-08-11,Completed,Credit Card,5.99
13245,3897,2021-01-12,Completed,Credit Card,5.99
13246,3044,2022-05-30,Completed,Credit Card,9.99
13247,3412,2022-12-29,Completed,Cash,5.99
13248,702,2022-01-22,Completed,Debit Card,0.0
13249,4155,2022-04-19,Completed,PayPal,14.99
13250,2232,2021-01-23,Completed,Credit Card,5.99
13251,2897,2022-08-16,Completed,Credit Card,5.99
13252,1814,2022-03-25,Completed,Credit Card,5.99
13253,2808,2022-05-28,Completed,Credit Card,0.0
13254,3948,2022-07-12,Completed,Debit Card,0.0
13255,3711,2021-08-17,Completed,Credit Card,0.0
13256,3946,2023-01-11,Completed,PayPal,14.99
13257,4063,2023-11-14,Completed,Cash,9.99
13258,4298,2021-10-20,Completed,Credit Card,0.0
13259,2968,2023-03-08,Completed,Debit Card,5.99
13260,4611,2023-11-24,Completed,Debit Card,5.99
13261,1132,2023-08-22,Completed,Credit Card,0.0
13262,4993,2022-08-23,Completed,Cash,5.99
13263,2266,2022-08-20,Completed,Credit Card,9.99
13264,2779,2022-03-28,Pending,Debit Card,0.0
13265,4138,2022-05-05,Completed,Credit Card,9.99
13266,1915,2023-10-06,Completed,Credit Card,5.99
13267,3392,2022-02-27,Completed,Credit Card,0.0
13268,604,2021-08-17,Completed,PayPal,9.99
13269,4389,2022-06-23,Completed,Credit Card,0.0
13270,4203,2021-01-24,Completed,Credit Card,9.99
13271,1572,2021-10-20,Completed,Credit Card,5.99
13272,3603,2021-02-13,Completed,Credit Card,5.99
13273,2390,2022-04-11,Completed,Debit Card,9.99
13274,2557,2021-02-11,Completed,PayPal,0.0
13275,4435,2021-04-14,Completed,PayPal,5.99
13276,4634,2024-01-22,Completed,Debit Card,5.99
13277,1362,2021-08-06,Completed,Cash,5.99
13278,1558,2021-01-16,Completed,Debit Card,0.0
13279,3092,2022-03-31,Completed,Cash,14.99
13280,308,2021-07-05,Completed,Credit Card,9.99
13281,2311,2021-05-24,Returned,Credit Card,0.0
13282,1070,2021-08-26,Completed,Cash,5.99
13283,2201,2022-09-06,Completed,Debit Card,5.99
13284,2188,2021-01-26,Completed,PayPal,9.99
13285,2658,2023-10-04,Cancelled,Credit Card,5.99
13286,36,2022-12-07,Completed,PayPal,0.0
13287,1495,2023-02-05,Completed,Debit Card,0.0
13288,2879,2023-08-17,Returned,Credit Card,14.99
13289,3195,2024-01-06,Completed,Credit Card,5.99
13290,4068,2023-06-14,Completed,Credit Card,0.0
13291,510,2021-12-11,Pending,Cash,5.99
13292,1274,2021-05-28,Completed,Debit Card,0.0
13293,988,2023-05-03,Completed,Cash,0.0
13294,3928,2022-03-17,Completed,Credit Card,5.99
13295,4236,2022-06-01,Completed,Cash,0.0
13296,1418,2023-11-03,Completed,Credit Card,5.99
13297,2727,2022-09-18,Completed,Credit Card,5.99
13298,4815,2022-08-13,Returned,Credit Card,5.99
13299,4550,2022-04-25,Completed,Cash,5.99
13300,4478,2021-05-02,Completed,Credit Card,5.99
13301,587,2022-11-15,Completed,Credit Card,0.0
13302,3261,2022-03-13,Completed,Credit Card,5.99
13303,889,2022-09-09,Completed,Credit Card,0.0
13304,28,2022-06-19,Cancelled,PayPal,5.99
13305,1919,2023-09-08,Completed,Debit Card,5.99
13306,3590,2022-11-21,Completed,Debit Card,5.99
13307,3368,2022-12-28,Completed,Cash,5.99
13308,1707,2021-02-13,Completed,Debit Card,5.99
13309,1326,2023-11-21,Completed,PayPal,0.0
13310,4826,2021-10-30,Completed,Credit Card,5.99
13311,2391,2022-04-15,Completed,Cash,14.99
13312,21,2021-10-25,Cancelled,Credit Card,0.0
13313,1826,2023-12-18,Completed,Debit Card,0.0
13314,4161,2023-12-29,Completed,Debit Card,0.0
13315,254,2021-07-19,Pending,Credit Card,5.99
13316,2491,2023-03-19,Completed,Credit Card,5.99
13317,1753,2021-06-14,Completed,Credit Card,9.99
13318,4022,2022-04-23,Returned,Credit Card,5.99
13319,2093,2023-07-26,Completed,Debit Card,0.0
13320,738,2021-06-24,Completed,Cash,14.99
13321,1285,2022-11-01,Completed,Debit Card,0.0
13322,3581,2023-11-22,Completed,Debit Card,0.0
13323,4497,2024-01-02,Completed,Credit Card,0.0
13324,79,2021-03-01,Completed,Credit Card,0.0
13325,4199,2023-10-02,Completed,Debit Card,9.99
13326,3075,2022-04-08,Completed,Cash,5.99
13327,2612,2021-10-21,Completed,PayPal,9.99
13328,2614,2023-09-20,Completed,Credit Card,9.99
13329,985,2021-09-07,Completed,Debit Card,0.0
13330,125,2022-09-22,Completed,Debit Card,5.99
13331,4293,2023-02-19,Completed,Debit Card,5.99
13332,3385,2022-04-03,Completed,Debit Card,9.99
13333,833,2022-12-16,Completed,PayPal,0.0
13334,4863,2022-12-04,Completed,Credit Card,5.99
13335,3789,2022-08-26,Completed,Cash,9.99
13336,26,2021-10-19,Returned,Credit Card,0.0
13337,4064,2023-12-30,Completed,Credit Card,0.0
13338,4116,2022-09-18,Completed,Cash,5.99
13339,1696,2023-06-10,Completed,Credit Card,5.99
13340,1693,2023-12-01,Completed,Credit Card,5.99
13341,656,2023-04-29,Completed,Credit Card,9.99
13342,1925,2022-03-16,Completed,Debit Card,5.99
13343,1048,2024-01-18,Completed,Credit Card,5.99
13344,2491,2023-06-29,Completed,Credit Card,0.0
13345,265,2021-12-29,Completed,Credit Card,9.99
13346,1364,2021-04-18,Cancelled,PayPal,9.99
13347,3859,2022-03-05,Completed,Credit Card,0.0
13348,3008,2021-12-08,Completed,Debit Card,5.99
13349,4818,2022-02-13,Returned,Credit Card,9.99
13350,2384,2023-12-12,Completed,Debit Card,5.99
13351,1488,2022-04-02,Completed,Credit Card,5.99
13352,2941,2021-11-14,Cancelled,Debit Card,5.99
13353,351,2021-09-17,Completed,Debit Card,0.0
13354,541,2023-09-14,Pending,Credit Card,5.99
13355,3306,2021-05-05,Completed,PayPal,9.99
13356,3060,2022-10-02,Completed,PayPal,5.99
13357,3673,2022-06-20,Completed,Credit Card,5.99
13358,2986,2022-05-05,Completed,Debit Card,0.0
13359,2990,2021-10-15,Completed,Debit Card,0.0
13360,2617,2023-09-04,Completed,Credit Card,0.0
13361,3890,2022-08-23,Completed,Credit Card,0.0
13362,2469,2021-02-28,Completed,Cash,5.99
13363,4272,2021-11-24,Completed,Debit Card,5.99
13364,3097,2023-02-17,Completed,Cash,0.0
13365,1739,2022-12-24,Completed,Debit Card,14.99
13366,1217,2022-12-04,Completed,Credit Card,5.99
13367,4549,2024-01-31,Pending,Credit Card,9.99
13368,584,2022-10-25,Completed,Debit Card,0.0
13369,89,2022-01-05,Completed,Debit Card,0.0
13370,4059,2022-06-22,Completed,Credit Card,5.99
13371,27,2023-01-22,Completed,Debit Card,0.0
13372,2793,2021-04-14,Completed,PayPal,0.0
13373,3231,2021-12-05,Completed,PayPal,0.0
13374,486,2022-04-28,Pending,Credit Card,0.0
13375,2764,2022-05-23,Completed,Credit Card,5.99
13376,2577,2021-09-05,Returned,Cash,5.99
13377,3923,2021-03-01,Completed,PayPal,5.99
13378,1722,2023-11-06,Completed,Credit Card,0.0
13379,4288,2021-07-23,Completed,PayPal,9.99
13380,2326,2023-10-30,Completed,Credit Card,0.0
13381,949,2022-12-27,Completed,Credit Card,5.99
13382,417,2022-07-27,Completed,Credit Card,14.99
13383,4688,2024-01-04,Returned,Credit Card,0.0
13384,3316,2021-02-18,Completed,PayPal,0.0
13385,55,2022-10-30,Completed,Debit Card,14.99
13386,235,2021-07-10,Completed,Credit Card,0.0
13387,3536,2022-06-03,Completed,PayPal,0.0
13388,3110,2022-04-28,Completed,PayPal,5.99
13389,954,2023-11-24,Completed,Credit Card,0.0
13390,3343,2023-12-05,Completed,Debit Card,14.99
13391,548,2021-12-27,Completed,Debit Card,0.0
13392,2809,2023-08-29,Returned,Debit Card,5.99
13393,1587,2022-04-07,Completed,Debit Card,5.99
13394,650,2023-09-27,Completed,Credit Card,5.99
13395,3609,2022-06-30,Completed,Credit Card,5.99
13396,3101,2021-04-05,Completed,PayPal,14.99
13397,3325,2022-06-15,Completed,PayPal,9.99
13398,171,2022-07-28,Completed,Credit Card,5.99
13399,1348,2023-10-16,Completed,Credit Card,5.99
13400,2403,2021-07-06,Completed,PayPal,0.0
13401,2392,2023-12-30,Completed,Credit Card,5.99
13402,3069,2021-05-16,Completed,Credit Card,0.0
13403,3086,2022-02-18,Returned,Credit Card,9.99
13404,4922,2021-10-23,Completed,Credit Card,0.0
13405,3794,2022-08-30,Completed,Credit Card,9.99
13406,4833,2021-03-20,Completed,Debit Card,5.99
13407,749,2023-04-13,Cancelled,Credit Card,14.99
13408,4181,2021-11-03,Completed,Cash,5.99
13409,694,2021-05-27,Completed,Cash,9.99
13410,2404,2022-08-07,Completed,Cash,5.99
13411,1745,2023-04-18,Completed,PayPal,14.99
13412,1886,2021-07-14,Returned,Debit Card,9.99
13413,3171,2022-04-21,Pending,Credit Card,9.99
13414,3700,2022-03-20,Returned,Credit Card,0.0
13415,2689,2022-12-21,Cancelled,Credit Card,5.99
13416,3754,2022-06-18,Pending,Credit Card,0.0
13417,2724,2023-06-16,Completed,Debit Card,0.0
13418,2966,2022-01-23,Completed,Cash,9.99
13419,2154,2022-05-22,Completed,Credit Card,0.0
13420,3222,2023-08-25,Returned,Debit Card,5.99
13421,137,2021-05-01,Completed,Debit Card,0.0
13422,3150,2021-12-12,Completed,,0.0
13423,4560,2022-10-21,Completed,Cash,0.0
13424,1561,2022-10-22,Completed,Debit Card,5.99
13425,2199,2022-12-12,Completed,Credit Card,0.0
13426,1480,2023-03-12,Completed,Cash,5.99
13427,3424,2022-01-27,Completed,Debit Card,0.0
13428,176,2022-08-19,Completed,Credit Card,14.99
13429,3054,2024-01-31,Completed,Debit Card,14.99
13430,1593,2021-09-03,Completed,Debit Card,5.99
13431,1929,2022-06-28,Pending,Credit Card,0.0
13432,4300,2021-08-23,Completed,PayPal,0.0
13433,4478,2022-12-25,Completed,Cash,14.99
13434,1290,2023-08-07,Completed,Debit Card,5.99
13435,2542,2023-07-20,Completed,Debit Card,5.99
13436,4981,2021-08-15,Completed,PayPal,9.99
13437,4824,2021-04-26,Completed,Credit Card,14.99
13438,3566,2023-07-11,Completed,Cash,9.99
13439,4821,2022-05-31,Completed,Debit Card,9.99
13440,3279,2021-10-04,Completed,Credit Card,9.99
13441,3090,2021-10-22,Completed,Debit Card,9.99
13442,412,2022-01-22,Completed,Debit Card,5.99
13443,4479,2023-05-29,Returned,Credit Card,14.99
13444,945,2023-04-29,Completed,PayPal,9.99
13445,4210,2023-01-09,Completed,Debit Card,5.99
13446,3820,2021-10-07,Completed,PayPal,5.99
13447,2624,2023-12-27,Completed,Credit Card,5.99
13448,4240,2023-01-19,Completed,Debit Card,5.99
13449,4555,2021-08-04,Completed,PayPal,9.99
13450,297,2022-06-15,Completed,Cash,0.0
13451,2363,2021-08-06,Completed,PayPal,14.99
13452,885,2021-01-01,Completed,PayPal,5.99
13453,2369,2023-11-16,Completed,Credit Card,0.0
13454,161,2022-01-05,Completed,PayPal,9.99
13455,1581,2023-07-07,Cancelled,Credit Card,0.0
13456,3433,2022-07-24,Completed,Credit Card,9.99
13457,1828,2022-10-12,Completed,Credit Card,0.0
13458,2506,2023-07-16,Completed,PayPal,14.99
13459,4313,2022-07-18,Completed,Credit Card,0.0
13460,3645,2023-02-04,Completed,Credit Card,0.0
13461,2131,2023-04-23,Completed,Credit Card,14.99
13462,2734,2022-12-16,Completed,Debit Card,0.0
13463,863,2021-11-04,Completed,PayPal,14.99
13464,1132,2023-01-31,Completed,Credit Card,9.99
13465,3198,2021-02-06,Completed,Debit Card,0.0
13466,991,2023-09-27,Completed,Credit Card,5.99
13467,4619,2023-05-30,Completed,Credit Card,0.0
13468,1976,2022-01-25,Completed,Credit Card,5.99
13469,3688,2022-04-10,Completed,Credit Card,5.99
13470,464,2023-08-31,Completed,Debit Card,5.99
13471,1350,2022-04-18,Completed,Credit Card,14.99
13472,1296,2023-05-01,Completed,PayPal,0.0
13473,4976,2022-08-14,Completed,Cash,5.99
13474,1707,2022-02-17,Completed,Credit Card,5.99
13475,181,2023-02-05,Pending,Credit Card,0.0
13476,4921,2022-04-18,Completed,PayPal,9.99
13477,2386,2023-10-12,Completed,Credit Card,5.99
13478,2411,2021-08-18,Completed,Credit Card,14.99
13479,1765,2022-01-06,Completed,Credit Card,5.99
13480,575,2021-07-20,Completed,Cash,5.99
13481,1338,2022-08-22,Completed,Debit Card,9.99
13482,695,2023-03-19,Returned,Credit Card,9.99
13483,1617,2022-05-15,Cancelled,Credit Card,9.99
13484,2251,2021-04-19,Completed,Credit Card,0.0
13485,2651,2023-10-20,Completed,Credit Card,5.99
13486,2707,2021-05-03,Completed,Credit Card,5.99
13487,3601,2021-04-29,Completed,PayPal,5.99
13488,4970,2022-11-05,Completed,Credit Card,5.99
13489,4888,2023-12-23,Completed,Credit Card,9.99
13490,251,2022-02-27,Completed,Credit Card,0.0
13491,336,2021-02-12,Cancelled,Credit Card,0.0
13492,3895,2022-06-11,Completed,Cash,0.0
13493,1520,2021-12-18,Completed,Credit Card,0.0
13494,2807,2024-01-10,Completed,Credit Card,0.0
13495,3286,2023-03-15,Completed,Credit Card,9.99
13496,3174,2022-03-21,Cancelled,Credit Card,14.99
13497,4564,2021-11-02,Returned,Cash,5.99
13498,3975,2022-05-06,Completed,Credit Card,5.99
13499,1075,2021-05-16,Completed,Credit Card,9.99
13500,2045,2021-04-12,Completed,Credit Card,0.0
13501,471,2021-12-29,Completed,PayPal,0.0
13502,3126,2023-04-07,Completed,Debit Card,5.99
13503,1719,2023-01-06,Completed,Debit Card,5.99
13504,3434,2022-10-17,Completed,Credit Card,9.99
13505,2855,2023-10-16,Completed,Cash,14.99
13506,3660,2022-07-31,Completed,Credit Card,5.99
13507,4317,2023-09-05,Completed,Debit Card,5.99
13508,1623,2022-06-26,Completed,Debit Card,0.0
13509,3622,2022-08-20,Completed,Debit Card,5.99
13510,604,2022-02-14,Completed,Credit Card,14.99
13511,3034,2023-03-22,Completed,Credit Card,5.99
13512,895,2023-03-17,Completed,Credit Card,0.0
13513,431,2023-10-02,Pending,Credit Card,5.99
13514,2334,2022-04-12,Pending,Debit Card,5.99
13515,812,2022-10-30,Completed,Credit Card,5.99
13516,1935,2021-10-22,Completed,Debit Card,5.99
13517,3269,2021-07-23,Completed,PayPal,9.99
13518,3979,2023-03-31,Completed,Credit Card,5.99
13519,3731,2021-02-02,Completed,Credit Card,5.99
13520,3959,2023-12-02,Completed,PayPal,9.99
13521,3111,2022-05-22,Completed,Debit Card,9.99
13522,3987,2022-09-03,Completed,Credit Card,0.0
13523,4967,2021-04-05,Completed,Credit Card,5.99
13524,2960,2021-12-08,Returned,Debit Card,9.99
13525,4752,2023-11-06,Completed,Debit Card,0.0
13526,1653,2023-07-24,Pending,Debit Card,9.99
13527,1054,2022-07-27,Completed,Debit Card,0.0
13528,1087,2021-01-08,Completed,PayPal,9.99
13529,2223,2022-03-10,Completed,Credit Card,0.0
13530,4928,2022-02-21,Completed,Debit Card,9.99
13531,3138,2022-06-30,Completed,Cash,0.0
13532,3928,2023-03-13,Completed,Credit Card,5.99
13533,1787,2022-07-27,Completed,PayPal,0.0
13534,3834,2023-09-01,Completed,Credit Card,0.0
13535,652,2022-02-07,Completed,Credit Card,14.99
13536,4828,2023-01-16,Completed,Cash,0.0
13537,3455,2022-03-25,Completed,Credit Card,5.99
13538,3864,2022-11-20,Cancelled,Credit Card,5.99
13539,2570,2023-03-09,Completed,Credit Card,0.0
13540,2691,2021-12-02,Completed,Credit Card,0.0
13541,3700,2021-08-04,Completed,Debit Card,0.0
13542,4773,2022-10-27,Returned,Credit Card,5.99
13543,969,2022-08-20,Completed,Credit Card,14.99
13544,1083,2021-11-03,Completed,Credit Card,9.99
13545,247,2023-05-04,Completed,Debit Card,14.99
13546,4955,2021-10-01,Completed,Debit Card,5.99
13547,2505,2023-04-28,Completed,Debit Card,14.99
13548,2741,2023-07-20,Completed,Debit Card,5.99
13549,2163,2021-06-16,Cancelled,,5.99
13550,196,2023-12-13,Completed,PayPal,5.99
13551,1338,2024-01-09,Cancelled,Credit Card,0.0
13552,4409,2021-11-20,Cancelled,Credit Card,9.99
13553,2276,2023-04-19,Completed,Debit Card,0.0
13554,2443,2023-09-06,Completed,Credit Card,9.99
13555,1667,2021-05-06,Completed,Credit Card,5.99
13556,4587,2021-07-03,Returned,Credit Card,0.0
13557,4329,2022-03-04,Completed,Debit Card,0.0
13558,1133,2023-06-02,Completed,Credit Card,5.99
13559,3089,2021-05-14,Completed,Cash,14.99
13560,4817,2021-07-08,Pending,Credit Card,5.99
13561,3661,2023-04-25,Completed,Debit Card,5.99
13562,3307,2023-03-05,Completed,PayPal,0.0
13563,4682,2023-06-19,Completed,Debit Card,5.99
13564,2285,2022-03-25,Completed,Debit Card,0.0
13565,992,2022-01-17,Completed,Debit Card,9.99
13566,1930,2021-10-19,Cancelled,Credit Card,0.0
13567,3184,2021-09-04,Completed,PayPal,5.99
13568,3170,2023-07-27,Completed,Credit Card,5.99
13569,3989,2023-07-07,Completed,PayPal,5.99
13570,2209,2022-12-16,Completed,Debit Card,5.99
13571,4473,2022-07-22,Completed,PayPal,9.99
13572,4268,2021-05-18,Completed,Credit Card,0.0
13573,3494,2022-09-04,Completed,PayPal,5.99
13574,4147,2022-06-28,Completed,Credit Card,9.99
13575,4951,2023-09-24,Completed,Debit Card,5.99
13576,4777,2023-09-09,Completed,Credit Card,0.0
13577,3202,2022-01-01,Completed,Debit Card,0.0
13578,4936,2021-02-19,Completed,Debit Card,14.99
13579,67,2022-07-28,Completed,Credit Card,5.99
13580,4255,2022-12-01,Completed,Debit Card,0.0
13581,3924,2022-04-07,Completed,Credit Card,0.0
13582,4246,2022-04-04,Completed,Debit Card,0.0
13583,3473,2023-06-26,Completed,Debit Card,0.0
13584,1901,2023-03-05,Completed,Credit Card,5.99
13585,4628,2023-07-24,Completed,Debit Card,5.99
13586,645,2021-07-27,Completed,Debit Card,9.99
13587,2434,2023-06-11,Completed,Credit Card,9.99
13588,1002,2021-10-09,Completed,Cash,5.99
13589,4418,2023-08-01,Completed,Debit Card,9.99
13590,1961,2023-03-28,Completed,Credit Card,5.99
13591,2651,2021-11-04,Completed,Credit Card,5.99
13592,4785,2022-07-14,Completed,Debit Card,0.0
13593,313,2022-05-17,Completed,Credit Card,0.0
13594,2338,2023-04-19,Completed,Credit Card,0.0
13595,4997,2021-04-13,Completed,Credit Card,0.0
13596,434,2023-04-02,Pending,Debit Card,9.99
13597,2306,2022-03-29,Completed,Debit Card,0.0
13598,2385,2021-03-21,Completed,Credit Card,0.0
13599,2134,2021-03-21,Completed,Debit Card,14.99
13600,3822,2023-08-12,Completed,Cash,5.99
13601,2285,2023-12-23,Completed,Cash,5.99
13602,1526,2021-12-21,Completed,PayPal,0.0
13603,3753,2022-03-02,Completed,PayPal,9.99
13604,437,2022-03-19,Completed,Credit Card,0.0
13605,3709,2021-06-06,Completed,Credit Card,5.99
13606,1129,2023-08-29,Completed,Credit Card,5.99
13607,2968,2023-10-22,Completed,Debit Card,5.99
13608,2459,2023-10-02,Completed,PayPal,14.99
13609,2234,2022-02-23,Pending,Credit Card,0.0
13610,2815,2023-01-18,Completed,Credit Card,9.99
13611,1234,2023-05-08,Pending,Debit Card,5.99
13612,3936,2022-03-29,Completed,Credit Card,5.99
13613,4594,2022-01-15,Completed,Credit Card,14.99
13614,3375,2021-06-02,Completed,Credit Card,5.99
13615,523,2021-08-11,Completed,Cash,9.99
13616,499,2023-10-29,Completed,Credit Card,0.0
13617,4929,2023-07-19,Completed,Debit Card,9.99
13618,2737,2021-07-31,Pending,Credit Card,9.99
13619,2069,2023-02-26,Completed,Debit Card,14.99
13620,3769,2021-10-18,Completed,Credit Card,14.99
13621,1337,2023-02-24,Completed,Credit Card,0.0
13622,4503,2023-12-14,Completed,Credit Card,5.99
13623,3894,2023-09-05,Completed,Credit Card,14.99
13624,2272,2023-06-16,Completed,Debit Card,5.99
13625,450,2022-03-27,Returned,Credit Card,5.99
13626,3739,2022-11-04,Completed,PayPal,0.0
13627,2602,2021-08-28,Completed,Credit Card,5.99
13628,741,2021-04-09,Completed,Credit Card,5.99
13629,2013,2022-12-25,Returned,PayPal,9.99
13630,1016,2023-08-05,Completed,Credit Card,5.99
13631,2069,2022-03-11,Pending,Credit Card,0.0
13632,3128,2022-09-05,Completed,Credit Card,5.99
13633,60,2022-09-07,Completed,PayPal,14.99
13634,1960,2023-04-24,Completed,PayPal,5.99
13635,3677,2023-12-08,Completed,Credit Card,14.99
13636,4474,2022-12-04,Completed,Debit Card,5.99
13637,1380,2021-01-05,Completed,Debit Card,9.99
13638,4579,2021-03-17,Completed,Cash,9.99
13639,254,2022-08-26,Completed,Credit Card,14.99
13640,1871,2023-07-08,Completed,PayPal,9.99
13641,2574,2022-06-19,Cancelled,Credit Card,5.99
13642,3391,2023-07-25,Completed,Credit Card,14.99
13643,4287,2021-12-02,Completed,Credit Card,5.99
13644,4902,2022-04-25,Completed,Debit Card,0.0
13645,4992,2023-03-28,Completed,Debit Card,0.0
13646,944,2021-07-23,Completed,Debit Card,5.99
13647,153,2023-03-06,Completed,Debit Card,9.99
13648,4587,2023-04-23,Completed,Debit Card,5.99
13649,3049,2021-11-12,Completed,PayPal,5.99
13650,4383,2021-03-25,Completed,Credit Card,0.0
13651,4054,2024-01-21,Completed,Credit Card,5.99
13652,3935,2023-07-01,Completed,Credit Card,0.0
13653,3761,2021-09-29,Returned,Credit Card,5.99
13654,4,2023-03-18,Completed,Debit Card,14.99
13655,3848,2024-01-11,Completed,Debit Card,9.99
13656,2935,2023-02-24,Completed,Debit Card,5.99
13657,241,2022-04-21,Completed,Credit Card,5.99
13658,871,2023-05-25,Completed,Debit Card,5.99
13659,1568,2023-10-01,Completed,Credit Card,0.0
13660,4717,2023-07-17,Returned,Cash,14.99
13661,1766,2023-05-26,Completed,Credit Card,5.99
13662,4921,2022-04-18,Pending,Debit Card,5.99
13663,1421,2023-02-08,Completed,PayPal,5.99
13664,2641,2023-03-01,Completed,Cash,0.0
13665,3226,2022-04-17,Completed,Credit Card,0.0
13666,3702,2023-02-02,Completed,Credit Card,0.0
13667,3917,2021-09-20,Completed,Credit Card,5.99
13668,2495,2023-09-01,Returned,Credit Card,0.0
13669,3232,2022-05-04,Returned,Debit Card,14.99
13670,2006,2023-04-06,Returned,Cash,9.99
13671,754,2021-01-24,Completed,Credit Card,9.99
13672,3926,2021-02-07,Returned,Debit Card,9.99
13673,3952,2023-07-17,Completed,PayPal,9.99
13674,550,2023-01-10,Cancelled,Credit Card,0.0
13675,4250,2023-01-24,Completed,Credit Card,5.99
13676,3304,2021-01-23,Completed,PayPal,0.0
13677,1486,2022-06-10,Returned,Cash,0.0
13678,3329,2021-01-19,Pending,Debit Card,5.99
13679,3330,2022-07-19,Completed,Credit Card,5.99
13680,3602,2021-08-22,Completed,Credit Card,0.0
13681,4322,2022-02-05,Completed,Debit Card,5.99
13682,3369,2023-11-12,Completed,Credit Card,0.0
13683,574,2022-04-19,Completed,Credit Card,9.99
13684,3308,2023-10-23,Completed,PayPal,14.99
13685,1905,2021-04-15,Completed,PayPal,9.99
13686,1856,2021-07-20,Completed,PayPal,9.99
13687,4602,2021-05-16,Completed,Credit Card,5.99
13688,3214,2023-07-30,Completed,Credit Card,0.0
13689,1701,2022-10-12,Completed,PayPal,9.99
13690,4376,2021-11-02,Completed,Debit Card,0.0
13691,978,2024-01-20,Completed,PayPal,5.99
13692,1981,2021-09-26,Completed,Cash,9.99
13693,85,2021-01-10,Completed,PayPal,14.99
13694,1622,2023-08-19,Completed,Debit Card,5.99
13695,1167,2021-01-25,Completed,Credit Card,14.99
13696,3360,2023-10-16,Completed,Debit Card,5.99
13697,1064,2023-09-17,Cancelled,Debit Card,0.0
13698,2483,2023-10-27,Completed,Credit Card,5.99
13699,4225,2024-01-05,Completed,PayPal,9.99
13700,3452,2023-04-04,Completed,Credit Card,5.99
13701,2484,2021-09-11,Completed,PayPal,9.99
13702,224,2023-11-24,Completed,Credit Card,5.99
13703,4998,2021-12-23,Completed,Credit Card,5.99
13704,2072,2023-02-05,Completed,PayPal,0.0
13705,3297,2023-04-29,Completed,Credit Card,0.0
13706,3249,2021-05-21,Completed,Debit Card,0.0
13707,3001,2023-04-29,Completed,Credit Card,5.99
13708,2268,2023-05-24,Completed,PayPal,9.99
13709,4646,2022-06-19,Returned,PayPal,9.99
13710,3986,2021-03-24,Completed,Cash,0.0
13711,3707,2021-12-17,Completed,PayPal,5.99
13712,249,2021-01-08,Completed,Debit Card,5.99
13713,2563,2021-09-26,Returned,Credit Card,5.99
13714,1844,2021-02-23,Completed,Credit Card,5.99
13715,3229,2021-10-24,Completed,Credit Card,0.0
13716,2433,2021-12-16,Completed,Debit Card,14.99
13717,2204,2022-01-03,Completed,PayPal,14.99
13718,2036,2022-09-09,Completed,Credit Card,0.0
13719,2103,2022-08-26,Completed,Credit Card,9.99
13720,4614,2023-03-06,Pending,Credit Card,0.0
13721,2757,2023-06-07,Pending,Credit Card,0.0
13722,2354,2021-06-20,Completed,Debit Card,14.99
13723,846,2023-04-27,Returned,Debit Card,5.99
13724,1081,2022-10-30,Completed,,5.99
13725,893,2021-07-09,Completed,Credit Card,5.99
13726,3810,2023-08-27,Completed,Cash,9.99
13727,3116,2023-01-07,Completed,Credit Card,9.99
13728,1396,2023-06-06,Completed,Credit Card,0.0
13729,397,2023-03-27,Completed,Debit Card,9.99
13730,4431,2023-04-19,Completed,Credit Card,9.99
13731,258,2022-01-11,Completed,Credit Card,5.99
13732,625,2023-04-07,Cancelled,Credit Card,5.99
13733,1447,2022-12-28,Completed,Debit Card,0.0
13734,4351,2023-10-17,Pending,PayPal,0.0
13735,2045,2021-04-18,Completed,Debit Card,5.99
13736,2087,2022-09-04,Cancelled,Debit Card,9.99
13737,4159,2022-03-24,Completed,Credit Card,9.99
13738,1340,2024-01-21,Completed,Credit Card,5.99
13739,4364,2023-12-22,Pending,Credit Card,9.99
13740,75,2022-02-16,Completed,PayPal,9.99
13741,194,2022-02-08,Completed,Credit Card,5.99
13742,4827,2021-12-26,Completed,Cash,0.0
13743,1335,2022-02-09,Completed,Credit Card,5.99
13744,154,2023-12-06,Returned,Debit Card,0.0
13745,2912,2022-06-27,Completed,Cash,0.0
13746,2017,2021-02-21,Cancelled,Credit Card,0.0
13747,3157,2021-08-31,Completed,Debit Card,9.99
13748,2633,2022-01-19,Completed,Credit Card,0.0
13749,213,2023-03-21,Completed,Credit Card,5.99
13750,2367,2021-06-09,Completed,Credit Card,14.99
13751,2908,2023-07-22,Completed,PayPal,9.99
13752,3272,2023-04-10,Completed,Credit Card,9.99
13753,4298,2022-06-06,Completed,Credit Card,0.0
13754,3493,2023-01-19,Completed,Cash,5.99
13755,3431,2023-07-07,Completed,Credit Card,5.99
13756,4905,2023-06-30,Completed,Credit Card,5.99
13757,324,2022-08-31,Completed,Cash,5.99
13758,315,2021-12-10,Completed,Credit Card,5.99
13759,653,2023-06-29,Completed,Credit Card,14.99
13760,4925,2022-03-06,Completed,PayPal,5.99
13761,1388,2022-10-08,Completed,Credit Card,0.0
13762,1790,2022-06-21,Completed,Credit Card,5.99
13763,1542,2021-04-24,Completed,Credit Card,5.99
13764,733,2023-07-25,Completed,Debit Card,0.0
13765,2590,2021-02-22,Cancelled,Credit Card,9.99
13766,1090,2022-10-22,Completed,Credit Card,5.99
13767,2462,2022-09-07,Completed,Credit Card,5.99
13768,120,2023-08-18,Completed,Credit Card,5.99
13769,2232,2021-11-13,Completed,Debit Card,9.99
13770,1007,2021-04-09,Completed,Credit Card,14.99
13771,2567,2021-10-01,Completed,Debit Card,0.0
13772,3737,2023-06-07,Completed,Debit Card,5.99
13773,2680,2022-07-03,Completed,Credit Card,0.0
13774,4211,2023-03-07,Completed,Credit Card,9.99
13775,2187,2022-11-02,Completed,Credit Card,5.99
13776,1192,2021-10-18,Completed,Credit Card,9.99
13777,3787,2023-04-26,Completed,Debit Card,14.99
13778,3467,2023-07-30,Completed,Debit Card,5.99
13779,4238,2022-05-30,Completed,Credit Card,0.0
13780,3419,2023-08-24,Completed,Debit Card,5.99
13781,764,2021-08-15,Completed,Cash,0.0
13782,1430,2023-10-24,Completed,Credit Card,9.99
13783,3936,2021-06-09,Completed,Credit Card,0.0
13784,3679,2023-05-30,Completed,Debit Card,5.99
13785,4675,2023-04-20,Cancelled,Credit Card,0.0
13786,1617,2024-01-13,Completed,PayPal,0.0
13787,1979,2021-03-31,Completed,Cash,0.0
13788,1854,2023-10-01,Pending,Credit Card,5.99
13789,1959,2022-04-21,Returned,PayPal,0.0
13790,2693,2021-08-23,Completed,Credit Card,5.99
13791,3571,2021-04-05,Completed,Credit Card,5.99
13792,2546,2021-02-28,Completed,Credit Card,14.99
13793,1268,2021-06-12,Completed,Credit Card,9.99
13794,164,2023-07-07,Returned,Debit Card,5.99
13795,768,2023-08-23,Completed,Credit Card,9.99
13796,4518,2023-08-21,Completed,Debit Card,5.99
13797,2194,2023-04-03,Completed,Credit Card,5.99
13798,2102,2023-02-24,Cancelled,Credit Card,5.99
13799,2626,2021-04-06,Cancelled,Credit Card,5.99
13800,3668,2021-04-18,Returned,Credit Card,9.99
13801,3226,2022-01-02,Completed,Credit Card,0.0
13802,3099,2021-11-24,Completed,Debit Card,5.99
13803,688,2021-01-29,Completed,Credit Card,5.99
13804,3393,2021-02-20,Completed,Debit Card,9.99
13805,1436,2022-05-27,Completed,Credit Card,0.0
13806,4713,2023-05-31,Completed,Debit Card,5.99
13807,2982,2022-09-23,Returned,Debit Card,9.99
13808,435,2021-09-25,Completed,Credit Card,0.0
13809,3395,2022-03-21,Completed,Debit Card,14.99
13810,2305,2023-11-14,Completed,Credit Card,9.99
13811,536,2021-12-08,Completed,PayPal,5.99
13812,114,2021-10-07,Returned,Debit Card,5.99
13813,1752,2022-05-24,Completed,Debit Card,14.99
13814,638,2022-12-05,Completed,PayPal,5.99
13815,4380,2022-10-17,Completed,PayPal,0.0
13816,2515,2022-01-06,Completed,Debit Card,9.99
13817,517,2021-10-16,Completed,Credit Card,0.0
13818,3989,2021-03-02,Completed,Debit Card,0.0
13819,2013,2022-09-29,Completed,Credit Card,9.99
13820,1480,2021-07-27,Completed,Debit Card,0.0
13821,3342,2021-12-05,Returned,Debit Card,9.99
13822,3020,2022-06-17,Completed,Debit Card,5.99
13823,1152,2022-11-20,Completed,Debit Card,9.99
13824,1737,2023-04-03,Cancelled,Debit Card,0.0
13825,2095,2022-01-16,Completed,Credit Card,5.99
13826,3507,2021-08-11,Completed,Credit Card,5.99
13827,3027,2021-10-30,Completed,Debit Card,0.0
13828,2966,2021-02-17,Completed,Credit Card,5.99
13829,2306,2021-12-13,Cancelled,PayPal,5.99
13830,3519,2023-01-10,Completed,Credit Card,14.99
13831,521,2022-06-13,Cancelled,Credit Card,5.99
13832,1045,2021-02-23,Completed,Debit Card,5.99
13833,505,2022-06-02,Completed,Debit Card,5.99
13834,1806,2021-08-05,Cancelled,Credit Card,14.99
13835,4438,2021-06-13,Completed,Credit Card,5.99
13836,2298,2022-01-23,Pending,Credit Card,9.99
13837,3370,2023-04-05,Completed,Credit Card,5.99
13838,3728,2022-11-14,Completed,Credit Card,5.99
13839,1422,2022-06-19,Pending,Debit Card,0.0
13840,3569,2022-12-14,Completed,PayPal,5.99
13841,2133,2021-11-23,Pending,Credit Card,5.99
13842,2480,2022-11-06,Returned,Credit Card,9.99
13843,425,2022-10-04,Cancelled,Debit Card,0.0
13844,624,2021-07-19,Completed,PayPal,5.99
13845,4932,2023-06-30,Completed,,5.99
13846,4203,2023-03-09,Cancelled,Credit Card,0.0
13847,1417,2022-10-17,Completed,Credit Card,0.0
13848,4180,2023-05-02,Completed,Credit Card,5.99
13849,4929,2022-03-28,Returned,Debit Card,5.99
13850,939,2023-05-14,Completed,Cash,5.99
13851,2459,2022-09-13,Returned,Debit Card,5.99
13852,1722,2022-10-25,Completed,Cash,5.99
13853,2736,2021-02-23,Completed,Credit Card,5.99
13854,1737,2021-12-28,Completed,PayPal,5.99
13855,2783,2023-04-15,Completed,Credit Card,0.0
13856,2148,2021-10-30,Completed,Credit Card,5.99
13857,1476,2023-11-14,Completed,Debit Card,0.0
13858,2809,2023-09-15,Returned,Credit Card,5.99
13859,3521,2023-01-30,Completed,Credit Card,9.99
13860,1028,2023-10-03,Completed,Debit Card,5.99
13861,4366,2021-11-09,Completed,Credit Card,0.0
13862,3464,2021-05-02,Completed,Debit Card,0.0
13863,20,2022-01-28,Completed,Credit Card,0.0
13864,4068,2021-07-23,Completed,PayPal,5.99
13865,4188,2022-08-11,Completed,Credit Card,5.99
13866,694,2022-02-07,Completed,,0.0
13867,2033,2021-01-21,Completed,Credit Card,9.99
13868,4152,2023-04-11,Completed,PayPal,5.99
13869,2325,2021-07-27,Completed,Debit Card,5.99
13870,3725,2022-09-06,Completed,Credit Card,5.99
13871,2729,2022-04-30,Completed,Credit Card,5.99
13872,598,2021-12-30,Completed,Credit Card,14.99
13873,2006,2023-11-11,Completed,Debit Card,0.0
13874,2108,2023-10-22,Completed,Debit Card,0.0
13875,356,2023-01-20,Cancelled,Credit Card,9.99
13876,3795,2023-12-19,Pending,Debit Card,5.99
13877,2239,2022-08-17,Completed,PayPal,14.99
13878,723,2023-07-17,Returned,Credit Card,0.0
13879,4121,2021-03-22,Completed,Credit Card,0.0
13880,2600,2021-02-13,Completed,Debit Card,5.99
13881,152,2023-04-29,Completed,Debit Card,0.0
13882,3067,2024-01-26,Completed,Credit Card,5.99
13883,4389,2021-08-21,Completed,Credit Card,14.99
13884,1136,2021-09-21,Completed,Credit Card,0.0
13885,2134,2022-04-02,Completed,Debit Card,5.99
13886,425,2023-08-26,Completed,Debit Card,5.99
13887,2833,2021-05-27,Completed,Credit Card,5.99
13888,2583,2021-05-03,Completed,Credit Card,0.0
13889,2208,2022-06-13,Pending,Credit Card,0.0
13890,3422,2022-09-14,Completed,PayPal,0.0
13891,2879,2021-05-01,Completed,Credit Card,14.99
13892,640,2023-10-11,Completed,Debit Card,5.99
13893,1075,2021-07-16,Completed,PayPal,9.99
13894,488,2021-08-03,Completed,PayPal,0.0
13895,3290,2022-04-03,Completed,Debit Card,0.0
13896,190,2023-05-15,Completed,Credit Card,5.99
13897,3529,2022-06-04,Completed,PayPal,9.99
13898,891,2023-05-19,Completed,Debit Card,5.99
13899,785,2024-01-12,Completed,Debit Card,5.99
13900,2858,2021-04-21,Completed,Credit Card,5.99
13901,4849,2023-02-28,Completed,Credit Card,0.0
13902,3722,2023-12-27,Completed,Debit Card,9.99
13903,1791,2023-12-17,Pending,Cash,0.0
13904,3602,2023-08-15,Completed,PayPal,5.99
13905,1275,2023-11-21,Completed,PayPal,5.99
13906,2689,2022-10-06,Completed,Debit Card,0.0
13907,1953,2024-01-09,Completed,Credit Card,9.99
13908,9,2021-02-22,Completed,Debit Card,9.99
13909,1901,2022-01-23,Completed,Debit Card,0.0
13910,974,2021-07-25,Completed,Debit Card,5.99
13911,2586,2021-10-19,Completed,Cash,5.99
13912,4384,2023-08-02,Completed,Credit Card,0.0
13913,2236,2023-09-19,Returned,Credit Card,5.99
13914,3102,2021-03-18,Completed,Cash,5.99
13915,2535,2022-11-20,Completed,Credit Card,5.99
13916,1867,2022-01-27,Completed,Debit Card,9.99
13917,4882,2024-01-14,Completed,PayPal,0.0
13918,2051,2023-10-21,Completed,Credit Card,5.99
13919,2224,2022-11-13,Completed,PayPal,9.99
13920,1047,2021-06-05,Returned,Credit Card,0.0
13921,4482,2023-11-05,Completed,PayPal,14.99
13922,135,2022-11-30,Completed,Credit Card,5.99
13923,2625,2022-03-11,Completed,Debit Card,9.99
13924,2083,2022-05-31,Completed,Debit Card,9.99
13925,139,2022-01-05,Completed,Credit Card,5.99
13926,502,2023-07-14,Completed,Debit Card,0.0
13927,4788,2021-04-21,Completed,Cash,0.0
13928,1351,2022-04-16,Completed,Debit Card,0.0
13929,1727,2023-08-06,Completed,Cash,5.99
13930,881,2023-10-08,Completed,Credit Card,0.0
13931,4711,2022-02-20,Completed,Debit Card,5.99
13932,2908,2022-04-21,Pending,Credit Card,0.0
13933,392,2023-11-19,Completed,Cash,0.0
13934,3869,2021-01-07,Completed,Credit Card,5.99
13935,4590,2021-03-04,Completed,Credit Card,5.99
13936,4068,2022-06-02,Completed,Credit Card,9.99
13937,1991,2021-07-05,Completed,Credit Card,0.0
13938,124,2022-06-09,Pending,Cash,0.0
13939,2804,2022-02-01,Completed,Credit Card,14.99
13940,1548,2021-12-04,Completed,Cash,0.0
13941,4767,2023-05-06,Completed,Credit Card,9.99
13942,221,2022-10-02,Completed,PayPal,5.99
13943,311,2022-09-09,Completed,Debit Card,0.0
13944,1966,2021-09-10,Pending,Credit Card,5.99
13945,2225,2021-01-17,Completed,Credit Card,14.99
13946,1714,2022-06-25,Returned,Credit Card,9.99
13947,1526,2021-10-01,Completed,Credit Card,5.99
13948,1304,2022-02-25,Completed,Credit Card,5.99
13949,3182,2021-10-16,Completed,Credit Card,5.99
13950,1165,2021-01-29,Completed,Credit Card,5.99
13951,206,2021-03-10,Returned,Debit Card,5.99
13952,2711,2023-03-04,Completed,Credit Card,14.99
13953,2985,2023-01-17,Cancelled,Debit Card,0.0
13954,3013,2024-01-25,Completed,Cash,5.99
13955,2837,2023-02-08,Completed,Credit Card,5.99
13956,3135,2021-12-23,Pending,Credit Card,5.99
13957,1210,2022-01-25,Completed,Credit Card,0.0
13958,4137,2022-04-03,Completed,Credit Card,0.0
13959,2471,2022-06-16,Completed,Debit Card,5.99
13960,4973,2023-09-23,Cancelled,Credit Card,9.99
13961,4079,2023-12-09,Completed,,5.99
13962,3044,2021-05-18,Completed,Credit Card,5.99
13963,3151,2022-04-15,Completed,PayPal,5.99
13964,2828,2022-09-04,Completed,Debit Card,5.99
13965,3626,2021-12-09,Completed,Cash,0.0
13966,4476,2021-07-10,Completed,Cash,0.0
13967,1800,2021-05-11,Completed,Credit Card,9.99
13968,1880,2022-08-07,Completed,Credit Card,5.99
13969,4869,2023-06-16,Completed,Credit Card,0.0
13970,1991,2022-08-02,Completed,Debit Card,0.0
13971,4935,2023-03-24,Completed,Debit Card,9.99
13972,4756,2023-08-18,Completed,Credit Card,5.99
13973,2370,2022-10-07,Completed,Credit Card,14.99
13974,1701,2023-09-24,Completed,Credit Card,5.99
13975,587,2022-03-26,Completed,PayPal,0.0
13976,242,2021-12-13,Cancelled,Cash,9.99
13977,4738,2022-10-11,Completed,Credit Card,0.0
13978,2877,2021-06-23,Completed,Credit Card,5.99
13979,651,2022-05-28,Completed,Credit Card,0.0
13980,4420,2021-08-12,Completed,PayPal,5.99
13981,4134,2022-11-14,Cancelled,Cash,9.99
13982,4166,2023-05-10,Completed,Credit Card,5.99
13983,2896,2021-05-24,Completed,Credit Card,0.0
13984,3645,2023-07-24,Completed,Credit Card,5.99
13985,4481,2022-01-24,Completed,Debit Card,5.99
13986,3604,2021-06-26,Completed,Debit Card,9.99
13987,4348,2021-12-30,Cancelled,Debit Card,9.99
13988,1531,2022-07-28,Completed,Cash,0.0
13989,4337,2022-04-09,Completed,Credit Card,9.99
13990,124,2021-11-03,Completed,PayPal,0.0
13991,4636,2021-08-26,Completed,Credit Card,0.0
13992,2787,2023-07-28,Completed,Credit Card,0.0
13993,3951,2021-11-12,Cancelled,Debit Card,0.0
13994,1476,2022-06-02,Completed,Cash,9.99
13995,4176,2023-08-29,Completed,Debit Card,5.99
13996,1985,2023-03-28,Completed,PayPal,5.99
13997,4948,2021-08-22,Completed,PayPal,14.99
13998,3652,2023-08-06,Completed,Credit Card,5.99
13999,4247,2022-07-15,Completed,PayPal,0.0
14000,1627,2021-04-10,Completed,PayPal,5.99
14001,100,2022-04-13,Completed,Debit Card,9.99
14002,584,2022-11-02,Completed,Debit Card,14.99
14003,4595,2022-02-23,Completed,PayPal,5.99
14004,4936,2021-03-18,Completed,PayPal,9.99
14005,4608,2021-03-22,Completed,Credit Card,9.99
14006,3541,2022-11-12,Completed,PayPal,0.0
14007,2961,2023-02-25,Completed,PayPal,5.99
14008,4822,2023-12-03,Completed,Credit Card,0.0
14009,4282,2022-07-09,Completed,Debit Card,5.99
14010,2396,2021-09-11,Completed,Credit Card,9.99
14011,3312,2023-07-09,Completed,Credit Card,9.99
14012,146,2021-11-16,Completed,Debit Card,5.99
14013,3694,2023-09-30,Completed,Cash,9.99
14014,2395,2022-03-07,Completed,Credit Card,0.0
14015,2798,2022-07-10,Completed,PayPal,0.0
14016,3437,2021-04-25,Completed,Debit Card,0.0
14017,1290,2023-03-12,Completed,PayPal,9.99
14018,2617,2023-10-02,Completed,PayPal,9.99
14019,3090,2022-11-07,Completed,PayPal,5.99
14020,3832,2022-06-23,Completed,PayPal,14.99
14021,30,2021-08-28,Completed,PayPal,9.99
14022,1714,2022-04-11,Cancelled,Credit Card,5.99
14023,1283,2022-01-08,Completed,Credit Card,5.99
14024,3666,2023-02-26,Pending,Credit Card,9.99
14025,815,2022-02-02,Completed,Debit Card,0.0
14026,4377,2021-01-12,Completed,Credit Card,0.0
14027,4159,2021-07-30,Completed,Credit Card,0.0
14028,3664,2022-10-18,Completed,PayPal,9.99
14029,2922,2021-04-23,Completed,Debit Card,14.99
14030,4264,2021-09-27,Completed,PayPal,5.99
14031,3703,2021-09-27,Pending,Credit Card,14.99
14032,2689,2023-10-30,Completed,Credit Card,5.99
14033,438,2022-02-18,Pending,Credit Card,5.99
14034,4750,2021-04-02,Completed,Credit Card,9.99
14035,4524,2021-11-07,Completed,Credit Card,5.99
14036,262,2021-10-24,Completed,Credit Card,5.99
14037,1083,2021-06-04,Completed,Credit Card,0.0
14038,284,2022-04-05,Completed,Debit Card,0.0
14039,3979,2022-02-28,Pending,Credit Card,5.99
14040,2797,2023-08-10,Completed,Credit Card,0.0
14041,1040,2021-03-04,Completed,,9.99
14042,374,2022-06-03,Completed,Debit Card,5.99
14043,2066,2022-10-22,Completed,PayPal,5.99
14044,3280,2021-03-27,Completed,Credit Card,9.99
14045,4796,2022-03-20,Completed,Cash,14.99
14046,385,2023-11-20,Completed,Cash,0.0
14047,3791,2023-04-19,Completed,Debit Card,5.99
14048,2356,2021-02-02,Completed,Credit Card,9.99
14049,1706,2023-10-14,Completed,Credit Card,0.0
14050,4760,2021-12-03,Completed,Debit Card,0.0
14051,171,2022-09-04,Completed,Debit Card,5.99
14052,3268,2022-02-02,Completed,Cash,5.99
14053,2128,2021-03-13,Returned,Debit Card,0.0
14054,4367,2023-04-21,Pending,Cash,5.99
14055,2060,2021-10-13,Completed,PayPal,5.99
14056,3933,2023-10-29,Returned,Cash,5.99
14057,4055,2023-07-26,Completed,Credit Card,9.99
14058,1558,2022-01-20,Completed,Credit Card,9.99
14059,1375,2022-07-16,Completed,PayPal,5.99
14060,340,2022-11-18,Pending,PayPal,5.99
14061,1221,2021-09-10,Completed,Credit Card,9.99
14062,2441,2021-10-11,Completed,PayPal,5.99
14063,2093,2023-01-27,Cancelled,Debit Card,9.99
14064,2203,2021-08-28,Completed,Credit Card,5.99
14065,107,2023-06-24,Completed,Debit Card,5.99
14066,3914,2021-10-26,Completed,Cash,0.0
14067,1930,2024-01-05,Completed,Debit Card,9.99
14068,830,2022-11-19,Completed,PayPal,5.99
14069,4704,2022-11-14,Completed,Credit Card,9.99
14070,3964,2024-01-17,Completed,Debit Card,5.99
14071,662,2023-02-25,Completed,Cash,0.0
14072,4436,2023-10-20,Completed,Credit Card,5.99
14073,4,2022-05-11,Completed,Credit Card,0.0
14074,990,2021-09-02,Completed,Debit Card,5.99
14075,554,2023-02-17,Completed,Cash,5.99
14076,1482,2021-03-23,Completed,Credit Card,0.0
14077,475,2021-11-13,Pending,Credit Card,0.0
14078,1605,2023-08-27,Completed,Credit Card,9.99
14079,3257,2023-11-17,Completed,Credit Card,9.99
14080,4001,2023-05-21,Cancelled,Debit Card,0.0
14081,1473,2022-02-06,Completed,Cash,5.99
14082,590,2022-08-30,Completed,Credit Card,5.99
14083,3235,2024-01-01,Completed,Debit Card,5.99
14084,2070,2023-06-23,Completed,PayPal,0.0
14085,1027,2023-05-09,Pending,Credit Card,0.0
14086,3552,2023-01-11,Completed,Debit Card,9.99
14087,677,2023-03-14,Completed,PayPal,9.99
14088,3214,2021-07-15,Cancelled,Credit Card,5.99
14089,3401,2021-09-30,Completed,,9.99
14090,3444,2023-12-22,Completed,Debit Card,5.99
14091,2250,2021-04-24,Completed,Credit Card,0.0
14092,3961,2023-04-17,Completed,Credit Card,9.99
14093,543,2022-12-15,Completed,Cash,0.0
14094,240,2022-10-14,Completed,Debit Card,9.99
14095,4004,2021-11-20,Completed,PayPal,5.99
14096,4696,2021-09-13,Completed,Credit Card,5.99
14097,1802,2021-08-04,Completed,Cash,5.99
14098,2840,2021-03-14,Completed,PayPal,9.99
14099,1499,2022-11-10,Completed,PayPal,0.0
14100,3629,2022-03-11,Completed,Credit Card,0.0
14101,2799,2021-06-11,Pending,Credit Card,9.99
14102,3444,2023-03-26,Completed,Debit Card,9.99
14103,3004,2021-08-14,Completed,PayPal,9.99
14104,1108,2022-11-16,Completed,PayPal,5.99
14105,205,2023-02-23,Completed,Credit Card,5.99
14106,4455,2023-03-12,Completed,Cash,5.99
14107,2032,2023-08-25,Completed,Cash,0.0
14108,872,2022-11-23,Completed,Debit Card,9.99
14109,1580,2023-06-28,Returned,Credit Card,9.99
14110,94,2021-08-03,Completed,PayPal,14.99
14111,43,2022-03-09,Completed,Debit Card,5.99
14112,617,2022-07-04,Completed,PayPal,5.99
14113,3165,2021-05-29,Completed,PayPal,9.99
14114,656,2021-08-21,Completed,Credit Card,9.99
14115,4300,2021-09-25,Completed,Debit Card,9.99
14116,1813,2021-10-29,Completed,Credit Card,5.99
14117,1463,2024-01-04,Completed,Cash,9.99
14118,743,2023-12-01,Completed,Credit Card,0.0
14119,2708,2021-05-18,Completed,Credit Card,5.99
14120,1298,2021-01-18,Completed,PayPal,0.0
14121,4660,2022-07-08,Completed,Credit Card,9.99
14122,383,2021-12-12,Completed,Debit Card,5.99
14123,487,2022-03-12,Completed,Credit Card,0.0
14124,4033,2022-10-27,Returned,Debit Card,5.99
14125,2419,2022-01-06,Completed,Debit Card,0.0
14126,570,2022-06-04,Completed,Credit Card,0.0
14127,3140,2023-07-13,Pending,Cash,0.0
14128,3093,2023-03-31,Completed,Credit Card,5.99
14129,2194,2022-10-17,Returned,Credit Card,0.0
14130,1727,2023-01-03,Completed,Credit Card,0.0
14131,309,2022-08-17,Completed,Debit Card,0.0
14132,4505,2022-12-29,Completed,Credit Card,0.0
14133,3095,2021-03-30,Completed,Credit Card,0.0
14134,199,2023-10-24,Completed,Cash,5.99
14135,2432,2022-10-25,Completed,Credit Card,5.99
14136,1216,2022-10-24,Completed,Credit Card,14.99
14137,4557,2022-06-19,Completed,Credit Card,0.0
14138,1927,2024-01-13,Completed,Credit Card,9.99
14139,790,2023-11-27,Pending,Credit Card,5.99
14140,3259,2022-11-19,Cancelled,Credit Card,5.99
14141,4021,2023-11-20,Returned,Credit Card,5.99
14142,1150,2021-03-31,Completed,Credit Card,0.0
14143,1739,2023-03-04,Completed,Credit Card,5.99
14144,1071,2021-04-14,Completed,Debit Card,9.99
14145,2464,2022-09-19,Completed,Debit Card,9.99
14146,3130,2022-05-08,Completed,Credit Card,14.99
14147,2066,2024-01-29,Completed,Cash,9.99
14148,2301,2023-08-31,Cancelled,PayPal,5.99
14149,3885,2023-11-21,Completed,Cash,5.99
14150,948,2023-12-18,Pending,Credit Card,9.99
14151,313,2024-01-11,Completed,Debit Card,9.99
14152,3120,2022-08-15,Completed,Credit Card,0.0
14153,396,2024-01-21,Completed,PayPal,5.99
14154,3224,2022-09-16,Completed,Credit Card,5.99
14155,503,2022-07-28,Returned,Credit Card,5.99
14156,3524,2021-01-03,Completed,Credit Card,9.99
14157,3721,2023-03-22,Completed,Debit Card,5.99
14158,1941,2021-03-21,Completed,Debit Card,14.99
14159,4026,2021-10-27,Completed,Credit Card,9.99
14160,3713,2023-03-06,Completed,Credit Card,0.0
14161,4329,2021-03-13,Completed,Cash,0.0
14162,4356,2023-01-20,Completed,PayPal,5.99
14163,1348,2022-09-22,Completed,Debit Card,9.99
14164,594,2021-04-10,Completed,Debit Card,0.0
14165,2095,2022-12-09,Completed,Credit Card,5.99
14166,1002,2021-09-29,Completed,Credit Card,5.99
14167,4452,2021-08-04,Completed,Credit Card,9.99
14168,966,2023-12-15,Completed,Credit Card,0.0
14169,323,2021-02-07,Completed,Debit Card,0.0
14170,492,2022-01-19,Completed,Credit Card,0.0
14171,3762,2021-01-02,Completed,Credit Card,5.99
14172,1319,2023-10-15,Pending,Credit Card,0.0
14173,4982,2023-08-11,Completed,Credit Card,9.99
14174,209,2023-10-19,Completed,PayPal,5.99
14175,4127,2022-02-02,Completed,Credit Card,5.99
14176,2108,2021-04-15,Completed,Credit Card,14.99
14177,3858,2023-12-28,Completed,Debit Card,5.99
14178,4367,2023-10-28,Completed,Credit Card,0.0
14179,381,2021-07-05,Completed,Credit Card,9.99
14180,858,2022-11-07,Completed,Debit Card,0.0
14181,779,2022-04-16,Completed,Credit Card,0.0
14182,3737,2021-02-10,Completed,Debit Card,5.99
14183,500,2021-11-30,Pending,PayPal,0.0
14184,2825,2022-03-28,Returned,Credit Card,5.99
14185,3201,2022-02-28,Pending,Credit Card,5.99
14186,2224,2022-02-20,Completed,Cash,5.99
14187,3809,2023-03-05,Completed,Credit Card,0.0
14188,3511,2023-08-11,Completed,Cash,5.99
14189,2712,2023-07-09,Completed,Credit Card,0.0
14190,4419,2021-05-05,Completed,Debit Card,0.0
14191,3035,2022-12-09,Completed,Debit Card,5.99
14192,3724,2021-10-16,Returned,PayPal,5.99
14193,2988,2023-10-08,Completed,Credit Card,5.99
14194,3686,2021-10-07,Completed,Credit Card,0.0
14195,4855,2022-12-25,Completed,Credit Card,14.99
14196,175,2022-04-25,Returned,Cash,0.0
14197,1846,2024-01-13,Completed,Credit Card,9.99
14198,1843,2022-09-22,Completed,Cash,0.0
14199,3265,2021-07-27,Completed,Credit Card,5.99
14200,3778,2021-10-23,Completed,Credit Card,5.99
14201,2624,2023-07-09,Completed,Credit Card,5.99
14202,4826,2021-08-01,Completed,Debit Card,0.0
14203,2290,2022-04-05,Cancelled,PayPal,5.99
14204,4008,2021-10-21,Completed,Credit Card,9.99
14205,4942,2023-02-05,Completed,Cash,9.99
14206,681,2022-03-28,Completed,Credit Card,0.0
14207,170,2022-05-25,Returned,Debit Card,5.99
14208,4777,2021-10-14,Returned,Debit Card,0.0
14209,4784,2023-01-03,Completed,Credit Card,0.0
14210,1782,2023-12-02,Returned,Credit Card,0.0
14211,3958,2023-11-09,Completed,Credit Card,0.0
14212,4336,2022-06-17,Completed,Credit Card,9.99
14213,2314,2021-02-05,Completed,Cash,5.99
14214,4424,2022-09-15,Completed,Cash,9.99
14215,3295,2021-06-11,Completed,Debit Card,9.99
14216,2577,2023-05-16,Completed,Debit Card,5.99
14217,1330,2021-12-20,Cancelled,Credit Card,5.99
14218,1780,2023-09-23,Completed,Credit Card,14.99
14219,353,2022-07-18,Completed,PayPal,5.99
14220,4408,2021-12-30,Completed,Debit Card,5.99
14221,37,2021-10-08,Completed,Debit Card,9.99
14222,2368,2021-07-19,Returned,PayPal,0.0
14223,2588,2021-09-21,Completed,Credit Card,5.99
14224,1754,2021-08-18,Returned,Credit Card,0.0
14225,1586,2021-06-30,Completed,PayPal,9.99
14226,2168,2022-10-30,Completed,Credit Card,9.99
14227,1737,2022-09-09,Completed,PayPal,5.99
14228,204,2022-07-11,Completed,Credit Card,5.99
14229,2161,2022-09-27,Completed,Credit Card,9.99
14230,4462,2023-11-20,Completed,Credit Card,5.99
14231,1427,2022-12-19,Completed,Debit Card,14.99
14232,214,2021-02-01,Completed,Debit Card,5.99
14233,3793,2021-10-26,Completed,Credit Card,9.99
14234,265,2022-09-04,Completed,Credit Card,5.99
14235,18,2023-04-15,Completed,Debit Card,5.99
14236,193,2021-05-30,Completed,Credit Card,0.0
14237,1261,2021-02-07,Completed,Credit Card,0.0
14238,3217,2021-05-25,Completed,,9.99
14239,3839,2023-03-08,Pending,Credit Card,5.99
14240,2864,2023-12-30,Pending,Debit Card,5.99
14241,2766,2021-07-11,Completed,Credit Card,5.99
14242,2146,2021-01-08,Completed,Credit Card,0.0
14243,3660,2023-10-11,Completed,Credit Card,5.99
14244,2845,2021-07-29,Completed,Credit Card,5.99
14245,1658,2022-05-21,Returned,Cash,14.99
14246,3557,2023-09-15,Returned,Credit Card,5.99
14247,2381,2023-09-20,Cancelled,Debit Card,9.99
14248,733,2023-09-30,Completed,Credit Card,5.99
14249,3477,2022-04-20,Returned,PayPal,0.0
14250,1728,2021-01-31,Completed,Cash,9.99
14251,4334,2022-11-17,Completed,Credit Card,0.0
14252,1143,2021-07-15,Completed,PayPal,5.99
14253,2798,2022-09-14,Completed,Credit Card,0.0
14254,661,2023-03-18,Completed,Credit Card,5.99
14255,853,2021-01-22,Completed,Credit Card,5.99
14256,3860,2023-07-05,Completed,Credit Card,9.99
14257,1156,2022-01-25,Cancelled,Credit Card,14.99
14258,1658,2023-10-08,Completed,Credit Card,9.99
14259,432,2021-12-19,Completed,Credit Card,5.99
14260,1577,2021-04-27,Completed,Debit Card,5.99
14261,2859,2022-09-23,Completed,Credit Card,9.99
14262,4153,2021-03-23,Returned,Credit Card,0.0
14263,1343,2022-05-14,Completed,Credit Card,0.0
14264,736,2021-12-31,Completed,Credit Card,0.0
14265,3889,2022-09-04,Pending,Credit Card,5.99
14266,1436,2021-01-19,Cancelled,Credit Card,9.99
14267,3181,2022-08-05,Completed,Debit Card,5.99
14268,1845,2022-09-14,Completed,Credit Card,5.99
14269,2034,2021-02-11,Completed,PayPal,9.99
14270,240,2021-07-30,Completed,Credit Card,5.99
14271,4458,2021-11-21,Completed,Credit Card,5.99
14272,434,2021-06-04,Returned,Credit Card,0.0
14273,2116,2023-07-01,Completed,Cash,5.99
14274,4534,2022-12-03,Completed,Debit Card,5.99
14275,107,2023-05-20,Completed,Credit Card,9.99
14276,4385,2022-02-25,Completed,Credit Card,9.99
14277,4224,2022-09-28,Pending,Credit Card,0.0
14278,3517,2022-02-14,Completed,Credit Card,0.0
14279,648,2023-03-31,Completed,Debit Card,9.99
14280,880,2021-05-23,Completed,Debit Card,5.99
14281,1363,2022-07-15,Completed,Credit Card,0.0
14282,3010,2022-11-22,Returned,Credit Card,0.0
14283,4114,2023-01-17,Completed,PayPal,0.0
14284,170,2021-03-08,Completed,Debit Card,5.99
14285,2479,2021-06-23,Completed,PayPal,5.99
14286,2495,2021-11-17,Completed,Credit Card,5.99
14287,1898,2021-02-02,Completed,Debit Card,14.99
14288,493,2022-05-30,Completed,Credit Card,0.0
14289,3259,2022-05-05,Cancelled,Credit Card,0.0
14290,2610,2021-06-19,Completed,Debit Card,5.99
14291,3805,2021-11-23,Completed,PayPal,5.99
14292,3963,2023-12-20,Returned,Credit Card,5.99
14293,1040,2023-06-10,Completed,PayPal,5.99
14294,760,2024-01-04,Completed,Debit Card,0.0
14295,819,2023-05-21,Returned,Credit Card,9.99
14296,1094,2023-05-27,Completed,PayPal,9.99
14297,3648,2023-07-26,Completed,Debit Card,0.0
14298,877,2023-06-18,Completed,Debit Card,0.0
14299,3316,2022-12-09,Completed,Credit Card,5.99
14300,4232,2023-02-25,Completed,Credit Card,0.0
14301,866,2022-08-25,Completed,PayPal,5.99
14302,7,2023-03-29,Completed,Credit Card,9.99
14303,4626,2023-10-25,Returned,Credit Card,0.0
14304,4349,2022-02-17,Completed,PayPal,9.99
14305,777,2023-02-23,Completed,PayPal,5.99
14306,3719,2022-05-11,Completed,Credit Card,0.0
14307,3405,2022-02-27,Completed,Credit Card,5.99
14308,3514,2021-11-05,Completed,Debit Card,5.99
14309,1909,2021-03-13,Cancelled,Credit Card,0.0
14310,3011,2022-08-02,Completed,Credit Card,0.0
14311,1055,2023-12-07,Completed,Credit Card,5.99
14312,699,2021-07-13,Completed,Debit Card,5.99
14313,2735,2023-04-13,Completed,Credit Card,5.99
14314,1248,2023-11-06,Completed,Debit Card,0.0
14315,3427,2022-12-28,Completed,Debit Card,14.99
14316,3965,2022-01-26,Returned,Credit Card,5.99
14317,1655,2021-06-24,Completed,Credit Card,5.99
14318,3700,2021-01-04,Returned,Credit Card,5.99
14319,939,2023-12-12,Returned,Credit Card,5.99
14320,596,2023-08-25,Returned,Credit Card,14.99
14321,103,2021-03-10,Completed,Debit Card,0.0
14322,3703,2021-05-18,Returned,Credit Card,9.99
14323,54,2022-09-16,Completed,Debit Card,5.99
14324,3236,2023-02-19,Completed,Debit Card,9.99
14325,4376,2021-08-20,Completed,Credit Card,9.99
14326,3363,2023-11-22,Pending,Credit Card,5.99
14327,4309,2023-08-20,Completed,PayPal,14.99
14328,3549,2021-04-27,Completed,PayPal,14.99
14329,2246,2021-12-02,Completed,Cash,0.0
14330,3434,2023-09-03,Completed,Credit Card,0.0
14331,2517,2022-04-13,Completed,Cash,5.99
14332,827,2021-09-23,Cancelled,Credit Card,14.99
14333,2383,2022-06-30,Completed,Credit Card,5.99
14334,3873,2023-03-10,Pending,Credit Card,0.0
14335,1927,2023-08-04,Completed,Credit Card,5.99
14336,2867,2024-01-08,Returned,Debit Card,0.0
14337,4972,2022-04-19,Completed,Credit Card,5.99
14338,2547,2021-07-02,Completed,PayPal,5.99
14339,3504,2022-09-17,Completed,Debit Card,5.99
14340,4500,2023-03-06,Completed,Cash,14.99
14341,4664,2022-07-28,Completed,Credit Card,5.99
14342,2750,2021-11-19,Completed,Debit Card,0.0
14343,1569,2022-11-15,Completed,,5.99
14344,3823,2021-03-01,Completed,Debit Card,5.99
14345,2391,2023-11-07,Completed,Debit Card,9.99
14346,1522,2023-11-26,Completed,Credit Card,5.99
14347,2809,2021-12-26,Completed,Credit Card,9.99
14348,1413,2022-05-02,Completed,,14.99
14349,2602,2021-10-17,Completed,Debit Card,5.99
14350,3764,2022-06-27,Returned,Credit Card,14.99
14351,3640,2022-02-11,Completed,Credit Card,0.0
14352,3112,2023-04-22,Completed,Credit Card,5.99
14353,4411,2023-06-04,Completed,Debit Card,0.0
14354,4776,2022-09-17,Completed,Credit Card,0.0
14355,4667,2023-07-07,Completed,Debit Card,5.99
14356,4025,2023-10-02,Completed,Debit Card,0.0
14357,3952,2022-03-13,Completed,Debit Card,0.0
14358,1812,2021-11-01,Cancelled,PayPal,0.0
14359,4691,2022-05-26,Completed,Credit Card,5.99
14360,3064,2023-10-05,Completed,Credit Card,0.0
14361,725,2021-11-18,Completed,Credit Card,5.99
14362,3179,2022-06-08,Cancelled,Credit Card,5.99
14363,3161,2021-12-04,Completed,Credit Card,5.99
14364,279,2021-12-06,Completed,PayPal,0.0
14365,1840,2021-06-27,Completed,PayPal,5.99
14366,1320,2022-05-21,Completed,Credit Card,5.99
14367,2042,2022-04-18,Returned,Credit Card,5.99
14368,3936,2021-10-11,Completed,Credit Card,5.99
14369,247,2022-09-19,Completed,PayPal,0.0
14370,818,2021-01-11,Completed,PayPal,5.99
14371,2172,2023-03-17,Completed,Credit Card,0.0
14372,140,2021-05-28,Completed,Debit Card,5.99
14373,2892,2023-11-25,Completed,Credit Card,0.0
14374,507,2023-04-06,Completed,,9.99
14375,3604,2022-08-15,Completed,Credit Card,5.99
14376,629,2023-04-08,Completed,Debit Card,14.99
14377,2877,2021-02-11,Completed,Credit Card,14.99
14378,800,2023-01-03,Completed,Credit Card,14.99
14379,4997,2023-03-23,Completed,Credit Card,0.0
14380,3113,2021-11-03,Completed,Credit Card,5.99
14381,1823,2023-07-07,Completed,Debit Card,5.99
14382,1154,2022-06-01,Completed,Credit Card,5.99
14383,1832,2023-01-30,Pending,PayPal,5.99
14384,475,2021-02-25,Completed,Credit Card,0.0
14385,2515,2023-01-21,Cancelled,Credit Card,9.99
14386,3995,2023-04-13,Cancelled,Credit Card,14.99
14387,4025,2023-01-05,Completed,Credit Card,5.99
14388,1237,2023-12-09,Completed,Credit Card,5.99
14389,2759,2021-12-10,Completed,Credit Card,14.99
14390,4842,2023-02-23,Completed,PayPal,5.99
14391,3429,2021-06-20,Cancelled,Debit Card,14.99
14392,617,2023-05-30,Completed,PayPal,9.99
14393,750,2021-07-14,Completed,Credit Card,5.99
14394,2961,2022-02-13,Completed,Credit Card,5.99
14395,4986,2022-07-21,Returned,Credit Card,9.99
14396,2823,2022-04-01,Completed,Debit Card,5.99
14397,1884,2023-12-06,Completed,Cash,0.0
14398,1886,2021-05-25,Completed,PayPal,5.99
14399,4138,2021-11-16,Completed,Credit Card,0.0
14400,2386,2022-11-26,Completed,Credit Card,9.99
14401,751,2021-04-07,Completed,Credit Card,5.99
14402,3224,2022-01-15,Completed,Credit Card,0.0
14403,1030,2022-10-18,Completed,Credit Card,9.99
14404,4749,2023-03-14,Completed,Credit Card,5.99
14405,142,2021-12-13,Completed,Credit Card,5.99
14406,3559,2021-06-20,Completed,Credit Card,0.0
14407,1518,2023-06-26,Completed,Credit Card,5.99
14408,4486,2022-07-08,Completed,PayPal,0.0
14409,4169,2023-09-01,Completed,Credit Card,0.0
14410,714,2023-06-12,Completed,Credit Card,0.0
14411,2629,2021-04-08,Completed,Debit Card,0.0
14412,3348,2022-09-06,Completed,Debit Card,5.99
14413,3258,2022-09-01,Completed,Credit Card,5.99
14414,439,2021-04-30,Completed,PayPal,5.99
14415,1582,2022-09-01,Completed,Credit Card,5.99
14416,219,2021-10-29,Completed,Credit Card,9.99
14417,4717,2022-06-30,Completed,Credit Card,0.0
14418,4384,2021-08-11,Pending,Credit Card,5.99
14419,476,2022-08-15,Completed,Debit Card,9.99
14420,2879,2021-10-27,Completed,Credit Card,0.0
14421,687,2023-05-03,Pending,Credit Card,5.99
14422,4277,2022-10-08,Completed,,5.99
14423,1766,2023-02-08,Cancelled,Credit Card,0.0
14424,2155,2021-11-14,Completed,,0.0
14425,1639,2023-05-16,Completed,Credit Card,9.99
14426,2246,2021-05-25,Completed,Credit Card,5.99
14427,4649,2023-03-21,Completed,Credit Card,5.99
14428,1678,2021-04-23,Completed,PayPal,9.99
14429,3338,2022-06-10,Completed,Debit Card,9.99
14430,2046,2023-04-08,Completed,Credit Card,5.99
14431,2636,2022-09-01,Pending,Credit Card,5.99
14432,3565,2022-05-20,Completed,Cash,5.99
14433,4321,2021-02-24,Completed,PayPal,5.99
14434,502,2021-02-25,Completed,Debit Card,5.99
14435,4279,2023-06-18,Completed,Credit Card,0.0
14436,4086,2021-11-25,Completed,PayPal,0.0
14437,3629,2022-09-18,Completed,Credit Card,5.99
14438,2039,2023-08-07,Completed,Debit Card,14.99
14439,2330,2023-03-17,Completed,Credit Card,9.99
14440,3992,2023-03-04,Cancelled,Debit Card,5.99
14441,1188,2021-01-21,Completed,Credit Card,5.99
14442,2415,2023-01-02,Completed,Debit Card,0.0
14443,2135,2022-03-23,Completed,Debit Card,5.99
14444,771,2021-05-27,Completed,PayPal,5.99
14445,3477,2022-03-23,Completed,Debit Card,5.99
14446,3800,2023-09-12,Completed,PayPal,9.99
14447,3176,2023-12-20,Pending,PayPal,0.0
14448,1182,2022-03-06,Completed,Credit Card,5.99
14449,773,2023-08-05,Completed,Credit Card,5.99
14450,4398,2022-08-05,Completed,Debit Card,0.0
14451,4021,2023-09-06,Completed,PayPal,5.99
14452,2378,2023-02-10,Completed,Credit Card,5.99
14453,1978,2023-02-17,Completed,Debit Card,9.99
14454,169,2022-04-05,Completed,Credit Card,0.0
14455,3335,2023-10-07,Completed,Credit Card,5.99
14456,2344,2023-08-26,Completed,Debit Card,14.99
14457,4095,2023-09-14,Completed,Debit Card,5.99
14458,2470,2022-01-15,Completed,Debit Card,5.99
14459,1069,2022-09-17,Completed,PayPal,5.99
14460,4938,2021-12-27,Completed,Credit Card,0.0
14461,1647,2022-06-11,Completed,Credit Card,14.99
14462,1148,2021-12-12,Completed,PayPal,0.0
14463,3202,2023-09-16,Completed,Debit Card,14.99
14464,4328,2023-11-11,Completed,Credit Card,0.0
14465,1936,2022-10-01,Cancelled,Debit Card,0.0
14466,2473,2021-05-28,Completed,PayPal,5.99
14467,4281,2021-12-27,Cancelled,Debit Card,5.99
14468,3957,2024-01-09,Completed,PayPal,9.99
14469,199,2023-10-04,Completed,Credit Card,14.99
14470,4949,2023-04-25,Completed,Credit Card,5.99
14471,1412,2021-08-06,Completed,PayPal,0.0
14472,4782,2021-10-01,Returned,Debit Card,5.99
14473,2750,2023-10-31,Completed,Credit Card,9.99
14474,854,2021-10-24,Completed,Debit Card,5.99
14475,3446,2023-05-24,Completed,Debit Card,0.0
14476,1383,2021-08-05,Completed,Credit Card,5.99
14477,4589,2021-11-23,Completed,Debit Card,5.99
14478,4827,2022-07-27,Completed,Credit Card,5.99
14479,332,2023-08-04,Completed,Credit Card,9.99
14480,4559,2023-07-08,Cancelled,Debit Card,0.0
14481,2558,2022-08-10,Completed,Credit Card,9.99
14482,2855,2023-11-01,Completed,Credit Card,0.0
14483,2170,2021-05-31,Completed,PayPal,5.99
14484,4311,2022-10-01,Returned,Debit Card,5.99
14485,1265,2021-03-18,Completed,Credit Card,9.99
14486,3094,2023-04-14,Completed,Credit Card,0.0
14487,1146,2021-09-07,Returned,Credit Card,14.99
14488,3589,2021-12-30,Completed,Debit Card,9.99
14489,3906,2023-07-28,Completed,Credit Card,0.0
14490,1686,2022-12-12,Completed,Credit Card,9.99
14491,1829,2023-04-03,Pending,Credit Card,5.99
14492,837,2021-07-04,Returned,Credit Card,9.99
14493,1534,2021-01-22,Completed,Credit Card,14.99
14494,2766,2022-08-26,Completed,Credit Card,9.99
14495,4270,2021-03-17,Completed,Cash,5.99
14496,788,2023-05-22,Completed,Cash,9.99
14497,1071,2023-08-26,Cancelled,Credit Card,5.99
14498,4591,2022-01-20,Pending,PayPal,5.99
14499,3809,2021-10-21,Completed,Debit Card,5.99
14500,3223,2022-10-25,Completed,Credit Card,14.99
14501,3297,2023-12-04,Completed,Credit Card,5.99
14502,1827,2023-03-16,Completed,Credit Card,5.99
14503,2179,2023-10-28,Completed,Debit Card,5.99
14504,58,2022-06-30,Completed,Debit Card,9.99
14505,2099,2023-12-03,Completed,Cash,5.99
14506,855,2021-05-27,Completed,PayPal,9.99
14507,3624,2021-03-03,Completed,PayPal,0.0
14508,2067,2023-02-15,Cancelled,PayPal,9.99
14509,2141,2021-11-24,Returned,PayPal,5.99
14510,3831,2022-07-20,Completed,Credit Card,5.99
14511,3485,2023-08-01,Completed,Credit Card,5.99
14512,2795,2021-06-02,Completed,Debit Card,0.0
14513,1492,2023-03-04,Returned,Debit Card,5.99
14514,1058,2022-12-13,Completed,Credit Card,14.99
14515,2486,2023-03-14,Completed,PayPal,9.99
14516,3285,2022-02-02,Completed,Cash,5.99
14517,3286,2024-01-02,Completed,Debit Card,14.99
14518,4228,2023-05-09,Completed,Credit Card,9.99
14519,2713,2022-10-12,Completed,PayPal,5.99
14520,941,2021-05-23,Completed,Credit Card,5.99
14521,3377,2022-01-09,Cancelled,Credit Card,5.99
14522,4856,2021-02-22,Completed,PayPal,0.0
14523,1459,2022-11-20,Completed,Debit Card,9.99
14524,546,2022-06-23,Completed,Credit Card,0.0
14525,3905,2021-08-16,Completed,PayPal,5.99
14526,3037,2022-12-28,Completed,Credit Card,9.99
14527,592,2021-09-21,Completed,Debit Card,14.99
14528,3780,2023-10-26,Completed,Debit Card,0.0
14529,855,2021-02-23,Pending,Credit Card,5.99
14530,2028,2023-09-18,Completed,Credit Card,5.99
14531,3044,2023-10-24,Completed,Cash,9.99
14532,1177,2023-05-13,Completed,Credit Card,14.99
14533,4534,2022-09-06,Completed,Credit Card,0.0
14534,2434,2023-08-10,Cancelled,Credit Card,5.99
14535,2685,2023-09-18,Completed,Credit Card,0.0
14536,2135,2021-01-16,Completed,PayPal,9.99
14537,3722,2021-08-21,Completed,Credit Card,0.0
14538,239,2023-05-11,Completed,Debit Card,9.99
14539,2680,2023-02-08,Completed,Credit Card,0.0
14540,59,2021-10-11,Completed,PayPal,9.99
14541,189,2021-02-03,Pending,Debit Card,0.0
14542,2904,2021-11-06,Completed,Credit Card,5.99
14543,3602,2022-05-06,Completed,Cash,5.99
14544,2129,2022-01-31,Completed,Credit Card,0.0
14545,2725,2023-02-18,Returned,Debit Card,0.0
14546,4314,2021-09-15,Completed,Cash,0.0
14547,357,2023-10-04,Completed,Debit Card,0.0
14548,3971,2021-03-04,Completed,Debit Card,0.0
14549,3408,2023-03-31,Cancelled,Credit Card,5.99
14550,3437,2023-01-31,Completed,Credit Card,9.99
14551,2560,2022-05-15,Completed,Credit Card,9.99
14552,4381,2021-05-28,Completed,Cash,0.0
14553,3766,2022-03-03,Cancelled,Cash,0.0
14554,4241,2023-08-26,Completed,Credit Card,9.99
14555,2443,2024-01-12,Pending,Credit Card,5.99
14556,943,2022-11-09,Completed,Credit Card,0.0
14557,1851,2023-03-04,Completed,Credit Card,5.99
14558,4470,2021-10-09,Completed,Credit Card,0.0
14559,2046,2022-02-18,Completed,Debit Card,0.0
14560,975,2022-11-03,Completed,PayPal,9.99
14561,1465,2022-08-27,Completed,Debit Card,0.0
14562,3737,2022-04-08,Completed,Debit Card,14.99
14563,3570,2023-01-19,Completed,PayPal,9.99
14564,381,2021-05-19,Completed,Debit Card,9.99
14565,4059,2021-11-30,Completed,Credit Card,5.99
14566,4390,2021-02-09,Cancelled,Credit Card,0.0
14567,1925,2022-09-30,Completed,Credit Card,5.99
14568,1610,2023-01-07,Completed,Debit Card,5.99
14569,2869,2024-01-22,Completed,Cash,14.99
14570,4970,2023-05-02,Completed,Debit Card,0.0
14571,2345,2022-03-25,Completed,Cash,9.99
14572,4430,2022-12-27,Returned,Credit Card,5.99
14573,1446,2023-01-16,Completed,PayPal,9.99
14574,1045,2021-10-10,Completed,PayPal,5.99
14575,2099,2022-08-18,Completed,Debit Card,5.99
14576,2969,2021-04-09,Completed,Cash,14.99
14577,1039,2022-11-27,Completed,Debit Card,0.0
14578,2351,2021-03-22,Completed,Credit Card,0.0
14579,4433,2021-04-28,Completed,Credit Card,5.99
14580,4398,2022-07-23,Completed,Debit Card,5.99
14581,973,2022-10-10,Completed,Cash,0.0
14582,3170,2021-06-29,Completed,Credit Card,0.0
14583,127,2021-02-14,Completed,Debit Card,0.0
14584,1549,2023-03-29,Completed,PayPal,9.99
14585,2987,2023-02-20,Completed,Credit Card,5.99
14586,2035,2023-04-15,Completed,Credit Card,9.99
14587,2534,2021-01-26,Completed,Credit Card,5.99
14588,884,2023-02-04,Pending,Credit Card,9.99
14589,3992,2023-11-18,Completed,Credit Card,5.99
14590,3473,2021-04-01,Completed,Credit Card,5.99
14591,2891,2022-10-09,Completed,Credit Card,5.99
14592,2552,2021-11-17,Completed,Debit Card,0.0
14593,3338,2022-06-19,Completed,Debit Card,14.99
14594,874,2022-03-09,Completed,Debit Card,9.99
14595,2147,2023-10-29,Completed,Debit Card,5.99
14596,809,2021-06-24,Completed,Cash,14.99
14597,846,2022-11-21,Returned,PayPal,5.99
14598,4741,2023-12-15,Completed,Cash,5.99
14599,895,2023-11-14,Completed,Credit Card,9.99
14600,268,2022-05-20,Completed,PayPal,5.99
14601,818,2021-11-30,Completed,PayPal,5.99
14602,2400,2021-11-14,Completed,Credit Card,5.99
14603,3789,2023-02-07,Completed,Credit Card,5.99
14604,1822,2023-09-29,Completed,Debit Card,0.0
14605,4655,2021-04-25,Returned,Credit Card,0.0
14606,652,2021-12-12,Completed,Credit Card,14.99
14607,1388,2021-08-15,Cancelled,Debit Card,5.99
14608,4727,2021-08-08,Completed,Debit Card,0.0
14609,4149,2023-04-24,Completed,Cash,9.99
14610,1928,2024-01-17,Completed,Debit Card,0.0
14611,2568,2023-03-11,Completed,Debit Card,0.0
14612,4259,2023-04-05,Completed,Credit Card,14.99
14613,2052,2021-03-30,Completed,Debit Card,14.99
14614,2308,2021-11-26,Completed,Credit Card,0.0
14615,4588,2024-01-09,Completed,PayPal,9.99
14616,68,2022-01-08,Completed,Credit Card,9.99
14617,812,2023-12-11,Completed,Credit Card,5.99
14618,1104,2021-07-11,Completed,Credit Card,5.99
14619,3758,2022-06-11,Completed,PayPal,0.0
14620,3890,2023-11-03,Completed,Cash,0.0
14621,602,2023-03-18,Completed,Credit Card,5.99
14622,1110,2022-12-18,Completed,Credit Card,9.99
14623,3625,2023-06-09,Completed,Debit Card,5.99
14624,4013,2021-07-13,Completed,PayPal,0.0
14625,862,2023-09-15,Completed,Credit Card,0.0
14626,2636,2021-08-15,Completed,Credit Card,5.99
14627,3156,2023-01-20,Completed,Credit Card,5.99
14628,4112,2022-06-13,Completed,Debit Card,0.0
14629,2770,2022-01-21,Completed,Credit Card,5.99
14630,1595,2023-02-26,Completed,Credit Card,9.99
14631,4929,2021-06-27,Completed,Credit Card,0.0
14632,37,2021-05-22,Completed,Debit Card,0.0
14633,4839,2022-10-10,Pending,Cash,0.0
14634,788,2022-05-10,Completed,Cash,14.99
14635,3694,2022-03-28,Completed,Debit Card,5.99
14636,2309,2022-04-01,Completed,PayPal,5.99
14637,2224,2023-02-13,Completed,Credit Card,9.99
14638,3994,2023-03-07,Completed,Debit Card,5.99
14639,4669,2022-09-18,Completed,Credit Card,0.0
14640,2068,2022-08-07,Completed,Debit Card,5.99
14641,115,2022-02-07,Completed,Cash,5.99
14642,4311,2022-08-03,Cancelled,PayPal,0.0
14643,17,2023-08-14,Completed,Debit Card,0.0
14644,1576,2022-08-01,Completed,PayPal,5.99
14645,236,2022-04-14,Completed,Cash,9.99
14646,4407,2021-04-18,Returned,Credit Card,0.0
14647,4876,2022-04-22,Completed,PayPal,5.99
14648,1311,2022-08-27,Completed,Credit Card,14.99
14649,1365,2021-10-18,Completed,PayPal,0.0
14650,4639,2023-06-01,Completed,Credit Card,5.99
14651,367,2023-08-12,Completed,Credit Card,5.99
14652,3297,2024-01-26,Completed,Debit Card,0.0
14653,2142,2022-07-04,Completed,Credit Card,9.99
14654,794,2022-11-30,Completed,Credit Card,9.99
14655,4957,2023-03-22,Completed,Debit Card,9.99
14656,3188,2023-06-09,Completed,,0.0
14657,2669,2021-05-13,Completed,Credit Card,9.99
14658,4554,2021-08-12,Cancelled,PayPal,5.99
14659,2421,2022-11-05,Cancelled,PayPal,0.0
14660,270,2022-12-19,Completed,Debit Card,0.0
14661,1267,2023-03-29,Returned,Debit Card,14.99
14662,4629,2021-06-07,Completed,Credit Card,5.99
14663,2008,2023-04-18,Completed,Credit Card,9.99
14664,3806,2021-01-07,Completed,Credit Card,0.0
14665,3448,2023-02-24,Completed,Credit Card,9.99
14666,2063,2022-09-22,Completed,Credit Card,0.0
14667,2638,2021-04-28,Completed,Credit Card,0.0
14668,1039,2023-01-28,Completed,Debit Card,14.99
14669,3408,2023-06-18,Completed,Debit Card,0.0
14670,2614,2023-11-14,Cancelled,Cash,5.99
14671,4548,2023-10-08,Cancelled,Credit Card,9.99
14672,3709,2023-05-27,Completed,Credit Card,9.99
14673,1061,2023-05-06,Completed,Debit Card,5.99
14674,4299,2021-02-26,Completed,Credit Card,5.99
14675,117,2021-06-05,Completed,PayPal,5.99
14676,1382,2023-08-23,Completed,Debit Card,0.0
14677,1950,2024-01-21,Completed,Credit Card,0.0
14678,4507,2021-11-19,Completed,Credit Card,5.99
14679,3153,2023-02-20,Completed,Credit Card,5.99
14680,2624,2021-07-16,Returned,Credit Card,0.0
14681,3439,2022-08-06,Completed,Credit Card,0.0
14682,1462,2023-08-23,Completed,Credit Card,5.99
14683,3392,2022-04-11,Completed,Debit Card,5.99
14684,359,2021-02-04,Pending,Credit Card,5.99
14685,110,2023-07-16,Completed,PayPal,0.0
14686,4542,2022-08-22,Completed,Credit Card,9.99
14687,67,2024-01-14,Completed,Credit Card,9.99
14688,2991,2021-02-28,Completed,Credit Card,0.0
14689,4749,2021-11-03,Completed,Credit Card,0.0
14690,4455,2023-07-24,Completed,Credit Card,9.99
14691,211,2023-10-17,Completed,Credit Card,14.99
14692,985,2021-10-02,Completed,Credit Card,0.0
14693,4307,2023-10-14,Completed,Credit Card,0.0
14694,4520,2022-02-19,Completed,PayPal,0.0
14695,4190,2021-01-26,Completed,PayPal,5.99
14696,111,2021-08-18,Completed,Credit Card,14.99
14697,57,2023-05-26,Completed,Credit Card,9.99
14698,2027,2022-09-17,Completed,Debit Card,5.99
14699,1,2023-03-21,Completed,PayPal,9.99
14700,4,2023-02-03,Completed,Cash,0.0
14701,2722,2021-11-09,Completed,Credit Card,5.99
14702,1599,2021-08-05,Completed,Credit Card,5.99
14703,3737,2023-09-01,Completed,Debit Card,0.0
14704,4408,2022-08-22,Completed,PayPal,0.0
14705,1260,2023-02-01,Returned,Credit Card,5.99
14706,4475,2023-03-13,Completed,Debit Card,9.99
14707,3255,2022-10-06,Completed,Credit Card,5.99
14708,4292,2024-01-24,Completed,Credit Card,0.0
14709,3925,2024-01-02,Completed,Credit Card,0.0
14710,1313,2022-06-30,Completed,Credit Card,0.0
14711,1267,2022-02-05,Completed,Debit Card,0.0
14712,419,2023-05-18,Completed,Debit Card,5.99
14713,1562,2022-08-29,Completed,PayPal,0.0
14714,83,2022-09-14,Completed,Credit Card,9.99
14715,3722,2022-04-09,Completed,Credit Card,9.99
14716,578,2021-02-16,Completed,Credit Card,5.99
14717,504,2023-03-14,Completed,Credit Card,5.99
14718,4444,2023-12-07,Completed,Debit Card,0.0
14719,513,2022-07-15,Pending,Credit Card,5.99
14720,3475,2021-08-06,Completed,Debit Card,9.99
14721,4679,2022-09-14,Completed,Debit Card,5.99
14722,1394,2023-02-05,Completed,Credit Card,0.0
14723,1363,2023-08-13,Completed,Debit Card,9.99
14724,1680,2022-12-26,Completed,Credit Card,5.99
14725,4836,2022-12-13,Completed,PayPal,5.99
14726,3829,2023-07-20,Completed,Debit Card,5.99
14727,3101,2022-02-08,Completed,Credit Card,0.0
14728,3208,2021-05-15,Completed,Credit Card,5.99
14729,1371,2022-12-03,Completed,Debit Card,5.99
14730,925,2023-05-19,Completed,Credit Card,14.99
14731,3001,2023-07-15,Completed,PayPal,0.0
14732,2205,2023-08-19,Completed,Credit Card,5.99
14733,567,2021-09-26,Completed,Debit Card,14.99
14734,2855,2023-12-21,Completed,Cash,0.0
14735,556,2021-06-14,Completed,Debit Card,9.99
14736,4739,2022-12-06,Completed,Credit Card,0.0
14737,4599,2023-05-20,Completed,Credit Card,0.0
14738,488,2021-06-21,Completed,Credit Card,5.99
14739,3649,2022-01-21,Completed,Debit Card,9.99
14740,22,2021-02-13,Completed,Credit Card,0.0
14741,1040,2021-09-14,Completed,Credit Card,5.99
14742,3722,2022-04-10,Completed,Cash,0.0
14743,1099,2021-11-27,Completed,Credit Card,0.0
14744,1366,2023-09-13,Completed,Debit Card,5.99
14745,4869,2023-04-05,Cancelled,Debit Card,5.99
14746,2526,2022-03-18,Completed,Debit Card,0.0
14747,1268,2021-07-04,Cancelled,Credit Card,5.99
14748,4577,2023-03-19,Completed,Credit Card,9.99
14749,3350,2022-08-05,Returned,Cash,0.0
14750,1775,2023-10-20,Completed,Credit Card,5.99
14751,2721,2022-02-27,Returned,Debit Card,0.0
14752,4407,2023-07-13,Completed,Debit Card,5.99
14753,1948,2023-03-17,Completed,Credit Card,9.99
14754,2510,2023-12-08,Completed,PayPal,14.99
14755,4783,2023-08-08,Returned,Debit Card,0.0
14756,1373,2023-02-25,Completed,Debit Card,5.99
14757,3199,2023-01-21,Completed,PayPal,5.99
14758,1641,2023-04-17,Completed,PayPal,9.99
14759,4583,2022-08-29,Completed,Credit Card,9.99
14760,4773,2023-10-21,Completed,PayPal,5.99
14761,4429,2021-08-12,Completed,Credit Card,14.99
14762,3993,2023-12-29,Returned,Debit Card,14.99
14763,2207,2021-06-14,Cancelled,Credit Card,5.99
14764,2653,2023-09-15,Completed,Credit Card,5.99
14765,2877,2022-12-31,Completed,Credit Card,5.99
14766,4989,2022-04-10,Completed,Credit Card,5.99
14767,725,2022-06-30,Completed,Credit Card,5.99
14768,435,2021-03-21,Completed,Debit Card,5.99
14769,4993,2023-06-05,Completed,Credit Card,0.0
14770,1154,2021-08-09,Completed,Debit Card,9.99
14771,1882,2023-06-23,Cancelled,Credit Card,14.99
14772,1965,2022-12-06,Pending,Credit Card,0.0
14773,2945,2021-08-21,Completed,Credit Card,9.99
14774,2976,2021-06-28,Returned,Credit Card,5.99
14775,4297,2023-09-22,Completed,Credit Card,5.99
14776,4131,2022-10-10,Completed,Cash,5.99
14777,2855,2023-05-09,Completed,Credit Card,5.99
14778,3732,2022-03-23,Completed,Debit Card,5.99
14779,1217,2022-08-03,Completed,Credit Card,9.99
14780,4223,2022-07-27,Completed,PayPal,5.99
14781,1811,2021-04-30,Completed,Credit Card,5.99
14782,2151,2023-04-25,Completed,Cash,5.99
14783,3277,2021-04-13,Completed,Credit Card,14.99
14784,1766,2021-11-09,Completed,Credit Card,0.0
14785,4225,2021-08-30,Completed,Debit Card,5.99
14786,4989,2021-03-13,Completed,Debit Card,9.99
14787,799,2021-07-27,Completed,Credit Card,9.99
14788,3561,2023-02-24,Completed,Credit Card,14.99
14789,669,2022-01-09,Cancelled,PayPal,0.0
14790,4915,2023-06-07,Completed,Credit Card,9.99
14791,220,2023-05-01,Completed,Credit Card,9.99
14792,2869,2023-05-10,Completed,Debit Card,9.99
14793,2632,2023-09-11,Completed,Debit Card,5.99
14794,4548,2021-11-29,Completed,Credit Card,0.0
14795,4000,2023-07-21,Completed,Debit Card,5.99
14796,2996,2023-10-30,Completed,Credit Card,5.99
14797,1704,2022-05-05,Completed,Credit Card,5.99
14798,152,2022-03-16,Completed,Credit Card,9.99
14799,1226,2021-12-25,Cancelled,Cash,5.99
14800,4809,2021-12-31,Completed,Credit Card,0.0
14801,3354,2023-02-16,Pending,Credit Card,5.99
14802,707,2022-03-02,Completed,Debit Card,0.0
14803,2228,2023-10-05,Completed,Credit Card,0.0
14804,4794,2022-02-13,Completed,Debit Card,5.99
14805,4928,2021-05-14,Completed,Cash,9.99
14806,468,2023-04-26,Completed,Cash,9.99
14807,4995,2023-11-25,Completed,Credit Card,5.99
14808,2439,2021-12-24,Completed,Debit Card,9.99
14809,529,2022-09-16,Completed,Cash,0.0
14810,3512,2022-02-01,Completed,Credit Card,14.99
14811,3834,2023-05-12,Completed,Credit Card,14.99
14812,4640,2023-10-22,Returned,Credit Card,5.99
14813,2685,2021-05-27,Cancelled,Credit Card,0.0
14814,1285,2021-09-16,Completed,Cash,5.99
14815,346,2021-04-05,Completed,Debit Card,0.0
14816,1533,2021-04-02,Completed,Credit Card,5.99
14817,3803,2023-06-01,Completed,PayPal,0.0
14818,4881,2023-08-27,Pending,,5.99
14819,4162,2023-07-09,Completed,PayPal,0.0
14820,786,2021-11-20,Completed,Credit Card,0.0
14821,2252,2023-05-15,Completed,Credit Card,0.0
14822,2690,2023-07-29,Completed,Credit Card,0.0
14823,2157,2021-09-04,Pending,Debit Card,9.99
14824,4436,2023-01-29,Completed,Credit Card,5.99
14825,663,2023-05-15,Completed,Credit Card,5.99
14826,582,2021-06-26,Completed,Cash,5.99
14827,4608,2022-09-10,Completed,Cash,0.0
14828,992,2023-08-18,Completed,Debit Card,5.99
14829,3877,2021-01-31,Pending,PayPal,5.99
14830,1325,2021-05-30,Completed,Cash,14.99
14831,4206,2021-11-19,Completed,,5.99
14832,2291,2024-01-18,Completed,Debit Card,5.99
14833,2763,2022-03-09,Completed,PayPal,9.99
14834,4228,2022-06-08,Returned,Debit Card,9.99
14835,2465,2023-01-01,Completed,Credit Card,14.99
14836,4392,2022-08-23,Completed,Credit Card,5.99
14837,3963,2021-06-10,Completed,Credit Card,0.0
14838,2216,2023-02-22,Completed,Cash,9.99
14839,4808,2022-07-19,Completed,Debit Card,0.0
14840,2110,2023-03-03,Cancelled,PayPal,5.99
14841,352,2021-02-25,Returned,PayPal,5.99
14842,362,2023-09-26,Completed,Credit Card,5.99
14843,4722,2021-08-09,Completed,Debit Card,9.99
14844,1428,2022-12-21,Cancelled,Credit Card,0.0
14845,3448,2021-03-28,Completed,Credit Card,14.99
14846,1507,2021-01-03,Completed,PayPal,0.0
14847,4528,2023-06-03,Completed,Debit Card,0.0
14848,4234,2023-03-17,Completed,PayPal,5.99
14849,3260,2022-12-13,Completed,Credit Card,14.99
14850,2840,2021-12-06,Completed,Debit Card,5.99
14851,4425,2024-01-29,Completed,Credit Card,5.99
14852,182,2022-11-11,Completed,Debit Card,5.99
14853,4041,2022-02-15,Completed,Credit Card,0.0
14854,1519,2021-04-13,Completed,Debit Card,5.99
14855,176,2021-03-06,Completed,Credit Card,5.99
14856,458,2022-06-18,Completed,Credit Card,14.99
14857,4567,2022-11-03,Completed,Debit Card,0.0
14858,185,2023-02-06,Completed,Debit Card,5.99
14859,2913,2023-08-20,Returned,Debit Card,5.99
14860,3743,2023-11-09,Completed,Debit Card,5.99
14861,170,2023-03-31,Completed,Cash,5.99
14862,659,2023-12-30,Pending,Cash,5.99
14863,4669,2022-11-19,Completed,Credit Card,0.0
14864,4078,2022-01-09,Returned,Credit Card,9.99
14865,2337,2021-11-04,Completed,Debit Card,5.99
14866,1723,2021-11-07,Completed,Credit Card,5.99
14867,2637,2021-09-16,Completed,Credit Card,5.99
14868,3657,2021-04-18,Completed,Credit Card,5.99
14869,2634,2021-02-07,Completed,Credit Card,9.99
14870,1204,2023-02-28,Completed,Debit Card,5.99
14871,1056,2022-12-11,Completed,Credit Card,0.0
14872,2705,2023-09-07,Completed,Credit Card,5.99
14873,2817,2023-07-15,Completed,PayPal,0.0
14874,3061,2022-09-19,Completed,PayPal,5.99
14875,3455,2021-08-25,Completed,PayPal,5.99
14876,4098,2022-09-01,Completed,Credit Card,0.0
14877,201,2022-07-12,Completed,Credit Card,9.99
14878,4483,2021-10-05,Completed,Credit Card,0.0
14879,2200,2021-04-26,Completed,Credit Card,14.99
14880,3477,2021-06-19,Completed,Credit Card,0.0
14881,4914,2023-11-06,Pending,PayPal,14.99
14882,109,2021-01-06,Completed,Cash,5.99
14883,12,2022-03-08,Completed,PayPal,0.0
14884,852,2022-08-08,Completed,Debit Card,0.0
14885,2781,2021-10-22,Completed,Debit Card,0.0
14886,4605,2021-01-03,Completed,PayPal,0.0
14887,912,2023-02-15,Returned,Cash,0.0
14888,1047,2024-01-31,Completed,Debit Card,5.99
14889,1730,2023-08-15,Completed,Credit Card,0.0
14890,3115,2021-12-21,Cancelled,Credit Card,5.99
14891,1249,2021-05-19,Completed,Debit Card,5.99
14892,2239,2023-10-21,Completed,Credit Card,5.99
14893,1534,2021-02-26,Completed,Cash,0.0
14894,2404,2022-07-29,Completed,Debit Card,14.99
14895,2339,2023-05-29,Completed,Debit Card,5.99
14896,3961,2023-05-06,Completed,Credit Card,5.99
14897,305,2023-12-12,Completed,Credit Card,0.0
14898,39,2023-08-26,Completed,Credit Card,5.99
14899,1110,2021-02-26,Pending,Debit Card,5.99
14900,2826,2021-09-05,Completed,Credit Card,14.99
14901,952,2023-09-29,Completed,Cash,9.99
14902,4688,2023-03-06,Completed,Debit Card,5.99
14903,326,2021-10-18,Completed,Debit Card,9.99
14904,3221,2021-09-12,Completed,Cash,5.99
14905,3674,2021-06-15,Completed,Cash,0.0
14906,1139,2023-06-08,Completed,Credit Card,9.99
14907,2526,2023-09-18,Completed,PayPal,0.0
14908,2207,2021-08-11,Completed,Credit Card,5.99
14909,3482,2021-10-28,Cancelled,Credit Card,0.0
14910,415,2022-04-27,Completed,Credit Card,5.99
14911,2946,2021-03-25,Completed,Debit Card,5.99
14912,3876,2022-06-28,Completed,Credit Card,5.99
14913,3970,2023-03-09,Completed,Debit Card,5.99
14914,1306,2022-12-04,Completed,Debit Card,5.99
14915,2354,2023-11-06,Completed,Debit Card,14.99
14916,4364,2022-04-08,Completed,Credit Card,5.99
14917,3926,2023-03-25,Completed,PayPal,9.99
14918,3969,2023-01-18,Completed,Debit Card,9.99
14919,2367,2024-01-10,Cancelled,Credit Card,0.0
14920,3753,2021-01-05,Pending,Cash,9.99
14921,3165,2021-07-16,Completed,Credit Card,5.99
14922,1990,2023-04-13,Completed,Debit Card,0.0
14923,446,2023-05-01,Completed,Debit Card,0.0
14924,4354,2023-01-04,Completed,Credit Card,9.99
14925,1742,2024-01-23,Completed,Credit Card,0.0
14926,2731,2021-07-28,Completed,PayPal,0.0
14927,3601,2022-04-06,Returned,Credit Card,5.99
14928,1082,2023-05-15,Completed,Credit Card,5.99
14929,4396,2023-04-15,Pending,Debit Card,5.99
14930,4942,2021-12-02,Returned,Debit Card,0.0
14931,243,2021-12-09,Completed,Debit Card,0.0
14932,775,2021-11-10,Completed,PayPal,5.99
14933,466,2021-03-20,Completed,Credit Card,5.99
14934,303,2024-01-18,Completed,Debit Card,9.99
14935,3421,2023-02-10,Completed,Debit Card,5.99
14936,2047,2021-05-09,Completed,Credit Card,14.99
14937,2188,2021-02-26,Completed,Cash,0.0
14938,3770,2021-10-13,Completed,PayPal,5.99
14939,2519,2021-07-25,Completed,Credit Card,5.99
14940,660,2022-05-02,Completed,Debit Card,9.99
14941,4137,2021-02-12,Completed,Debit Card,14.99
14942,118,2023-01-15,Completed,Credit Card,5.99
14943,2164,2021-02-20,Returned,PayPal,5.99
14944,1103,2023-02-20,Completed,Debit Card,9.99
14945,374,2022-04-29,Completed,Debit Card,0.0
14946,1262,2022-06-17,Completed,Credit Card,0.0
14947,1286,2023-09-21,Completed,Credit Card,5.99
14948,1596,2022-02-02,Completed,Credit Card,0.0
14949,127,2022-08-27,Completed,Debit Card,5.99
14950,2589,2023-12-21,Completed,Debit Card,14.99
14951,4618,2024-01-26,Completed,Credit Card,5.99
14952,3906,2021-05-28,Returned,Credit Card,9.99
14953,2821,2022-06-29,Completed,Credit Card,0.0
14954,3742,2023-03-24,Completed,Debit Card,5.99
14955,2042,2021-01-13,Completed,Debit Card,0.0
14956,1760,2021-10-25,Returned,Credit Card,5.99
14957,3545,2022-06-17,Completed,Credit Card,0.0
14958,4549,2023-06-29,Cancelled,Credit Card,9.99
14959,1534,2022-09-11,Completed,Credit Card,5.99
14960,4107,2021-02-01,Completed,PayPal,5.99
14961,3934,2023-08-18,Completed,Credit Card,0.0
14962,3098,2022-09-12,Completed,Credit Card,0.0
14963,2820,2022-03-02,Completed,Debit Card,5.99
14964,3681,2022-09-29,Pending,Cash,9.99
14965,2949,2022-10-01,Completed,Cash,5.99
14966,2927,2022-08-07,Completed,Cash,5.99
14967,2843,2021-08-20,Completed,Debit Card,9.99
14968,1137,2023-08-15,Completed,Debit Card,0.0
14969,2719,2023-01-26,Completed,PayPal,5.99
14970,4170,2023-02-11,Completed,PayPal,5.99
14971,3389,2023-05-30,Completed,Cash,0.0
14972,4567,2023-03-01,Completed,Credit Card,14.99
14973,2653,2021-07-02,Completed,Credit Card,5.99
14974,3148,2023-03-27,Cancelled,Credit Card,0.0
14975,4429,2022-01-16,Completed,Debit Card,0.0
14976,2950,2021-06-29,Cancelled,PayPal,5.99
14977,201,2022-04-01,Completed,PayPal,5.99
14978,3492,2021-12-15,Completed,Credit Card,14.99
14979,3150,2022-04-28,Completed,Credit Card,5.99
14980,2191,2022-01-05,Completed,Cash,5.99
14981,4104,2023-02-04,Cancelled,Credit Card,0.0
14982,3908,2021-01-21,Completed,Credit Card,0.0
14983,4302,2021-08-23,Completed,Debit Card,5.99
14984,1375,2023-09-17,Completed,Credit Card,9.99
14985,3284,2023-02-27,Completed,Credit Card,5.99
14986,2539,2021-06-18,Cancelled,Credit Card,5.99
14987,4180,2021-03-23,Completed,Credit Card,5.99
14988,3875,2022-02-02,Completed,Debit Card,5.99
14989,914,2021-10-03,Completed,Credit Card,0.0
14990,1837,2021-07-29,Pending,Credit Card,9.99
14991,369,2023-03-14,Completed,Credit Card,5.99
14992,421,2022-11-27,Completed,PayPal,5.99
14993,441,2023-10-26,Completed,Credit Card,5.99
14994,1440,2021-01-10,Completed,Credit Card,0.0
14995,2814,2023-07-31,Pending,Credit Card,5.99
14996,2887,2021-11-04,Cancelled,Credit Card,5.99
14997,2140,2023-02-15,Completed,Credit Card,0.0
14998,3320,2023-09-02,Completed,Debit Card,9.99
14999,2172,2021-03-11,Completed,Cash,5.99
15000,2790,2022-11-11,Completed,Cash,9.99
994,3012,2023-04-26,Completed,Credit Card,5.99
12778,4332,2022-03-05,Completed,Debit Card,14.99
5638,3693,2023-06-12,Completed,Cash,0.0
1263,1586,2022-04-08,Completed,Cash,5.99
8385,2141,2021-11-01,Completed,Debit Card,5.99
2866,36,2022-02-09,Returned,Debit Card,9.99
909,1606,2021-02-03,Completed,Credit Card,14.99
8638,4508,2021-08-25,Completed,Credit Card,5.99
10461,3506,2021-07-20,Completed,Debit Card,5.99
627,3384,2021-05-26,Completed,Cash,0.0
9051,2251,2022-01-21,Completed,Credit Card,0.0
6782,2347,2021-08-06,Completed,Debit Card,14.99
1866,4915,2023-10-30,Completed,Cash,0.0
13236,3383,2023-05-03,Completed,Credit Card,9.99
7404,4827,2021-06-04,Completed,Credit Card,0.0
8411,1552,2023-04-25,Completed,PayPal,0.0
35,2440,2023-06-22,Completed,Credit Card,9.99
8623,2374,2022-01-05,Completed,PayPal,9.99
8101,3928,2023-12-09,Completed,Credit Card,5.99
1819,925,2022-03-28,Cancelled,Cash,0.0
3273,4826,2023-02-11,Completed,Debit Card,0.0
5573,279,2023-10-03,Completed,Credit Card,0.0
3670,2665,2021-07-17,Completed,Debit Card,0.0
8492,4338,2021-08-28,Completed,Credit Card,0.0
11772,4870,2023-09-03,Cancelled,Credit Card,0.0
5029,3579,2022-02-12,Completed,Credit Card,9.99
7248,874,2021-01-03,Completed,Credit Card,0.0
14125,2419,2022-01-06,Completed,Debit Card,0.0
3216,1396,2021-01-01,Completed,Credit Card,0.0
2451,2002,2021-07-31,Completed,Credit Card,9.99
4345,320,2022-03-31,Completed,Debit Card,0.0
2540,1127,2022-11-18,Completed,Credit Card,5.99
14848,4234,2023-03-17,Completed,PayPal,5.99
975,18,2022-06-20,Completed,Credit Card,0.0
14561,1465,2022-08-27,Completed,Debit Card,0.0
14599,895,2023-11-14,Completed,Credit Card,9.99
11321,3223,2022-06-22,Cancelled,Credit Card,0.0
5866,304,2021-03-09,Returned,Credit Card,14.99
7607,2396,2021-06-27,Completed,Debit Card,5.99
970,3047,2022-10-01,Completed,Debit Card,14.99
12236,3972,2022-12-20,Completed,Credit Card,5.99
3659,3785,2022-05-26,Completed,PayPal,5.99
7059,3260,2021-10-05,Completed,Credit Card,0.0
5961,1440,2021-11-26,Completed,PayPal,5.99
9318,3460,2022-09-30,Completed,Debit Card,9.99
12558,2852,2022-09-30,Completed,Credit Card,5.99
6129,493,2021-03-17,Completed,Debit Card,0.0
9511,3822,2022-05-29,Pending,PayPal,9.99
3061,1312,2021-09-05,Completed,Debit Card,5.99
5177,2471,2022-03-05,Completed,Cash,0.0
7835,4319,2023-02-27,Completed,PayPal,9.99
422,88,2023-02-09,Completed,PayPal,5.99
8070,3674,2023-03-28,Completed,Debit Card,5.99
11924,662,2023-04-08,Completed,Debit Card,9.99
3062,2284,2023-07-17,Completed,Debit Card,14.99
12935,1544,2024-01-11,Completed,Debit Card,5.99
14498,4591,2022-01-20,Pending,PayPal,5.99
7856,1992,2023-08-26,Completed,PayPal,9.99
13797,2194,2023-04-03,Completed,Credit Card,5.99
10718,2116,2023-05-10,Completed,Credit Card,14.99
12168,4779,2021-11-01,Returned,PayPal,9.99
9426,2566,2021-09-05,Completed,PayPal,0.0
2575,2549,2021-06-08,Completed,Credit Card,9.99
9853,3071,2022-12-18,Completed,Credit Card,14.99
31,4550,2023-03-18,Completed,PayPal,9.99
11465,431,2021-05-15,Completed,PayPal,5.99
4290,3843,2022-12-26,Completed,Credit Card,9.99
11607,2544,2023-10-21,Completed,Credit Card,0.0
7053,1927,2022-12-01,Completed,Credit Card,9.99
12221,3149,2021-01-12,Completed,PayPal,5.99
9439,1067,2021-02-23,Completed,Debit Card,0.0
12208,4580,2022-12-12,Completed,Credit Card,9.99
10082,3154,2023-02-28,Completed,Cash,0.0
8816,684,2023-12-19,Completed,Debit Card,14.99
12392,844,2022-08-28,Cancelled,Credit Card,0.0
