item_id,order_id,product_id,quantity,discount_percent
1,1,19,1,25
2,1,113,2,0
3,2,167,2,15
4,2,14,2,25
5,2,111,1,15
6,3,126,1,15
7,3,177,4,5
8,4,128,1,5
9,4,38,3,0
10,4,10,2,15
11,4,42,1,0
12,5,137,2,0
13,5,141,2,5
14,5,5,5,0
15,5,78,2,25
16,6,32,5,5
17,6,138,3,0
18,6,85,2,0
19,6,174,1,25
20,7,133,5,5
21,7,59,1,15
22,7,60,1,5
23,8,151,4,5
24,8,146,5,20
25,9,121,2,20
26,9,116,4,0
27,9,54,1,10
28,9,37,2,20
29,10,121,4,20
30,10,6,5,0
31,10,4,4,25
32,11,190,4,20
33,12,110,3,5
34,12,184,4,15
35,12,189,1,20
36,13,119,5,10
37,13,39,3,5
38,13,197,5,20
39,13,17,2,20
40,14,83,3,0
41,14,58,1,25
42,14,118,3,10
43,14,138,3,25
44,15,32,5,10
45,15,65,3,5
46,16,172,2,5
47,17,67,3,0
48,18,45,3,25
49,18,143,5,10
50,18,85,1,0
51,18,135,5,20
52,19,39,1,15
53,19,25,1,20
54,20,171,4,10
55,21,138,3,5
56,21,21,3,20
57,22,162,5,15
58,22,74,4,25
59,22,3,5,25
60,22,115,2,10
61,23,65,4,15
62,23,128,3,5
63,23,131,5,0
64,24,191,4,15
65,24,138,2,10
66,24,49,2,10
67,24,121,5,0
68,24,184,1,0
69,25,170,1,15
70,25,39,1,20
71,25,134,5,15
72,26,66,3,15
73,26,149,2,0
74,27,108,5,25
75,28,23,3,25
76,28,173,1,15
77,28,74,5,0
78,29,183,5,0
79,29,127,1,25
80,30,70,3,10
81,31,30,5,25
82,31,97,3,20
83,32,47,2,25
84,32,7,4,25
85,33,109,1,20
86,33,4,1,15
87,34,168,3,20
88,34,76,2,10
89,35,42,3,15
90,35,119,1,20
91,35,56,1,15
92,35,183,3,15
93,36,51,5,0
94,37,198,5,15
95,37,91,2,10
96,38,137,5,20
97,39,53,2,25
98,39,70,2,10
99,39,171,5,25
100,40,93,1,5
101,40,49,2,0
102,41,184,4,25
103,41,153,3,10
104,42,51,2,5
105,42,47,3,15
106,43,146,2,10
107,44,92,1,15
108,44,158,4,20
109,45,133,2,25
110,46,128,4,15
111,47,41,1,10
112,47,59,5,15
113,48,31,5,20
114,48,141,3,5
115,48,120,1,25
116,49,97,5,15
117,49,81,4,10
118,49,91,3,25
119,49,56,5,5
120,49,134,3,0
121,50,53,3,15
122,51,111,5,15
123,51,77,3,25
124,52,69,3,0
125,52,107,4,20
126,52,153,5,25
127,52,77,2,10
128,53,56,2,20
129,53,49,4,20
130,54,60,1,25
131,55,142,1,0
132,55,26,5,15
133,55,45,1,25
134,55,49,5,20
135,56,187,2,25
136,56,5,2,0
137,57,178,1,10
138,57,110,3,15
139,58,43,2,20
140,59,110,1,15
141,59,188,1,0
142,60,140,4,0
143,61,149,1,5
144,62,197,4,25
145,63,70,1,25
146,63,106,5,10
147,64,139,1,10
148,64,191,1,20
149,64,80,1,10
150,65,165,4,15
151,65,62,3,0
152,65,61,1,20
153,66,136,3,20
154,66,118,3,0
155,67,100,2,5
156,67,43,5,10
157,67,91,4,5
158,67,59,4,15
159,68,170,1,5
160,68,58,3,5
161,69,187,1,15
162,69,162,5,25
163,69,35,1,0
164,70,143,2,20
165,71,147,1,5
166,71,8,3,0
167,72,6,2,15
168,72,22,5,0
169,73,91,5,0
170,74,68,4,25
171,74,148,4,25
172,74,14,3,15
173,74,36,2,5
174,74,10,5,10
175,75,118,5,25
176,75,182,4,15
177,75,132,5,10
178,76,186,3,5
179,76,67,4,10
180,76,84,5,5
181,76,157,3,10
182,77,104,2,15
183,77,54,2,5
184,78,3,1,5
185,79,187,1,10
186,79,117,1,15
187,80,171,4,5
188,80,61,3,25
189,80,46,3,5
190,81,191,1,0
191,81,33,5,25
192,81,23,5,10
193,82,4,1,0
194,82,23,2,20
195,82,89,2,0
196,82,125,5,0
197,83,138,4,25
198,83,169,3,0
199,83,78,4,10
200,83,107,4,25
201,83,61,4,0
202,84,127,1,25
203,84,67,2,25
204,84,169,4,5
205,84,196,4,25
206,84,95,1,10
207,85,61,3,5
208,85,83,3,25
209,85,68,4,25
210,85,43,2,5
211,86,175,5,25
212,86,77,4,15
213,86,100,1,0
214,86,157,4,10
215,86,199,5,0
216,87,148,1,25
217,87,40,4,0
218,88,156,2,10
219,89,143,1,10
220,90,26,3,0
221,90,140,3,20
222,91,77,1,0
223,91,80,5,20
224,92,103,3,15
225,92,2,5,10
226,93,99,5,10
227,93,70,3,20
228,94,81,4,25
229,95,180,5,15
230,95,119,3,10
231,96,110,1,5
232,96,63,3,0
233,97,12,1,25
234,97,84,2,5
235,98,157,1,10
236,98,7,1,10
237,98,7,4,15
238,99,43,5,25
239,99,70,2,0
240,100,26,2,25
241,100,28,4,5
242,101,199,2,0
243,101,152,3,5
244,101,66,2,5
245,101,7,5,5
246,102,77,1,25
247,103,154,5,25
248,104,93,4,15
249,105,187,5,15
250,105,55,3,0
251,106,172,2,15
252,106,39,2,0
253,106,184,4,5
254,106,81,4,0
255,107,164,2,15
256,108,189,1,20
257,108,114,4,10
258,108,148,4,20
259,109,152,3,5
260,109,191,3,5
261,109,83,5,10
262,110,64,3,10
263,110,163,5,20
264,110,88,1,10
265,111,70,1,10
266,111,64,4,0
267,111,74,2,20
268,111,127,2,10
269,112,61,1,20
270,113,132,3,20
271,113,194,4,25
272,114,9,4,10
273,114,167,1,10
274,114,77,2,10
275,115,192,1,20
276,116,174,4,20
277,117,50,2,15
278,117,85,4,20
279,118,175,1,0
280,118,84,3,0
281,118,136,5,0
282,119,110,2,20
283,119,87,5,10
284,119,86,3,10
285,120,2,3,25
286,120,170,2,20
287,121,100,3,5
288,121,124,1,10
289,121,122,4,25
290,121,129,1,20
291,122,142,3,15
292,122,141,2,10
293,122,14,3,0
294,123,135,2,10
295,123,79,1,5
296,123,118,3,10
297,124,68,4,25
298,125,14,1,10
299,125,46,5,10
300,126,6,2,25
301,126,52,4,20
302,127,63,4,20
303,127,58,3,0
304,127,40,1,0
305,127,8,3,10
306,127,77,5,20
307,128,11,3,15
308,128,7,4,10
309,128,49,3,25
310,129,149,2,0
311,129,159,4,15
312,129,112,2,10
313,130,155,1,15
314,131,97,1,10
315,132,191,3,15
316,132,116,2,25
317,132,148,1,10
318,133,92,3,25
319,133,76,2,15
320,134,48,2,5
321,135,21,5,25
322,135,55,1,25
323,136,40,1,25
324,137,12,5,0
325,137,31,1,5
326,138,139,4,15
327,139,49,5,0
328,139,9,4,25
329,140,128,5,20
330,140,133,1,20
331,140,177,4,20
332,141,199,4,0
333,141,178,4,15
334,141,111,5,25
335,141,130,3,5
336,141,51,1,15
337,142,83,1,20
338,142,139,2,5
339,142,137,1,25
340,142,47,4,5
341,142,76,5,25
342,143,12,1,10
343,143,14,3,10
344,144,52,5,5
345,145,72,4,20
346,145,133,5,20
347,145,68,4,25
348,145,63,5,10
349,146,64,5,10
350,146,55,4,5
351,147,95,5,0
352,147,24,3,5
353,148,171,3,20
354,148,73,5,15
355,148,40,1,0
356,149,53,2,5
357,150,10,2,0
358,150,29,5,5
359,150,98,5,15
360,150,16,1,15
361,150,59,5,10
362,151,83,3,10
363,151,91,1,10
364,151,25,5,0
365,151,181,4,25
366,152,97,1,10
367,152,41,4,15
368,152,36,3,10
369,152,59,4,15
370,153,123,1,10
371,153,162,1,0
372,153,5,5,0
373,154,14,2,25
374,154,101,3,20
375,154,27,2,10
376,155,169,5,15
377,155,67,5,20
378,155,92,4,10
379,155,36,3,5
380,155,126,3,25
381,156,55,1,15
382,156,126,5,0
383,157,2,3,5
384,157,114,2,10
385,158,105,3,15
386,158,58,2,15
387,159,51,3,5
388,159,79,5,20
389,159,156,1,20
390,159,16,1,0
391,159,7,2,10
392,160,46,1,0
393,160,34,4,15
394,160,97,1,15
395,161,102,2,10
396,162,172,5,10
397,162,195,4,20
398,162,121,3,10
399,163,29,1,5
400,163,188,5,10
401,163,129,3,5
402,164,24,4,25
403,164,45,4,10
404,164,197,2,0
405,164,182,5,10
406,164,15,3,15
407,165,143,5,25
408,165,23,2,15
409,165,123,1,15
410,165,18,4,20
411,166,76,5,25
412,166,129,5,20
413,166,165,1,25
414,167,40,4,5
415,167,177,5,25
416,168,33,4,20
417,169,79,1,10
418,169,90,3,0
419,169,152,4,5
420,169,196,2,5
421,169,12,5,20
422,170,123,1,5
423,170,132,2,25
424,170,71,2,20
425,171,140,3,25
426,171,40,4,0
427,171,75,5,15
428,172,161,2,10
429,172,79,3,15
430,172,54,3,15
431,172,67,4,10
432,173,146,4,10
433,174,146,1,5
434,174,26,1,0
435,175,19,3,5
436,175,43,1,25
437,175,136,1,10
438,176,194,5,10
439,176,139,5,0
440,176,42,2,15
441,177,187,5,20
442,178,106,4,0
443,178,131,5,5
444,178,60,2,5
445,178,96,1,0
446,178,64,5,10
447,179,182,2,5
448,180,83,3,20
449,181,175,3,10
450,181,116,1,5
451,181,21,4,15
452,181,140,1,0
453,182,23,2,5
454,182,72,4,0
455,183,124,2,0
456,184,131,1,10
457,184,21,3,5
458,184,58,4,10
459,184,113,3,25
460,185,88,3,10
461,185,167,1,15
462,185,195,2,25
463,185,50,1,0
464,185,105,3,25
465,186,68,5,15
466,186,101,3,15
467,187,136,1,10
468,187,189,5,0
469,188,108,4,10
470,188,86,1,15
471,188,38,5,15
472,189,65,2,0
473,189,197,2,15
474,190,14,1,15
475,191,24,3,15
476,191,41,2,25
477,192,33,5,25
478,192,73,3,5
479,192,26,5,15
480,193,181,3,0
481,193,99,3,10
482,194,26,5,25
483,194,4,3,10
484,194,3,1,20
485,195,84,2,20
486,195,189,1,25
487,196,170,5,10
488,197,197,2,0
489,197,200,4,20
490,197,102,1,25
491,197,158,5,0
492,197,162,5,15
493,198,152,5,20
494,199,110,3,25
495,199,148,1,5
496,199,26,1,20
497,199,128,1,25
498,200,134,4,20
499,201,190,1,10
500,201,115,3,25
501,201,150,1,15
502,201,125,1,15
503,201,83,4,15
504,202,13,5,20
505,202,111,4,15
506,202,140,5,10
507,202,31,4,20
508,202,46,1,5
509,203,143,3,5
510,204,168,5,10
511,204,120,5,10
512,204,16,1,10
513,205,74,1,25
514,206,95,1,15
515,206,132,5,20
516,206,88,1,0
517,206,140,5,25
518,206,24,1,15
519,207,174,4,20
520,207,126,2,10
521,207,131,1,20
522,208,199,3,0
523,209,179,3,20
524,210,104,4,15
525,210,96,4,25
526,210,26,4,20
527,210,82,3,0
528,210,36,2,0
529,211,52,3,5
530,211,176,4,20
531,211,51,5,25
532,211,200,4,20
533,211,159,3,15
534,212,25,2,25
535,212,163,5,10
536,212,119,1,0
537,213,28,4,20
538,213,75,3,0
539,213,161,2,5
540,214,188,3,25
541,214,16,2,5
542,215,133,4,20
543,215,158,2,0
544,215,52,5,0
545,215,76,4,15
546,216,14,3,0
547,216,147,4,25
548,216,48,4,5
549,216,145,2,5
550,217,90,5,25
551,217,92,2,15
552,217,110,2,0
553,217,2,5,20
554,217,93,2,5
555,218,184,4,5
556,218,113,2,0
557,218,111,4,15
558,219,95,3,20
559,220,166,1,10
560,220,148,4,5
561,220,5,2,15
562,220,83,2,15
563,221,199,3,10
564,222,177,1,20
565,223,197,5,5
566,223,2,4,20
567,224,36,5,10
568,225,133,1,15
569,226,14,3,20
570,226,177,4,15
571,226,39,5,10
572,226,35,4,25
573,227,159,1,20
574,227,18,4,5
575,227,116,5,20
576,227,200,1,0
577,227,69,4,5
578,228,1,2,25
579,229,187,5,20
580,229,143,2,5
581,229,149,4,20
582,229,125,1,20
583,230,113,4,0
584,230,18,3,25
585,230,44,3,25
586,231,45,3,10
587,231,64,1,0
588,232,33,5,20
589,232,56,2,0
590,232,6,2,15
591,232,121,3,0
592,233,10,5,5
593,234,187,3,25
594,235,188,3,5
595,235,128,1,20
596,235,132,2,0
597,236,178,5,0
598,236,140,1,5
599,236,199,3,5
600,237,8,4,0
601,237,78,5,20
602,237,165,2,0
603,237,85,3,10
604,238,7,5,5
605,238,127,3,25
606,238,154,5,25
607,238,102,5,10
608,238,142,1,20
609,239,127,3,20
610,239,142,3,15
611,240,168,4,10
612,240,140,2,5
613,240,49,2,20
614,240,103,3,5
615,240,86,1,10
616,241,105,3,15
617,241,24,4,10
618,241,36,4,10
619,242,140,5,10
620,243,14,4,15
621,243,22,2,10
622,244,89,1,0
623,244,18,4,25
624,245,10,1,5
625,246,164,3,25
626,246,30,5,0
627,247,26,4,0
628,248,117,4,5
629,249,190,1,0
630,249,150,4,20
631,250,167,2,15
632,250,188,2,0
633,250,97,5,10
634,250,121,2,25
635,250,5,2,0
636,251,98,2,0
637,251,80,1,0
638,252,152,2,10
639,252,66,2,5
640,252,150,3,25
641,252,77,1,25
642,253,89,4,20
643,253,180,4,10
644,253,38,5,15
645,253,191,1,25
646,253,126,2,10
647,254,195,4,5
648,255,126,2,0
649,255,135,5,20
650,255,126,1,15
651,256,13,3,10
652,256,100,2,0
653,257,54,4,10
654,257,74,3,15
655,257,19,5,20
656,258,20,4,25
657,258,123,2,10
658,258,179,2,25
659,258,19,3,5
660,259,24,1,10
661,259,7,4,25
662,259,143,1,5
663,259,112,4,10
664,259,153,2,20
665,260,3,4,0
666,260,50,5,5
667,260,145,3,5
668,260,119,1,25
669,261,57,3,5
670,261,77,4,0
671,262,107,3,25
672,262,172,5,5
673,262,33,2,10
674,262,178,4,0
675,263,108,3,0
676,263,8,3,20
677,264,181,5,10
678,265,42,3,0
679,266,69,2,25
680,267,72,3,15
681,268,79,4,15
682,268,56,5,15
683,268,21,5,0
684,269,24,2,25
685,269,12,4,5
686,269,62,3,15
687,270,92,5,20
688,270,183,4,20
689,270,70,5,15
690,271,81,4,15
691,272,92,4,10
692,272,97,4,15
693,272,97,4,15
694,272,66,5,25
695,273,24,2,10
696,274,180,5,0
697,274,101,5,25
698,275,72,1,5
699,275,43,3,5
700,275,42,1,15
701,275,180,3,25
702,276,91,2,25
703,276,35,3,25
704,276,74,2,0
705,276,79,4,0
706,277,4,1,10
707,278,147,5,5
708,278,81,5,0
709,278,14,3,20
710,279,26,5,20
711,279,50,4,10
712,280,20,3,15
713,280,149,1,10
714,280,153,1,20
715,280,59,4,15
716,280,91,2,20
717,281,118,5,0
718,282,10,3,15
719,282,138,2,10
720,282,24,1,20
721,282,13,4,10
722,282,10,5,10
723,283,16,2,10
724,283,70,3,0
725,284,54,4,10
726,284,10,2,25
727,285,179,5,10
728,285,45,2,25
729,285,12,5,10
730,285,150,3,0
731,285,49,1,5
732,286,194,1,10
733,286,87,5,10
734,287,148,5,25
735,287,95,5,5
736,287,69,1,20
737,287,178,4,0
738,287,111,4,10
739,288,83,2,15
740,289,12,1,20
741,289,23,1,25
742,290,121,1,5
743,290,34,5,0
744,290,172,2,5
745,290,178,3,5
746,291,138,2,15
747,292,19,3,10
748,293,179,5,0
749,293,121,5,5
750,293,19,4,10
751,294,19,3,20
752,295,31,1,0
753,295,76,4,20
754,295,128,2,15
755,295,30,1,15
756,296,61,4,0
757,296,45,1,10
758,296,54,5,10
759,296,90,1,5
760,296,93,3,25
761,297,150,5,15
762,297,119,2,0
763,298,51,1,5
764,298,31,2,0
765,298,185,2,10
766,298,51,3,25
767,299,171,4,15
768,299,179,4,5
769,299,155,1,5
770,300,178,4,5
771,300,21,3,5
772,301,152,3,10
773,301,4,4,0
774,302,20,3,15
775,302,187,1,25
776,302,34,1,10
777,303,184,5,10
778,303,153,5,10
779,303,66,4,10
780,303,57,5,5
781,303,109,1,0
782,304,123,3,20
783,304,28,2,25
784,305,49,3,5
785,305,55,2,15
786,305,160,3,0
787,306,114,3,0
788,306,129,1,25
789,306,1,4,25
790,306,90,4,10
791,307,138,2,10
792,307,84,3,20
793,307,189,2,20
794,308,110,5,25
795,308,97,1,5
796,309,51,3,20
797,310,125,5,0
798,310,87,1,15
799,311,53,1,25
800,311,189,5,0
801,312,124,2,20
802,313,65,5,10
803,313,99,2,15
804,314,110,4,15
805,314,50,1,5
806,314,194,5,25
807,314,104,2,25
808,315,133,4,5
809,315,53,5,20
810,315,118,3,10
811,316,126,1,0
812,317,172,1,5
813,317,22,3,5
814,317,182,3,20
815,318,191,2,20
816,319,59,5,10
817,319,42,4,5
818,319,132,2,20
819,319,131,1,10
820,320,107,3,25
821,320,160,4,0
822,320,76,1,5
823,320,143,4,10
824,320,79,4,15
825,321,5,4,10
826,321,139,1,5
827,321,62,3,15
828,321,134,2,20
829,321,151,2,10
830,322,191,3,5
831,322,60,3,0
832,322,104,5,20
833,322,80,2,20
834,322,64,5,5
835,323,171,5,15
836,323,7,4,25
837,323,38,4,5
838,323,139,2,5
839,324,159,1,20
840,324,36,5,10
841,324,121,5,25
842,325,169,4,10
843,326,91,3,10
844,326,108,1,5
845,326,170,1,25
846,327,163,5,15
847,327,130,4,10
848,327,150,2,15
849,327,153,5,10
850,327,133,1,25
851,328,46,5,25
852,328,106,3,10
853,329,73,5,5
854,329,118,4,0
855,329,145,3,20
856,330,21,1,20
857,331,192,5,10
858,331,29,2,15
859,331,77,3,25
860,331,115,4,5
861,331,149,1,0
862,332,139,5,10
863,333,80,1,25
864,334,198,1,10
865,334,115,1,20
866,335,46,2,0
867,335,176,5,15
868,335,29,4,25
869,336,37,3,20
870,336,140,2,25
871,337,170,5,10
872,337,177,3,25
873,338,44,4,0
874,338,164,5,0
875,338,68,3,10
876,338,157,1,5
877,339,139,5,20
878,339,96,1,5
879,340,28,4,10
880,340,193,3,15
881,340,96,4,25
882,341,191,2,15
883,342,88,1,20
884,342,56,4,0
885,343,78,4,0
886,343,182,2,5
887,343,117,1,25
888,343,177,2,10
889,344,6,4,20
890,344,48,1,25
891,345,36,1,5
892,346,95,5,0
893,347,200,2,20
894,348,162,4,20
895,348,170,3,0
896,349,160,4,25
897,349,47,3,10
898,349,39,3,0
899,350,94,3,20
900,350,145,4,5
901,350,60,3,20
902,350,17,5,25
903,350,160,5,20
904,351,81,3,5
905,352,44,5,5
906,353,157,4,15
907,353,9,2,10
908,354,162,5,20
909,354,73,3,20
910,354,82,3,10
911,355,35,2,0
912,356,83,3,25
913,357,129,4,5
914,357,148,1,5
915,357,154,5,25
916,357,177,5,15
917,357,115,2,5
918,358,167,3,25
919,358,176,2,15
920,358,8,4,25
921,358,56,2,5
922,358,14,1,25
923,359,20,4,0
924,359,156,3,10
925,359,123,4,5
926,359,34,5,10
927,360,167,1,15
928,361,106,2,0
929,362,90,4,25
930,362,122,3,20
931,362,190,4,5
932,362,128,3,15
933,363,14,2,25
934,363,5,2,15
935,363,101,2,20
936,364,110,1,5
937,364,99,5,15
938,364,30,4,10
939,364,129,3,0
940,365,86,2,0
941,365,137,5,15
942,366,85,5,10
943,367,47,2,20
944,368,132,4,15
945,368,188,1,15
946,368,41,4,10
947,369,107,1,0
948,369,63,3,0
949,370,1,3,20
950,371,143,2,20
951,371,116,1,5
952,371,96,1,15
953,371,23,5,20
954,372,69,5,15
955,373,67,3,0
956,373,6,5,15
957,374,13,4,10
958,374,170,3,0
959,375,178,4,25
960,375,19,2,25
961,376,83,2,10
962,376,108,1,0
963,377,84,3,25
964,377,86,2,10
965,377,162,1,5
966,377,113,5,25
967,378,187,2,0
968,378,30,3,20
969,379,17,1,5
970,379,8,5,25
971,380,59,5,10
972,380,49,1,0
973,380,197,4,25
974,381,159,3,25
975,381,176,1,10
976,381,33,2,5
977,381,68,3,0
978,382,141,5,15
979,382,8,4,0
980,383,190,2,15
981,384,197,4,15
982,385,120,1,25
983,385,144,1,15
984,385,196,1,15
985,386,14,3,25
986,386,16,4,10
987,387,8,3,0
988,387,23,5,5
989,387,46,5,25
990,388,71,1,25
991,389,191,1,25
992,389,76,3,0
993,389,117,5,0
994,390,70,2,20
995,390,145,2,10
996,390,58,1,15
997,390,49,2,10
998,390,111,1,10
999,391,172,3,5
1000,391,40,3,25
1001,392,182,1,0
1002,392,64,3,0
1003,393,76,5,0
1004,393,36,4,25
1005,393,141,5,5
1006,393,99,3,20
1007,393,179,2,10
1008,394,163,2,15
1009,394,62,5,5
1010,394,186,5,15
1011,395,129,5,10
1012,395,105,1,25
1013,395,105,5,10
1014,395,84,4,20
1015,395,162,3,15
1016,396,14,5,5
1017,397,21,5,10
1018,397,126,5,25
1019,397,151,4,10
1020,397,145,1,5
1021,398,162,2,20
1022,398,192,3,10
1023,398,166,5,10
1024,399,158,2,0
1025,399,119,5,10
1026,399,85,4,20
1027,399,68,3,20
1028,399,167,1,25
1029,400,44,2,0
1030,400,123,4,0
1031,400,80,4,10
1032,401,176,1,25
1033,401,173,2,20
1034,402,109,1,0
1035,403,20,5,5
1036,404,114,4,20
1037,404,18,1,20
1038,405,19,5,25
1039,405,154,5,0
1040,406,178,2,15
1041,406,136,1,0
1042,406,29,1,10
1043,406,118,1,20
1044,407,168,3,10
1045,407,179,3,10
1046,407,81,2,25
1047,407,35,3,15
1048,407,121,2,0
1049,408,178,1,20
1050,408,175,3,0
1051,408,23,1,20
1052,408,70,3,25
1053,409,176,2,15
1054,410,91,5,25
1055,410,34,1,15
1056,410,88,3,0
1057,410,77,4,5
1058,411,175,1,0
1059,411,2,5,20
1060,412,139,5,25
1061,412,121,4,10
1062,412,191,1,10
1063,413,62,4,15
1064,413,43,2,5
1065,414,130,3,10
1066,414,110,5,25
1067,414,176,2,0
1068,414,194,3,20
1069,414,60,3,10
1070,415,138,5,0
1071,415,185,1,25
1072,415,127,2,5
1073,415,119,4,25
1074,415,19,5,25
1075,416,156,1,5
1076,417,115,4,15
1077,417,64,1,0
1078,417,3,2,10
1079,417,177,2,15
1080,418,169,3,20
1081,418,57,2,10
1082,419,140,3,0
1083,419,178,3,25
1084,420,18,3,20
1085,420,71,1,25
1086,421,6,4,10
1087,421,111,4,5
1088,421,59,5,15
1089,421,198,5,20
1090,422,138,1,0
1091,422,135,5,5
1092,423,25,1,15
1093,423,97,1,10
1094,423,171,5,10
1095,424,82,5,25
1096,424,163,4,0
1097,424,65,2,10
1098,424,58,4,15
1099,425,105,5,25
1100,426,105,4,25
1101,426,64,2,10
1102,426,70,5,15
1103,426,98,1,15
1104,426,2,2,20
1105,427,163,4,5
1106,428,193,4,5
1107,428,54,5,0
1108,428,93,4,0
1109,429,40,1,15
1110,430,190,4,5
1111,430,155,4,25
1112,431,99,5,25
1113,431,197,2,15
1114,432,59,3,5
1115,432,135,5,0
1116,432,168,3,5
1117,433,102,5,10
1118,434,190,3,10
1119,434,101,1,25
1120,434,168,4,20
1121,434,135,5,10
1122,434,130,5,20
1123,435,62,2,0
1124,435,160,1,25
1125,436,190,2,5
1126,436,188,1,10
1127,436,77,2,0
1128,437,123,5,10
1129,437,54,3,25
1130,437,137,3,15
1131,437,65,3,25
1132,438,4,3,10
1133,438,107,2,10
1134,439,7,3,25
1135,439,197,3,0
1136,439,104,2,0
1137,440,109,4,10
1138,440,25,4,0
1139,441,14,1,5
1140,441,57,4,20
1141,441,5,3,15
1142,442,69,2,0
1143,442,34,1,15
1144,442,173,4,0
1145,443,96,5,0
1146,443,178,5,10
1147,443,108,5,0
1148,443,193,2,25
1149,444,144,5,0
1150,445,161,4,0
1151,445,129,5,20
1152,446,3,4,5
1153,446,71,2,0
1154,446,123,3,5
1155,446,5,5,25
1156,447,114,4,5
1157,448,39,4,20
1158,449,109,4,15
1159,449,58,3,20
1160,449,81,5,25
1161,449,112,1,0
1162,450,189,3,25
1163,450,10,1,20
1164,451,96,5,10
1165,452,195,3,20
1166,453,18,3,25
1167,453,100,3,0
1168,453,112,4,20
1169,453,44,1,5
1170,454,113,1,25
1171,455,155,3,5
1172,455,104,1,15
1173,455,32,5,15
1174,456,121,1,25
1175,457,150,4,20
1176,458,62,4,5
1177,458,7,1,15
1178,458,66,5,25
1179,459,81,3,15
1180,460,21,2,5
1181,460,35,3,20
1182,461,24,5,25
1183,461,105,2,10
1184,461,142,1,5
1185,461,5,1,10
1186,462,175,2,15
1187,462,37,3,25
1188,462,101,5,0
1189,462,172,3,5
1190,462,192,5,25
1191,463,62,1,10
1192,464,143,1,20
1193,464,128,4,5
1194,465,73,1,10
1195,465,110,4,0
1196,466,8,1,0
1197,467,112,1,20
1198,467,89,5,0
1199,467,97,1,20
1200,467,157,2,25
1201,468,39,5,25
1202,468,139,4,10
1203,469,50,4,15
1204,469,199,1,10
1205,469,92,1,25
1206,469,20,5,0
1207,470,144,4,20
1208,470,93,1,5
1209,471,119,3,25
1210,472,52,4,25
1211,472,20,2,10
1212,472,17,3,5
1213,472,195,4,0
1214,472,135,5,25
1215,473,21,2,10
1216,474,17,3,25
1217,474,41,1,5
1218,474,21,5,5
1219,474,55,5,15
1220,475,53,1,0
1221,475,175,4,0
1222,476,61,2,20
1223,476,151,4,20
1224,476,178,3,15
1225,476,59,4,25
1226,476,119,3,15
1227,477,190,3,25
1228,478,27,1,20
1229,478,152,3,10
1230,478,36,1,15
1231,478,33,3,20
1232,478,70,1,5
1233,479,127,4,10
1234,479,150,3,25
1235,479,21,2,5
1236,480,6,5,20
1237,480,66,3,10
1238,481,40,2,10
1239,482,83,3,20
1240,482,181,3,5
1241,482,44,5,10
1242,483,19,3,0
1243,484,61,4,25
1244,485,52,2,10
1245,485,81,5,15
1246,486,28,2,5
1247,487,189,2,25
1248,488,55,1,10
1249,489,110,1,25
1250,489,59,1,0
1251,489,32,2,15
1252,490,36,2,25
1253,491,108,4,25
1254,491,177,5,0
1255,491,131,2,25
1256,492,32,2,25
1257,492,95,2,25
1258,493,39,1,0
1259,493,20,1,20
1260,493,150,1,20
1261,493,141,2,25
1262,493,188,1,20
1263,494,124,5,20
1264,494,55,2,5
1265,494,12,5,25
1266,494,17,2,20
1267,494,167,5,0
1268,495,162,5,20
1269,496,109,1,5
1270,497,5,5,5
1271,497,144,5,15
1272,497,169,5,25
1273,498,31,5,0
1274,499,69,2,5
1275,499,196,3,25
1276,499,133,4,5
1277,500,139,2,10
1278,501,130,5,0
1279,501,93,5,20
1280,502,199,4,15
1281,502,169,5,15
1282,502,129,1,15
1283,503,105,5,15
1284,503,146,1,5
1285,504,72,3,15
1286,504,67,3,5
1287,505,52,3,20
1288,506,136,4,10
1289,507,132,3,0
1290,508,177,5,5
1291,508,176,4,0
1292,509,38,5,0
1293,510,125,3,10
1294,510,38,2,25
1295,510,68,5,20
1296,510,142,1,0
1297,511,78,4,15
1298,512,139,5,20
1299,512,199,2,15
1300,512,49,5,0
1301,512,86,5,15
1302,513,92,5,15
1303,513,107,5,25
1304,514,28,3,0
1305,515,200,2,10
1306,515,138,3,10
1307,515,71,3,5
1308,516,108,4,20
1309,516,49,2,15
1310,517,49,2,10
1311,517,89,4,0
1312,517,130,1,0
1313,517,122,3,20
1314,517,97,4,0
1315,518,181,3,10
1316,518,169,4,15
1317,518,96,5,25
1318,518,69,5,0
1319,519,135,5,25
1320,520,90,4,0
1321,520,13,4,0
1322,520,99,1,0
1323,520,66,1,5
1324,520,43,2,25
1325,521,87,5,15
1326,522,3,4,10
1327,523,134,3,10
1328,524,45,2,20
1329,524,93,1,20
1330,524,172,3,10
1331,525,55,4,0
1332,526,189,3,20
1333,527,132,3,20
1334,527,169,4,25
1335,528,196,1,20
1336,529,28,4,10
1337,529,83,4,25
1338,530,81,4,15
1339,530,134,2,15
1340,530,167,2,15
1341,531,154,1,25
1342,531,10,5,20
1343,532,169,4,5
1344,532,166,1,5
1345,532,109,3,20
1346,533,180,1,15
1347,533,120,3,15
1348,534,113,3,5
1349,535,50,3,0
1350,535,146,4,0
1351,536,83,3,10
1352,536,8,1,25
1353,537,173,2,5
1354,537,50,3,5
1355,537,192,1,15
1356,538,186,2,25
1357,538,125,3,20
1358,538,109,2,0
1359,539,129,5,10
1360,539,61,3,0
1361,539,196,2,15
1362,540,32,1,0
1363,541,85,5,10
1364,542,39,4,5
1365,542,44,2,0
1366,542,12,4,25
1367,543,134,3,15
1368,543,122,5,25
1369,543,141,3,15
1370,544,37,1,10
1371,544,75,2,0
1372,545,192,1,0
1373,545,133,4,15
1374,545,131,2,15
1375,545,43,4,5
1376,545,191,3,0
1377,546,21,5,20
1378,546,24,3,20
1379,546,113,4,25
1380,546,66,1,20
1381,546,20,5,25
1382,547,33,4,0
1383,547,166,3,25
1384,548,27,2,0
1385,548,152,3,20
1386,548,44,5,20
1387,548,196,2,15
1388,548,107,2,10
1389,549,54,5,10
1390,549,111,2,10
1391,550,115,1,20
1392,550,178,5,15
1393,550,164,5,5
1394,550,82,3,15
1395,551,60,4,10
1396,551,86,4,0
1397,551,80,4,5
1398,551,115,3,25
1399,551,191,4,20
1400,552,52,1,25
1401,553,167,5,20
1402,553,7,4,0
1403,553,33,2,5
1404,554,109,4,20
1405,555,27,2,25
1406,556,28,3,10
1407,556,70,2,5
1408,556,113,2,20
1409,557,175,5,15
1410,557,116,1,10
1411,558,174,1,10
1412,559,180,3,20
1413,559,137,4,0
1414,559,56,4,10
1415,559,50,2,5
1416,560,95,5,0
1417,561,103,2,5
1418,562,130,4,15
1419,562,83,3,10
1420,563,185,5,10
1421,563,10,1,10
1422,563,39,1,0
1423,563,176,5,20
1424,564,125,5,25
1425,564,134,5,10
1426,565,118,4,25
1427,565,2,1,25
1428,566,147,4,25
1429,566,107,4,25
1430,566,114,5,5
1431,566,149,5,25
1432,566,48,4,20
1433,567,173,2,15
1434,567,164,1,25
1435,567,127,5,20
1436,567,153,1,25
1437,568,146,4,25
1438,569,175,5,20
1439,570,162,2,0
1440,571,128,5,20
1441,572,61,2,20
1442,572,19,1,0
1443,572,194,2,15
1444,573,34,3,0
1445,574,130,2,0
1446,574,157,3,25
1447,574,39,4,10
1448,574,199,4,15
1449,574,74,3,10
1450,575,106,2,25
1451,575,186,2,5
1452,575,165,3,0
1453,576,94,3,25
1454,576,98,4,25
1455,576,134,5,25
1456,577,74,5,20
1457,578,3,3,20
1458,578,85,3,15
1459,579,74,2,0
1460,579,8,2,20
1461,579,146,2,5
1462,579,78,2,25
1463,579,116,1,10
1464,580,45,3,5
1465,580,174,5,25
1466,580,132,1,0
1467,581,63,4,5
1468,581,169,3,20
1469,582,41,5,20
1470,582,76,1,25
1471,582,147,4,20
1472,582,198,4,10
1473,582,126,2,20
1474,583,176,3,5
1475,583,161,4,10
1476,583,28,2,5
1477,583,4,4,5
1478,583,22,3,20
1479,584,174,5,25
1480,584,13,3,15
1481,585,2,2,5
1482,585,39,3,15
1483,585,167,1,5
1484,585,44,1,5
1485,585,187,2,15
1486,586,137,1,0
1487,586,100,5,10
1488,586,3,5,25
1489,586,105,3,5
1490,587,147,2,20
1491,587,93,3,10
1492,587,11,4,25
1493,588,151,2,5
1494,588,200,1,0
1495,588,177,5,5
1496,588,169,2,10
1497,589,69,5,0
1498,589,57,1,25
1499,590,99,1,0
1500,590,132,3,10
1501,590,169,4,0
1502,590,72,1,20
1503,591,49,4,10
1504,591,1,4,10
1505,591,26,3,0
1506,592,32,5,5
1507,592,47,2,10
1508,592,29,2,25
1509,593,183,2,25
1510,593,188,5,10
1511,593,16,1,0
1512,594,33,2,5
1513,594,50,2,25
1514,595,193,1,5
1515,595,146,5,25
1516,596,175,2,25
1517,596,139,3,20
1518,596,31,3,5
1519,597,127,2,10
1520,598,10,2,5
1521,598,26,3,20
1522,598,22,4,0
1523,598,14,1,20
1524,598,149,3,5
1525,599,175,2,0
1526,599,1,3,20
1527,600,123,5,25
1528,600,77,2,25
1529,601,139,1,10
1530,601,168,2,25
1531,601,83,1,25
1532,601,168,5,25
1533,601,78,1,20
1534,602,147,4,20
1535,602,138,1,15
1536,603,105,2,0
1537,604,171,1,20
1538,605,168,1,0
1539,605,90,3,5
1540,606,188,1,15
1541,607,177,4,0
1542,607,21,3,0
1543,607,1,3,25
1544,608,144,5,5
1545,609,8,4,10
1546,609,171,3,15
1547,610,38,1,25
1548,610,7,5,20
1549,610,49,2,25
1550,611,127,2,15
1551,612,197,3,5
1552,613,166,5,5
1553,613,157,4,5
1554,613,96,2,0
1555,614,191,3,15
1556,614,90,4,25
1557,615,188,4,20
1558,615,184,1,15
1559,615,114,1,5
1560,615,119,5,10
1561,616,70,1,0
1562,616,59,1,10
1563,617,148,4,5
1564,617,83,2,5
1565,618,167,2,10
1566,618,198,5,15
1567,619,12,4,25
1568,619,51,1,15
1569,620,143,4,20
1570,620,131,4,20
1571,621,112,1,20
1572,621,47,1,25
1573,621,173,2,25
1574,621,37,5,25
1575,622,89,3,0
1576,622,69,1,5
1577,622,104,1,15
1578,622,100,5,25
1579,622,66,3,25
1580,623,16,1,10
1581,624,111,2,5
1582,624,88,5,10
1583,625,133,1,20
1584,625,194,1,15
1585,626,4,3,10
1586,626,166,5,20
1587,627,48,4,20
1588,627,17,3,15
1589,627,10,3,25
1590,627,191,4,10
1591,627,157,4,25
1592,628,25,4,5
1593,628,149,1,5
1594,629,103,5,20
1595,629,25,3,5
1596,629,58,3,10
1597,629,58,2,20
1598,630,77,2,0
1599,630,157,2,15
1600,631,154,4,20
1601,631,131,2,5
1602,632,31,1,25
1603,632,46,1,20
1604,632,88,2,0
1605,633,165,3,15
1606,634,67,3,20
1607,634,135,1,5
1608,635,67,3,0
1609,635,88,5,10
1610,636,112,3,25
1611,636,158,3,0
1612,637,150,4,25
1613,637,66,2,20
1614,638,198,3,0
1615,639,65,3,25
1616,639,172,3,25
1617,640,180,5,25
1618,640,36,1,20
1619,640,96,3,10
1620,640,94,3,20
1621,641,23,2,20
1622,641,54,1,0
1623,641,116,5,10
1624,642,150,3,10
1625,642,34,2,20
1626,642,61,2,20
1627,642,163,5,10
1628,642,171,5,15
1629,643,76,2,15
1630,643,154,4,25
1631,644,57,1,10
1632,644,158,3,25
1633,644,88,1,20
1634,644,78,4,20
1635,644,167,4,25
1636,645,73,1,15
1637,645,51,5,20
1638,645,44,5,25
1639,646,17,1,25
1640,646,87,5,5
1641,647,90,1,5
1642,648,27,1,20
1643,648,152,3,15
1644,648,41,2,0
1645,648,22,4,15
1646,649,95,3,15
1647,650,58,4,5
1648,651,1,1,25
1649,652,76,2,5
1650,652,82,5,0
1651,652,21,3,15
1652,652,76,1,15
1653,653,171,3,10
1654,654,184,4,20
1655,654,74,1,10
1656,655,100,4,5
1657,655,88,5,5
1658,656,177,5,5
1659,656,185,5,15
1660,656,39,3,15
1661,657,118,3,25
1662,657,26,4,0
1663,657,109,3,15
1664,657,176,4,10
1665,658,119,4,10
1666,658,4,4,5
1667,658,63,4,10
1668,659,88,5,15
1669,660,30,4,0
1670,660,22,1,15
1671,660,147,4,15
1672,660,147,4,20
1673,661,58,5,5
1674,661,72,5,25
1675,662,105,2,5
1676,662,80,3,5
1677,662,109,5,5
1678,662,129,3,0
1679,662,89,4,5
1680,663,183,5,5
1681,664,128,5,10
1682,664,114,4,25
1683,664,75,1,15
1684,664,189,2,5
1685,665,180,2,15
1686,665,190,1,0
1687,665,14,4,20
1688,665,109,4,15
1689,666,198,1,10
1690,666,55,3,25
1691,666,86,1,5
1692,666,85,5,25
1693,666,200,1,15
1694,667,173,3,10
1695,667,157,5,25
1696,667,164,1,25
1697,667,174,4,0
1698,668,131,3,15
1699,669,78,5,15
1700,669,97,1,20
1701,669,172,3,15
1702,669,101,3,15
1703,669,7,2,15
1704,670,52,2,10
1705,671,34,5,15
1706,672,104,2,5
1707,673,128,1,20
1708,674,161,2,0
1709,674,117,2,15
1710,674,100,3,15
1711,674,108,4,5
1712,675,156,1,15
1713,675,175,1,15
1714,676,41,4,25
1715,676,127,2,25
1716,677,50,4,10
1717,677,183,4,15
1718,678,20,3,15
1719,678,179,4,15
1720,678,91,4,25
1721,678,31,4,10
1722,678,8,2,5
1723,679,102,1,25
1724,679,169,2,5
1725,679,66,5,25
1726,679,66,3,25
1727,680,115,2,10
1728,680,177,3,20
1729,680,23,4,15
1730,681,70,5,25
1731,681,48,4,0
1732,682,78,5,25
1733,682,19,1,20
1734,682,153,3,25
1735,683,123,5,0
1736,683,144,2,5
1737,683,133,1,15
1738,683,4,2,25
1739,684,62,1,10
1740,685,101,4,15
1741,685,3,3,5
1742,686,64,1,20
1743,687,200,3,0
1744,687,154,5,5
1745,688,140,4,0
1746,689,102,5,15
1747,689,177,2,10
1748,689,159,5,20
1749,690,94,4,25
1750,690,147,1,0
1751,690,11,2,0
1752,690,139,5,15
1753,691,92,5,15
1754,691,55,5,25
1755,691,168,1,10
1756,691,15,3,10
1757,691,26,4,0
1758,692,102,4,25
1759,692,165,1,5
1760,693,1,4,5
1761,693,84,3,20
1762,693,90,2,20
1763,694,108,1,25
1764,695,193,1,10
1765,695,132,1,20
1766,695,144,1,10
1767,696,168,4,10
1768,696,175,5,20
1769,697,182,4,10
1770,697,136,3,25
1771,697,14,2,10
1772,698,196,5,5
1773,698,129,4,0
1774,698,56,5,20
1775,699,154,2,15
1776,699,146,2,10
1777,699,172,3,10
1778,699,176,3,10
1779,700,139,5,0
1780,700,88,4,5
1781,701,167,1,0
1782,702,152,5,10
1783,702,34,4,0
1784,702,197,3,25
1785,702,91,4,25
1786,702,133,2,10
1787,703,95,4,15
1788,703,59,4,5
1789,704,13,3,0
1790,705,36,5,0
1791,705,106,2,15
1792,705,159,5,15
1793,705,59,1,15
1794,706,63,2,5
1795,706,144,3,15
1796,706,142,2,15
1797,707,147,3,15
1798,707,11,1,0
1799,708,85,1,25
1800,708,63,3,5
1801,708,31,4,5
1802,709,157,2,5
1803,709,187,3,15
1804,710,48,1,5
1805,710,68,2,5
1806,711,95,4,0
1807,711,199,2,0
1808,711,83,4,10
1809,712,158,2,0
1810,712,57,5,15
1811,712,1,4,20
1812,712,48,5,20
1813,713,116,2,25
1814,714,170,5,15
1815,714,9,2,10
1816,715,95,4,10
1817,715,177,3,5
1818,715,31,1,15
1819,715,102,5,25
1820,716,15,4,0
1821,716,4,5,15
1822,716,11,5,20
1823,716,112,4,10
1824,716,68,2,25
1825,717,83,5,5
1826,717,72,3,25
1827,717,127,1,15
1828,717,180,1,10
1829,717,167,4,5
1830,718,63,4,0
1831,718,105,1,0
1832,719,193,1,5
1833,719,176,2,5
1834,719,18,2,5
1835,720,6,2,15
1836,721,128,2,15
1837,722,129,3,15
1838,723,59,1,20
1839,723,23,4,20
1840,723,11,2,10
1841,723,8,2,25
1842,724,192,3,5
1843,725,12,4,5
1844,725,130,5,10
1845,726,187,5,25
1846,726,3,3,5
1847,727,75,5,10
1848,727,26,1,25
1849,728,111,5,25
1850,728,143,2,20
1851,729,41,1,0
1852,729,80,2,25
1853,730,97,4,20
1854,730,89,5,15
1855,731,60,2,25
1856,731,175,3,15
1857,731,97,4,15
1858,731,189,4,20
1859,731,33,5,5
1860,732,14,1,25
1861,732,125,2,15
1862,733,4,2,20
1863,733,116,4,10
1864,733,111,3,5
1865,733,130,3,0
1866,733,135,5,5
1867,734,96,4,0
1868,734,73,3,25
1869,735,194,3,10
1870,736,65,2,20
1871,737,63,3,25
1872,737,132,5,15
1873,738,161,3,5
1874,738,25,1,20
1875,738,69,2,20
1876,739,12,3,10
1877,739,176,4,20
1878,739,167,3,25
1879,740,131,5,20
1880,740,60,1,0
1881,741,134,4,0
1882,741,138,1,25
1883,741,120,3,25
1884,741,57,5,5
1885,742,169,5,20
1886,742,93,4,15
1887,742,196,4,0
1888,743,8,3,5
1889,743,123,1,20
1890,743,132,2,20
1891,743,106,3,10
1892,743,189,5,25
1893,744,150,3,25
1894,744,51,2,20
1895,745,166,1,25
1896,745,94,2,15
1897,746,60,3,15
1898,747,162,1,25
1899,747,100,4,20
1900,747,11,3,15
1901,748,167,5,0
1902,749,89,3,10
1903,749,90,2,20
1904,750,44,3,20
1905,750,48,3,20
1906,751,28,3,20
1907,751,2,5,15
1908,752,67,3,20
1909,752,45,1,25
1910,753,130,5,5
1911,753,26,1,10
1912,753,134,4,15
1913,753,197,5,15
1914,753,154,3,15
1915,754,17,5,10
1916,755,22,4,10
1917,755,188,4,0
1918,755,67,1,25
1919,755,128,5,25
1920,755,116,3,25
1921,756,184,1,0
1922,756,84,4,15
1923,756,50,2,15
1924,757,46,3,15
1925,758,56,1,5
1926,758,197,3,25
1927,758,175,4,20
1928,759,189,4,10
1929,759,60,3,15
1930,759,142,4,15
1931,760,101,4,5
1932,760,110,1,5
1933,760,38,1,0
1934,760,164,2,10
1935,761,83,5,15
1936,761,22,3,10
1937,761,124,5,20
1938,761,130,3,10
1939,762,177,1,20
1940,762,174,3,0
1941,763,154,5,15
1942,764,132,2,25
1943,765,41,4,25
1944,766,108,2,20
1945,766,151,1,20
1946,766,37,2,15
1947,766,29,1,10
1948,767,152,4,0
1949,767,43,2,5
1950,767,177,5,20
1951,768,6,3,15
1952,768,182,2,5
1953,768,126,2,5
1954,768,70,2,25
1955,768,194,4,10
1956,769,139,1,0
1957,769,110,2,10
1958,769,147,4,25
1959,769,158,4,0
1960,770,129,3,0
1961,770,31,3,25
1962,771,114,4,15
1963,771,31,4,5
1964,771,30,3,20
1965,771,51,5,0
1966,772,153,4,5
1967,773,167,4,20
1968,773,193,4,0
1969,773,24,5,25
1970,773,147,1,20
1971,773,43,5,5
1972,774,176,3,25
1973,774,176,3,0
1974,774,34,4,25
1975,774,183,1,25
1976,775,132,2,10
1977,775,170,5,25
1978,775,139,5,15
1979,775,73,2,10
1980,776,166,3,0
1981,777,198,5,10
1982,778,199,5,10
1983,778,41,1,10
1984,778,157,3,25
1985,778,65,5,5
1986,779,129,4,15
1987,779,120,3,15
1988,779,116,3,5
1989,779,193,5,15
1990,780,105,5,20
1991,781,20,3,10
1992,781,166,2,20
1993,781,34,3,0
1994,782,52,2,15
1995,783,53,2,5
1996,783,102,3,0
1997,783,134,1,20
1998,784,163,3,10
1999,784,74,5,20
2000,784,16,2,0
2001,785,134,3,5
2002,785,120,2,10
2003,786,157,5,0
2004,787,147,2,0
2005,788,81,4,25
2006,789,130,4,10
2007,789,181,3,25
2008,789,136,2,20
2009,790,111,1,5
2010,790,4,3,5
2011,790,173,5,15
2012,791,8,1,0
2013,791,148,1,15
2014,791,41,3,15
2015,791,193,3,5
2016,791,17,2,5
2017,792,91,4,5
2018,793,65,3,5
2019,793,119,4,5
2020,794,157,2,25
2021,794,10,4,15
2022,794,90,3,10
2023,794,107,4,15
2024,795,14,2,15
2025,796,13,4,0
2026,796,18,1,20
2027,796,96,3,15
2028,796,199,3,5
2029,797,130,5,25
2030,797,34,3,25
2031,797,116,5,10
2032,798,177,2,15
2033,798,24,1,15
2034,798,166,1,25
2035,799,177,5,10
2036,799,179,4,20
2037,800,28,1,25
2038,800,185,4,20
2039,800,21,5,20
2040,800,125,3,20
2041,801,195,1,10
2042,801,141,5,0
2043,802,136,4,5
2044,802,61,5,5
2045,803,120,5,10
2046,803,15,5,25
2047,803,119,1,20
2048,803,94,4,0
2049,804,89,4,5
2050,805,195,1,0
2051,805,13,1,10
2052,806,125,1,20
2053,807,194,3,0
2054,807,112,3,15
2055,807,133,3,20
2056,807,10,1,5
2057,807,114,1,20
2058,808,107,1,10
2059,808,109,2,20
2060,809,22,1,5
2061,809,118,3,5
2062,809,56,4,20
2063,810,50,4,25
2064,811,109,2,5
2065,812,29,3,15
2066,812,2,1,5
2067,812,101,1,25
2068,813,95,4,25
2069,814,180,2,20
2070,814,33,4,15
2071,814,151,2,5
2072,815,100,2,0
2073,816,25,2,10
2074,816,37,1,10
2075,816,184,5,15
2076,817,112,2,0
2077,817,38,5,20
2078,817,101,2,20
2079,817,29,1,20
2080,817,5,2,0
2081,818,151,4,25
2082,819,134,5,10
2083,819,50,3,20
2084,819,18,2,25
2085,819,90,5,5
2086,820,173,4,5
2087,821,128,3,15
2088,821,135,5,25
2089,822,136,2,10
2090,822,85,5,0
2091,822,156,5,15
2092,823,137,1,25
2093,823,56,2,20
2094,823,31,4,5
2095,823,51,2,20
2096,824,133,2,25
2097,825,196,2,20
2098,825,47,4,10
2099,826,79,1,5
2100,826,136,4,0
2101,826,96,3,10
2102,826,73,1,10
2103,826,177,3,15
2104,827,83,3,5
2105,827,47,3,0
2106,827,52,4,20
2107,828,11,4,0
2108,828,41,3,20
2109,829,158,1,10
2110,830,173,1,0
2111,830,177,4,0
2112,830,121,5,15
2113,831,132,5,15
2114,832,127,3,25
2115,833,53,4,0
2116,833,1,3,10
2117,833,193,3,10
2118,834,128,5,10
2119,835,36,4,10
2120,835,59,4,5
2121,835,117,2,5
2122,836,102,5,10
2123,836,52,4,5
2124,836,66,3,10
2125,836,146,4,25
2126,837,31,2,5
2127,837,97,5,10
2128,837,19,3,25
2129,838,164,2,15
2130,839,153,2,0
2131,839,16,5,0
2132,839,199,2,10
2133,839,184,5,10
2134,839,61,3,25
2135,840,14,2,20
2136,841,125,1,20
2137,841,148,3,5
2138,842,130,5,15
2139,842,6,4,25
2140,842,67,1,0
2141,843,53,4,10
2142,844,142,5,15
2143,845,128,5,5
2144,845,110,2,15
2145,846,98,5,5
2146,846,68,4,0
2147,846,2,3,25
2148,847,147,5,25
2149,848,63,1,20
2150,848,6,3,25
2151,848,77,4,20
2152,849,73,1,10
2153,850,10,3,0
2154,850,86,5,10
2155,850,155,1,15
2156,850,195,1,5
2157,851,85,4,25
2158,851,42,4,0
2159,852,99,1,0
2160,853,169,3,0
2161,854,15,5,0
2162,855,125,1,20
2163,855,161,3,5
2164,855,113,2,20
2165,856,25,4,15
2166,856,192,3,0
2167,857,143,5,20
2168,858,135,3,15
2169,858,148,4,10
2170,858,169,2,0
2171,858,175,1,10
2172,859,189,3,10
2173,859,192,1,15
2174,859,77,2,25
2175,860,63,5,20
2176,860,34,5,20
2177,860,61,4,15
2178,861,1,1,20
2179,861,117,3,0
2180,862,142,5,15
2181,862,142,2,20
2182,862,176,4,25
2183,862,91,4,0
2184,862,151,5,20
2185,863,118,2,25
2186,863,199,2,0
2187,863,176,4,10
2188,864,178,3,15
2189,864,141,4,25
2190,864,25,4,10
2191,864,142,3,0
2192,864,191,2,0
2193,865,10,5,5
2194,865,42,2,0
2195,865,105,3,15
2196,866,46,1,15
2197,866,167,4,15
2198,866,45,5,20
2199,867,62,4,0
2200,868,152,3,25
2201,869,22,1,5
2202,869,129,2,20
2203,869,104,2,25
2204,869,193,5,25
2205,870,2,2,15
2206,871,80,5,25
2207,871,189,2,20
2208,872,14,2,0
2209,872,89,1,25
2210,872,42,2,25
2211,872,111,3,25
2212,873,135,1,25
2213,873,114,4,5
2214,873,149,2,10
2215,874,120,5,5
2216,874,109,2,15
2217,874,136,1,5
2218,875,57,1,10
2219,875,177,2,5
2220,875,84,2,15
2221,875,13,1,0
2222,876,163,1,20
2223,877,164,1,5
2224,878,63,1,15
2225,879,55,5,20
2226,880,144,1,0
2227,880,162,2,5
2228,880,23,2,10
2229,880,161,2,25
2230,880,199,4,10
2231,881,33,1,0
2232,881,20,1,15
2233,881,164,3,10
2234,882,46,1,25
2235,882,90,1,0
2236,883,151,5,0
2237,883,18,5,25
2238,884,186,4,0
2239,884,83,5,0
2240,884,131,3,25
2241,885,32,1,25
2242,885,17,3,0
2243,885,171,3,0
2244,885,43,2,25
2245,886,88,1,0
2246,886,30,2,20
2247,887,117,3,0
2248,887,134,2,15
2249,887,120,1,5
2250,887,145,1,20
2251,888,125,2,20
2252,889,3,4,20
2253,889,151,1,10
2254,890,155,2,15
2255,890,28,5,0
2256,891,9,3,10
2257,891,29,3,0
2258,891,66,4,25
2259,891,138,5,0
2260,892,127,3,15
2261,892,17,1,20
2262,893,90,5,5
2263,893,76,5,25
2264,893,62,3,20
2265,893,17,2,15
2266,894,86,2,15
2267,894,191,2,10
2268,894,122,5,20
2269,895,191,1,10
2270,895,47,2,25
2271,895,50,3,15
2272,895,87,1,20
2273,895,18,4,20
2274,896,50,3,25
2275,896,108,2,25
2276,896,97,3,0
2277,896,162,3,20
2278,896,85,5,20
2279,897,19,1,20
2280,897,96,3,15
2281,897,122,1,15
2282,897,6,4,15
2283,898,93,4,15
2284,899,111,2,15
2285,899,19,1,25
2286,899,100,1,0
2287,900,73,2,0
2288,901,64,1,15
2289,901,53,3,5
2290,901,144,4,20
2291,901,37,5,0
2292,902,83,5,15
2293,902,138,1,0
2294,902,185,4,25
2295,902,144,4,0
2296,903,110,5,0
2297,903,16,5,10
2298,903,63,3,25
2299,904,120,3,10
2300,904,16,4,10
2301,904,135,1,10
2302,904,77,3,5
2303,905,196,5,10
2304,906,72,4,25
2305,906,155,2,15
2306,906,103,2,15
2307,907,198,2,20
2308,907,89,1,20
2309,907,179,5,0
2310,907,183,2,20
2311,908,60,2,10
2312,908,180,5,25
2313,908,78,1,10
2314,909,87,2,20
2315,909,190,5,5
2316,910,119,4,15
2317,910,174,4,0
2318,911,49,3,20
2319,911,159,5,25
2320,911,106,1,15
2321,911,6,1,0
2322,912,53,1,0
2323,912,63,4,20
2324,913,114,1,20
2325,913,121,5,15
2326,913,171,5,25
2327,914,149,2,20
2328,915,62,1,20
2329,916,15,4,15
2330,917,37,3,20
2331,918,77,1,0
2332,918,156,1,15
2333,919,48,3,0
2334,919,150,3,15
2335,919,181,4,25
2336,919,102,1,10
2337,920,1,4,20
2338,921,146,1,5
2339,921,94,3,25
2340,921,41,5,20
2341,921,197,5,15
2342,922,51,4,25
2343,922,144,3,0
2344,922,114,1,10
2345,923,30,5,0
2346,923,45,3,0
2347,924,106,1,15
2348,924,115,2,5
2349,924,128,5,25
2350,924,113,2,0
2351,925,146,1,10
2352,925,58,2,0
2353,926,30,5,5
2354,926,85,1,20
2355,926,110,3,15
2356,926,6,3,20
2357,927,96,3,0
2358,927,44,2,0
2359,927,64,4,25
2360,928,76,3,15
2361,928,31,3,15
2362,929,92,1,5
2363,930,122,1,10
2364,930,189,1,0
2365,930,124,3,20
2366,931,132,2,20
2367,932,39,4,20
2368,932,38,1,0
2369,932,37,1,5
2370,933,184,1,10
2371,933,37,4,5
2372,934,13,4,25
2373,934,174,4,25
2374,934,121,5,10
2375,935,183,4,10
2376,935,174,4,0
2377,935,187,5,15
2378,936,154,4,5
2379,936,95,1,0
2380,936,112,5,15
2381,937,63,4,10
2382,937,132,4,25
2383,937,165,5,10
2384,937,151,2,25
2385,938,54,1,25
2386,938,89,1,0
2387,938,3,5,0
2388,939,127,5,5
2389,939,21,2,10
2390,939,118,1,20
2391,940,16,5,25
2392,941,51,4,15
2393,942,185,1,15
2394,942,105,3,20
2395,942,130,1,20
2396,942,131,2,15
2397,942,97,1,15
2398,943,18,4,0
2399,944,34,3,10
2400,944,177,1,15
2401,944,89,5,10
2402,945,147,2,20
2403,946,30,4,20
2404,946,41,4,10
2405,947,15,5,5
2406,947,70,3,10
2407,947,54,3,0
2408,947,47,5,20
2409,947,86,3,20
2410,948,153,1,0
2411,948,131,4,15
2412,948,28,4,10
2413,949,112,4,25
2414,949,175,2,10
2415,950,126,5,0
2416,950,50,5,0
2417,951,138,4,20
2418,952,52,2,0
2419,952,3,4,25
2420,952,53,5,25
2421,953,176,4,10
2422,954,75,2,15
2423,954,1,1,0
2424,954,34,4,20
2425,954,150,2,20
2426,955,156,4,25
2427,956,35,2,10
2428,957,147,4,15
2429,957,24,5,25
2430,958,57,3,20
2431,958,127,4,25
2432,959,175,4,0
2433,959,25,2,0
2434,959,6,5,20
2435,960,110,2,10
2436,960,94,2,0
2437,961,32,3,15
2438,961,28,5,5
2439,962,198,4,10
2440,962,35,2,15
2441,962,30,1,15
2442,962,136,3,15
2443,962,109,4,10
2444,963,107,3,20
2445,963,65,1,10
2446,963,48,5,0
2447,963,166,1,5
2448,964,114,3,20
2449,964,116,2,15
2450,964,77,3,15
2451,965,127,1,5
2452,965,21,2,10
2453,965,156,5,25
2454,966,115,4,25
2455,967,78,1,10
2456,967,91,4,25
2457,967,172,2,0
2458,967,174,2,0
2459,968,179,5,0
2460,969,64,5,15
2461,969,135,2,20
2462,969,180,1,5
2463,969,129,2,20
2464,970,116,4,15
2465,970,186,2,5
2466,970,199,1,15
2467,970,22,1,5
2468,970,94,1,25
2469,971,183,2,5
2470,972,105,4,20
2471,973,193,5,10
2472,973,156,3,20
2473,973,37,4,20
2474,973,53,4,15
2475,974,124,3,10
2476,974,126,2,5
2477,974,75,3,15
2478,974,30,5,10
2479,974,94,3,20
2480,975,195,4,20
2481,976,65,4,5
2482,977,117,4,0
2483,977,67,1,25
2484,977,45,5,0
2485,978,123,4,0
2486,978,125,1,15
2487,978,150,5,10
2488,978,70,3,5
2489,979,166,5,5
2490,980,150,4,5
2491,981,45,3,15
2492,981,11,1,10
2493,981,43,5,25
2494,982,169,3,10
2495,982,186,3,15
2496,982,30,2,0
2497,982,10,4,5
2498,982,23,4,20
2499,983,11,5,0
2500,984,98,5,5
2501,984,70,2,5
2502,984,159,5,15
2503,985,164,4,15
2504,985,178,4,10
2505,985,51,2,20
2506,985,146,5,20
2507,985,57,5,0
2508,986,142,4,25
2509,987,88,5,20
2510,988,14,3,20
2511,988,136,3,0
2512,988,150,3,20
2513,989,47,3,15
2514,989,76,1,0
2515,989,136,5,0
2516,989,60,3,15
2517,990,116,1,25
2518,990,5,4,0
2519,990,193,4,20
2520,990,55,5,10
2521,991,126,2,20
2522,991,19,1,25
2523,992,102,2,15
2524,992,2,4,5
2525,992,19,5,10
2526,992,10,5,5
2527,993,36,4,0
2528,993,103,2,10
2529,993,12,3,10
2530,993,100,3,20
2531,994,130,3,20
2532,994,6,1,15
2533,994,89,2,10
2534,994,16,1,0
2535,995,117,3,10
2536,996,7,3,20
2537,997,171,2,10
2538,997,116,5,0
2539,997,74,1,5
2540,997,121,4,0
2541,997,20,3,5
2542,998,50,5,15
2543,998,153,2,25
2544,998,138,2,20
2545,999,44,5,0
2546,1000,40,2,20
2547,1000,173,1,25
2548,1001,21,5,15
2549,1002,72,1,0
2550,1002,127,3,5
2551,1003,193,2,15
2552,1004,43,5,25
2553,1004,162,3,5
2554,1004,43,2,25
2555,1004,125,4,0
2556,1004,187,2,10
2557,1005,97,4,5
2558,1006,152,3,10
2559,1007,38,3,15
2560,1008,45,2,5
2561,1008,109,3,15
2562,1008,39,5,5
2563,1008,165,2,5
2564,1009,79,2,5
2565,1009,162,4,0
2566,1009,198,2,5
2567,1010,35,2,25
2568,1010,115,3,15
2569,1011,26,4,25
2570,1011,91,5,5
2571,1012,79,3,25
2572,1012,19,4,5
2573,1012,7,5,20
2574,1012,179,1,25
2575,1013,132,1,25
2576,1014,191,5,25
2577,1014,37,3,25
2578,1014,169,2,10
2579,1014,29,2,20
2580,1014,112,2,10
2581,1015,155,4,10
2582,1015,42,2,20
2583,1016,179,5,5
2584,1017,39,1,20
2585,1018,57,5,15
2586,1019,197,3,20
2587,1020,141,1,0
2588,1021,156,2,20
2589,1021,60,4,15
2590,1022,113,5,10
2591,1022,22,3,10
2592,1023,88,3,25
2593,1023,153,3,10
2594,1023,70,3,5
2595,1023,154,4,5
2596,1024,126,2,15
2597,1024,144,2,5
2598,1024,60,2,10
2599,1025,137,2,5
2600,1026,125,3,10
2601,1027,177,4,25
2602,1028,162,2,15
2603,1028,139,3,0
2604,1028,60,5,5
2605,1029,20,1,15
2606,1030,85,2,0
2607,1031,38,4,10
2608,1032,89,4,25
2609,1032,191,5,15
2610,1032,114,3,15
2611,1032,9,3,15
2612,1033,28,4,0
2613,1033,93,5,25
2614,1034,23,5,5
2615,1034,59,2,5
2616,1034,94,4,5
2617,1034,198,3,10
2618,1034,5,1,5
2619,1035,86,5,10
2620,1035,29,1,25
2621,1035,187,2,25
2622,1036,67,1,0
2623,1036,60,4,5
2624,1037,170,2,0
2625,1037,170,2,5
2626,1037,9,1,15
2627,1037,59,5,5
2628,1038,33,4,0
2629,1039,102,5,15
2630,1040,162,5,25
2631,1041,191,4,15
2632,1041,59,1,15
2633,1041,5,5,20
2634,1041,106,3,20
2635,1041,139,4,5
2636,1042,153,5,20
2637,1042,116,3,15
2638,1043,144,1,20
2639,1044,44,5,20
2640,1044,195,3,20
2641,1044,21,1,0
2642,1045,33,5,20
2643,1045,79,5,25
2644,1045,54,5,5
2645,1046,82,1,20
2646,1047,63,2,15
2647,1047,95,2,5
2648,1048,159,4,20
2649,1048,75,5,25
2650,1048,102,2,25
2651,1048,170,2,0
2652,1048,179,1,5
2653,1049,186,1,15
2654,1049,83,2,5
2655,1049,44,2,20
2656,1050,177,4,20
2657,1051,19,1,25
2658,1052,143,4,15
2659,1053,80,1,0
2660,1053,87,1,25
2661,1053,99,3,25
2662,1053,199,3,15
2663,1054,86,5,5
2664,1054,50,5,15
2665,1055,199,3,20
2666,1056,121,5,5
2667,1056,111,5,0
2668,1056,14,5,0
2669,1057,1,3,15
2670,1057,1,2,5
2671,1057,42,4,0
2672,1058,191,1,20
2673,1058,130,5,10
2674,1058,169,2,20
2675,1059,21,2,25
2676,1060,69,5,15
2677,1061,63,1,0
2678,1061,94,2,20
2679,1061,133,5,25
2680,1061,169,5,5
2681,1062,26,2,20
2682,1063,181,1,10
2683,1063,189,3,5
2684,1063,129,2,5
2685,1064,189,4,0
2686,1064,111,1,0
2687,1064,6,5,15
2688,1065,38,5,20
2689,1065,162,2,25
2690,1065,137,2,0
2691,1065,33,1,0
2692,1066,25,3,0
2693,1066,2,4,0
2694,1066,191,5,15
2695,1067,132,3,20
2696,1068,124,1,10
2697,1068,173,2,25
2698,1068,9,5,15
2699,1069,173,4,25
2700,1069,104,4,25
2701,1070,62,1,0
2702,1070,13,5,10
2703,1071,86,2,0
2704,1071,153,3,5
2705,1071,35,2,15
2706,1071,84,2,5
2707,1071,122,1,10
2708,1072,124,2,25
2709,1073,174,3,0
2710,1073,124,4,5
2711,1073,51,2,5
2712,1073,200,4,10
2713,1073,11,5,25
2714,1074,70,3,10
2715,1074,132,2,0
2716,1075,127,3,25
2717,1075,149,2,15
2718,1075,3,1,15
2719,1076,21,4,25
2720,1076,132,4,25
2721,1076,183,4,5
2722,1076,189,1,15
2723,1076,52,4,5
2724,1077,39,3,15
2725,1077,96,5,10
2726,1077,136,2,15
2727,1078,54,5,0
2728,1078,114,1,0
2729,1078,55,5,20
2730,1079,143,5,0
2731,1079,2,2,20
2732,1080,83,4,20
2733,1080,134,2,5
2734,1080,173,2,5
2735,1080,174,3,20
2736,1081,110,2,5
2737,1082,71,2,25
2738,1082,34,2,10
2739,1082,195,2,5
2740,1083,107,3,0
2741,1083,5,1,10
2742,1083,163,3,5
2743,1083,50,1,10
2744,1084,98,4,10
2745,1085,194,4,15
2746,1085,108,1,25
2747,1085,196,4,0
2748,1086,162,2,10
2749,1086,32,4,10
2750,1086,61,3,5
2751,1087,32,1,20
2752,1087,80,2,20
2753,1087,138,5,20
2754,1087,52,5,0
2755,1088,64,1,15
2756,1088,155,4,10
2757,1089,100,4,20
2758,1090,3,2,15
2759,1091,171,5,15
2760,1092,75,5,10
2761,1092,29,1,15
2762,1093,109,4,0
2763,1093,38,3,15
2764,1094,176,4,25
2765,1094,142,3,25
2766,1095,150,4,15
2767,1095,109,3,15
2768,1096,145,2,15
2769,1097,95,5,25
2770,1097,164,1,5
2771,1098,141,2,15
2772,1098,117,3,15
2773,1098,158,3,25
2774,1098,140,2,10
2775,1098,183,3,10
2776,1099,120,4,5
2777,1099,76,3,15
2778,1099,172,5,5
2779,1099,11,1,0
2780,1099,50,4,25
2781,1100,99,5,5
2782,1100,93,2,25
2783,1100,190,5,0
2784,1100,61,4,5
2785,1101,173,3,5
2786,1102,193,1,10
2787,1102,108,3,5
2788,1103,81,2,0
2789,1103,168,4,25
2790,1103,16,3,15
2791,1104,35,4,15
2792,1104,117,5,20
2793,1105,50,1,0
2794,1106,38,1,5
2795,1107,10,3,5
2796,1107,52,1,15
2797,1108,119,5,0
2798,1108,185,1,25
2799,1108,24,2,0
2800,1108,93,2,5
2801,1109,64,5,20
2802,1109,80,1,20
2803,1110,157,3,10
2804,1110,87,1,15
2805,1111,42,4,0
2806,1111,143,1,0
2807,1111,99,2,0
2808,1111,153,5,10
2809,1112,73,3,25
2810,1112,140,1,15
2811,1113,100,4,25
2812,1113,98,3,25
2813,1113,111,2,25
2814,1113,157,1,25
2815,1113,199,4,10
2816,1114,17,4,10
2817,1115,22,2,15
2818,1115,82,3,15
2819,1115,51,4,0
2820,1116,70,2,25
2821,1117,17,3,0
2822,1117,94,2,5
2823,1117,143,4,15
2824,1118,193,5,15
2825,1119,16,1,0
2826,1120,146,5,10
2827,1120,70,3,0
2828,1121,105,5,5
2829,1121,88,4,15
2830,1122,62,2,20
2831,1123,168,1,5
2832,1123,50,3,10
2833,1123,166,2,25
2834,1124,55,4,0
2835,1125,101,2,0
2836,1125,53,4,15
2837,1125,15,2,25
2838,1126,10,4,0
2839,1127,115,2,15
2840,1127,61,4,15
2841,1127,138,1,5
2842,1127,24,4,20
2843,1128,165,4,15
2844,1128,5,4,25
2845,1128,156,1,10
2846,1129,99,4,0
2847,1130,12,3,10
2848,1130,152,2,25
2849,1131,17,5,20
2850,1131,72,5,5
2851,1131,71,3,20
2852,1132,182,5,0
2853,1132,168,4,0
2854,1132,94,5,0
2855,1133,48,5,15
2856,1133,157,5,5
2857,1133,107,2,5
2858,1133,84,3,10
2859,1133,115,3,0
2860,1134,159,3,25
2861,1134,89,1,20
2862,1134,163,5,0
2863,1134,112,4,0
2864,1135,60,4,5
2865,1135,69,1,20
2866,1135,166,1,25
2867,1135,194,4,0
2868,1136,107,5,5
2869,1136,32,2,5
2870,1137,64,4,5
2871,1137,75,3,5
2872,1138,137,1,10
2873,1139,171,2,5
2874,1140,46,4,10
2875,1140,72,3,10
2876,1140,131,1,15
2877,1141,78,5,10
2878,1142,107,1,10
2879,1142,41,5,15
2880,1142,142,1,10
2881,1143,157,1,10
2882,1143,106,4,10
2883,1143,167,1,25
2884,1144,125,5,10
2885,1144,147,1,15
2886,1144,168,5,25
2887,1144,8,4,0
2888,1145,172,5,0
2889,1145,36,3,15
2890,1145,16,4,0
2891,1146,40,5,20
2892,1146,185,2,5
2893,1146,68,5,20
2894,1146,180,4,0
2895,1146,80,4,0
2896,1147,105,4,10
2897,1148,156,4,10
2898,1148,9,1,25
2899,1148,169,1,5
2900,1148,29,5,25
2901,1149,116,5,15
2902,1149,198,4,10
2903,1149,166,4,0
2904,1150,167,3,25
2905,1150,143,4,25
2906,1150,8,1,15
2907,1151,88,4,0
2908,1151,37,3,15
2909,1151,106,2,10
2910,1151,106,5,10
2911,1152,17,2,10
2912,1152,18,4,5
2913,1152,129,1,5
2914,1153,98,1,10
2915,1153,46,2,20
2916,1153,170,3,15
2917,1154,74,4,20
2918,1154,125,5,10
2919,1154,32,2,15
2920,1154,136,1,20
2921,1155,71,5,0
2922,1155,165,3,10
2923,1155,188,4,5
2924,1155,87,5,0
2925,1156,11,2,15
2926,1157,36,5,0
2927,1158,115,1,10
2928,1158,32,1,5
2929,1158,28,2,20
2930,1158,11,3,20
2931,1158,129,5,10
2932,1159,18,5,5
2933,1159,101,2,15
2934,1159,162,2,0
2935,1160,199,2,25
2936,1160,78,5,10
2937,1160,109,1,15
2938,1161,132,1,25
2939,1161,131,2,20
2940,1162,87,2,0
2941,1162,151,2,20
2942,1162,88,2,5
2943,1163,43,5,5
2944,1163,32,1,10
2945,1163,48,2,0
2946,1163,21,3,10
2947,1164,124,5,25
2948,1164,116,1,10
2949,1164,160,5,20
2950,1164,170,5,25
2951,1164,59,1,25
2952,1165,45,1,15
2953,1165,170,1,10
2954,1165,59,5,10
2955,1166,80,2,25
2956,1166,43,5,10
2957,1166,89,1,5
2958,1167,153,5,5
2959,1167,138,4,25
2960,1167,134,5,10
2961,1167,52,1,0
2962,1168,113,3,20
2963,1168,21,3,20
2964,1168,116,4,10
2965,1168,46,4,5
2966,1169,2,1,20
2967,1169,43,1,0
2968,1169,137,5,15
2969,1169,16,4,25
2970,1170,154,5,5
2971,1170,38,5,5
2972,1170,70,1,0
2973,1170,30,4,5
2974,1171,131,1,0
2975,1171,199,4,20
2976,1172,9,4,5
2977,1172,44,5,0
2978,1173,148,4,10
2979,1174,161,1,15
2980,1174,126,2,0
2981,1174,129,5,20
2982,1175,5,4,15
2983,1175,90,1,25
2984,1175,86,4,10
2985,1175,95,2,10
2986,1175,6,1,5
2987,1176,112,4,0
2988,1176,106,1,15
2989,1177,35,4,15
2990,1177,82,2,25
2991,1178,157,5,10
2992,1178,67,2,25
2993,1178,24,4,0
2994,1178,19,5,15
2995,1178,152,5,0
2996,1179,72,2,25
2997,1179,30,5,10
2998,1180,148,2,20
2999,1180,62,1,0
3000,1180,76,3,20
3001,1180,38,2,20
3002,1181,69,4,20
3003,1182,160,4,15
3004,1183,162,1,15
3005,1184,106,1,0
3006,1185,138,3,15
3007,1185,10,1,0
3008,1186,6,5,5
3009,1187,16,4,5
3010,1187,114,5,25
3011,1188,112,4,10
3012,1189,92,4,0
3013,1190,156,3,10
3014,1190,124,2,20
3015,1191,11,2,10
3016,1192,18,2,20
3017,1192,108,3,0
3018,1193,119,4,15
3019,1194,174,2,25
3020,1195,123,2,15
3021,1196,44,3,20
3022,1196,183,1,15
3023,1196,49,3,20
3024,1196,178,2,0
3025,1197,41,1,25
3026,1197,93,1,25
3027,1197,12,1,20
3028,1198,154,5,0
3029,1198,45,5,20
3030,1199,135,2,25
3031,1199,70,5,15
3032,1199,25,2,25
3033,1200,22,1,0
3034,1200,49,3,20
3035,1200,7,4,15
3036,1201,177,1,0
3037,1201,152,1,5
3038,1201,15,3,25
3039,1201,88,5,5
3040,1201,131,4,20
3041,1202,93,5,15
3042,1203,58,5,25
3043,1204,78,3,5
3044,1204,84,3,15
3045,1204,140,1,20
3046,1204,107,4,5
3047,1205,50,1,0
3048,1206,49,4,5
3049,1206,101,2,15
3050,1207,200,3,15
3051,1207,193,1,20
3052,1207,18,3,0
3053,1207,178,5,25
3054,1207,4,4,15
3055,1208,139,2,5
3056,1208,198,4,20
3057,1208,48,4,0
3058,1209,75,3,15
3059,1209,68,3,10
3060,1209,115,3,5
3061,1209,18,1,0
3062,1209,35,4,15
3063,1210,144,5,25
3064,1210,114,3,5
3065,1211,122,3,15
3066,1211,19,3,20
3067,1211,153,1,5
3068,1212,96,3,5
3069,1212,159,1,25
3070,1213,104,3,5
3071,1214,156,4,20
3072,1214,65,3,15
3073,1214,65,1,0
3074,1214,171,3,20
3075,1214,166,4,15
3076,1215,135,3,20
3077,1215,44,4,5
3078,1215,93,3,10
3079,1215,199,2,20
3080,1216,49,2,10
3081,1216,8,2,5
3082,1216,9,5,25
3083,1217,150,1,5
3084,1217,42,5,10
3085,1218,50,5,15
3086,1219,27,3,0
3087,1219,28,1,5
3088,1220,172,2,20
3089,1220,77,1,10
3090,1221,170,2,25
3091,1221,177,5,0
3092,1222,16,5,10
3093,1222,11,1,15
3094,1222,124,3,20
3095,1223,163,1,20
3096,1224,45,5,5
3097,1225,36,3,20
3098,1226,95,1,0
3099,1226,2,5,25
3100,1226,110,4,0
3101,1227,175,2,10
3102,1227,160,1,0
3103,1227,193,4,20
3104,1228,156,2,10
3105,1229,185,4,25
3106,1230,143,4,15
3107,1230,107,2,20
3108,1230,121,3,25
3109,1231,100,4,20
3110,1231,54,1,25
3111,1232,119,2,0
3112,1232,197,4,20
3113,1233,45,1,25
3114,1234,150,2,15
3115,1235,155,1,25
3116,1236,15,4,25
3117,1237,132,3,15
3118,1237,75,2,20
3119,1237,128,2,10
3120,1237,94,4,15
3121,1237,49,3,20
3122,1238,187,4,5
3123,1238,25,1,0
3124,1238,56,3,10
3125,1238,187,5,5
3126,1239,81,5,15
3127,1240,121,3,10
3128,1240,105,3,10
3129,1241,58,1,5
3130,1241,42,5,0
3131,1241,191,3,15
3132,1241,20,2,15
3133,1242,129,2,5
3134,1242,61,2,20
3135,1243,182,1,25
3136,1243,75,4,0
3137,1243,133,3,15
3138,1243,175,4,10
3139,1243,9,4,5
3140,1244,74,5,0
3141,1244,195,1,20
3142,1245,123,5,20
3143,1245,155,4,0
3144,1245,125,5,0
3145,1245,139,3,20
3146,1246,21,3,25
3147,1246,41,4,15
3148,1246,179,1,0
3149,1246,92,2,15
3150,1246,83,1,15
3151,1247,163,2,15
3152,1247,22,2,5
3153,1248,10,3,0
3154,1248,102,2,5
3155,1248,44,2,15
3156,1248,45,5,0
3157,1248,165,5,15
3158,1249,145,5,0
3159,1249,27,1,5
3160,1249,7,4,5
3161,1249,108,4,0
3162,1250,193,5,25
3163,1251,104,4,0
3164,1252,149,4,20
3165,1252,111,5,15
3166,1252,135,1,15
3167,1253,45,4,15
3168,1253,126,1,10
3169,1253,17,4,20
3170,1254,45,4,25
3171,1254,177,3,20
3172,1254,127,1,0
3173,1254,114,2,5
3174,1255,29,2,15
3175,1255,19,2,0
3176,1255,91,1,20
3177,1255,114,1,20
3178,1256,104,2,15
3179,1256,57,1,15
3180,1256,122,2,10
3181,1257,146,5,5
3182,1258,142,3,5
3183,1258,111,4,20
3184,1258,107,1,15
3185,1258,129,3,0
3186,1259,83,3,20
3187,1259,90,1,5
3188,1259,5,4,0
3189,1259,33,4,20
3190,1259,122,2,15
3191,1260,4,1,10
3192,1260,69,5,25
3193,1260,129,4,15
3194,1260,26,3,20
3195,1260,166,5,25
3196,1261,33,4,20
3197,1261,26,2,25
3198,1262,92,5,20
3199,1263,60,2,25
3200,1263,145,5,0
3201,1263,152,4,25
3202,1264,171,5,5
3203,1264,108,5,15
3204,1264,69,2,0
3205,1265,81,1,0
3206,1266,187,2,25
3207,1266,101,1,0
3208,1266,151,1,25
3209,1266,35,5,25
3210,1266,39,4,15
3211,1267,81,4,25
3212,1268,90,2,20
3213,1269,146,5,25
3214,1270,55,4,15
3215,1270,184,4,5
3216,1271,41,4,10
3217,1271,42,4,25
3218,1271,107,4,15
3219,1272,55,1,0
3220,1272,68,2,5
3221,1273,88,2,15
3222,1273,173,5,25
3223,1273,69,2,10
3224,1274,10,4,0
3225,1274,180,4,5
3226,1275,197,4,15
3227,1276,112,3,15
3228,1276,136,3,20
3229,1276,112,1,25
3230,1276,81,4,10
3231,1276,31,2,0
3232,1277,182,1,15
3233,1277,103,4,0
3234,1277,186,2,20
3235,1278,180,4,5
3236,1278,158,3,10
3237,1278,31,2,25
3238,1279,91,4,0
3239,1279,154,5,0
3240,1280,20,3,20
3241,1280,4,4,20
3242,1281,19,1,15
3243,1281,161,3,20
3244,1281,191,3,25
3245,1282,1,2,25
3246,1283,103,2,25
3247,1283,38,4,5
3248,1283,59,4,10
3249,1283,6,3,25
3250,1284,162,3,5
3251,1285,40,2,25
3252,1285,108,1,5
3253,1285,124,5,10
3254,1286,100,2,10
3255,1287,15,4,25
3256,1287,133,2,15
3257,1287,86,5,25
3258,1287,67,3,20
3259,1287,124,1,5
3260,1288,55,1,15
3261,1289,164,1,0
3262,1289,192,3,15
3263,1289,79,1,25
3264,1289,6,4,15
3265,1289,79,1,10
3266,1290,135,4,15
3267,1291,157,3,25
3268,1291,34,3,25
3269,1292,6,5,15
3270,1292,180,3,0
3271,1292,81,3,0
3272,1292,117,3,15
3273,1292,107,3,10
3274,1293,148,4,25
3275,1293,64,5,5
3276,1293,25,3,20
3277,1294,31,5,15
3278,1294,80,2,10
3279,1294,184,1,10
3280,1294,197,2,15
3281,1295,94,3,25
3282,1295,83,1,20
3283,1296,20,4,0
3284,1296,13,2,25
3285,1296,36,2,15
3286,1296,175,3,25
3287,1297,109,4,20
3288,1297,159,2,15
3289,1298,97,2,10
3290,1298,59,3,25
3291,1299,187,1,15
3292,1299,140,1,10
3293,1299,134,1,20
3294,1300,157,4,10
3295,1300,187,5,15
3296,1301,27,3,15
3297,1301,157,2,25
3298,1302,30,1,20
3299,1302,57,4,20
3300,1303,119,3,15
3301,1304,71,1,5
3302,1305,45,5,15
3303,1305,110,4,0
3304,1306,174,3,10
3305,1306,79,4,0
3306,1306,138,4,20
3307,1306,76,1,5
3308,1306,155,1,10
3309,1307,10,5,0
3310,1308,130,4,5
3311,1308,183,5,25
3312,1309,60,3,25
3313,1309,180,3,25
3314,1309,124,1,10
3315,1309,48,4,0
3316,1310,151,2,0
3317,1310,153,1,25
3318,1311,47,1,5
3319,1311,86,5,10
3320,1311,59,3,5
3321,1312,161,2,25
3322,1312,74,1,5
3323,1312,109,4,15
3324,1312,179,2,25
3325,1313,12,4,20
3326,1313,84,4,15
3327,1313,195,1,20
3328,1314,1,2,20
3329,1314,141,3,10
3330,1314,18,1,0
3331,1314,184,1,25
3332,1315,34,1,0
3333,1316,92,1,5
3334,1316,97,1,10
3335,1316,95,3,25
3336,1317,39,4,25
3337,1317,115,1,25
3338,1317,70,1,0
3339,1317,80,3,5
3340,1318,134,5,15
3341,1318,105,3,25
3342,1318,111,5,20
3343,1318,6,5,0
3344,1319,182,3,20
3345,1319,178,3,5
3346,1320,98,1,10
3347,1320,181,1,25
3348,1321,190,5,10
3349,1321,76,4,10
3350,1322,25,2,15
3351,1322,38,5,0
3352,1322,28,2,5
3353,1323,54,1,10
3354,1324,68,5,20
3355,1324,104,2,15
3356,1324,109,5,0
3357,1324,45,5,10
3358,1324,95,3,20
3359,1325,88,5,25
3360,1325,191,5,15
3361,1325,85,2,15
3362,1326,89,4,0
3363,1326,15,3,15
3364,1327,36,5,25
3365,1327,75,3,5
3366,1327,38,5,25
3367,1327,9,5,0
3368,1327,181,1,15
3369,1328,12,5,15
3370,1329,46,5,25
3371,1329,64,5,25
3372,1329,84,4,0
3373,1329,50,4,0
3374,1330,84,1,0
3375,1330,197,1,5
3376,1331,127,3,25
3377,1332,163,5,25
3378,1332,38,1,5
3379,1332,3,5,15
3380,1333,158,5,15
3381,1334,10,1,25
3382,1334,184,4,15
3383,1335,176,3,15
3384,1336,24,3,10
3385,1336,85,4,5
3386,1336,177,2,20
3387,1336,176,3,15
3388,1337,107,3,15
3389,1338,181,5,0
3390,1339,189,3,10
3391,1339,117,5,10
3392,1339,159,1,20
3393,1339,87,1,20
3394,1340,186,5,0
3395,1340,151,3,20
3396,1340,159,1,10
3397,1341,97,1,5
3398,1342,33,4,15
3399,1342,196,2,25
3400,1342,178,3,25
3401,1342,25,1,5
3402,1343,25,3,5
3403,1343,7,5,15
3404,1344,9,2,5
3405,1344,1,2,10
3406,1345,106,4,15
3407,1346,108,5,25
3408,1347,108,5,25
3409,1348,143,4,25
3410,1348,2,4,10
3411,1349,23,1,20
3412,1350,14,5,25
3413,1350,17,1,15
3414,1350,168,2,20
3415,1351,158,4,15
3416,1351,44,2,10
3417,1351,198,5,10
3418,1352,90,1,10
3419,1352,162,4,0
3420,1352,52,3,5
3421,1353,73,5,0
3422,1353,113,1,25
3423,1353,13,1,5
3424,1354,168,3,15
3425,1354,161,1,10
3426,1354,137,2,25
3427,1355,57,3,20
3428,1355,72,2,25
3429,1356,125,3,15
3430,1356,96,1,15
3431,1356,54,4,20
3432,1357,87,2,20
3433,1357,160,2,20
3434,1357,103,2,15
3435,1358,150,2,10
3436,1358,173,1,0
3437,1358,94,2,10
3438,1358,108,3,0
3439,1359,167,4,10
3440,1360,13,4,10
3441,1360,55,2,0
3442,1361,89,3,0
3443,1361,193,4,20
3444,1362,109,3,0
3445,1363,71,5,5
3446,1364,99,5,5
3447,1364,117,2,10
3448,1364,105,2,20
3449,1364,64,1,0
3450,1365,149,2,25
3451,1365,40,3,0
3452,1365,24,4,15
3453,1366,31,3,10
3454,1367,181,2,15
3455,1367,126,2,0
3456,1367,182,4,10
3457,1367,41,1,0
3458,1367,88,2,0
3459,1368,197,5,25
3460,1368,41,4,25
3461,1368,154,2,15
3462,1369,2,5,20
3463,1369,127,1,15
3464,1370,49,5,20
3465,1370,95,3,0
3466,1370,60,1,0
3467,1371,62,5,20
3468,1371,110,5,20
3469,1371,198,4,5
3470,1371,86,5,10
3471,1371,26,2,5
3472,1372,3,4,10
3473,1373,97,4,10
3474,1374,81,2,15
3475,1374,185,4,0
3476,1374,156,4,10
3477,1375,40,2,10
3478,1376,106,2,20
3479,1376,199,3,0
3480,1376,112,1,5
3481,1376,29,2,0
3482,1377,199,5,0
3483,1377,77,3,5
3484,1378,189,2,20
3485,1378,21,3,10
3486,1378,71,1,5
3487,1379,36,4,25
3488,1379,70,1,10
3489,1379,66,4,10
3490,1380,47,2,10
3491,1381,95,5,5
3492,1381,35,4,0
3493,1382,160,2,25
3494,1382,3,4,10
3495,1382,71,1,25
3496,1382,28,3,25
3497,1383,133,4,5
3498,1384,156,4,20
3499,1385,49,2,25
3500,1386,130,3,10
3501,1387,50,5,0
3502,1387,194,2,20
3503,1388,190,1,25
3504,1388,112,4,0
3505,1388,69,1,25
3506,1388,197,1,25
3507,1389,149,5,20
3508,1390,58,4,20
3509,1391,188,4,0
3510,1391,17,4,5
3511,1391,20,3,25
3512,1391,23,5,10
3513,1392,166,4,10
3514,1392,67,1,0
3515,1392,16,3,10
3516,1392,176,2,25
3517,1392,24,2,5
3518,1393,42,4,10
3519,1393,150,2,5
3520,1393,40,4,5
3521,1394,77,3,25
3522,1394,163,3,0
3523,1395,57,5,20
3524,1395,54,3,15
3525,1395,109,3,20
3526,1395,150,3,5
3527,1396,182,2,5
3528,1397,82,2,25
3529,1398,122,4,25
3530,1398,76,2,5
3531,1398,164,4,15
3532,1398,17,4,10
3533,1398,141,3,5
3534,1399,195,3,0
3535,1400,74,3,10
3536,1400,186,4,5
3537,1400,100,1,10
3538,1401,88,2,20
3539,1401,93,3,10
3540,1401,139,5,10
3541,1402,147,5,0
3542,1402,188,5,20
3543,1402,195,1,5
3544,1403,69,4,15
3545,1403,176,3,10
3546,1404,191,5,20
3547,1404,90,5,10
3548,1404,55,5,0
3549,1405,32,1,5
3550,1405,14,5,5
3551,1405,38,1,5
3552,1406,27,4,0
3553,1406,195,4,15
3554,1406,36,3,0
3555,1406,195,5,15
3556,1407,53,1,25
3557,1407,8,2,25
3558,1407,170,5,20
3559,1407,163,2,5
3560,1407,25,2,15
3561,1408,84,2,25
3562,1408,129,1,0
3563,1408,15,4,10
3564,1409,195,5,20
3565,1409,141,5,15
3566,1409,20,1,10
3567,1410,66,5,10
3568,1410,10,3,5
3569,1410,143,1,0
3570,1410,139,4,15
3571,1410,106,3,20
3572,1411,168,1,10
3573,1412,54,5,5
3574,1412,97,2,5
3575,1413,62,2,20
3576,1413,54,4,10
3577,1413,199,4,20
3578,1413,90,3,20
3579,1413,175,3,15
3580,1414,93,5,5
3581,1414,4,3,10
3582,1415,134,5,20
3583,1416,93,1,15
3584,1417,55,2,10
3585,1417,119,5,0
3586,1418,105,2,25
3587,1418,165,5,25
3588,1418,15,4,15
3589,1419,43,4,20
3590,1420,33,3,5
3591,1420,54,2,0
3592,1421,155,5,25
3593,1421,104,4,5
3594,1422,116,2,10
3595,1422,9,4,0
3596,1422,18,2,0
3597,1422,4,5,10
3598,1423,12,4,10
3599,1423,133,5,5
3600,1423,34,2,15
3601,1423,33,3,20
3602,1423,83,5,20
3603,1424,58,1,15
3604,1425,132,3,20
3605,1425,121,5,25
3606,1425,124,2,10
3607,1425,14,3,5
3608,1426,139,4,15
3609,1426,178,4,15
3610,1426,117,1,25
3611,1426,49,4,25
3612,1426,49,4,20
3613,1427,104,4,5
3614,1427,143,1,5
3615,1427,105,4,0
3616,1427,182,5,20
3617,1427,148,3,25
3618,1428,104,3,0
3619,1429,23,2,5
3620,1430,87,4,20
3621,1430,38,2,5
3622,1430,164,5,10
3623,1431,157,4,0
3624,1431,139,2,10
3625,1431,13,4,5
3626,1431,97,2,20
3627,1432,95,2,15
3628,1432,80,3,0
3629,1433,70,5,15
3630,1434,126,4,25
3631,1435,76,3,20
3632,1435,188,5,10
3633,1435,32,5,20
3634,1436,59,4,20
3635,1436,194,1,20
3636,1436,149,5,20
3637,1437,181,1,20
3638,1437,195,2,5
3639,1437,6,4,20
3640,1437,100,3,10
3641,1438,186,5,0
3642,1439,122,3,10
3643,1439,34,3,25
3644,1439,59,5,0
3645,1440,161,2,10
3646,1440,83,2,10
3647,1441,8,1,5
3648,1441,14,5,20
3649,1441,177,4,5
3650,1442,188,4,15
3651,1442,13,2,15
3652,1442,133,4,0
3653,1442,51,2,5
3654,1442,30,3,20
3655,1443,198,2,25
3656,1443,104,2,0
3657,1443,51,5,5
3658,1444,131,3,20
3659,1445,189,4,15
3660,1445,70,2,25
3661,1445,99,1,10
3662,1445,129,5,20
3663,1446,134,2,5
3664,1447,101,2,25
3665,1447,141,1,15
3666,1447,188,3,0
3667,1448,111,1,25
3668,1448,152,3,25
3669,1448,119,1,20
3670,1448,131,5,0
3671,1449,173,4,25
3672,1449,160,3,0
3673,1449,60,1,20
3674,1449,32,3,5
3675,1449,145,4,15
3676,1450,52,1,15
3677,1450,65,4,20
3678,1450,187,4,25
3679,1450,53,5,15
3680,1450,76,4,0
3681,1451,16,4,20
3682,1451,177,1,5
3683,1452,116,4,20
3684,1452,66,5,0
3685,1452,121,4,10
3686,1453,82,5,20
3687,1453,142,5,5
3688,1454,57,5,0
3689,1454,105,2,15
3690,1454,9,3,20
3691,1455,26,3,25
3692,1455,31,5,10
3693,1456,107,2,5
3694,1456,61,2,20
3695,1457,173,2,0
3696,1458,103,4,5
3697,1458,149,1,0
3698,1459,61,4,5
3699,1459,175,3,25
3700,1459,126,1,25
3701,1459,170,5,25
3702,1460,66,1,25
3703,1460,157,3,0
3704,1460,51,1,15
3705,1460,77,3,10
3706,1460,38,5,0
3707,1461,163,1,5
3708,1461,90,5,5
3709,1461,164,1,10
3710,1461,123,1,20
3711,1461,51,5,25
3712,1462,34,2,15
3713,1463,62,1,5
3714,1463,14,4,20
3715,1463,193,2,25
3716,1464,128,1,25
3717,1464,105,3,5
3718,1464,187,5,10
3719,1464,200,4,0
3720,1464,38,3,25
3721,1465,126,5,20
3722,1466,170,1,25
3723,1466,43,2,5
3724,1466,31,4,0
3725,1466,51,1,20
3726,1467,183,5,20
3727,1467,48,3,15
3728,1467,62,1,0
3729,1467,75,1,5
3730,1467,187,1,10
3731,1468,54,1,20
3732,1468,4,3,0
3733,1468,42,4,15
3734,1469,19,4,15
3735,1469,140,1,5
3736,1470,177,5,20
3737,1470,64,2,5
3738,1470,57,3,10
3739,1471,66,2,25
3740,1471,38,2,25
3741,1471,169,1,25
3742,1471,123,4,20
3743,1471,29,4,5
3744,1472,29,3,5
3745,1473,122,4,10
3746,1473,167,4,10
3747,1473,113,1,15
3748,1474,109,2,0
3749,1475,177,3,0
3750,1475,105,2,10
3751,1475,15,2,0
3752,1476,73,2,0
3753,1476,6,4,25
3754,1476,31,1,10
3755,1477,18,1,25
3756,1478,100,3,10
3757,1478,87,5,5
3758,1479,2,1,25
3759,1479,147,3,0
3760,1479,178,2,10
3761,1479,65,3,0
3762,1480,97,1,20
3763,1480,79,4,10
3764,1481,64,4,0
3765,1482,160,2,5
3766,1483,191,5,25
3767,1483,121,5,20
3768,1483,61,2,25
3769,1483,58,2,25
3770,1484,63,4,15
3771,1485,113,1,20
3772,1486,142,5,10
3773,1486,53,3,5
3774,1486,91,1,15
3775,1486,16,1,5
3776,1486,182,3,20
3777,1487,137,1,25
3778,1487,41,1,10
3779,1488,96,3,5
3780,1488,68,5,20
3781,1489,159,2,0
3782,1489,193,5,15
3783,1490,32,2,0
3784,1491,195,1,15
3785,1491,24,5,20
3786,1492,7,3,0
3787,1492,27,2,0
3788,1492,170,2,15
3789,1492,32,1,20
3790,1493,172,1,15
3791,1493,177,1,0
3792,1493,182,2,25
3793,1493,147,4,15
3794,1493,69,4,25
3795,1494,153,4,15
3796,1494,131,1,5
3797,1495,73,5,5
3798,1495,27,4,5
3799,1495,185,5,5
3800,1496,179,3,20
3801,1497,61,3,10
3802,1497,114,3,20
3803,1497,8,5,10
3804,1497,113,3,15
3805,1498,22,4,15
3806,1499,28,3,10
3807,1499,105,3,20
3808,1499,148,4,10
3809,1500,61,2,5
3810,1501,183,3,15
3811,1502,151,4,5
3812,1503,28,5,25
3813,1503,26,3,20
3814,1504,153,5,15
3815,1504,1,5,20
3816,1504,51,2,15
3817,1505,52,3,5
3818,1505,14,5,5
3819,1505,111,2,0
3820,1505,73,5,5
3821,1506,65,1,0
3822,1506,89,2,0
3823,1507,116,2,20
3824,1508,29,1,0
3825,1508,169,5,20
3826,1508,114,2,25
3827,1508,53,2,10
3828,1508,123,1,10
3829,1509,169,2,10
3830,1509,143,5,20
3831,1510,156,4,15
3832,1511,60,5,0
3833,1511,49,1,15
3834,1512,146,4,5
3835,1512,134,1,20
3836,1512,199,5,10
3837,1513,165,5,10
3838,1513,10,4,5
3839,1513,75,2,0
3840,1513,147,1,25
3841,1513,141,3,25
3842,1514,115,2,10
3843,1515,101,5,20
3844,1515,182,4,25
3845,1515,119,3,25
3846,1516,141,5,15
3847,1516,16,1,10
3848,1517,184,3,5
3849,1517,171,2,25
3850,1517,161,4,0
3851,1517,159,3,10
3852,1518,122,4,25
3853,1519,41,1,0
3854,1519,185,3,25
3855,1519,60,4,20
3856,1519,135,5,0
3857,1519,142,5,15
3858,1520,70,2,10
3859,1520,183,2,20
3860,1521,46,1,0
3861,1522,139,4,15
3862,1522,106,4,25
3863,1523,21,2,20
3864,1523,69,3,25
3865,1523,20,1,10
3866,1523,57,1,20
3867,1523,28,2,25
3868,1524,127,1,15
3869,1524,50,4,15
3870,1524,46,1,15
3871,1525,166,2,15
3872,1525,33,3,10
3873,1526,117,1,20
3874,1526,149,4,15
3875,1526,67,3,0
3876,1526,117,1,15
3877,1526,38,2,20
3878,1527,40,3,5
3879,1527,112,3,25
3880,1527,94,3,25
3881,1528,162,4,10
3882,1528,114,4,25
3883,1528,132,1,0
3884,1528,42,1,0
3885,1528,92,4,10
3886,1529,176,3,10
3887,1529,63,1,25
3888,1529,171,3,0
3889,1529,124,3,5
3890,1530,161,5,5
3891,1530,136,4,5
3892,1530,170,4,0
3893,1531,122,3,20
3894,1532,184,2,5
3895,1533,91,5,25
3896,1533,46,3,5
3897,1533,50,5,10
3898,1533,65,5,5
3899,1533,64,2,20
3900,1534,151,1,0
3901,1535,191,4,0
3902,1536,10,4,5
3903,1537,125,5,0
3904,1537,177,1,20
3905,1538,111,5,20
3906,1538,63,5,5
3907,1538,150,3,10
3908,1539,49,3,25
3909,1539,86,4,25
3910,1539,177,1,5
3911,1539,144,3,0
3912,1539,56,5,10
3913,1540,194,1,10
3914,1540,142,5,15
3915,1540,2,3,20
3916,1541,189,1,20
3917,1541,51,1,20
3918,1541,167,4,5
3919,1542,34,2,25
3920,1542,50,3,0
3921,1542,146,3,0
3922,1542,158,4,5
3923,1543,49,2,10
3924,1543,70,1,25
3925,1543,94,5,25
3926,1543,192,2,20
3927,1544,188,5,20
3928,1545,61,2,5
3929,1545,54,4,25
3930,1545,134,4,5
3931,1546,172,2,10
3932,1546,191,5,0
3933,1546,84,5,5
3934,1547,157,5,20
3935,1547,155,3,20
3936,1547,192,5,0
3937,1547,73,5,20
3938,1548,4,3,20
3939,1548,86,1,10
3940,1548,88,4,15
3941,1549,71,4,10
3942,1549,35,2,15
3943,1550,51,1,0
3944,1550,107,2,15
3945,1551,76,4,0
3946,1551,72,5,15
3947,1551,16,3,5
3948,1552,136,1,10
3949,1552,172,5,20
3950,1553,28,5,5
3951,1553,159,3,25
3952,1553,70,4,15
3953,1553,55,2,25
3954,1554,169,4,15
3955,1555,198,5,20
3956,1555,62,5,0
3957,1556,66,4,0
3958,1556,30,2,0
3959,1556,51,4,15
3960,1556,3,3,20
3961,1557,28,5,0
3962,1557,189,4,20
3963,1557,145,4,0
3964,1557,85,4,20
3965,1558,173,4,5
3966,1558,26,1,20
3967,1559,14,2,15
3968,1559,191,1,5
3969,1560,109,2,5
3970,1560,82,3,15
3971,1560,134,3,0
3972,1561,145,1,5
3973,1562,39,2,5
3974,1562,19,1,5
3975,1562,179,5,20
3976,1563,110,5,25
3977,1563,191,1,20
3978,1564,104,4,0
3979,1565,121,1,20
3980,1565,79,1,25
3981,1565,193,5,10
3982,1565,127,2,10
3983,1566,23,4,20
3984,1566,88,5,25
3985,1566,164,3,10
3986,1566,179,2,25
3987,1567,100,5,20
3988,1567,170,1,25
3989,1568,10,3,5
3990,1569,187,3,0
3991,1569,94,2,10
3992,1569,128,3,20
3993,1570,47,2,0
3994,1571,176,5,0
3995,1572,197,1,15
3996,1572,186,5,20
3997,1572,60,3,10
3998,1573,104,3,0
3999,1574,58,5,25
4000,1574,7,4,25
4001,1575,44,4,15
4002,1575,77,3,5
4003,1575,188,2,20
4004,1575,97,2,10
4005,1576,187,5,20
4006,1576,145,1,15
4007,1576,141,1,25
4008,1577,183,2,15
4009,1577,26,3,5
4010,1577,36,4,5
4011,1577,124,2,25
4012,1577,36,4,5
4013,1578,196,5,15
4014,1579,29,4,0
4015,1579,98,5,0
4016,1579,50,5,5
4017,1579,87,5,0
4018,1579,127,5,0
4019,1580,8,3,5
4020,1580,77,3,0
4021,1581,49,3,15
4022,1581,165,5,5
4023,1581,94,3,5
4024,1581,19,1,25
4025,1582,52,3,15
4026,1582,159,4,0
4027,1582,80,3,10
4028,1582,6,1,10
4029,1582,118,5,20
4030,1583,125,5,20
4031,1584,78,2,0
4032,1585,88,2,5
4033,1585,125,5,0
4034,1586,29,1,25
4035,1586,120,3,15
4036,1587,90,3,0
4037,1588,104,3,5
4038,1589,3,2,25
4039,1589,2,1,15
4040,1589,138,4,10
4041,1589,167,2,5
4042,1589,41,1,10
4043,1590,35,1,25
4044,1590,74,2,5
4045,1590,72,4,0
4046,1591,67,2,20
4047,1592,76,5,10
4048,1592,13,1,5
4049,1593,104,4,5
4050,1593,76,3,0
4051,1594,144,5,5
4052,1594,37,1,0
4053,1594,136,3,25
4054,1594,177,5,25
4055,1595,114,3,5
4056,1596,17,5,5
4057,1597,41,4,20
4058,1598,77,3,25
4059,1599,97,3,5
4060,1599,26,1,5
4061,1599,151,1,25
4062,1599,35,1,20
4063,1600,126,4,25
4064,1600,88,5,5
4065,1600,162,3,15
4066,1601,30,4,20
4067,1601,196,4,5
4068,1602,4,5,25
4069,1603,153,2,15
4070,1603,149,5,15
4071,1603,158,2,10
4072,1604,143,2,5
4073,1604,146,3,20
4074,1605,5,4,10
4075,1606,37,4,20
4076,1606,160,1,0
4077,1606,115,3,0
4078,1607,25,4,15
4079,1608,90,3,15
4080,1608,90,1,5
4081,1608,166,1,15
4082,1608,162,5,0
4083,1609,92,4,5
4084,1610,110,4,10
4085,1610,186,1,25
4086,1610,156,4,20
4087,1611,2,1,5
4088,1612,7,1,5
4089,1612,145,1,20
4090,1612,167,1,25
4091,1612,153,4,25
4092,1612,15,3,15
4093,1613,104,3,20
4094,1614,86,3,10
4095,1615,10,5,20
4096,1615,143,5,10
4097,1615,3,2,15
4098,1616,42,1,20
4099,1616,53,1,10
4100,1617,24,5,0
4101,1617,134,3,20
4102,1617,34,5,15
4103,1617,5,3,15
4104,1618,41,1,20
4105,1618,128,2,20
4106,1618,79,2,5
4107,1618,43,1,10
4108,1619,196,4,5
4109,1620,76,2,20
4110,1621,183,4,15
4111,1622,129,2,25
4112,1623,90,2,5
4113,1623,130,1,10
4114,1624,197,3,15
4115,1624,79,2,25
4116,1624,44,5,20
4117,1624,92,3,15
4118,1624,91,3,5
4119,1625,136,2,10
4120,1625,8,4,10
4121,1625,178,3,0
4122,1626,49,5,0
4123,1626,121,3,10
4124,1626,64,2,20
4125,1627,125,5,5
4126,1627,177,1,5
4127,1627,193,2,5
4128,1627,32,2,5
4129,1627,174,4,25
4130,1628,3,2,5
4131,1629,163,2,20
4132,1629,129,5,20
4133,1629,186,4,0
4134,1630,174,2,25
4135,1630,189,4,0
4136,1631,15,3,5
4137,1631,16,4,0
4138,1632,8,5,10
4139,1632,28,1,15
4140,1632,195,5,25
4141,1632,177,4,15
4142,1633,176,4,10
4143,1633,49,2,5
4144,1633,141,4,5
4145,1633,171,4,15
4146,1633,53,4,25
4147,1634,76,2,0
4148,1634,114,5,10
4149,1635,183,4,5
4150,1635,44,5,25
4151,1636,171,1,25
4152,1636,69,2,15
4153,1636,155,1,15
4154,1637,190,3,5
4155,1637,189,2,20
4156,1637,14,5,15
4157,1637,155,1,20
4158,1638,22,5,0
4159,1639,147,5,0
4160,1640,122,3,10
4161,1640,85,2,25
4162,1641,116,3,25
4163,1641,51,4,0
4164,1642,7,3,0
4165,1642,9,2,25
4166,1642,52,2,15
4167,1642,198,2,20
4168,1642,97,3,0
4169,1643,18,4,20
4170,1643,33,4,15
4171,1644,167,1,5
4172,1645,142,5,5
4173,1645,174,1,25
4174,1646,58,4,25
4175,1647,67,5,0
4176,1647,63,4,25
4177,1647,84,4,0
4178,1647,109,5,20
4179,1648,153,4,5
4180,1648,152,2,0
4181,1648,154,1,0
4182,1648,10,1,20
4183,1649,90,3,10
4184,1649,3,3,15
4185,1650,193,3,10
4186,1651,133,4,0
4187,1652,57,5,0
4188,1652,178,4,0
4189,1653,124,3,15
4190,1653,75,5,0
4191,1654,198,4,20
4192,1655,47,2,5
4193,1656,135,3,5
4194,1656,61,4,5
4195,1657,102,2,5
4196,1657,7,3,15
4197,1657,103,2,25
4198,1657,13,4,5
4199,1658,99,4,20
4200,1658,63,1,20
4201,1659,184,3,20
4202,1659,199,3,5
4203,1660,181,1,20
4204,1661,112,2,10
4205,1661,57,5,10
4206,1661,100,2,20
4207,1662,68,5,15
4208,1662,73,2,5
4209,1662,66,2,25
4210,1663,75,5,0
4211,1664,152,2,10
4212,1665,37,4,20
4213,1665,199,2,15
4214,1665,57,3,10
4215,1665,77,5,5
4216,1666,2,3,0
4217,1666,5,3,10
4218,1667,87,5,20
4219,1667,100,1,0
4220,1668,153,2,25
4221,1669,117,4,5
4222,1670,142,4,15
4223,1670,82,4,15
4224,1670,190,5,0
4225,1671,126,2,10
4226,1672,87,4,0
4227,1673,6,4,0
4228,1674,118,5,0
4229,1674,105,3,10
4230,1674,10,2,15
4231,1675,78,4,5
4232,1675,35,2,0
4233,1676,67,4,25
4234,1676,76,2,0
4235,1677,39,1,15
4236,1677,102,3,15
4237,1678,147,4,15
4238,1678,194,4,10
4239,1679,134,1,25
4240,1679,53,3,5
4241,1679,197,3,25
4242,1680,70,4,15
4243,1680,190,4,25
4244,1680,44,2,15
4245,1680,181,5,15
4246,1680,105,2,15
4247,1681,141,4,0
4248,1682,47,1,10
4249,1682,91,5,15
4250,1682,128,4,15
4251,1682,185,3,0
4252,1682,65,5,10
4253,1683,8,4,25
4254,1683,154,2,10
4255,1684,22,5,25
4256,1685,32,1,10
4257,1686,170,3,15
4258,1686,88,2,20
4259,1687,37,4,25
4260,1687,143,1,25
4261,1687,49,4,5
4262,1688,67,5,0
4263,1688,198,3,15
4264,1688,124,4,20
4265,1688,57,2,20
4266,1688,61,5,10
4267,1689,187,1,5
4268,1689,161,4,20
4269,1690,99,2,25
4270,1690,99,2,25
4271,1691,28,3,0
4272,1691,59,3,25
4273,1691,9,2,25
4274,1691,156,4,20
4275,1692,81,1,10
4276,1693,19,2,0
4277,1694,18,1,20
4278,1694,7,4,15
4279,1695,125,2,15
4280,1696,140,3,5
4281,1696,174,2,15
4282,1696,197,3,15
4283,1697,107,1,0
4284,1697,86,3,20
4285,1698,188,3,20
4286,1699,171,4,5
4287,1699,130,3,0
4288,1699,1,5,0
4289,1699,20,1,10
4290,1700,37,1,5
4291,1700,68,1,25
4292,1701,123,4,25
4293,1702,106,4,20
4294,1702,97,1,20
4295,1702,137,4,15
4296,1703,75,3,5
4297,1703,63,5,5
4298,1703,117,2,5
4299,1704,32,1,15
4300,1705,162,3,15
4301,1705,103,1,5
4302,1705,23,1,15
4303,1705,114,4,5
4304,1705,166,3,5
4305,1706,61,5,15
4306,1706,68,1,10
4307,1706,80,1,5
4308,1706,124,3,15
4309,1707,146,5,20
4310,1708,4,2,15
4311,1709,193,2,0
4312,1709,158,5,25
4313,1709,51,3,5
4314,1709,94,1,5
4315,1710,1,5,20
4316,1710,117,3,10
4317,1710,80,4,15
4318,1710,184,1,0
4319,1711,74,4,10
4320,1711,175,5,15
4321,1711,12,1,5
4322,1711,191,5,0
4323,1711,144,4,0
4324,1712,50,3,0
4325,1712,31,4,5
4326,1712,138,4,0
4327,1712,10,1,0
4328,1712,136,2,0
4329,1713,27,3,5
4330,1713,88,2,15
4331,1713,143,1,0
4332,1714,187,3,15
4333,1715,10,5,20
4334,1715,105,2,20
4335,1715,169,3,0
4336,1715,154,4,5
4337,1716,140,3,0
4338,1716,154,3,10
4339,1716,113,3,15
4340,1716,159,1,25
4341,1717,93,4,20
4342,1717,43,2,5
4343,1717,170,1,20
4344,1718,51,5,10
4345,1718,124,4,25
4346,1718,139,3,5
4347,1718,136,5,5
4348,1718,49,3,15
4349,1719,33,3,0
4350,1719,156,3,0
4351,1719,120,5,15
4352,1719,61,1,20
4353,1720,167,5,5
4354,1720,119,5,15
4355,1720,159,5,25
4356,1720,94,4,20
4357,1720,121,5,15
4358,1721,178,4,25
4359,1721,52,4,25
4360,1721,153,5,10
4361,1722,99,5,20
4362,1722,9,5,10
4363,1722,190,5,25
4364,1723,105,4,10
4365,1723,37,1,15
4366,1723,56,3,20
4367,1723,122,5,15
4368,1723,192,3,20
4369,1724,7,1,0
4370,1725,85,1,25
4371,1725,24,5,10
4372,1726,36,4,10
4373,1726,32,1,5
4374,1727,38,1,10
4375,1727,137,2,10
4376,1728,149,3,25
4377,1728,122,5,20
4378,1728,6,5,5
4379,1729,89,2,15
4380,1730,45,4,5
4381,1730,171,5,5
4382,1730,114,4,0
4383,1731,112,4,0
4384,1731,102,2,10
4385,1731,2,5,0
4386,1731,172,4,25
4387,1732,168,5,5
4388,1732,104,1,0
4389,1732,159,5,25
4390,1732,16,5,10
4391,1732,112,1,15
4392,1733,166,5,20
4393,1733,61,2,5
4394,1733,36,2,15
4395,1734,126,2,15
4396,1735,179,3,25
4397,1735,66,1,0
4398,1735,193,5,25
4399,1736,123,2,0
4400,1737,18,1,5
4401,1737,6,2,15
4402,1738,44,2,0
4403,1739,101,2,0
4404,1739,126,3,25
4405,1739,174,1,20
4406,1740,153,2,20
4407,1740,146,2,25
4408,1740,116,2,5
4409,1741,72,1,20
4410,1741,183,3,20
4411,1742,102,2,10
4412,1742,75,4,20
4413,1742,48,2,5
4414,1742,99,4,5
4415,1743,66,2,20
4416,1743,187,5,25
4417,1743,109,4,5
4418,1744,152,1,15
4419,1744,71,2,25
4420,1744,99,4,5
4421,1745,54,5,25
4422,1746,160,1,5
4423,1746,38,5,0
4424,1746,3,2,5
4425,1746,165,4,0
4426,1746,162,4,0
4427,1747,160,2,0
4428,1748,74,1,15
4429,1748,172,2,25
4430,1748,64,4,0
4431,1749,41,2,20
4432,1750,56,2,20
4433,1751,24,5,20
4434,1751,66,3,25
4435,1752,72,5,15
4436,1752,90,1,25
4437,1753,175,3,5
4438,1754,62,5,25
4439,1754,88,5,20
4440,1754,113,2,10
4441,1754,6,4,15
4442,1755,183,1,5
4443,1756,37,2,25
4444,1756,195,2,15
4445,1756,181,1,20
4446,1756,5,2,0
4447,1756,62,3,15
4448,1757,80,3,5
4449,1758,155,1,25
4450,1758,22,3,25
4451,1759,59,2,20
4452,1759,86,5,5
4453,1759,49,2,25
4454,1759,109,3,0
4455,1760,158,1,0
4456,1760,45,5,0
4457,1761,130,3,25
4458,1761,137,5,5
4459,1761,163,4,10
4460,1761,86,5,0
4461,1761,64,1,0
4462,1762,100,4,20
4463,1763,152,1,25
4464,1764,52,3,15
4465,1764,144,1,15
4466,1764,161,1,15
4467,1765,89,4,0
4468,1766,38,1,25
4469,1766,127,3,15
4470,1767,36,4,15
4471,1767,47,2,10
4472,1768,10,4,20
4473,1769,140,4,15
4474,1769,39,4,10
4475,1769,164,2,20
4476,1770,107,4,20
4477,1770,153,4,25
4478,1770,15,4,5
4479,1771,187,3,25
4480,1771,33,1,20
4481,1772,5,5,20
4482,1773,174,2,0
4483,1774,102,5,20
4484,1775,35,2,25
4485,1775,128,5,20
4486,1776,191,3,5
4487,1776,183,3,5
4488,1776,175,1,10
4489,1776,106,4,20
4490,1777,6,4,5
4491,1777,92,2,15
4492,1777,116,3,15
4493,1777,91,2,20
4494,1778,194,5,0
4495,1778,96,2,25
4496,1778,10,2,15
4497,1779,31,1,0
4498,1779,69,4,25
4499,1780,6,3,0
4500,1781,1,1,0
4501,1781,145,5,10
4502,1782,1,1,20
4503,1782,143,4,5
4504,1783,102,3,15
4505,1783,37,4,0
4506,1783,107,4,10
4507,1784,34,1,10
4508,1785,147,2,25
4509,1785,86,3,0
4510,1786,95,4,25
4511,1786,41,2,20
4512,1786,127,3,5
4513,1787,65,4,10
4514,1787,39,3,20
4515,1787,151,1,20
4516,1787,149,3,20
4517,1788,126,3,15
4518,1788,84,1,20
4519,1788,137,3,15
4520,1789,175,3,15
4521,1790,55,1,15
4522,1790,8,2,5
4523,1790,165,5,25
4524,1791,142,5,20
4525,1792,67,5,20
4526,1792,124,5,20
4527,1792,78,1,25
4528,1792,127,2,15
4529,1792,196,2,25
4530,1793,181,3,5
4531,1793,133,5,5
4532,1793,129,1,25
4533,1793,176,5,5
4534,1794,55,1,10
4535,1794,50,1,25
4536,1794,39,3,5
4537,1795,11,1,25
4538,1796,33,5,25
4539,1797,133,5,0
4540,1797,75,2,25
4541,1798,107,5,25
4542,1799,141,1,20
4543,1800,123,5,5
4544,1800,81,2,10
4545,1800,97,4,25
4546,1800,1,5,20
4547,1800,114,5,25
4548,1801,85,1,15
4549,1801,19,4,0
4550,1801,64,1,25
4551,1802,39,1,15
4552,1802,136,5,25
4553,1802,185,5,25
4554,1803,134,1,15
4555,1803,166,2,15
4556,1804,109,4,20
4557,1804,131,4,10
4558,1804,194,2,5
4559,1805,61,2,20
4560,1805,74,3,10
4561,1806,103,1,0
4562,1806,118,5,25
4563,1806,195,3,10
4564,1807,153,3,25
4565,1808,118,1,25
4566,1809,22,4,0
4567,1809,76,5,10
4568,1809,165,3,25
4569,1809,163,1,10
4570,1810,50,4,0
4571,1811,66,3,0
4572,1811,176,5,5
4573,1812,19,2,5
4574,1812,25,5,0
4575,1812,180,4,15
4576,1812,11,3,20
4577,1812,27,3,15
4578,1813,28,1,0
4579,1813,125,2,15
4580,1814,16,4,15
4581,1815,132,3,0
4582,1815,108,3,25
4583,1815,15,4,10
4584,1816,9,1,10
4585,1816,142,3,10
4586,1816,89,1,25
4587,1817,35,5,5
4588,1817,124,2,20
4589,1817,67,2,20
4590,1818,159,5,0
4591,1818,29,4,15
4592,1819,196,3,20
4593,1820,122,2,25
4594,1820,70,5,25
4595,1820,64,2,10
4596,1821,154,3,15
4597,1821,77,5,10
4598,1821,160,1,5
4599,1822,53,4,10
4600,1822,149,5,5
4601,1823,58,3,10
4602,1823,142,2,5
4603,1823,141,5,0
4604,1824,129,4,0
4605,1825,102,5,10
4606,1825,99,4,10
4607,1825,111,5,20
4608,1825,171,2,20
4609,1825,161,2,10
4610,1826,166,4,15
4611,1826,133,1,15
4612,1827,35,3,15
4613,1827,170,5,15
4614,1827,92,1,5
4615,1828,24,3,25
4616,1828,72,4,5
4617,1828,109,4,25
4618,1828,109,2,0
4619,1829,56,4,0
4620,1829,111,2,20
4621,1829,73,5,10
4622,1830,69,4,25
4623,1831,47,4,5
4624,1832,80,3,10
4625,1832,171,4,15
4626,1832,154,5,20
4627,1833,137,4,10
4628,1833,18,1,20
4629,1834,74,5,20
4630,1835,64,2,25
4631,1835,57,4,5
4632,1835,158,5,15
4633,1835,8,1,10
4634,1835,70,4,0
4635,1836,94,5,20
4636,1837,176,4,15
4637,1837,169,1,20
4638,1837,67,3,10
4639,1838,160,3,25
4640,1838,158,4,0
4641,1838,68,1,20
4642,1838,117,4,10
4643,1838,22,5,10
4644,1839,27,2,15
4645,1839,65,1,10
4646,1839,64,3,5
4647,1840,154,2,5
4648,1840,35,4,15
4649,1840,151,4,5
4650,1840,179,1,10
4651,1840,117,2,0
4652,1841,131,4,10
4653,1841,87,2,5
4654,1841,169,4,0
4655,1842,103,5,0
4656,1843,120,3,20
4657,1843,145,2,25
4658,1844,182,5,10
4659,1845,89,2,5
4660,1845,115,5,0
4661,1846,133,1,10
4662,1846,81,3,15
4663,1846,14,1,25
4664,1847,107,5,20
4665,1848,125,2,25
4666,1848,2,2,20
4667,1848,107,2,0
4668,1848,89,4,25
4669,1849,64,2,15
4670,1849,67,1,20
4671,1849,116,4,5
4672,1849,193,5,5
4673,1849,114,1,25
4674,1850,41,5,20
4675,1850,46,4,5
4676,1851,32,1,25
4677,1851,146,4,20
4678,1852,117,2,10
4679,1852,77,1,15
4680,1852,127,3,20
4681,1852,136,1,15
4682,1853,130,2,0
4683,1853,72,2,5
4684,1853,133,1,5
4685,1853,119,4,5
4686,1854,29,4,15
4687,1854,76,2,25
4688,1854,124,5,20
4689,1855,165,3,5
4690,1855,123,5,25
4691,1856,143,4,5
4692,1856,70,2,15
4693,1856,90,5,0
4694,1857,70,1,25
4695,1858,98,3,0
4696,1858,186,3,20
4697,1858,3,5,25
4698,1858,95,2,0
4699,1859,110,3,15
4700,1859,13,3,20
4701,1860,163,3,20
4702,1860,143,4,10
4703,1860,49,3,0
4704,1861,124,2,5
4705,1861,138,3,10
4706,1862,97,5,20
4707,1862,173,5,5
4708,1862,37,2,20
4709,1863,17,4,0
4710,1863,10,5,5
4711,1863,37,5,0
4712,1864,145,3,0
4713,1864,55,2,10
4714,1864,146,4,15
4715,1864,92,5,5
4716,1864,55,4,15
4717,1865,200,5,5
4718,1865,92,5,20
4719,1865,73,3,10
4720,1865,149,1,25
4721,1866,140,4,15
4722,1866,163,5,0
4723,1866,54,5,25
4724,1867,37,2,25
4725,1867,177,1,25
4726,1868,187,1,20
4727,1868,105,4,25
4728,1868,102,3,15
4729,1868,81,5,25
4730,1869,64,2,10
4731,1870,97,4,5
4732,1871,133,5,25
4733,1872,196,2,20
4734,1872,43,2,15
4735,1872,3,4,25
4736,1873,162,5,15
4737,1873,128,4,15
4738,1873,61,1,20
4739,1873,80,2,20
4740,1874,130,3,0
4741,1874,116,4,0
4742,1874,163,2,5
4743,1875,111,5,0
4744,1875,173,1,25
4745,1875,171,3,15
4746,1876,60,4,25
4747,1876,63,2,25
4748,1876,5,1,10
4749,1877,77,4,0
4750,1878,34,1,10
4751,1879,188,5,0
4752,1879,188,2,25
4753,1879,47,5,25
4754,1879,163,4,25
4755,1879,115,2,0
4756,1880,170,5,10
4757,1880,187,1,25
4758,1881,168,5,10
4759,1882,147,2,25
4760,1883,107,3,25
4761,1883,27,1,20
4762,1883,85,5,0
4763,1884,46,1,5
4764,1885,167,2,0
4765,1886,83,2,0
4766,1886,171,5,0
4767,1886,146,4,0
4768,1887,40,3,20
4769,1887,40,1,0
4770,1887,141,3,25
4771,1887,60,3,25
4772,1887,185,5,15
4773,1888,58,1,20
4774,1888,134,1,15
4775,1888,82,4,5
4776,1889,124,2,20
4777,1890,13,1,15
4778,1890,179,3,20
4779,1891,79,3,15
4780,1891,50,2,25
4781,1891,65,3,10
4782,1891,191,1,25
4783,1891,93,2,15
4784,1892,1,4,10
4785,1893,109,5,0
4786,1893,193,3,10
4787,1893,161,1,20
4788,1894,134,3,25
4789,1895,41,1,15
4790,1895,181,4,5
4791,1895,163,5,15
4792,1895,34,2,20
4793,1895,48,2,25
4794,1896,174,3,25
4795,1896,106,4,0
4796,1896,139,3,10
4797,1897,107,1,25
4798,1897,113,2,5
4799,1898,116,3,5
4800,1898,7,4,15
4801,1898,186,4,15
4802,1898,168,3,25
4803,1898,2,1,0
4804,1899,163,5,25
4805,1899,183,3,15
4806,1900,172,4,15
4807,1900,150,5,25
4808,1901,94,2,10
4809,1902,147,4,0
4810,1903,114,1,5
4811,1903,71,1,20
4812,1903,65,4,15
4813,1904,92,2,0
4814,1905,197,3,15
4815,1905,45,2,25
4816,1905,77,4,0
4817,1905,137,1,5
4818,1906,164,5,20
4819,1906,19,3,25
4820,1907,62,4,0
4821,1907,16,3,25
4822,1908,82,5,5
4823,1908,98,1,20
4824,1908,103,1,0
4825,1909,187,4,10
4826,1909,15,4,25
4827,1910,199,5,15
4828,1910,87,2,5
4829,1911,19,4,20
4830,1911,3,4,15
4831,1912,127,4,10
4832,1912,129,1,20
4833,1912,149,2,0
4834,1912,181,1,15
4835,1913,52,4,20
4836,1913,70,2,15
4837,1913,62,2,15
4838,1913,21,5,20
4839,1913,25,2,10
4840,1914,88,5,25
4841,1915,112,3,15
4842,1916,42,4,5
4843,1916,141,4,20
4844,1917,29,5,10
4845,1917,173,1,25
4846,1918,78,4,15
4847,1918,48,2,20
4848,1918,10,2,15
4849,1918,196,4,0
4850,1918,153,3,15
4851,1919,18,5,15
4852,1919,119,4,0
4853,1920,191,4,10
4854,1920,19,5,0
4855,1920,68,4,0
4856,1921,66,5,20
4857,1921,23,2,20
4858,1921,170,2,15
4859,1921,52,2,5
4860,1921,133,1,25
4861,1922,170,2,20
4862,1923,115,5,20
4863,1923,2,1,5
4864,1923,196,3,15
4865,1923,39,1,20
4866,1924,112,4,5
4867,1924,138,4,15
4868,1924,124,3,0
4869,1924,160,4,10
4870,1925,54,4,15
4871,1925,118,1,5
4872,1926,160,2,15
4873,1926,78,5,20
4874,1926,22,3,5
4875,1926,140,2,20
4876,1926,114,3,0
4877,1927,88,2,0
4878,1928,141,2,5
4879,1928,97,1,0
4880,1929,76,4,15
4881,1929,29,3,0
4882,1930,22,5,25
4883,1930,144,5,20
4884,1930,182,2,15
4885,1930,14,2,5
4886,1930,190,2,10
4887,1931,185,5,20
4888,1931,17,2,15
4889,1931,10,3,5
4890,1932,115,3,10
4891,1932,95,4,25
4892,1932,102,4,25
4893,1932,64,5,10
4894,1932,5,5,0
4895,1933,147,2,15
4896,1934,85,5,10
4897,1935,182,5,5
4898,1935,126,4,10
4899,1935,152,3,15
4900,1936,155,2,5
4901,1936,119,1,0
4902,1936,152,2,10
4903,1936,168,4,15
4904,1936,91,5,10
4905,1937,124,5,25
4906,1937,99,2,5
4907,1938,122,1,25
4908,1938,19,5,5
4909,1939,82,1,15
4910,1939,8,5,15
4911,1940,29,4,10
4912,1940,14,5,0
4913,1940,120,1,5
4914,1941,175,4,15
4915,1941,18,2,10
4916,1941,42,3,5
4917,1941,142,1,15
4918,1942,149,3,10
4919,1943,62,5,10
4920,1943,81,3,10
4921,1944,42,4,5
4922,1945,72,3,25
4923,1945,113,3,5
4924,1946,159,5,15
4925,1946,162,5,25
4926,1947,191,2,25
4927,1947,9,1,10
4928,1947,133,2,20
4929,1948,43,2,15
4930,1949,157,2,10
4931,1949,174,5,25
4932,1949,173,5,15
4933,1950,137,4,25
4934,1950,83,1,15
4935,1950,107,1,0
4936,1950,22,4,10
4937,1950,87,5,15
4938,1951,91,1,0
4939,1951,89,1,5
4940,1951,83,3,10
4941,1952,142,1,20
4942,1952,174,1,25
4943,1952,176,1,15
4944,1953,103,1,10
4945,1954,109,4,15
4946,1954,169,2,25
4947,1955,27,2,15
4948,1955,5,1,20
4949,1955,70,2,20
4950,1955,9,1,25
4951,1955,109,2,25
4952,1956,156,5,5
4953,1956,127,5,5
4954,1957,200,2,15
4955,1957,150,1,0
4956,1957,155,5,25
4957,1957,128,5,15
4958,1958,44,1,20
4959,1959,26,4,5
4960,1959,172,1,25
4961,1960,170,5,0
4962,1960,111,3,0
4963,1960,108,5,0
4964,1960,8,3,15
4965,1960,48,1,10
4966,1961,51,3,15
4967,1962,171,1,0
4968,1962,157,2,10
4969,1962,131,4,0
4970,1963,125,1,5
4971,1964,3,1,25
4972,1964,187,3,10
4973,1965,170,3,0
4974,1965,168,1,25
4975,1966,140,4,20
4976,1966,149,1,0
4977,1966,168,3,5
4978,1966,151,5,10
4979,1967,37,2,5
4980,1968,91,3,25
4981,1968,68,2,25
4982,1968,51,3,20
4983,1968,44,2,5
4984,1968,166,1,5
4985,1969,174,3,5
4986,1970,2,2,10
4987,1970,132,2,5
4988,1971,178,1,5
4989,1972,103,1,5
4990,1973,35,2,15
4991,1973,109,5,0
4992,1973,66,4,25
4993,1973,68,3,15
4994,1973,168,2,0
4995,1974,155,5,0
4996,1974,31,1,25
4997,1975,114,5,0
4998,1976,187,5,15
4999,1977,108,4,15
5000,1977,136,3,10
5001,1977,53,2,10
5002,1977,164,2,25
5003,1978,63,3,25
5004,1979,199,4,20
5005,1979,77,2,15
5006,1979,11,1,25
5007,1979,19,5,25
5008,1979,12,2,5
5009,1980,190,4,0
5010,1980,53,4,5
5011,1980,124,3,0
5012,1980,108,1,10
5013,1981,16,2,5
5014,1982,185,3,0
5015,1982,29,4,5
5016,1982,187,4,20
5017,1982,194,3,10
5018,1983,175,4,25
5019,1984,61,4,5
5020,1984,90,2,0
5021,1984,63,3,25
5022,1985,167,2,15
5023,1986,1,2,15
5024,1986,61,2,5
5025,1986,103,5,20
5026,1986,34,4,5
5027,1987,163,5,15
5028,1988,7,2,5
5029,1988,155,3,25
5030,1988,4,1,20
5031,1988,184,4,10
5032,1988,21,1,0
5033,1989,200,2,20
5034,1989,61,5,25
5035,1989,180,3,0
5036,1990,148,5,15
5037,1990,91,4,15
5038,1991,143,5,10
5039,1992,162,4,10
5040,1993,190,3,20
5041,1994,173,5,25
5042,1994,24,4,0
5043,1994,54,1,5
5044,1995,42,5,5
5045,1995,144,3,10
5046,1996,45,2,0
5047,1997,55,5,10
5048,1997,189,2,5
5049,1997,33,1,5
5050,1997,59,1,0
5051,1997,166,1,10
5052,1998,188,2,20
5053,1998,85,4,0
5054,1999,49,1,5
5055,1999,153,2,25
5056,2000,1,5,10
5057,2000,129,4,25
5058,2000,47,1,5
5059,2001,7,4,10
5060,2002,40,1,0
5061,2002,178,2,10
5062,2003,92,4,20
5063,2004,55,1,20
5064,2004,111,1,15
5065,2004,181,2,5
5066,2005,164,1,10
5067,2005,62,5,15
5068,2005,73,3,5
5069,2006,127,2,0
5070,2006,90,2,10
5071,2007,158,4,5
5072,2007,125,4,5
5073,2007,4,1,25
5074,2008,151,4,15
5075,2008,196,2,25
5076,2008,48,3,5
5077,2008,118,2,20
5078,2009,113,4,15
5079,2009,198,3,20
5080,2009,141,1,5
5081,2009,149,1,10
5082,2010,38,1,5
5083,2010,128,3,15
5084,2010,158,3,0
5085,2011,80,2,0
5086,2011,77,1,0
5087,2012,61,5,20
5088,2013,144,4,25
5089,2014,144,3,5
5090,2015,157,3,5
5091,2015,182,2,25
5092,2015,119,1,20
5093,2016,151,3,5
5094,2017,138,3,0
5095,2017,138,5,20
5096,2017,94,4,25
5097,2018,57,5,0
5098,2018,47,5,10
5099,2018,39,1,5
5100,2018,195,1,0
5101,2018,74,1,15
5102,2019,69,5,25
5103,2019,93,1,10
5104,2019,91,5,15
5105,2020,67,5,15
5106,2020,9,2,5
5107,2021,31,5,15
5108,2021,4,2,20
5109,2021,94,1,25
5110,2022,171,5,20
5111,2022,141,5,10
5112,2022,43,2,25
5113,2022,93,5,10
5114,2022,3,2,25
5115,2023,18,4,20
5116,2023,139,1,15
5117,2024,142,1,5
5118,2024,88,4,5
5119,2024,176,4,5
5120,2024,37,3,25
5121,2025,74,4,5
5122,2025,110,3,10
5123,2025,106,1,10
5124,2025,171,4,25
5125,2025,116,2,5
5126,2026,87,3,0
5127,2027,123,2,15
5128,2027,72,5,10
5129,2027,117,5,25
5130,2027,48,4,0
5131,2028,91,5,20
5132,2028,68,3,15
5133,2028,26,4,5
5134,2029,81,2,15
5135,2029,15,4,25
5136,2029,129,3,10
5137,2030,128,1,15
5138,2030,186,4,10
5139,2031,2,5,25
5140,2031,17,2,15
5141,2032,8,2,25
5142,2033,130,4,25
5143,2033,14,1,25
5144,2033,115,1,0
5145,2033,7,4,10
5146,2034,131,1,5
5147,2034,199,2,5
5148,2035,92,5,15
5149,2035,145,5,25
5150,2035,131,1,0
5151,2035,199,5,20
5152,2035,26,3,20
5153,2036,77,5,25
5154,2036,155,3,15
5155,2036,176,3,10
5156,2036,19,1,5
5157,2037,71,2,5
5158,2037,154,4,0
5159,2037,109,5,0
5160,2038,64,5,5
5161,2038,188,1,15
5162,2039,183,2,25
5163,2040,198,5,10
5164,2040,37,1,20
5165,2041,106,4,15
5166,2041,133,2,5
5167,2042,169,5,15
5168,2042,124,3,15
5169,2042,185,4,15
5170,2042,182,3,20
5171,2042,75,5,15
5172,2043,58,4,20
5173,2043,121,5,10
5174,2043,86,5,25
5175,2043,114,1,0
5176,2044,198,5,20
5177,2045,124,2,10
5178,2046,184,5,0
5179,2047,136,4,0
5180,2047,111,2,5
5181,2048,123,5,15
5182,2048,67,4,5
5183,2049,182,4,15
5184,2049,185,2,5
5185,2049,99,5,0
5186,2049,60,4,0
5187,2050,87,5,5
5188,2050,103,3,0
5189,2051,124,4,5
5190,2051,12,2,25
5191,2051,138,2,25
5192,2051,8,4,10
5193,2052,162,5,10
5194,2052,182,5,15
5195,2053,47,3,0
5196,2054,165,2,5
5197,2055,72,3,20
5198,2055,188,1,25
5199,2055,34,2,25
5200,2056,19,3,25
5201,2057,175,1,10
5202,2058,44,1,10
5203,2058,134,2,10
5204,2058,66,3,25
5205,2059,200,1,10
5206,2060,57,3,5
5207,2061,139,2,10
5208,2061,16,1,20
5209,2061,187,4,25
5210,2062,155,5,5
5211,2063,10,3,0
5212,2063,16,2,10
5213,2064,178,1,10
5214,2065,152,3,20
5215,2066,200,2,25
5216,2066,140,2,10
5217,2066,149,3,5
5218,2067,133,2,10
5219,2067,35,4,0
5220,2067,108,1,15
5221,2067,124,1,10
5222,2067,154,4,15
5223,2068,75,2,5
5224,2068,102,5,0
5225,2069,127,1,5
5226,2069,200,2,10
5227,2070,45,2,5
5228,2070,73,1,15
5229,2070,168,4,20
5230,2070,183,2,25
5231,2070,192,1,25
5232,2071,27,4,0
5233,2071,10,3,5
5234,2071,74,3,20
5235,2072,101,1,20
5236,2072,7,1,5
5237,2073,193,4,0
5238,2073,124,2,0
5239,2073,145,5,10
5240,2073,5,2,15
5241,2073,199,1,25
5242,2074,148,3,5
5243,2074,24,3,5
5244,2075,30,1,20
5245,2076,194,5,15
5246,2076,32,4,20
5247,2076,107,2,10
5248,2077,168,4,25
5249,2077,24,3,15
5250,2077,62,4,20
5251,2077,139,4,10
5252,2078,172,4,25
5253,2079,171,3,25
5254,2080,5,3,10
5255,2080,97,5,15
5256,2080,2,4,5
5257,2080,133,3,5
5258,2081,99,4,10
5259,2082,155,2,20
5260,2082,162,1,20
5261,2082,121,1,0
5262,2083,178,2,25
5263,2083,106,2,10
5264,2084,198,3,5
5265,2084,31,2,5
5266,2084,31,1,25
5267,2085,37,4,25
5268,2086,14,4,25
5269,2086,74,3,10
5270,2086,123,5,5
5271,2086,147,5,0
5272,2086,72,5,15
5273,2087,156,1,0
5274,2087,62,1,25
5275,2087,54,2,15
5276,2088,151,5,0
5277,2088,104,1,20
5278,2088,86,1,5
5279,2088,158,4,15
5280,2089,113,1,15
5281,2089,66,3,0
5282,2090,153,2,0
5283,2090,180,3,15
5284,2090,113,4,25
5285,2090,167,1,10
5286,2090,4,4,20
5287,2091,190,2,15
5288,2091,6,1,10
5289,2091,73,2,20
5290,2092,107,2,10
5291,2092,126,3,0
5292,2093,143,5,25
5293,2093,87,1,15
5294,2093,79,3,10
5295,2094,75,1,5
5296,2094,196,5,20
5297,2094,34,3,20
5298,2095,167,2,25
5299,2096,63,3,10
5300,2096,38,4,5
5301,2097,118,2,5
5302,2098,138,1,15
5303,2099,196,1,15
5304,2100,123,5,20
5305,2100,132,5,0
5306,2101,73,2,20
5307,2101,178,1,0
5308,2101,3,4,5
5309,2101,28,1,10
5310,2101,153,3,0
5311,2102,119,4,0
5312,2102,66,1,25
5313,2103,68,5,15
5314,2103,130,4,0
5315,2104,169,4,20
5316,2105,16,4,5
5317,2105,58,5,5
5318,2105,28,1,20
5319,2105,47,1,0
5320,2105,160,1,0
5321,2106,72,5,25
5322,2106,135,5,5
5323,2106,30,4,20
5324,2106,90,1,20
5325,2107,131,5,10
5326,2107,119,5,5
5327,2107,158,5,25
5328,2108,57,4,10
5329,2108,101,5,0
5330,2108,161,4,25
5331,2108,29,1,20
5332,2109,110,1,5
5333,2109,60,5,25
5334,2110,40,2,25
5335,2110,54,5,25
5336,2111,182,2,5
5337,2111,62,3,5
5338,2111,118,3,10
5339,2111,174,4,5
5340,2112,120,1,10
5341,2112,157,2,25
5342,2113,82,1,25
5343,2113,17,5,25
5344,2114,138,4,5
5345,2114,12,4,20
5346,2114,103,3,15
5347,2114,128,4,15
5348,2114,187,4,20
5349,2115,130,4,0
5350,2116,49,1,20
5351,2117,161,3,20
5352,2117,54,5,15
5353,2117,34,1,0
5354,2118,101,4,5
5355,2118,34,5,10
5356,2118,110,5,20
5357,2118,139,4,10
5358,2118,113,3,20
5359,2119,198,5,5
5360,2119,103,4,25
5361,2119,5,4,25
5362,2120,17,5,25
5363,2121,192,4,10
5364,2121,3,1,5
5365,2121,135,1,25
5366,2121,77,1,10
5367,2122,53,5,20
5368,2122,1,1,10
5369,2122,53,1,10
5370,2122,2,1,10
5371,2123,178,5,5
5372,2123,95,2,10
5373,2123,177,5,10
5374,2123,168,5,10
5375,2123,48,3,10
5376,2124,102,1,10
5377,2124,17,4,20
5378,2124,78,2,15
5379,2124,100,1,0
5380,2124,199,5,25
5381,2125,51,2,10
5382,2126,123,5,20
5383,2127,31,4,20
5384,2127,91,2,25
5385,2127,94,2,10
5386,2127,173,4,20
5387,2128,49,4,0
5388,2128,67,2,10
5389,2128,147,5,0
5390,2128,67,1,0
5391,2129,158,2,20
5392,2130,81,5,20
5393,2130,131,1,25
5394,2130,191,5,25
5395,2131,75,2,25
5396,2131,48,3,10
5397,2132,93,4,25
5398,2132,80,2,10
5399,2133,167,2,10
5400,2134,152,3,25
5401,2134,20,2,5
5402,2134,143,4,20
5403,2135,86,2,20
5404,2135,196,2,25
5405,2135,186,5,5
5406,2136,27,1,15
5407,2136,40,5,15
5408,2137,142,3,5
5409,2137,26,1,0
5410,2137,181,4,5
5411,2137,87,5,0
5412,2138,20,2,5
5413,2138,188,3,15
5414,2139,6,3,10
5415,2139,22,3,20
5416,2139,37,2,10
5417,2140,194,2,0
5418,2141,47,3,20
5419,2141,84,5,20
5420,2141,143,3,10
5421,2141,114,2,20
5422,2142,57,5,15
5423,2142,69,2,25
5424,2143,103,1,20
5425,2143,92,3,0
5426,2143,35,4,5
5427,2143,195,3,20
5428,2144,157,1,10
5429,2144,195,2,10
5430,2144,56,5,10
5431,2144,153,3,15
5432,2145,155,1,15
5433,2146,42,1,15
5434,2147,16,2,15
5435,2147,180,4,20
5436,2148,143,5,20
5437,2148,53,4,5
5438,2148,100,2,0
5439,2149,25,3,25
5440,2149,47,4,15
5441,2149,52,4,10
5442,2149,184,5,0
5443,2149,32,5,10
5444,2150,71,5,15
5445,2150,137,5,0
5446,2150,92,2,20
5447,2151,26,5,10
5448,2151,75,1,20
5449,2152,6,1,5
5450,2152,88,3,20
5451,2152,117,5,5
5452,2153,83,4,5
5453,2153,29,2,0
5454,2153,46,2,0
5455,2154,60,4,5
5456,2155,162,3,10
5457,2155,11,3,25
5458,2156,60,2,25
5459,2156,175,3,0
5460,2156,25,4,10
5461,2157,176,4,20
5462,2158,188,3,25
5463,2159,16,4,0
5464,2159,160,2,5
5465,2160,128,1,20
5466,2161,138,4,10
5467,2161,130,3,0
5468,2162,6,2,25
5469,2162,179,1,25
5470,2163,74,4,10
5471,2163,67,5,0
5472,2163,145,2,5
5473,2163,43,1,15
5474,2164,18,3,5
5475,2164,176,3,0
5476,2164,21,5,0
5477,2165,113,4,20
5478,2165,131,4,20
5479,2165,81,1,10
5480,2165,120,1,0
5481,2165,103,2,5
5482,2166,83,1,0
5483,2166,116,4,10
5484,2166,157,1,15
5485,2167,176,3,20
5486,2167,166,5,0
5487,2167,154,2,5
5488,2168,145,2,15
5489,2168,5,3,25
5490,2168,72,4,0
5491,2168,119,1,15
5492,2169,111,1,25
5493,2169,92,4,20
5494,2169,98,3,5
5495,2169,121,2,20
5496,2170,143,2,0
5497,2171,188,1,5
5498,2172,188,3,20
5499,2172,129,2,5
5500,2173,22,5,25
5501,2173,154,5,15
5502,2173,3,1,15
5503,2174,40,3,25
5504,2174,66,3,10
5505,2175,19,4,20
5506,2175,106,1,5
5507,2175,126,1,5
5508,2175,67,1,20
5509,2175,172,3,20
5510,2176,122,5,10
5511,2176,58,1,10
5512,2177,183,1,5
5513,2178,161,4,25
5514,2179,75,2,20
5515,2179,63,5,25
5516,2179,30,5,0
5517,2180,176,4,10
5518,2180,72,3,20
5519,2180,72,5,0
5520,2180,106,2,0
5521,2180,148,3,5
5522,2181,189,4,20
5523,2181,86,5,25
5524,2181,102,1,15
5525,2181,41,3,0
5526,2181,153,2,5
5527,2182,163,2,0
5528,2182,38,1,15
5529,2182,198,5,5
5530,2183,37,1,10
5531,2183,55,5,10
5532,2183,87,2,20
5533,2184,29,2,10
5534,2184,147,4,20
5535,2184,82,4,10
5536,2185,39,2,5
5537,2185,97,4,0
5538,2185,9,2,20
5539,2186,40,1,0
5540,2187,135,4,5
5541,2188,2,3,0
5542,2188,173,2,10
5543,2188,82,1,5
5544,2189,13,5,25
5545,2190,151,5,15
5546,2191,45,5,10
5547,2191,47,4,10
5548,2192,165,5,15
5549,2192,196,4,0
5550,2192,122,1,5
5551,2193,75,3,15
5552,2193,45,1,10
5553,2194,92,3,5
5554,2194,125,3,5
5555,2195,29,4,20
5556,2196,27,5,10
5557,2196,195,4,10
5558,2196,146,3,0
5559,2196,170,5,25
5560,2197,4,3,10
5561,2198,68,5,0
5562,2198,112,3,10
5563,2198,185,4,20
5564,2199,191,2,20
5565,2200,38,3,0
5566,2201,168,5,20
5567,2202,134,4,15
5568,2202,104,1,25
5569,2202,28,5,15
5570,2203,15,1,15
5571,2203,69,5,20
5572,2204,156,1,0
5573,2204,107,1,20
5574,2205,11,2,0
5575,2205,49,1,10
5576,2205,95,4,15
5577,2205,119,3,5
5578,2206,30,4,5
5579,2206,95,5,5
5580,2206,161,3,25
5581,2207,72,3,10
5582,2207,8,4,15
5583,2208,83,3,15
5584,2208,136,5,20
5585,2208,25,3,10
5586,2209,160,2,20
5587,2210,138,5,15
5588,2210,126,3,25
5589,2211,171,1,10
5590,2211,35,3,25
5591,2211,129,1,15
5592,2211,191,3,5
5593,2212,41,1,5
5594,2212,1,2,15
5595,2213,191,2,15
5596,2213,4,1,0
5597,2213,78,3,5
5598,2213,62,2,5
5599,2213,34,5,0
5600,2214,195,3,5
5601,2214,164,1,10
5602,2214,193,1,15
5603,2215,151,2,25
5604,2216,147,3,5
5605,2217,131,3,5
5606,2217,4,4,0
5607,2217,177,5,10
5608,2217,106,4,0
5609,2218,156,1,5
5610,2219,184,3,0
5611,2219,167,3,20
5612,2219,14,2,5
5613,2219,60,1,5
5614,2220,146,2,15
5615,2220,190,1,10
5616,2220,179,4,5
5617,2221,188,1,25
5618,2221,116,2,0
5619,2221,19,3,25
5620,2222,196,4,15
5621,2222,106,2,5
5622,2222,129,4,10
5623,2222,137,2,15
5624,2222,60,1,0
5625,2223,182,4,0
5626,2223,129,1,5
5627,2223,9,2,20
5628,2223,113,5,10
5629,2224,41,4,5
5630,2224,173,3,0
5631,2225,188,3,10
5632,2225,194,4,10
5633,2225,96,1,10
5634,2225,194,4,20
5635,2226,134,2,5
5636,2226,48,5,20
5637,2226,19,5,0
5638,2227,42,5,25
5639,2227,2,5,0
5640,2227,145,1,15
5641,2227,121,1,0
5642,2228,148,5,5
5643,2229,125,4,25
5644,2229,30,4,20
5645,2229,87,4,15
5646,2229,133,3,25
5647,2230,144,4,15
5648,2230,112,1,5
5649,2230,21,4,15
5650,2230,183,3,25
5651,2230,67,3,0
5652,2231,89,4,10
5653,2232,116,3,5
5654,2232,124,3,20
5655,2232,136,2,10
5656,2232,137,1,5
5657,2233,38,5,0
5658,2233,130,1,0
5659,2233,47,5,25
5660,2234,94,3,20
5661,2235,70,3,10
5662,2235,115,2,10
5663,2236,43,4,10
5664,2236,9,4,0
5665,2237,179,3,25
5666,2238,147,1,5
5667,2238,28,1,10
5668,2239,111,3,5
5669,2240,128,3,0
5670,2240,187,3,10
5671,2241,111,3,10
5672,2241,72,2,0
5673,2242,163,2,20
5674,2242,15,2,20
5675,2243,46,4,10
5676,2244,26,2,20
5677,2244,66,4,5
5678,2244,147,5,5
5679,2244,104,2,5
5680,2244,116,1,25
5681,2245,9,5,10
5682,2245,32,1,5
5683,2245,175,5,0
5684,2246,174,2,5
5685,2246,40,4,25
5686,2246,111,1,10
5687,2247,142,3,5
5688,2247,89,1,0
5689,2247,139,4,25
5690,2248,76,2,5
5691,2248,62,1,20
5692,2249,85,5,5
5693,2249,23,2,5
5694,2249,160,4,10
5695,2249,126,1,5
5696,2250,75,1,20
5697,2251,114,1,25
5698,2251,138,1,10
5699,2251,137,3,10
5700,2251,59,4,5
5701,2252,164,4,25
5702,2252,69,5,25
5703,2252,28,5,15
5704,2252,49,1,15
5705,2253,186,5,10
5706,2254,35,5,15
5707,2254,111,3,5
5708,2255,131,3,25
5709,2256,193,4,20
5710,2256,82,1,20
5711,2257,40,4,0
5712,2258,125,3,25
5713,2258,139,4,20
5714,2258,39,4,25
5715,2259,183,3,5
5716,2259,169,5,0
5717,2259,165,1,5
5718,2260,159,1,15
5719,2261,32,1,5
5720,2261,132,1,0
5721,2261,28,1,15
5722,2261,9,3,0
5723,2262,75,4,20
5724,2262,168,4,5
5725,2263,122,3,20
5726,2263,13,3,5
5727,2264,31,4,25
5728,2264,1,2,0
5729,2265,128,2,20
5730,2265,124,1,25
5731,2265,21,4,25
5732,2266,59,1,15
5733,2266,34,5,10
5734,2266,132,1,0
5735,2266,116,4,0
5736,2266,149,4,25
5737,2267,127,4,15
5738,2267,192,3,0
5739,2267,176,4,15
5740,2268,14,4,10
5741,2268,141,3,20
5742,2269,175,5,20
5743,2269,168,3,25
5744,2269,80,3,25
5745,2269,35,3,10
5746,2270,15,3,25
5747,2270,158,5,20
5748,2270,104,3,10
5749,2271,57,5,15
5750,2272,144,3,10
5751,2272,28,2,15
5752,2273,85,2,15
5753,2273,107,4,15
5754,2273,61,1,10
5755,2274,95,2,10
5756,2275,70,1,25
5757,2275,120,5,5
5758,2276,47,1,0
5759,2276,39,4,20
5760,2276,28,5,15
5761,2276,133,3,0
5762,2276,101,2,10
5763,2277,84,5,25
5764,2277,88,4,25
5765,2278,177,5,15
5766,2278,125,1,0
5767,2278,74,3,25
5768,2279,97,5,25
5769,2279,142,2,15
5770,2279,179,2,10
5771,2280,46,3,5
5772,2280,53,3,20
5773,2281,48,5,20
5774,2281,164,4,0
5775,2281,5,3,5
5776,2281,90,1,5
5777,2281,101,2,15
5778,2282,46,3,20
5779,2283,104,1,20
5780,2283,48,1,0
5781,2283,161,3,0
5782,2283,182,5,10
5783,2284,187,5,15
5784,2284,67,2,15
5785,2284,30,3,25
5786,2284,80,4,0
5787,2284,44,1,25
5788,2285,97,2,15
5789,2285,96,4,25
5790,2285,50,2,25
5791,2286,48,1,0
5792,2286,108,1,0
5793,2286,166,5,5
5794,2286,112,5,20
5795,2287,89,2,20
5796,2288,178,4,10
5797,2289,200,5,0
5798,2290,44,2,5
5799,2290,163,3,5
5800,2291,62,3,20
5801,2291,162,3,25
5802,2292,96,5,15
5803,2292,61,5,5
5804,2293,171,5,10
5805,2293,101,1,15
5806,2293,74,5,0
5807,2293,101,5,20
5808,2294,32,3,10
5809,2295,83,4,0
5810,2295,50,5,15
5811,2295,193,1,25
5812,2295,80,4,25
5813,2296,83,1,25
5814,2296,2,3,5
5815,2297,69,2,10
5816,2297,143,3,15
5817,2297,96,5,20
5818,2297,149,2,5
5819,2297,63,3,15
5820,2298,24,4,15
5821,2298,141,3,5
5822,2299,130,3,20
5823,2299,158,3,0
5824,2299,134,3,25
5825,2299,116,4,5
5826,2299,121,5,15
5827,2300,40,5,0
5828,2300,159,2,15
5829,2300,118,1,10
5830,2300,1,1,25
5831,2301,73,4,10
5832,2301,14,5,15
5833,2301,154,5,0
5834,2302,122,2,15
5835,2302,29,5,20
5836,2302,87,4,25
5837,2303,88,2,10
5838,2303,94,2,0
5839,2303,100,3,5
5840,2304,167,1,25
5841,2304,24,1,25
5842,2304,133,1,20
5843,2304,44,5,10
5844,2305,65,5,25
5845,2305,82,2,0
5846,2305,188,1,25
5847,2306,36,1,25
5848,2306,94,5,10
5849,2306,109,2,5
5850,2307,64,5,0
5851,2308,193,4,20
5852,2308,172,5,10
5853,2309,38,4,15
5854,2310,152,1,0
5855,2311,120,4,0
5856,2312,97,5,25
5857,2312,14,3,5
5858,2312,51,4,0
5859,2313,176,1,20
5860,2313,163,2,15
5861,2313,59,5,25
5862,2314,157,5,25
5863,2314,105,3,0
5864,2315,67,2,15
5865,2315,65,4,5
5866,2315,146,4,25
5867,2316,179,5,0
5868,2316,89,3,25
5869,2317,88,2,0
5870,2317,151,1,20
5871,2318,43,4,15
5872,2319,32,2,10
5873,2320,138,3,0
5874,2320,76,4,15
5875,2320,15,5,25
5876,2321,64,1,15
5877,2321,64,3,10
5878,2321,108,1,0
5879,2322,191,4,20
5880,2322,118,3,0
5881,2322,163,4,15
5882,2323,133,3,15
5883,2324,70,3,20
5884,2324,177,2,10
5885,2325,87,5,5
5886,2326,64,3,20
5887,2326,129,4,20
5888,2326,82,3,15
5889,2327,140,1,0
5890,2328,33,2,0
5891,2329,171,5,15
5892,2329,109,3,15
5893,2330,93,2,0
5894,2331,182,4,25
5895,2332,96,5,10
5896,2332,145,4,5
5897,2333,176,4,10
5898,2333,33,2,5
5899,2333,77,1,5
5900,2333,140,2,10
5901,2333,61,4,0
5902,2334,62,4,10
5903,2335,48,4,20
5904,2335,107,5,10
5905,2335,123,3,5
5906,2336,153,1,15
5907,2336,165,5,0
5908,2336,49,5,10
5909,2336,98,5,20
5910,2337,60,2,5
5911,2337,124,4,15
5912,2337,23,4,5
5913,2337,160,5,10
5914,2338,135,1,0
5915,2338,118,2,5
5916,2339,87,1,5
5917,2339,84,4,10
5918,2340,133,1,10
5919,2341,54,2,10
5920,2341,111,1,25
5921,2341,97,2,20
5922,2342,132,1,25
5923,2343,135,1,20
5924,2343,85,3,10
5925,2343,45,1,15
5926,2344,1,5,25
5927,2344,156,2,20
5928,2345,161,4,0
5929,2345,15,4,20
5930,2346,147,3,20
5931,2346,197,2,10
5932,2346,197,1,15
5933,2346,26,4,15
5934,2347,47,2,20
5935,2347,35,1,15
5936,2347,90,1,0
5937,2347,62,3,20
5938,2348,199,4,10
5939,2348,116,5,15
5940,2349,181,5,0
5941,2350,4,2,5
5942,2350,16,2,5
5943,2350,67,1,0
5944,2350,125,2,25
5945,2351,42,5,0
5946,2351,82,5,25
5947,2352,161,3,25
5948,2352,79,2,0
5949,2352,37,3,25
5950,2353,105,4,10
5951,2353,3,1,20
5952,2354,74,1,10
5953,2354,63,4,20
5954,2354,26,3,0
5955,2355,30,5,10
5956,2355,136,4,25
5957,2355,58,4,0
5958,2355,106,2,10
5959,2355,11,3,0
5960,2356,52,1,0
5961,2356,90,4,5
5962,2357,60,5,10
5963,2358,53,2,15
5964,2358,145,1,20
5965,2358,44,2,5
5966,2358,32,4,15
5967,2359,31,4,5
5968,2359,154,5,15
5969,2359,189,5,0
5970,2360,169,4,10
5971,2360,79,5,0
5972,2360,74,3,5
5973,2360,167,2,5
5974,2360,89,2,25
5975,2361,26,3,15
5976,2361,13,2,5
5977,2362,172,2,10
5978,2362,127,3,15
5979,2362,135,4,20
5980,2363,34,4,0
5981,2363,142,3,10
5982,2363,189,1,5
5983,2363,120,1,5
5984,2364,180,3,25
5985,2364,189,5,15
5986,2364,154,4,20
5987,2365,188,1,20
5988,2366,127,5,25
5989,2366,75,1,15
5990,2367,132,4,15
5991,2367,159,2,20
5992,2367,197,2,15
5993,2367,153,2,20
5994,2368,78,5,20
5995,2368,170,3,15
5996,2368,48,1,5
5997,2368,14,2,10
5998,2369,42,1,0
5999,2369,78,5,0
6000,2370,31,3,15
6001,2371,136,1,5
6002,2371,137,5,25
6003,2371,59,2,0
6004,2372,55,5,15
6005,2372,51,3,20
6006,2372,35,2,10
6007,2373,178,2,25
6008,2374,72,5,5
6009,2374,125,1,0
6010,2374,72,1,15
6011,2375,102,2,20
6012,2375,86,1,0
6013,2375,64,1,0
6014,2376,106,3,0
6015,2377,190,3,0
6016,2377,59,5,25
6017,2378,120,4,5
6018,2378,30,1,20
6019,2378,143,1,15
6020,2378,157,1,10
6021,2378,63,5,20
6022,2379,21,1,10
6023,2379,166,5,5
6024,2380,18,5,20
6025,2381,29,2,0
6026,2381,97,2,10
6027,2381,74,1,20
6028,2381,81,1,0
6029,2381,172,4,15
6030,2382,188,3,25
6031,2382,21,3,0
6032,2382,155,5,10
6033,2382,127,3,15
6034,2382,135,1,0
6035,2383,166,2,10
6036,2383,57,1,10
6037,2384,58,2,20
6038,2384,57,1,10
6039,2385,150,2,20
6040,2385,35,5,25
6041,2385,40,2,5
6042,2385,94,5,15
6043,2386,63,3,25
6044,2386,123,2,15
6045,2386,43,3,15
6046,2386,27,5,25
6047,2387,60,5,0
6048,2387,108,3,5
6049,2387,114,4,25
6050,2388,51,1,20
6051,2388,122,2,25
6052,2389,65,1,5
6053,2389,102,3,20
6054,2389,193,1,0
6055,2389,177,2,25
6056,2390,91,3,0
6057,2391,111,3,25
6058,2392,161,4,25
6059,2392,117,4,10
6060,2392,17,4,5
6061,2393,124,4,25
6062,2393,81,2,5
6063,2393,148,1,5
6064,2393,53,4,10
6065,2393,189,3,15
6066,2394,75,3,0
6067,2394,67,5,5
6068,2394,2,1,0
6069,2394,189,3,20
6070,2395,1,2,20
6071,2395,47,3,0
6072,2395,61,1,20
6073,2396,43,2,25
6074,2397,130,2,10
6075,2397,52,4,10
6076,2398,77,3,15
6077,2398,109,2,0
6078,2399,152,1,15
6079,2400,110,5,10
6080,2400,141,1,25
6081,2400,74,5,10
6082,2401,5,4,15
6083,2401,78,3,15
6084,2401,95,1,10
6085,2402,119,1,15
6086,2402,170,5,5
6087,2403,178,2,0
6088,2403,4,2,20
6089,2403,129,2,10
6090,2404,148,2,20
6091,2404,69,3,10
6092,2405,84,1,15
6093,2405,80,2,20
6094,2405,174,5,5
6095,2406,140,1,5
6096,2407,183,4,20
6097,2407,176,3,10
6098,2408,8,1,0
6099,2408,17,1,10
6100,2409,111,5,20
6101,2410,124,4,20
6102,2411,13,2,25
6103,2412,111,3,20
6104,2413,97,3,10
6105,2414,35,2,0
6106,2414,104,5,15
6107,2415,175,5,20
6108,2415,44,5,15
6109,2416,145,4,20
6110,2416,117,5,5
6111,2416,76,5,10
6112,2417,159,4,5
6113,2418,93,4,5
6114,2418,33,2,25
6115,2419,22,3,5
6116,2420,199,4,0
6117,2420,93,4,20
6118,2420,74,5,0
6119,2420,81,4,10
6120,2421,136,1,0
6121,2422,10,1,25
6122,2423,95,3,10
6123,2424,118,3,0
6124,2424,46,3,10
6125,2425,126,2,15
6126,2426,174,5,25
6127,2426,139,3,20
6128,2426,10,1,5
6129,2427,2,2,5
6130,2427,133,4,25
6131,2427,195,1,15
6132,2428,134,5,15
6133,2428,183,1,15
6134,2428,135,2,5
6135,2428,170,2,10
6136,2429,171,1,20
6137,2430,181,1,10
6138,2430,185,3,15
6139,2430,59,2,5
6140,2431,38,2,5
6141,2431,180,2,15
6142,2431,10,1,15
6143,2432,92,3,5
6144,2432,101,5,25
6145,2432,182,5,20
6146,2433,200,2,5
6147,2433,16,5,20
6148,2433,162,1,5
6149,2434,70,2,5
6150,2434,80,5,5
6151,2435,168,5,25
6152,2436,194,1,25
6153,2437,108,1,25
6154,2437,133,3,10
6155,2437,104,4,5
6156,2437,113,5,10
6157,2437,123,2,0
6158,2438,35,2,25
6159,2438,191,5,10
6160,2438,143,3,15
6161,2439,179,4,0
6162,2439,69,4,15
6163,2440,60,2,25
6164,2440,151,1,20
6165,2440,40,1,5
6166,2441,192,4,0
6167,2441,29,5,5
6168,2441,41,4,10
6169,2442,3,2,0
6170,2442,112,5,10
6171,2442,164,4,10
6172,2443,62,3,0
6173,2443,138,5,0
6174,2444,195,3,25
6175,2444,115,4,25
6176,2444,196,3,0
6177,2445,96,1,5
6178,2445,25,5,15
6179,2445,67,3,20
6180,2446,144,2,0
6181,2446,148,3,0
6182,2446,94,1,15
6183,2446,105,2,20
6184,2447,105,1,20
6185,2447,168,5,0
6186,2447,141,3,10
6187,2448,3,2,0
6188,2448,50,2,10
6189,2448,57,3,10
6190,2448,85,5,20
6191,2449,186,3,5
6192,2449,153,4,5
6193,2449,3,3,15
6194,2450,5,1,25
6195,2450,107,3,5
6196,2450,1,5,5
6197,2450,37,3,20
6198,2451,126,2,20
6199,2451,107,4,0
6200,2451,115,1,0
6201,2452,100,1,0
6202,2453,191,1,25
6203,2454,60,1,5
6204,2454,35,2,5
6205,2454,171,2,5
6206,2454,91,3,5
6207,2454,51,4,25
6208,2455,67,3,5
6209,2455,111,3,15
6210,2456,10,2,15
6211,2456,122,3,0
6212,2457,45,1,15
6213,2457,57,5,5
6214,2457,65,3,20
6215,2457,98,2,5
6216,2458,59,5,25
6217,2458,125,2,10
6218,2458,177,5,10
6219,2459,56,5,15
6220,2459,186,1,20
6221,2459,151,4,25
6222,2460,14,4,20
6223,2461,49,5,0
6224,2461,2,3,0
6225,2461,91,1,25
6226,2462,118,1,25
6227,2462,16,5,0
6228,2462,106,3,5
6229,2462,177,3,20
6230,2462,181,5,10
6231,2463,188,1,10
6232,2464,165,2,25
6233,2464,40,1,25
6234,2464,158,2,20
6235,2464,59,3,5
6236,2465,70,2,25
6237,2465,71,5,10
6238,2466,3,1,10
6239,2466,44,5,0
6240,2467,14,4,10
6241,2468,135,4,0
6242,2469,161,3,15
6243,2469,169,4,20
6244,2470,149,2,25
6245,2470,48,3,15
6246,2470,182,5,25
6247,2470,103,3,20
6248,2470,44,5,20
6249,2471,111,2,20
6250,2471,159,5,20
6251,2472,106,5,0
6252,2472,27,2,25
6253,2472,108,4,20
6254,2472,185,5,5
6255,2473,14,1,10
6256,2474,80,4,15
6257,2474,72,2,25
6258,2474,74,5,10
6259,2475,79,2,25
6260,2475,144,2,20
6261,2476,24,5,5
6262,2476,40,3,10
6263,2476,22,2,15
6264,2477,102,5,0
6265,2477,124,5,5
6266,2477,113,2,20
6267,2477,118,2,0
6268,2478,62,4,20
6269,2478,177,1,20
6270,2478,101,4,0
6271,2478,44,2,20
6272,2479,103,2,0
6273,2479,106,3,0
6274,2479,30,2,10
6275,2479,16,3,25
6276,2480,3,2,10
6277,2480,25,4,15
6278,2480,2,5,15
6279,2481,30,2,15
6280,2481,123,4,20
6281,2481,56,5,15
6282,2482,77,1,10
6283,2482,120,1,10
6284,2482,39,1,25
6285,2482,140,4,15
6286,2483,185,3,15
6287,2483,191,5,15
6288,2484,49,3,25
6289,2484,152,3,5
6290,2485,4,1,5
6291,2486,34,4,20
6292,2486,78,1,10
6293,2486,63,3,10
6294,2487,51,1,20
6295,2487,121,1,25
6296,2488,166,3,0
6297,2489,159,5,5
6298,2489,38,1,15
6299,2490,36,3,20
6300,2490,57,2,5
6301,2490,71,1,25
6302,2490,200,5,10
6303,2490,163,1,25
6304,2491,128,3,20
6305,2491,51,5,5
6306,2491,68,1,15
6307,2491,36,2,5
6308,2491,83,2,20
6309,2492,128,3,10
6310,2493,7,2,20
6311,2493,29,2,5
6312,2493,35,2,15
6313,2493,109,1,5
6314,2494,151,2,0
6315,2494,145,1,15
6316,2494,84,5,0
6317,2494,100,3,5
6318,2494,161,5,10
6319,2495,85,1,5
6320,2495,158,5,20
6321,2495,109,4,25
6322,2496,61,1,20
6323,2496,175,1,10
6324,2496,131,2,0
6325,2497,158,4,15
6326,2498,150,1,25
6327,2498,76,4,5
6328,2498,81,1,15
6329,2498,122,2,25
6330,2499,28,5,20
6331,2500,87,5,5
6332,2500,120,4,10
6333,2501,62,2,10
6334,2502,153,3,25
6335,2502,12,5,10
6336,2503,168,2,5
6337,2503,44,3,25
6338,2503,161,2,5
6339,2503,185,3,0
6340,2504,101,5,20
6341,2505,198,3,10
6342,2505,63,2,25
6343,2505,133,5,0
6344,2505,42,3,10
6345,2506,128,1,25
6346,2506,46,4,20
6347,2506,2,4,15
6348,2506,65,3,20
6349,2507,94,4,15
6350,2507,141,4,20
6351,2507,153,2,15
6352,2508,192,5,10
6353,2508,184,3,0
6354,2508,38,4,0
6355,2508,190,1,0
6356,2509,136,2,15
6357,2510,15,4,5
6358,2511,186,4,0
6359,2511,179,3,10
6360,2511,79,3,15
6361,2512,182,3,0
6362,2512,86,3,25
6363,2512,23,3,5
6364,2513,57,5,15
6365,2513,20,3,10
6366,2513,6,5,10
6367,2514,32,2,25
6368,2514,168,5,5
6369,2514,40,3,20
6370,2515,17,3,25
6371,2515,9,1,25
6372,2515,3,1,25
6373,2516,32,5,0
6374,2516,89,1,25
6375,2517,78,3,25
6376,2517,44,5,0
6377,2517,108,3,10
6378,2517,130,1,25
6379,2517,192,5,0
6380,2518,9,4,25
6381,2518,58,3,10
6382,2518,26,5,15
6383,2518,37,4,5
6384,2518,75,3,10
6385,2519,82,4,10
6386,2519,142,2,10
6387,2519,127,4,20
6388,2520,35,3,20
6389,2520,65,3,20
6390,2520,128,2,5
6391,2521,13,3,0
6392,2522,31,1,15
6393,2522,6,1,5
6394,2522,110,5,10
6395,2522,173,5,15
6396,2523,122,4,15
6397,2524,111,1,20
6398,2524,46,1,5
6399,2524,149,4,15
6400,2524,64,4,15
6401,2525,88,3,10
6402,2525,170,4,20
6403,2525,77,2,0
6404,2525,175,5,5
6405,2526,99,4,15
6406,2526,24,1,15
6407,2527,43,3,5
6408,2527,86,2,5
6409,2527,156,2,20
6410,2528,102,2,20
6411,2529,167,1,20
6412,2530,122,5,5
6413,2531,169,4,10
6414,2532,156,2,25
6415,2533,117,2,15
6416,2534,91,1,5
6417,2534,20,3,20
6418,2534,190,4,5
6419,2535,6,4,0
6420,2536,53,5,20
6421,2536,65,4,25
6422,2536,120,5,10
6423,2537,77,1,15
6424,2537,150,3,10
6425,2538,64,5,5
6426,2538,71,1,0
6427,2538,48,2,15
6428,2539,77,4,25
6429,2539,47,5,10
6430,2539,13,4,20
6431,2539,103,4,25
6432,2540,40,1,15
6433,2540,195,3,15
6434,2540,79,1,25
6435,2541,88,3,25
6436,2541,5,2,15
6437,2542,81,1,0
6438,2542,189,4,0
6439,2542,83,3,15
6440,2543,192,1,10
6441,2544,123,5,15
6442,2544,172,1,5
6443,2544,60,4,25
6444,2544,191,2,20
6445,2544,121,2,10
6446,2545,126,4,20
6447,2545,92,4,10
6448,2545,39,5,15
6449,2546,89,2,20
6450,2546,149,5,0
6451,2546,159,3,10
6452,2546,121,1,15
6453,2547,177,4,10
6454,2547,187,1,15
6455,2547,135,4,15
6456,2548,73,3,20
6457,2548,145,5,15
6458,2549,31,3,0
6459,2549,169,4,0
6460,2550,5,5,0
6461,2551,66,3,5
6462,2551,94,5,5
6463,2552,88,1,0
6464,2552,13,4,25
6465,2552,121,1,25
6466,2553,115,4,0
6467,2553,64,3,10
6468,2554,57,1,0
6469,2554,168,4,25
6470,2554,49,3,0
6471,2555,93,2,15
6472,2555,71,2,25
6473,2556,22,2,20
6474,2556,32,2,5
6475,2556,16,5,10
6476,2556,62,5,0
6477,2556,31,5,0
6478,2557,139,4,25
6479,2558,91,2,15
6480,2558,77,1,5
6481,2559,186,4,0
6482,2559,7,2,15
6483,2559,162,4,10
6484,2559,88,5,15
6485,2560,19,5,20
6486,2561,163,3,5
6487,2561,194,1,15
6488,2561,39,3,20
6489,2562,137,4,20
6490,2562,34,1,5
6491,2562,193,5,5
6492,2562,90,2,15
6493,2563,90,3,5
6494,2563,40,1,10
6495,2564,49,5,10
6496,2564,135,1,5
6497,2565,3,2,10
6498,2566,27,3,15
6499,2566,199,1,15
6500,2566,17,5,10
6501,2566,183,3,15
6502,2567,118,2,5
6503,2567,153,1,25
6504,2567,74,3,0
6505,2567,140,3,25
6506,2567,10,4,0
6507,2568,194,1,5
6508,2568,129,2,25
6509,2569,172,3,0
6510,2570,67,4,5
6511,2570,93,3,15
6512,2570,103,3,20
6513,2570,71,5,25
6514,2570,186,5,10
6515,2571,77,4,15
6516,2571,46,1,15
6517,2571,146,2,25
6518,2571,166,3,20
6519,2572,100,4,5
6520,2573,117,1,25
6521,2573,48,1,25
6522,2574,153,4,15
6523,2574,31,4,10
6524,2574,52,2,15
6525,2574,78,1,15
6526,2574,41,2,10
6527,2575,93,1,10
6528,2575,90,5,20
6529,2575,85,1,0
6530,2576,139,2,20
6531,2577,150,5,0
6532,2577,157,1,0
6533,2578,28,1,5
6534,2578,97,2,20
6535,2579,175,1,0
6536,2579,171,1,20
6537,2580,150,1,15
6538,2580,185,2,20
6539,2580,70,5,20
6540,2581,64,3,0
6541,2581,55,5,0
6542,2582,109,1,15
6543,2582,169,4,0
6544,2582,137,4,5
6545,2583,153,4,0
6546,2583,49,3,10
6547,2584,15,3,20
6548,2584,196,5,25
6549,2584,44,1,5
6550,2584,65,3,15
6551,2584,172,5,10
6552,2585,161,2,20
6553,2586,162,4,10
6554,2586,47,2,10
6555,2587,126,4,20
6556,2587,187,5,5
6557,2587,3,3,25
6558,2587,34,1,10
6559,2587,83,2,20
6560,2588,42,2,5
6561,2588,44,1,5
6562,2588,184,1,0
6563,2588,152,2,20
6564,2588,199,4,25
6565,2589,132,2,5
6566,2590,102,4,5
6567,2590,64,3,15
6568,2590,26,1,20
6569,2590,74,2,15
6570,2590,26,3,15
6571,2591,84,4,5
6572,2592,151,4,20
6573,2592,140,2,5
6574,2592,92,3,5
6575,2593,19,5,25
6576,2594,184,3,10
6577,2594,79,4,20
6578,2594,11,3,20
6579,2595,135,2,10
6580,2595,101,2,10
6581,2595,126,1,15
6582,2595,142,5,0
6583,2596,28,4,15
6584,2596,23,1,20
6585,2596,189,4,20
6586,2597,101,3,10
6587,2597,11,4,10
6588,2597,7,1,5
6589,2598,51,3,15
6590,2598,186,3,0
6591,2598,77,1,15
6592,2599,117,1,10
6593,2599,37,1,25
6594,2599,6,3,10
6595,2600,63,3,25
6596,2600,22,2,15
6597,2600,26,5,5
6598,2600,182,3,20
6599,2600,162,4,25
6600,2601,149,5,5
6601,2601,40,5,0
6602,2601,16,5,0
6603,2601,113,4,20
6604,2601,96,5,10
6605,2602,157,5,0
6606,2602,174,5,5
6607,2602,132,5,25
6608,2603,174,2,0
6609,2603,200,4,15
6610,2603,151,4,0
6611,2604,59,5,5
6612,2604,67,4,20
6613,2605,111,2,15
6614,2605,71,4,0
6615,2605,185,4,0
6616,2606,85,1,0
6617,2606,137,4,0
6618,2606,87,1,5
6619,2606,84,1,25
6620,2606,194,5,0
6621,2607,168,4,20
6622,2607,199,4,0
6623,2607,25,3,0
6624,2608,176,4,15
6625,2608,116,1,5
6626,2608,78,4,0
6627,2609,9,5,5
6628,2609,102,2,15
6629,2609,77,4,10
6630,2609,97,2,5
6631,2610,170,3,0
6632,2610,165,4,10
6633,2610,118,4,5
6634,2611,24,5,20
6635,2611,147,2,25
6636,2611,140,2,25
6637,2612,176,3,20
6638,2612,59,1,0
6639,2612,101,5,10
6640,2613,145,4,0
6641,2614,114,1,20
6642,2614,151,2,10
6643,2614,124,3,0
6644,2614,27,4,0
6645,2615,65,3,25
6646,2615,7,2,10
6647,2616,46,5,15
6648,2616,82,4,15
6649,2616,52,1,25
6650,2616,28,1,0
6651,2616,120,4,15
6652,2617,1,2,15
6653,2617,157,1,25
6654,2617,34,4,0
6655,2618,89,3,0
6656,2618,159,5,25
6657,2619,94,4,20
6658,2619,22,1,5
6659,2619,152,2,10
6660,2620,144,1,0
6661,2620,16,2,5
6662,2620,80,3,5
6663,2620,197,5,5
6664,2621,29,4,10
6665,2622,185,2,5
6666,2622,24,4,10
6667,2622,150,5,0
6668,2623,22,3,25
6669,2624,190,4,20
6670,2624,194,1,5
6671,2624,100,4,25
6672,2624,134,5,10
6673,2624,64,4,20
6674,2625,38,5,0
6675,2625,100,2,20
6676,2625,98,5,5
6677,2625,67,5,0
6678,2626,127,2,20
6679,2626,127,1,5
6680,2626,18,1,25
6681,2626,84,5,5
6682,2627,84,1,20
6683,2627,75,2,10
6684,2627,171,2,0
6685,2627,188,1,5
6686,2628,25,5,25
6687,2628,47,5,20
6688,2628,192,2,20
6689,2628,25,3,10
6690,2628,80,4,0
6691,2629,166,3,10
6692,2629,64,2,5
6693,2629,24,2,10
6694,2630,151,3,25
6695,2630,76,2,5
6696,2631,179,3,10
6697,2631,182,2,25
6698,2631,157,2,5
6699,2631,16,4,20
6700,2632,167,1,0
6701,2632,85,1,20
6702,2633,150,5,25
6703,2633,170,5,25
6704,2633,70,1,25
6705,2633,139,1,15
6706,2634,161,4,5
6707,2634,63,2,15
6708,2635,150,2,10
6709,2635,26,1,15
6710,2635,56,5,10
6711,2636,17,3,5
6712,2636,74,2,10
6713,2636,109,4,20
6714,2637,74,1,10
6715,2637,74,1,20
6716,2637,78,4,0
6717,2638,114,3,10
6718,2638,82,4,5
6719,2639,126,5,0
6720,2640,31,5,15
6721,2640,25,3,0
6722,2640,59,1,0
6723,2640,102,2,10
6724,2641,10,5,15
6725,2641,25,2,25
6726,2641,151,5,5
6727,2641,97,2,25
6728,2642,59,4,0
6729,2643,140,1,10
6730,2644,113,5,15
6731,2645,114,4,10
6732,2646,34,2,15
6733,2646,136,5,10
6734,2646,10,4,20
6735,2647,181,1,25
6736,2647,163,3,15
6737,2648,96,3,5
6738,2648,51,1,5
6739,2649,54,3,25
6740,2650,6,1,5
6741,2651,59,2,20
6742,2651,2,1,0
6743,2651,193,1,25
6744,2652,42,3,20
6745,2652,61,3,0
6746,2653,162,3,25
6747,2654,130,2,5
6748,2654,22,2,0
6749,2654,193,3,0
6750,2654,27,1,20
6751,2654,139,1,25
6752,2655,155,5,20
6753,2656,88,1,15
6754,2657,105,3,20
6755,2657,181,2,10
6756,2657,102,1,25
6757,2657,70,1,0
6758,2658,141,1,10
6759,2659,173,3,5
6760,2659,165,5,15
6761,2659,3,4,20
6762,2659,152,2,0
6763,2660,124,3,10
6764,2660,126,1,15
6765,2661,65,5,25
6766,2661,187,3,5
6767,2662,36,3,20
6768,2662,159,3,25
6769,2662,156,5,20
6770,2663,114,4,5
6771,2663,146,1,15
6772,2663,8,1,15
6773,2663,102,5,10
6774,2663,22,4,10
6775,2664,174,5,15
6776,2664,7,1,10
6777,2664,33,5,10
6778,2664,14,4,5
6779,2664,194,3,10
6780,2665,29,4,15
6781,2665,135,3,5
6782,2665,7,3,10
6783,2666,81,4,15
6784,2666,200,3,25
6785,2666,149,5,25
6786,2667,17,5,25
6787,2668,104,2,5
6788,2669,164,3,25
6789,2669,54,2,10
6790,2669,3,5,25
6791,2669,91,1,0
6792,2670,33,4,10
6793,2670,132,1,15
6794,2671,37,4,25
6795,2671,160,5,10
6796,2672,45,1,10
6797,2672,110,4,0
6798,2672,86,5,20
6799,2672,147,2,5
6800,2672,165,1,20
6801,2673,119,3,15
6802,2673,96,4,5
6803,2674,162,5,5
6804,2674,96,4,20
6805,2674,12,2,20
6806,2674,114,4,0
6807,2674,179,5,15
6808,2675,183,4,20
6809,2675,24,2,20
6810,2676,145,1,0
6811,2677,34,1,20
6812,2677,128,3,0
6813,2677,45,5,20
6814,2677,150,2,15
6815,2678,86,1,0
6816,2678,189,2,0
6817,2678,157,1,20
6818,2679,81,4,20
6819,2680,143,2,10
6820,2681,135,3,5
6821,2681,48,1,20
6822,2682,164,4,10
6823,2682,33,1,15
6824,2682,128,3,20
6825,2683,100,1,5
6826,2684,91,4,5
6827,2684,122,5,0
6828,2685,23,4,20
6829,2686,14,5,15
6830,2686,39,4,5
6831,2686,45,5,10
6832,2686,96,4,15
6833,2686,151,4,10
6834,2687,143,3,25
6835,2687,1,5,10
6836,2687,43,2,20
6837,2688,107,1,20
6838,2688,136,2,15
6839,2688,38,4,0
6840,2688,97,3,15
6841,2689,112,5,5
6842,2689,197,5,20
6843,2690,197,4,15
6844,2691,38,5,5
6845,2691,79,1,25
6846,2692,179,5,15
6847,2692,129,4,20
6848,2692,12,3,5
6849,2693,135,5,15
6850,2693,131,5,5
6851,2693,84,5,20
6852,2693,102,4,25
6853,2694,40,3,0
6854,2695,156,3,10
6855,2696,32,3,15
6856,2696,18,4,15
6857,2696,44,4,20
6858,2696,98,4,5
6859,2697,137,5,5
6860,2697,93,4,15
6861,2697,196,3,10
6862,2698,87,1,10
6863,2699,111,3,20
6864,2699,151,5,5
6865,2700,17,3,5
6866,2701,15,5,20
6867,2701,89,2,5
6868,2702,27,5,20
6869,2702,61,1,25
6870,2703,93,2,0
6871,2703,84,5,25
6872,2703,98,3,10
6873,2703,140,2,5
6874,2704,172,5,20
6875,2705,12,4,15
6876,2706,28,5,0
6877,2707,127,3,5
6878,2707,94,1,20
6879,2707,169,4,20
6880,2708,120,3,25
6881,2709,106,4,25
6882,2709,122,1,15
6883,2709,168,3,25
6884,2709,33,3,25
6885,2709,12,5,15
6886,2710,180,3,20
6887,2710,97,1,5
6888,2710,168,5,5
6889,2710,71,4,10
6890,2710,171,5,10
6891,2711,11,1,10
6892,2711,79,1,20
6893,2712,92,1,0
6894,2712,190,4,0
6895,2712,50,1,15
6896,2713,200,5,20
6897,2713,79,2,15
6898,2713,60,3,20
6899,2713,103,1,10
6900,2713,185,4,10
6901,2714,140,5,15
6902,2714,155,2,10
6903,2715,8,3,20
6904,2715,101,5,25
6905,2715,64,5,25
6906,2715,68,1,5
6907,2716,122,1,15
6908,2716,134,4,0
6909,2717,59,2,0
6910,2717,196,1,10
6911,2718,17,1,20
6912,2718,39,4,25
6913,2718,15,4,25
6914,2719,12,4,20
6915,2720,43,1,15
6916,2721,159,4,15
6917,2721,70,4,15
6918,2722,6,3,15
6919,2722,77,2,0
6920,2723,89,1,25
6921,2723,16,5,0
6922,2723,3,1,0
6923,2723,136,2,15
6924,2724,2,4,5
6925,2724,16,1,0
6926,2724,158,5,0
6927,2725,99,5,20
6928,2725,123,1,25
6929,2725,188,5,0
6930,2726,150,1,10
6931,2726,42,2,5
6932,2726,105,4,5
6933,2727,181,3,10
6934,2727,103,3,10
6935,2728,10,3,0
6936,2728,181,4,20
6937,2728,175,3,5
6938,2729,165,3,20
6939,2729,37,2,0
6940,2729,43,1,5
6941,2729,160,3,5
6942,2729,7,4,15
6943,2730,68,2,10
6944,2731,146,2,5
6945,2731,94,4,0
6946,2731,165,5,5
6947,2732,177,4,0
6948,2732,32,3,15
6949,2732,123,3,10
6950,2732,22,4,15
6951,2733,39,1,10
6952,2733,180,3,25
6953,2734,145,5,10
6954,2734,174,5,25
6955,2734,161,3,15
6956,2735,166,1,15
6957,2735,164,5,25
6958,2736,58,4,25
6959,2737,26,4,25
6960,2737,83,4,20
6961,2737,44,4,20
6962,2737,197,1,10
6963,2737,172,1,10
6964,2738,85,1,0
6965,2738,163,3,10
6966,2738,117,1,0
6967,2739,73,1,0
6968,2739,125,2,25
6969,2740,59,4,10
6970,2740,150,1,0
6971,2740,164,2,20
6972,2741,161,4,25
6973,2742,20,2,0
6974,2742,196,5,20
6975,2743,54,5,10
6976,2743,85,4,0
6977,2743,24,4,0
6978,2743,25,4,0
6979,2743,170,5,20
6980,2744,191,3,20
6981,2744,77,2,10
6982,2744,178,2,10
6983,2744,193,2,10
6984,2745,61,4,0
6985,2745,157,3,5
6986,2746,8,4,10
6987,2746,160,5,20
6988,2747,83,3,10
6989,2748,1,5,0
6990,2748,188,5,20
6991,2748,82,5,20
6992,2748,40,5,5
6993,2748,30,3,10
6994,2749,149,4,5
6995,2749,3,5,5
6996,2750,156,4,15
6997,2750,36,3,0
6998,2751,139,5,5
6999,2751,50,5,25
7000,2752,152,3,5
7001,2752,78,5,0
7002,2752,9,2,15
7003,2753,58,5,20
7004,2754,189,4,10
7005,2755,152,2,10
7006,2755,76,3,20
7007,2755,159,4,0
7008,2756,115,3,10
7009,2757,75,3,5
7010,2757,137,5,5
7011,2757,40,2,25
7012,2757,187,3,0
7013,2758,145,1,15
7014,2758,9,5,25
7015,2759,145,3,15
7016,2760,79,2,20
7017,2760,37,4,15
7018,2760,136,2,20
7019,2761,41,4,10
7020,2762,149,5,15
7021,2763,97,5,0
7022,2764,120,5,20
7023,2765,196,1,0
7024,2765,92,1,25
7025,2765,60,1,10
7026,2765,112,5,5
7027,2766,149,5,5
7028,2767,53,5,15
7029,2767,191,2,10
7030,2768,92,5,15
7031,2768,44,2,15
7032,2768,64,4,5
7033,2768,135,3,25
7034,2768,182,5,10
7035,2769,166,5,20
7036,2769,19,1,25
7037,2770,67,3,15
7038,2771,93,5,25
7039,2771,118,2,20
7040,2772,105,5,20
7041,2772,8,3,0
7042,2772,178,4,10
7043,2773,81,1,0
7044,2773,86,2,10
7045,2773,119,1,20
7046,2773,190,4,25
7047,2773,22,1,25
7048,2774,10,1,5
7049,2775,1,1,5
7050,2775,88,2,25
7051,2776,122,3,0
7052,2776,119,2,20
7053,2776,101,2,5
7054,2777,72,5,10
7055,2778,141,4,25
7056,2778,130,2,15
7057,2779,194,1,25
7058,2779,173,1,5
7059,2779,156,5,10
7060,2779,185,3,25
7061,2779,92,5,5
7062,2780,130,1,10
7063,2781,193,4,25
7064,2781,26,4,25
7065,2781,43,4,0
7066,2781,22,5,20
7067,2782,30,2,20
7068,2783,143,4,5
7069,2783,30,4,25
7070,2783,34,5,5
7071,2783,104,1,15
7072,2783,156,4,15
7073,2784,138,5,10
7074,2784,200,3,20
7075,2784,127,5,10
7076,2785,157,2,0
7077,2785,116,2,5
7078,2786,35,2,0
7079,2787,105,2,10
7080,2788,182,5,0
7081,2789,119,2,15
7082,2790,73,2,10
7083,2791,131,3,15
7084,2791,147,2,5
7085,2792,129,4,25
7086,2793,68,2,10
7087,2794,36,1,10
7088,2794,5,2,10
7089,2795,15,5,0
7090,2796,91,1,20
7091,2796,162,2,25
7092,2796,180,3,10
7093,2797,15,2,15
7094,2797,60,3,0
7095,2798,156,2,25
7096,2799,99,5,5
7097,2799,88,2,15
7098,2800,18,4,10
7099,2800,22,3,10
7100,2801,23,5,20
7101,2802,167,2,25
7102,2802,46,5,15
7103,2802,9,1,5
7104,2803,18,2,15
7105,2803,193,1,5
7106,2804,155,5,20
7107,2804,44,2,5
7108,2804,56,5,25
7109,2804,130,4,25
7110,2804,72,3,10
7111,2805,25,2,5
7112,2805,120,4,25
7113,2806,176,1,15
7114,2806,137,4,15
7115,2806,2,4,25
7116,2807,104,3,10
7117,2808,167,2,0
7118,2809,117,1,15
7119,2810,126,1,5
7120,2810,166,3,25
7121,2810,147,5,5
7122,2811,185,2,5
7123,2811,23,2,20
7124,2812,159,5,20
7125,2812,81,1,0
7126,2812,131,4,25
7127,2812,174,1,10
7128,2813,69,2,5
7129,2813,20,1,25
7130,2813,43,4,5
7131,2814,91,4,10
7132,2814,132,5,10
7133,2815,102,4,25
7134,2815,127,3,15
7135,2816,184,3,10
7136,2816,7,3,15
7137,2816,81,1,20
7138,2816,69,2,10
7139,2817,33,3,10
7140,2817,129,2,25
7141,2818,82,1,20
7142,2819,94,1,0
7143,2819,93,3,20
7144,2819,68,4,25
7145,2819,96,1,25
7146,2819,76,4,10
7147,2820,56,3,5
7148,2820,88,3,25
7149,2820,40,2,20
7150,2821,144,1,25
7151,2822,59,2,15
7152,2822,1,2,20
7153,2822,123,3,20
7154,2823,7,3,15
7155,2823,153,4,25
7156,2824,163,5,15
7157,2824,172,2,5
7158,2824,195,3,5
7159,2825,10,1,20
7160,2826,141,5,15
7161,2826,102,1,0
7162,2827,14,5,15
7163,2827,111,2,0
7164,2827,42,5,15
7165,2828,109,3,5
7166,2828,94,5,0
7167,2828,141,5,20
7168,2828,91,4,20
7169,2829,28,4,5
7170,2829,21,3,20
7171,2830,103,5,20
7172,2830,43,2,20
7173,2831,182,3,10
7174,2831,31,3,0
7175,2831,8,5,5
7176,2832,65,4,15
7177,2833,113,2,0
7178,2833,130,5,0
7179,2834,67,5,25
7180,2834,2,5,0
7181,2834,45,4,5
7182,2835,127,3,15
7183,2835,4,1,0
7184,2835,194,1,0
7185,2836,94,4,15
7186,2837,61,1,25
7187,2837,17,1,25
7188,2838,131,3,20
7189,2838,95,3,15
7190,2838,180,5,25
7191,2839,50,5,25
7192,2839,58,5,0
7193,2839,38,3,0
7194,2840,27,3,15
7195,2841,104,4,20
7196,2842,102,3,20
7197,2842,68,4,0
7198,2843,85,5,0
7199,2843,7,1,10
7200,2843,82,2,20
7201,2843,114,1,15
7202,2844,170,2,25
7203,2844,3,3,5
7204,2845,173,1,0
7205,2845,49,5,15
7206,2845,83,1,20
7207,2846,49,1,25
7208,2846,1,4,25
7209,2847,27,4,5
7210,2847,88,3,25
7211,2847,159,5,15
7212,2847,32,4,15
7213,2847,114,2,0
7214,2848,110,4,10
7215,2848,16,1,15
7216,2848,46,3,20
7217,2848,88,2,10
7218,2849,93,3,15
7219,2849,157,4,5
7220,2849,137,1,20
7221,2850,153,2,15
7222,2850,40,3,20
7223,2850,90,4,0
7224,2851,101,5,20
7225,2851,144,2,15
7226,2851,172,3,0
7227,2852,28,3,20
7228,2853,32,1,5
7229,2853,128,1,25
7230,2854,62,4,10
7231,2855,184,4,10
7232,2855,180,4,15
7233,2855,18,1,10
7234,2855,36,4,5
7235,2856,49,4,10
7236,2856,80,2,10
7237,2857,79,4,15
7238,2858,143,1,0
7239,2858,82,2,15
7240,2858,169,1,15
7241,2858,76,5,15
7242,2859,145,5,5
7243,2859,87,5,20
7244,2859,49,5,15
7245,2859,185,5,10
7246,2860,115,5,0
7247,2861,183,4,15
7248,2861,83,5,25
7249,2862,21,3,10
7250,2862,67,3,0
7251,2863,58,2,25
7252,2864,51,1,5
7253,2864,68,5,25
7254,2865,187,5,0
7255,2865,196,3,5
7256,2865,126,3,5
7257,2865,175,3,20
7258,2865,145,1,10
7259,2866,154,4,10
7260,2866,77,3,25
7261,2866,139,2,15
7262,2867,56,4,25
7263,2868,48,1,10
7264,2869,30,4,20
7265,2869,151,2,20
7266,2870,178,3,5
7267,2871,69,1,20
7268,2871,82,1,10
7269,2872,135,5,0
7270,2872,3,4,0
7271,2872,102,4,0
7272,2873,135,4,15
7273,2873,33,3,0
7274,2874,131,2,20
7275,2875,56,2,25
7276,2875,14,1,25
7277,2875,148,2,15
7278,2875,56,2,20
7279,2876,83,2,20
7280,2876,154,2,10
7281,2877,127,1,5
7282,2877,183,4,25
7283,2877,128,2,0
7284,2877,139,2,10
7285,2878,126,1,10
7286,2878,116,4,5
7287,2878,186,1,15
7288,2879,85,2,15
7289,2880,59,5,15
7290,2880,138,4,25
7291,2880,153,1,5
7292,2880,101,1,20
7293,2880,72,2,20
7294,2881,186,4,20
7295,2882,43,2,20
7296,2883,132,2,5
7297,2883,106,5,0
7298,2884,151,3,15
7299,2884,28,4,20
7300,2885,54,1,0
7301,2886,178,2,0
7302,2886,162,3,15
7303,2887,80,3,0
7304,2887,83,5,20
7305,2887,104,5,20
7306,2887,176,4,10
7307,2888,134,2,25
7308,2889,140,4,10
7309,2889,165,5,25
7310,2889,54,2,0
7311,2889,140,2,25
7312,2890,159,1,25
7313,2890,192,2,0
7314,2891,84,4,5
7315,2892,164,2,0
7316,2892,137,2,25
7317,2892,106,1,25
7318,2892,97,2,5
7319,2893,129,4,20
7320,2893,74,4,5
7321,2893,23,1,0
7322,2894,152,5,5
7323,2894,16,3,20
7324,2894,29,4,0
7325,2894,17,2,5
7326,2894,110,2,20
7327,2895,141,3,15
7328,2896,165,1,0
7329,2896,96,5,25
7330,2896,155,4,15
7331,2896,28,5,15
7332,2896,90,2,25
7333,2897,111,2,25
7334,2897,3,2,25
7335,2897,105,4,20
7336,2897,135,1,5
7337,2897,36,4,25
7338,2898,54,5,25
7339,2898,188,5,15
7340,2898,112,4,5
7341,2898,148,1,20
7342,2899,18,2,15
7343,2899,73,1,5
7344,2899,140,2,25
7345,2900,151,1,25
7346,2901,114,3,25
7347,2901,97,4,5
7348,2902,193,3,0
7349,2902,175,5,5
7350,2903,34,1,25
7351,2903,71,4,25
7352,2903,173,2,0
7353,2903,25,5,5
7354,2904,68,5,25
7355,2904,8,4,10
7356,2904,131,5,5
7357,2905,72,1,20
7358,2905,55,2,10
7359,2906,108,4,5
7360,2907,8,4,25
7361,2907,175,1,25
7362,2908,151,1,0
7363,2908,70,4,5
7364,2908,188,3,25
7365,2909,36,4,5
7366,2910,45,1,20
7367,2910,147,3,20
7368,2910,176,1,20
7369,2911,7,1,10
7370,2911,20,4,10
7371,2911,170,5,20
7372,2912,130,4,5
7373,2912,33,1,15
7374,2913,138,4,15
7375,2913,63,4,10
7376,2913,62,5,20
7377,2914,69,1,10
7378,2915,42,2,10
7379,2915,151,5,5
7380,2915,166,1,5
7381,2915,147,1,0
7382,2915,101,4,10
7383,2916,28,3,0
7384,2917,119,3,15
7385,2917,113,2,5
7386,2918,172,3,5
7387,2918,176,4,15
7388,2918,161,4,10
7389,2919,113,5,20
7390,2920,169,3,25
7391,2920,111,3,25
7392,2920,2,2,5
7393,2920,92,1,10
7394,2920,99,5,25
7395,2921,13,1,10
7396,2922,178,2,15
7397,2922,104,3,0
7398,2923,160,4,0
7399,2923,64,1,15
7400,2923,93,5,10
7401,2924,105,5,25
7402,2924,52,5,25
7403,2925,107,2,5
7404,2926,45,5,20
7405,2927,32,5,10
7406,2928,185,3,25
7407,2928,125,4,5
7408,2929,167,3,5
7409,2930,64,5,20
7410,2930,198,4,0
7411,2930,45,2,15
7412,2931,57,1,15
7413,2931,31,5,5
7414,2932,114,4,25
7415,2932,16,4,0
7416,2933,158,5,15
7417,2934,137,1,25
7418,2934,21,5,15
7419,2934,173,1,15
7420,2934,99,5,20
7421,2935,52,3,25
7422,2936,23,1,10
7423,2937,88,4,15
7424,2937,196,2,10
7425,2937,33,4,10
7426,2937,34,1,25
7427,2937,167,4,20
7428,2938,76,2,25
7429,2938,119,1,15
7430,2938,172,1,5
7431,2939,113,3,15
7432,2939,79,5,15
7433,2940,113,1,10
7434,2940,57,4,10
7435,2940,137,5,5
7436,2940,97,1,15
7437,2940,81,5,0
7438,2941,129,5,25
7439,2941,123,1,0
7440,2942,40,3,0
7441,2943,136,5,5
7442,2944,143,1,15
7443,2944,12,2,10
7444,2945,64,2,10
7445,2945,75,1,0
7446,2945,1,2,5
7447,2946,9,1,5
7448,2946,145,2,0
7449,2947,106,1,25
7450,2947,147,2,5
7451,2948,136,5,5
7452,2948,118,1,25
7453,2948,153,5,15
7454,2948,45,4,5
7455,2948,62,2,20
7456,2949,51,2,25
7457,2950,14,1,5
7458,2950,53,2,20
7459,2950,178,3,5
7460,2950,31,2,10
7461,2951,3,1,15
7462,2952,36,2,10
7463,2952,25,4,10
7464,2952,191,5,15
7465,2953,12,1,15
7466,2953,69,5,25
7467,2954,132,5,25
7468,2954,41,3,15
7469,2954,177,4,20
7470,2955,7,2,20
7471,2955,4,2,15
7472,2956,103,5,25
7473,2957,156,5,0
7474,2958,69,3,0
7475,2959,173,5,5
7476,2959,5,2,15
7477,2959,185,5,5
7478,2959,118,5,5
7479,2960,175,5,15
7480,2960,42,3,5
7481,2960,148,5,5
7482,2960,179,4,10
7483,2961,81,2,15
7484,2961,69,1,0
7485,2961,192,2,15
7486,2962,139,3,20
7487,2962,10,5,10
7488,2963,107,3,5
7489,2963,37,1,15
7490,2964,85,5,5
7491,2964,31,2,10
7492,2964,133,2,20
7493,2965,46,4,20
7494,2966,13,4,25
7495,2966,81,3,10
7496,2967,116,2,10
7497,2967,172,5,25
7498,2967,85,3,0
7499,2967,56,2,5
7500,2967,112,4,0
7501,2968,107,2,10
7502,2968,47,2,0
7503,2968,170,5,0
7504,2969,153,4,5
7505,2969,176,2,25
7506,2970,163,3,20
7507,2970,77,3,5
7508,2970,198,1,10
7509,2970,92,2,10
7510,2971,38,1,10
7511,2971,43,4,25
7512,2972,126,2,20
7513,2972,166,5,20
7514,2972,4,4,15
7515,2973,186,1,5
7516,2973,31,5,15
7517,2973,180,4,5
7518,2973,169,5,10
7519,2974,75,1,0
7520,2974,44,2,0
7521,2975,181,2,25
7522,2975,112,4,20
7523,2975,143,4,20
7524,2976,93,1,5
7525,2976,123,1,10
7526,2976,126,1,25
7527,2976,41,4,5
7528,2977,163,1,25
7529,2978,60,5,5
7530,2979,16,1,0
7531,2979,172,1,5
7532,2979,151,1,0
7533,2979,29,1,20
7534,2980,13,1,20
7535,2980,45,5,5
7536,2981,29,1,5
7537,2982,140,5,15
7538,2982,131,1,10
7539,2982,30,3,0
7540,2983,120,5,20
7541,2983,42,4,10
7542,2984,74,1,0
7543,2985,101,2,25
7544,2985,73,2,20
7545,2986,91,3,10
7546,2987,57,5,15
7547,2988,13,5,15
7548,2989,149,1,10
7549,2990,170,3,5
7550,2990,45,1,10
7551,2990,141,2,5
7552,2991,182,5,5
7553,2991,121,1,25
7554,2992,96,5,15
7555,2992,85,3,10
7556,2992,157,4,5
7557,2992,47,3,5
7558,2993,75,4,15
7559,2993,15,3,15
7560,2993,47,5,10
7561,2994,131,3,5
7562,2994,48,1,20
7563,2994,6,1,0
7564,2994,191,3,5
7565,2994,26,1,0
7566,2995,112,1,20
7567,2995,114,1,25
7568,2996,111,4,25
7569,2996,12,3,25
7570,2996,63,1,5
7571,2997,70,1,20
7572,2998,56,3,0
7573,2998,129,1,10
7574,2999,69,2,5
7575,3000,57,3,15
7576,3000,73,1,10
7577,3000,31,5,0
7578,3001,193,2,10
7579,3002,46,5,25
7580,3002,132,1,10
7581,3002,22,3,15
7582,3002,188,2,20
7583,3003,189,5,0
7584,3003,84,2,15
7585,3003,149,5,20
7586,3003,28,3,25
7587,3003,86,4,5
7588,3004,142,4,15
7589,3004,141,3,25
7590,3004,26,5,0
7591,3004,109,2,25
7592,3004,143,2,15
7593,3005,30,2,15
7594,3005,37,3,5
7595,3005,163,3,25
7596,3005,31,5,0
7597,3005,119,2,25
7598,3006,196,5,10
7599,3006,145,2,5
7600,3006,152,3,10
7601,3006,69,1,10
7602,3007,187,3,10
7603,3007,200,4,5
7604,3008,176,2,0
7605,3008,142,2,15
7606,3008,6,1,15
7607,3008,199,2,15
7608,3009,142,4,0
7609,3009,11,5,10
7610,3009,77,4,15
7611,3010,10,4,15
7612,3010,154,5,20
7613,3011,135,5,15
7614,3011,176,2,20
7615,3011,106,4,10
7616,3012,56,2,5
7617,3012,183,5,25
7618,3013,142,5,20
7619,3013,88,2,10
7620,3013,195,5,20
7621,3014,15,3,20
7622,3014,168,4,25
7623,3014,42,3,5
7624,3014,91,3,20
7625,3014,8,2,25
7626,3015,29,3,5
7627,3015,155,3,5
7628,3016,17,2,0
7629,3017,55,3,5
7630,3017,18,3,25
7631,3017,130,3,25
7632,3018,124,3,0
7633,3019,116,3,5
7634,3020,198,1,20
7635,3021,48,4,5
7636,3021,21,5,15
7637,3021,199,2,0
7638,3021,77,3,15
7639,3022,47,4,25
7640,3023,95,3,5
7641,3023,83,5,25
7642,3023,109,4,0
7643,3023,31,5,25
7644,3024,187,3,15
7645,3024,178,1,0
7646,3024,109,1,20
7647,3025,30,1,15
7648,3025,77,3,5
7649,3025,91,3,25
7650,3026,140,4,0
7651,3026,166,3,0
7652,3027,136,3,10
7653,3027,29,1,0
7654,3028,163,5,0
7655,3028,50,1,15
7656,3029,176,1,10
7657,3030,76,4,0
7658,3030,16,3,15
7659,3030,138,4,0
7660,3030,64,4,0
7661,3031,53,1,0
7662,3031,196,5,10
7663,3031,164,2,25
7664,3032,117,1,0
7665,3032,16,2,15
7666,3032,99,4,0
7667,3032,112,2,5
7668,3032,143,4,20
7669,3033,135,5,0
7670,3033,195,3,20
7671,3033,70,3,15
7672,3033,190,1,15
7673,3034,147,3,10
7674,3035,167,5,20
7675,3035,28,3,5
7676,3036,193,3,5
7677,3036,122,3,25
7678,3037,16,5,0
7679,3038,27,4,25
7680,3038,27,3,5
7681,3038,161,4,10
7682,3039,72,2,0
7683,3039,98,2,5
7684,3040,4,1,5
7685,3040,2,1,10
7686,3040,173,3,25
7687,3040,44,1,20
7688,3040,193,2,5
7689,3041,81,1,20
7690,3042,97,5,20
7691,3043,192,5,25
7692,3043,141,2,0
7693,3044,23,3,20
7694,3044,104,2,25
7695,3045,131,4,15
7696,3045,105,5,10
7697,3045,68,3,0
7698,3046,169,2,0
7699,3046,153,1,15
7700,3046,196,1,15
7701,3047,38,2,25
7702,3047,29,4,20
7703,3048,150,3,5
7704,3048,196,4,25
7705,3049,1,2,5
7706,3049,4,1,25
7707,3049,55,5,0
7708,3049,41,5,0
7709,3050,86,3,5
7710,3050,91,5,10
7711,3050,180,2,20
7712,3051,64,5,25
7713,3051,143,1,0
7714,3051,37,1,0
7715,3051,86,5,15
7716,3052,4,1,5
7717,3053,176,3,25
7718,3053,72,2,25
7719,3054,51,4,0
7720,3054,179,2,10
7721,3055,107,4,5
7722,3055,46,2,20
7723,3055,32,4,0
7724,3056,43,2,25
7725,3056,48,1,20
7726,3057,185,3,10
7727,3058,79,1,20
7728,3059,50,3,5
7729,3059,97,5,25
7730,3059,199,5,15
7731,3059,147,1,10
7732,3060,141,1,5
7733,3060,8,4,15
7734,3060,96,4,25
7735,3060,148,2,0
7736,3061,187,1,25
7737,3062,163,5,0
7738,3062,64,5,25
7739,3062,124,3,25
7740,3063,85,4,15
7741,3063,99,1,5
7742,3063,69,2,20
7743,3063,34,2,5
7744,3064,71,3,5
7745,3064,6,3,15
7746,3065,24,3,5
7747,3065,125,2,25
7748,3065,3,3,0
7749,3065,189,2,20
7750,3066,92,3,0
7751,3067,75,5,0
7752,3067,194,4,0
7753,3067,165,1,0
7754,3067,39,5,10
7755,3068,38,3,15
7756,3068,165,1,20
7757,3069,102,2,5
7758,3069,197,2,25
7759,3070,104,5,15
7760,3070,37,3,0
7761,3070,50,4,15
7762,3070,37,4,15
7763,3070,172,5,0
7764,3071,91,3,10
7765,3072,154,1,20
7766,3072,73,5,5
7767,3072,28,1,5
7768,3072,69,3,15
7769,3073,153,3,5
7770,3074,15,4,10
7771,3074,153,5,25
7772,3075,177,2,0
7773,3075,156,4,25
7774,3075,104,5,0
7775,3076,38,4,20
7776,3076,129,5,25
7777,3077,159,1,0
7778,3077,165,2,5
7779,3077,104,5,20
7780,3078,91,1,20
7781,3078,14,4,5
7782,3078,156,3,10
7783,3079,37,1,10
7784,3079,45,1,5
7785,3079,10,4,25
7786,3080,87,4,0
7787,3080,38,5,15
7788,3081,91,2,5
7789,3081,171,3,20
7790,3081,6,5,0
7791,3081,19,2,15
7792,3082,15,3,20
7793,3082,76,4,10
7794,3082,184,2,0
7795,3083,71,2,10
7796,3083,68,5,5
7797,3084,117,1,20
7798,3084,151,5,0
7799,3084,76,3,15
7800,3084,101,5,5
7801,3084,44,5,15
7802,3085,41,3,20
7803,3085,180,3,15
7804,3086,164,1,15
7805,3086,176,2,0
7806,3086,121,4,20
7807,3087,164,5,25
7808,3087,152,3,20
7809,3087,15,3,5
7810,3087,12,3,10
7811,3087,57,1,25
7812,3088,157,4,10
7813,3088,15,4,5
7814,3088,166,5,10
7815,3088,159,1,15
7816,3088,1,1,20
7817,3089,114,3,0
7818,3089,120,2,5
7819,3089,146,4,5
7820,3089,84,1,0
7821,3089,200,5,0
7822,3090,149,2,25
7823,3090,54,1,20
7824,3090,107,5,5
7825,3091,171,5,20
7826,3091,176,3,20
7827,3091,17,3,25
7828,3092,99,5,5
7829,3092,101,4,25
7830,3092,183,4,5
7831,3092,150,1,25
7832,3092,141,5,0
7833,3093,11,5,0
7834,3093,129,1,15
7835,3093,60,2,0
7836,3094,133,5,25
7837,3094,91,1,10
7838,3094,165,1,20
7839,3095,126,2,10
7840,3095,135,4,0
7841,3096,116,1,15
7842,3096,194,4,10
7843,3096,75,3,0
7844,3096,125,3,25
7845,3097,102,5,25
7846,3097,110,5,0
7847,3098,76,4,15
7848,3099,179,5,0
7849,3100,200,1,0
7850,3100,162,2,20
7851,3101,178,5,10
7852,3102,148,4,25
7853,3102,139,4,0
7854,3102,149,1,5
7855,3102,160,2,0
7856,3102,31,4,0
7857,3103,190,3,20
7858,3103,76,4,15
7859,3104,151,4,0
7860,3104,67,4,20
7861,3104,117,5,5
7862,3104,131,5,5
7863,3105,101,5,10
7864,3105,135,1,5
7865,3106,171,2,25
7866,3107,96,2,20
7867,3108,171,3,25
7868,3108,72,1,25
7869,3109,170,1,10
7870,3109,192,3,10
7871,3110,60,1,10
7872,3110,35,1,10
7873,3111,185,2,0
7874,3111,177,4,25
7875,3111,105,3,0
7876,3112,143,5,20
7877,3113,198,5,10
7878,3113,7,2,15
7879,3113,170,3,0
7880,3114,36,5,20
7881,3115,24,4,20
7882,3115,125,5,25
7883,3116,56,2,5
7884,3116,98,2,0
7885,3117,5,1,5
7886,3117,172,5,10
7887,3118,131,5,10
7888,3118,122,2,20
7889,3119,31,3,10
7890,3120,26,3,25
7891,3120,45,1,20
7892,3120,136,2,15
7893,3121,179,2,5
7894,3121,181,1,20
7895,3122,21,4,5
7896,3122,182,4,0
7897,3122,124,4,0
7898,3122,33,3,5
7899,3123,13,3,10
7900,3123,20,3,15
7901,3124,139,2,25
7902,3124,167,1,15
7903,3125,40,4,25
7904,3126,153,5,20
7905,3126,163,5,10
7906,3127,147,5,10
7907,3128,162,1,0
7908,3128,183,5,20
7909,3129,134,5,5
7910,3129,99,4,5
7911,3130,197,5,5
7912,3130,194,4,15
7913,3131,65,1,20
7914,3131,168,4,10
7915,3131,105,1,0
7916,3132,43,2,20
7917,3132,88,4,0
7918,3132,58,3,20
7919,3132,50,3,25
7920,3133,96,2,10
7921,3133,31,4,15
7922,3133,16,4,20
7923,3133,177,5,15
7924,3133,101,4,20
7925,3134,156,2,15
7926,3134,187,5,20
7927,3135,32,5,10
7928,3136,48,1,20
7929,3136,136,3,15
7930,3136,179,2,10
7931,3136,126,4,15
7932,3137,66,1,10
7933,3137,77,4,5
7934,3138,161,2,10
7935,3138,175,3,25
7936,3139,32,5,0
7937,3139,23,2,20
7938,3139,8,2,20
7939,3139,17,3,5
7940,3140,148,3,5
7941,3141,197,1,15
7942,3141,67,5,0
7943,3141,18,3,10
7944,3141,155,4,5
7945,3141,15,3,15
7946,3142,81,2,5
7947,3143,117,1,20
7948,3143,36,4,25
7949,3143,141,1,15
7950,3143,96,1,25
7951,3143,14,5,15
7952,3144,118,1,20
7953,3144,61,2,20
7954,3145,136,5,0
7955,3145,110,5,15
7956,3146,61,2,20
7957,3147,33,5,15
7958,3147,131,5,25
7959,3147,186,5,25
7960,3148,21,4,5
7961,3148,51,3,5
7962,3149,143,5,0
7963,3150,92,1,5
7964,3150,111,5,20
7965,3150,44,5,15
7966,3150,26,1,0
7967,3151,46,2,20
7968,3151,121,4,0
7969,3152,69,2,0
7970,3153,54,3,10
7971,3154,199,3,0
7972,3154,105,2,20
7973,3155,132,5,5
7974,3156,46,5,20
7975,3157,157,4,25
7976,3157,186,1,0
7977,3157,95,4,10
7978,3157,68,5,20
7979,3158,20,1,0
7980,3158,194,5,0
7981,3159,158,5,0
7982,3159,105,4,25
7983,3160,3,5,20
7984,3160,141,5,0
7985,3160,184,1,5
7986,3160,131,1,10
7987,3161,124,1,10
7988,3161,61,5,25
7989,3162,76,1,0
7990,3163,24,3,25
7991,3163,73,1,25
7992,3163,197,2,5
7993,3163,88,5,15
7994,3163,150,1,0
7995,3164,118,1,10
7996,3164,81,2,0
7997,3164,159,4,5
7998,3164,187,4,15
7999,3164,22,5,15
8000,3165,150,5,15
8001,3165,138,2,0
8002,3165,29,4,15
8003,3165,109,2,15
8004,3166,14,5,25
8005,3166,65,5,5
8006,3166,184,4,25
8007,3167,79,3,5
8008,3167,121,5,10
8009,3167,194,4,20
8010,3167,107,5,5
8011,3168,102,1,25
8012,3169,104,5,5
8013,3169,144,1,10
8014,3169,31,4,20
8015,3169,162,3,20
8016,3170,138,2,0
8017,3170,61,2,10
8018,3170,14,1,5
8019,3170,114,4,15
8020,3171,11,1,5
8021,3172,133,3,10
8022,3173,16,2,20
8023,3173,72,4,0
8024,3173,2,4,20
8025,3173,167,5,15
8026,3174,50,1,15
8027,3174,64,4,15
8028,3174,39,2,25
8029,3174,21,1,25
8030,3175,31,1,20
8031,3175,75,3,20
8032,3175,119,3,25
8033,3176,27,2,0
8034,3176,28,2,0
8035,3176,128,2,0
8036,3176,140,1,15
8037,3176,52,3,20
8038,3177,30,1,0
8039,3177,196,3,0
8040,3177,35,4,5
8041,3177,85,4,15
8042,3177,200,2,15
8043,3178,22,5,10
8044,3178,137,3,5
8045,3178,100,1,25
8046,3178,42,4,5
8047,3179,90,5,10
8048,3180,140,2,10
8049,3180,50,3,20
8050,3180,40,2,20
8051,3180,2,5,10
8052,3180,115,4,5
8053,3181,170,2,15
8054,3181,44,2,20
8055,3181,22,4,25
8056,3181,27,2,25
8057,3181,87,1,5
8058,3182,80,5,25
8059,3182,187,3,10
8060,3183,194,2,10
8061,3183,101,5,15
8062,3183,178,1,20
8063,3184,138,1,15
8064,3185,179,2,10
8065,3185,123,2,20
8066,3186,129,5,20
8067,3187,38,1,10
8068,3187,79,1,5
8069,3188,120,2,20
8070,3188,46,5,0
8071,3188,46,4,0
8072,3189,103,3,5
8073,3189,29,4,20
8074,3189,86,5,0
8075,3190,16,4,20
8076,3191,68,1,25
8077,3191,20,4,0
8078,3191,43,1,25
8079,3192,17,2,5
8080,3192,28,2,10
8081,3193,139,3,15
8082,3194,197,2,5
8083,3195,135,4,10
8084,3195,132,3,20
8085,3195,147,2,25
8086,3195,105,5,20
8087,3195,4,2,5
8088,3196,87,1,20
8089,3197,27,2,10
8090,3197,170,4,25
8091,3197,169,5,0
8092,3197,56,4,25
8093,3198,69,2,0
8094,3198,78,1,10
8095,3198,193,4,0
8096,3199,146,5,10
8097,3199,34,1,0
8098,3199,194,3,15
8099,3200,2,3,20
8100,3200,138,5,20
8101,3200,42,4,0
8102,3200,29,1,25
8103,3200,77,3,25
8104,3201,125,4,25
8105,3201,180,1,25
8106,3201,74,5,10
8107,3202,52,3,0
8108,3202,89,1,0
8109,3203,60,4,20
8110,3203,26,5,10
8111,3204,174,3,15
8112,3205,81,3,25
8113,3205,179,3,5
8114,3205,57,3,10
8115,3205,193,5,20
8116,3206,120,2,20
8117,3206,81,3,0
8118,3206,90,3,5
8119,3207,72,1,0
8120,3208,1,5,15
8121,3208,165,1,10
8122,3209,79,1,20
8123,3209,145,2,5
8124,3209,159,2,10
8125,3210,105,4,5
8126,3210,153,4,5
8127,3210,94,3,20
8128,3211,58,3,10
8129,3212,95,5,20
8130,3212,82,4,5
8131,3213,111,2,10
8132,3213,133,3,10
8133,3213,170,1,0
8134,3213,40,2,25
8135,3214,8,5,25
8136,3214,167,4,5
8137,3214,153,4,25
8138,3214,117,5,5
8139,3215,139,4,15
8140,3215,21,5,20
8141,3215,36,5,10
8142,3216,160,1,10
8143,3217,11,4,5
8144,3217,14,5,25
8145,3217,79,2,10
8146,3218,30,1,5
8147,3218,60,1,0
8148,3218,170,2,0
8149,3219,190,1,0
8150,3219,63,2,15
8151,3219,62,2,20
8152,3219,138,5,15
8153,3219,132,3,20
8154,3220,105,4,15
8155,3221,136,4,15
8156,3221,52,3,25
8157,3222,132,1,10
8158,3222,176,2,20
8159,3222,23,2,5
8160,3222,21,5,0
8161,3223,66,2,25
8162,3223,198,4,0
8163,3224,82,4,20
8164,3224,15,3,5
8165,3225,106,3,25
8166,3226,188,3,10
8167,3226,186,4,20
8168,3227,67,3,5
8169,3228,166,1,25
8170,3228,20,1,15
8171,3229,114,1,20
8172,3229,157,1,10
8173,3230,54,1,5
8174,3231,44,4,25
8175,3231,23,3,0
8176,3232,162,5,15
8177,3232,27,1,10
8178,3232,6,3,10
8179,3233,110,3,15
8180,3234,59,5,20
8181,3235,144,5,5
8182,3235,37,5,10
8183,3236,10,1,10
8184,3236,187,3,25
8185,3237,162,5,15
8186,3237,147,1,25
8187,3237,166,3,25
8188,3238,127,2,10
8189,3239,130,1,10
8190,3239,69,1,15
8191,3239,63,1,20
8192,3239,155,2,15
8193,3239,92,1,0
8194,3240,106,5,5
8195,3241,27,3,5
8196,3241,157,1,25
8197,3241,4,3,0
8198,3241,182,4,25
8199,3242,124,3,20
8200,3242,161,1,15
8201,3243,158,5,25
8202,3243,146,1,5
8203,3243,174,2,0
8204,3243,62,5,5
8205,3244,124,3,25
8206,3244,171,5,0
8207,3244,199,2,25
8208,3244,1,1,5
8209,3244,23,4,0
8210,3245,157,5,25
8211,3245,73,3,20
8212,3246,83,4,0
8213,3246,138,1,5
8214,3247,66,1,0
8215,3247,48,5,0
8216,3247,112,1,15
8217,3248,146,1,25
8218,3248,140,3,5
8219,3248,107,1,0
8220,3248,107,4,0
8221,3248,120,4,20
8222,3249,97,4,0
8223,3250,48,3,25
8224,3250,136,5,0
8225,3251,34,4,0
8226,3252,121,4,5
8227,3253,41,4,20
8228,3253,168,3,25
8229,3254,165,4,20
8230,3255,196,1,0
8231,3255,89,2,20
8232,3255,152,3,0
8233,3256,105,5,15
8234,3256,60,1,20
8235,3257,92,3,5
8236,3257,170,3,15
8237,3258,118,4,25
8238,3258,125,5,15
8239,3258,157,1,10
8240,3259,190,3,0
8241,3259,21,4,25
8242,3259,192,4,20
8243,3259,24,1,10
8244,3260,54,3,0
8245,3260,164,3,5
8246,3260,197,3,5
8247,3261,109,5,20
8248,3262,106,5,15
8249,3262,146,4,15
8250,3262,133,4,20
8251,3262,147,1,0
8252,3262,120,5,5
8253,3263,129,1,15
8254,3263,4,3,0
8255,3264,196,2,15
8256,3264,152,4,10
8257,3265,172,1,10
8258,3265,145,4,0
8259,3266,54,5,5
8260,3266,79,1,0
8261,3267,62,1,0
8262,3267,19,3,10
8263,3268,125,4,0
8264,3268,18,5,5
8265,3269,4,4,20
8266,3270,79,5,0
8267,3270,130,2,10
8268,3270,89,4,0
8269,3271,176,5,10
8270,3271,60,2,0
8271,3271,31,2,0
8272,3272,39,2,5
8273,3272,146,2,25
8274,3272,89,3,0
8275,3273,64,3,15
8276,3273,21,2,5
8277,3273,196,5,10
8278,3274,65,4,5
8279,3274,161,4,20
8280,3274,19,2,0
8281,3274,153,4,25
8282,3275,183,3,25
8283,3275,180,4,5
8284,3275,95,1,10
8285,3276,169,3,20
8286,3277,98,1,25
8287,3277,99,4,0
8288,3277,115,4,15
8289,3278,69,4,0
8290,3279,38,3,5
8291,3280,75,4,25
8292,3280,144,2,10
8293,3281,135,3,10
8294,3281,152,4,10
8295,3281,28,3,15
8296,3281,153,5,0
8297,3282,7,3,20
8298,3282,60,2,15
8299,3283,165,5,15
8300,3284,163,2,15
8301,3284,14,4,5
8302,3285,190,1,0
8303,3286,113,5,20
8304,3287,162,2,25
8305,3288,24,1,20
8306,3288,87,5,5
8307,3288,128,5,5
8308,3289,184,2,5
8309,3289,137,3,20
8310,3289,185,4,20
8311,3289,59,3,10
8312,3289,30,1,15
8313,3290,179,1,25
8314,3290,15,4,10
8315,3290,24,3,25
8316,3290,25,2,20
8317,3291,39,2,5
8318,3291,107,2,20
8319,3291,198,2,15
8320,3292,196,3,20
8321,3293,141,2,10
8322,3293,185,5,20
8323,3294,99,1,10
8324,3294,39,1,25
8325,3294,78,5,20
8326,3295,37,3,5
8327,3295,98,4,25
8328,3296,154,1,25
8329,3296,50,5,20
8330,3296,96,1,10
8331,3297,129,4,20
8332,3297,73,1,20
8333,3297,77,5,15
8334,3298,20,5,20
8335,3299,36,5,20
8336,3299,21,4,20
8337,3300,2,4,15
8338,3301,108,1,10
8339,3301,66,3,25
8340,3302,133,1,25
8341,3303,162,4,0
8342,3303,134,4,0
8343,3303,7,1,5
8344,3303,106,3,0
8345,3304,38,2,0
8346,3304,17,4,5
8347,3305,93,4,15
8348,3305,155,1,5
8349,3305,104,3,25
8350,3305,115,2,25
8351,3305,85,5,20
8352,3306,92,4,20
8353,3307,70,2,0
8354,3308,184,2,5
8355,3308,132,5,20
8356,3308,82,2,10
8357,3308,65,1,10
8358,3309,63,1,0
8359,3310,164,5,10
8360,3310,46,4,15
8361,3310,60,4,5
8362,3310,39,3,0
8363,3311,91,2,0
8364,3311,12,3,25
8365,3312,58,1,20
8366,3312,8,3,10
8367,3312,57,1,0
8368,3313,198,1,5
8369,3313,83,5,0
8370,3313,76,4,10
8371,3314,76,4,15
8372,3314,153,1,15
8373,3314,28,2,10
8374,3315,145,3,0
8375,3315,165,5,10
8376,3316,106,5,25
8377,3316,27,4,5
8378,3317,131,3,15
8379,3317,22,2,15
8380,3317,29,5,20
8381,3317,39,4,5
8382,3318,78,1,20
8383,3319,139,4,20
8384,3319,52,2,5
8385,3319,55,1,15
8386,3319,94,3,25
8387,3320,159,4,15
8388,3320,18,2,10
8389,3321,88,2,25
8390,3321,36,1,25
8391,3321,40,2,15
8392,3322,159,4,0
8393,3322,169,4,15
8394,3322,171,1,0
8395,3323,23,2,20
8396,3323,12,5,10
8397,3323,200,3,25
8398,3323,18,4,5
8399,3324,167,5,10
8400,3324,140,5,25
8401,3324,153,5,5
8402,3325,57,1,0
8403,3325,145,5,20
8404,3326,111,5,5
8405,3326,93,3,0
8406,3326,95,2,25
8407,3326,83,4,10
8408,3326,6,4,0
8409,3327,162,3,15
8410,3327,79,2,5
8411,3328,156,1,0
8412,3328,131,5,20
8413,3328,87,1,20
8414,3329,18,3,15
8415,3329,176,2,15
8416,3329,84,1,15
8417,3330,180,2,25
8418,3330,106,2,5
8419,3330,155,5,5
8420,3330,197,2,10
8421,3330,4,3,5
8422,3331,131,4,10
8423,3331,49,1,5
8424,3331,51,3,20
8425,3332,69,5,25
8426,3333,68,2,0
8427,3333,147,3,0
8428,3334,135,3,10
8429,3334,71,4,25
8430,3334,194,2,0
8431,3334,69,2,10
8432,3334,87,4,25
8433,3335,150,4,5
8434,3335,115,2,0
8435,3335,63,5,5
8436,3336,182,1,0
8437,3336,165,5,0
8438,3336,131,2,25
8439,3337,152,2,20
8440,3338,10,4,10
8441,3338,55,5,10
8442,3338,197,4,5
8443,3339,156,1,5
8444,3340,35,1,25
8445,3340,111,3,0
8446,3340,82,3,15
8447,3340,164,4,5
8448,3340,190,2,15
8449,3341,97,1,0
8450,3341,117,2,15
8451,3341,120,5,25
8452,3341,180,4,25
8453,3341,107,3,25
8454,3342,189,5,15
8455,3343,61,2,10
8456,3344,108,1,10
8457,3345,170,4,0
8458,3345,90,1,5
8459,3346,178,1,0
8460,3346,154,2,10
8461,3347,3,3,20
8462,3347,170,2,15
8463,3347,183,5,5
8464,3348,85,1,15
8465,3348,198,1,25
8466,3349,38,3,25
8467,3349,91,3,25
8468,3349,38,4,15
8469,3350,66,4,20
8470,3350,175,2,10
8471,3350,78,2,5
8472,3351,194,2,5
8473,3351,142,2,15
8474,3352,44,1,5
8475,3352,3,2,25
8476,3353,127,2,5
8477,3353,33,1,10
8478,3354,78,5,10
8479,3354,3,1,0
8480,3354,70,3,5
8481,3354,77,3,10
8482,3354,101,2,5
8483,3355,128,5,5
8484,3355,129,1,15
8485,3355,40,4,5
8486,3355,71,2,5
8487,3356,68,4,15
8488,3357,43,1,10
8489,3357,137,3,10
8490,3357,62,4,15
8491,3358,38,5,5
8492,3358,87,3,20
8493,3358,155,3,20
8494,3358,74,5,5
8495,3359,192,4,10
8496,3359,148,4,10
8497,3360,95,5,20
8498,3360,127,4,25
8499,3361,192,5,10
8500,3361,28,2,0
8501,3361,1,5,25
8502,3362,113,1,0
8503,3362,109,2,5
8504,3362,86,5,25
8505,3363,29,4,20
8506,3363,55,1,20
8507,3363,48,3,25
8508,3363,71,4,25
8509,3363,74,5,10
8510,3364,103,4,25
8511,3365,170,3,15
8512,3366,179,4,0
8513,3366,48,1,15
8514,3366,110,2,10
8515,3366,188,3,0
8516,3366,61,1,20
8517,3367,105,1,5
8518,3367,118,2,10
8519,3367,181,5,10
8520,3368,124,5,25
8521,3368,80,5,10
8522,3369,20,5,10
8523,3369,177,3,5
8524,3369,112,3,25
8525,3369,71,5,25
8526,3369,82,2,15
8527,3370,11,3,15
8528,3370,90,3,20
8529,3370,76,1,10
8530,3370,132,4,10
8531,3370,70,5,0
8532,3371,88,1,5
8533,3372,37,2,25
8534,3373,153,3,0
8535,3373,190,5,25
8536,3373,96,5,20
8537,3373,113,4,20
8538,3374,22,1,15
8539,3375,180,3,10
8540,3375,2,5,20
8541,3376,29,3,20
8542,3377,16,5,15
8543,3377,109,5,20
8544,3377,31,3,15
8545,3378,72,5,0
8546,3379,16,3,25
8547,3380,130,4,20
8548,3381,12,5,25
8549,3381,4,2,15
8550,3382,128,5,5
8551,3383,42,3,20
8552,3383,4,5,5
8553,3383,80,2,15
8554,3384,69,5,15
8555,3385,130,3,15
8556,3385,83,2,5
8557,3385,130,1,10
8558,3385,87,1,10
8559,3385,104,2,25
8560,3386,77,5,20
8561,3386,60,4,5
8562,3386,152,5,10
8563,3387,186,2,0
8564,3387,70,2,0
8565,3388,25,4,0
8566,3389,74,2,15
8567,3390,59,4,10
8568,3391,160,5,25
8569,3391,196,4,25
8570,3392,190,2,20
8571,3392,130,3,15
8572,3393,161,5,10
8573,3394,131,3,15
8574,3394,106,1,10
8575,3395,5,3,15
8576,3395,94,5,20
8577,3395,121,3,25
8578,3396,51,5,5
8579,3396,146,1,20
8580,3397,136,1,20
8581,3397,66,1,10
8582,3397,72,5,10
8583,3397,106,3,5
8584,3398,149,1,25
8585,3398,137,5,5
8586,3399,93,5,0
8587,3399,94,5,5
8588,3400,13,4,15
8589,3400,140,2,25
8590,3400,1,3,10
8591,3400,35,4,0
8592,3400,37,3,10
8593,3401,33,1,0
8594,3401,124,2,20
8595,3402,73,5,15
8596,3402,40,4,10
8597,3402,64,4,20
8598,3403,185,3,20
8599,3403,94,1,15
8600,3403,6,1,5
8601,3404,180,3,5
8602,3404,45,2,10
8603,3404,186,3,25
8604,3405,7,3,10
8605,3405,179,1,10
8606,3406,128,1,0
8607,3406,170,4,5
8608,3406,9,5,25
8609,3407,9,2,0
8610,3407,30,1,0
8611,3407,66,1,5
8612,3408,93,5,20
8613,3408,106,1,10
8614,3408,153,4,0
8615,3409,35,2,10
8616,3409,12,5,5
8617,3409,176,1,0
8618,3409,27,5,20
8619,3410,129,3,10
8620,3411,42,4,0
8621,3411,126,2,20
8622,3411,199,2,15
8623,3411,11,2,25
8624,3411,97,1,5
8625,3412,96,5,5
8626,3412,197,4,20
8627,3412,126,4,0
8628,3413,65,1,5
8629,3414,116,1,20
8630,3414,177,2,0
8631,3414,30,1,0
8632,3415,132,3,20
8633,3415,90,2,10
8634,3415,67,1,0
8635,3416,191,2,10
8636,3416,172,1,25
8637,3417,187,5,20
8638,3417,165,5,5
8639,3417,71,3,15
8640,3418,99,3,20
8641,3419,77,4,20
8642,3420,170,5,15
8643,3420,159,2,15
8644,3421,180,5,25
8645,3421,19,1,15
8646,3421,167,1,15
8647,3421,178,3,15
8648,3422,98,4,25
8649,3423,161,2,5
8650,3423,112,4,5
8651,3423,171,1,20
8652,3423,139,2,20
8653,3423,113,5,25
8654,3424,199,4,15
8655,3424,140,2,10
8656,3424,95,5,25
8657,3425,78,5,10
8658,3425,23,4,15
8659,3425,47,4,5
8660,3426,88,4,10
8661,3426,76,5,10
8662,3427,85,2,10
8663,3428,8,3,10
8664,3428,29,4,20
8665,3428,51,2,0
8666,3429,68,2,0
8667,3429,172,3,15
8668,3429,46,2,20
8669,3430,9,2,5
8670,3430,116,1,10
8671,3431,86,3,10
8672,3432,3,2,15
8673,3432,76,1,5
8674,3432,65,2,5
8675,3432,2,3,20
8676,3432,152,2,0
8677,3433,185,4,20
8678,3433,4,3,25
8679,3434,39,4,25
8680,3435,112,1,25
8681,3436,190,2,15
8682,3436,167,4,15
8683,3436,50,3,25
8684,3436,134,3,5
8685,3436,138,3,25
8686,3437,38,5,10
8687,3437,132,1,5
8688,3437,179,1,5
8689,3438,7,1,5
8690,3439,190,2,25
8691,3439,124,5,15
8692,3440,132,3,10
8693,3441,198,5,15
8694,3441,83,2,0
8695,3441,190,1,15
8696,3441,126,5,0
8697,3441,3,2,20
8698,3442,29,1,10
8699,3442,145,2,20
8700,3442,6,2,0
8701,3442,97,3,25
8702,3443,32,4,15
8703,3444,171,1,5
8704,3444,192,1,10
8705,3444,145,2,25
8706,3445,195,5,0
8707,3445,120,5,5
8708,3445,71,1,0
8709,3445,6,4,15
8710,3445,172,2,10
8711,3446,174,1,5
8712,3446,32,1,20
8713,3447,140,3,20
8714,3448,56,1,25
8715,3449,111,1,20
8716,3450,70,2,20
8717,3450,163,2,20
8718,3450,24,2,10
8719,3451,49,5,10
8720,3451,24,1,20
8721,3452,197,4,5
8722,3453,120,3,5
8723,3454,156,2,5
8724,3454,22,4,10
8725,3454,111,1,5
8726,3455,111,2,0
8727,3455,30,3,20
8728,3456,98,5,10
8729,3456,161,3,10
8730,3456,153,1,25
8731,3457,118,5,0
8732,3457,140,5,10
8733,3458,88,4,15
8734,3458,61,3,0
8735,3459,192,4,5
8736,3459,96,2,0
8737,3459,110,3,0
8738,3460,166,2,25
8739,3461,54,4,5
8740,3461,147,2,0
8741,3461,185,3,10
8742,3461,183,4,10
8743,3462,25,2,20
8744,3462,143,4,0
8745,3462,188,2,15
8746,3463,123,5,0
8747,3463,86,3,5
8748,3463,82,2,0
8749,3464,122,1,5
8750,3465,127,4,15
8751,3465,45,1,25
8752,3465,187,4,25
8753,3465,132,5,25
8754,3465,126,2,20
8755,3466,200,4,20
8756,3466,40,4,10
8757,3467,3,1,25
8758,3468,53,1,25
8759,3468,44,2,10
8760,3469,73,5,25
8761,3469,60,4,15
8762,3469,41,3,5
8763,3469,159,4,15
8764,3469,29,5,5
8765,3470,38,2,20
8766,3471,85,2,0
8767,3471,38,1,10
8768,3472,87,5,10
8769,3472,48,2,5
8770,3472,152,2,0
8771,3472,87,5,25
8772,3473,170,1,0
8773,3473,92,1,20
8774,3473,187,3,0
8775,3473,168,4,20
8776,3474,124,2,5
8777,3474,131,1,0
8778,3474,188,5,20
8779,3475,29,5,25
8780,3475,130,4,0
8781,3475,133,5,20
8782,3475,86,1,0
8783,3476,13,2,20
8784,3477,141,5,0
8785,3477,26,2,5
8786,3477,9,2,15
8787,3478,6,5,15
8788,3478,8,2,5
8789,3479,127,3,20
8790,3479,103,1,5
8791,3480,103,5,0
8792,3480,116,2,25
8793,3481,129,1,15
8794,3481,155,2,25
8795,3482,74,3,15
8796,3483,156,4,20
8797,3484,1,5,0
8798,3485,13,2,5
8799,3485,21,5,5
8800,3485,114,5,25
8801,3486,164,5,0
8802,3486,70,3,15
8803,3486,1,1,15
8804,3486,148,1,20
8805,3487,65,5,5
8806,3487,56,3,20
8807,3488,178,2,0
8808,3488,46,4,5
8809,3489,171,1,10
8810,3490,148,5,15
8811,3490,136,1,10
8812,3490,83,1,0
8813,3491,77,3,5
8814,3491,1,1,0
8815,3491,18,4,15
8816,3491,8,3,0
8817,3491,36,1,0
8818,3492,122,3,5
8819,3492,83,2,10
8820,3493,195,3,25
8821,3494,43,2,15
8822,3495,95,2,15
8823,3495,90,3,20
8824,3495,68,5,0
8825,3496,33,5,5
8826,3496,99,3,5
8827,3496,79,5,0
8828,3497,69,5,10
8829,3497,159,4,0
8830,3497,130,5,10
8831,3497,104,3,25
8832,3498,137,3,10
8833,3499,188,4,5
8834,3499,159,5,20
8835,3499,62,1,0
8836,3500,110,1,5
8837,3500,121,5,5
8838,3501,77,2,15
8839,3501,34,5,0
8840,3501,17,3,0
8841,3501,115,1,15
8842,3501,137,5,5
8843,3502,53,2,0
8844,3502,125,1,0
8845,3503,72,4,15
8846,3504,82,2,0
8847,3504,24,3,15
8848,3505,15,3,10
8849,3505,115,1,0
8850,3505,71,2,25
8851,3506,6,2,15
8852,3506,183,4,15
8853,3506,168,5,25
8854,3507,147,1,25
8855,3508,131,2,10
8856,3509,197,3,0
8857,3510,72,2,25
8858,3510,137,2,5
8859,3510,65,2,0
8860,3511,11,5,10
8861,3511,69,1,0
8862,3511,131,3,5
8863,3511,154,4,20
8864,3511,177,4,15
8865,3512,101,3,5
8866,3512,106,2,25
8867,3512,59,2,0
8868,3512,52,2,10
8869,3513,107,2,0
8870,3513,45,4,10
8871,3513,22,3,0
8872,3513,182,3,10
8873,3514,26,4,25
8874,3514,198,2,25
8875,3515,155,4,15
8876,3516,39,5,0
8877,3517,104,1,25
8878,3517,196,4,20
8879,3518,57,3,20
8880,3518,107,1,15
8881,3519,80,4,10
8882,3520,141,4,25
8883,3521,183,5,5
8884,3521,15,4,25
8885,3521,151,3,25
8886,3521,182,2,0
8887,3522,128,3,15
8888,3523,5,3,25
8889,3523,199,4,10
8890,3523,137,2,25
8891,3523,119,1,10
8892,3523,54,1,5
8893,3524,125,4,5
8894,3525,174,1,15
8895,3525,72,5,0
8896,3525,184,4,15
8897,3526,65,2,0
8898,3526,38,1,25
8899,3527,139,2,15
8900,3527,39,3,20
8901,3527,108,4,5
8902,3527,76,4,10
8903,3527,49,1,15
8904,3528,144,3,25
8905,3529,21,4,25
8906,3529,65,4,25
8907,3530,87,4,0
8908,3530,156,1,10
8909,3530,120,3,10
8910,3530,27,3,15
8911,3530,158,4,0
8912,3531,170,3,5
8913,3531,144,2,5
8914,3531,71,2,25
8915,3532,141,2,0
8916,3532,159,4,20
8917,3532,129,4,5
8918,3533,40,2,25
8919,3534,84,2,10
8920,3534,186,2,5
8921,3534,31,2,25
8922,3534,40,5,15
8923,3535,138,4,25
8924,3536,150,4,5
8925,3537,43,3,20
8926,3537,144,5,15
8927,3537,14,5,20
8928,3537,182,2,20
8929,3537,73,4,10
8930,3538,140,3,20
8931,3538,130,5,5
8932,3539,78,3,5
8933,3539,39,5,0
8934,3539,197,1,20
8935,3540,66,1,20
8936,3541,73,3,0
8937,3541,113,4,20
8938,3542,6,1,15
8939,3542,20,3,10
8940,3542,129,5,10
8941,3542,145,3,0
8942,3543,96,2,25
8943,3543,99,2,5
8944,3543,111,1,15
8945,3543,107,5,5
8946,3544,111,2,15
8947,3544,73,1,15
8948,3544,129,3,20
8949,3544,112,3,15
8950,3545,94,2,0
8951,3545,85,4,5
8952,3545,74,5,20
8953,3546,85,4,25
8954,3547,101,3,10
8955,3547,109,3,5
8956,3548,153,5,20
8957,3548,150,4,25
8958,3548,154,2,0
8959,3548,189,4,0
8960,3548,1,3,15
8961,3549,105,4,0
8962,3550,185,3,25
8963,3550,42,2,25
8964,3550,106,1,5
8965,3551,77,4,0
8966,3551,51,1,10
8967,3552,42,1,15
8968,3552,69,1,25
8969,3552,145,1,20
8970,3553,166,1,25
8971,3554,195,4,25
8972,3554,4,4,15
8973,3555,145,2,10
8974,3555,76,5,20
8975,3555,28,1,5
8976,3556,183,1,0
8977,3557,68,1,20
8978,3557,23,3,10
8979,3557,137,1,15
8980,3558,126,2,20
8981,3559,56,2,20
8982,3560,177,5,15
8983,3560,1,3,20
8984,3560,133,2,10
8985,3560,105,2,5
8986,3561,122,4,0
8987,3562,55,4,0
8988,3562,150,2,5
8989,3562,130,5,25
8990,3563,187,4,10
8991,3564,36,3,15
8992,3564,110,5,15
8993,3564,90,2,15
8994,3564,69,2,15
8995,3565,153,4,25
8996,3565,152,4,25
8997,3565,87,2,10
8998,3565,78,2,0
8999,3565,118,1,20
9000,3566,31,4,20
9001,3567,69,5,25
9002,3568,86,5,20
9003,3568,44,4,5
9004,3568,200,3,25
9005,3569,150,3,25
9006,3570,81,5,0
9007,3571,84,2,15
9008,3571,94,3,20
9009,3571,156,1,10
9010,3571,155,3,25
9011,3571,31,1,25
9012,3572,66,1,0
9013,3572,21,1,20
9014,3572,158,5,15
9015,3572,165,2,15
9016,3572,147,1,10
9017,3573,159,3,15
9018,3573,25,2,15
9019,3573,50,5,5
9020,3574,97,4,15
9021,3574,151,3,25
9022,3574,185,5,20
9023,3575,19,5,5
9024,3575,197,4,25
9025,3575,2,2,20
9026,3575,69,4,25
9027,3576,57,1,5
9028,3576,193,3,10
9029,3576,160,4,0
9030,3577,127,3,0
9031,3577,76,5,25
9032,3577,127,4,15
9033,3578,80,1,0
9034,3578,40,5,15
9035,3578,125,3,25
9036,3579,25,4,0
9037,3580,117,2,0
9038,3580,150,5,10
9039,3580,12,3,15
9040,3580,137,5,5
9041,3581,87,3,15
9042,3581,176,4,0
9043,3581,48,5,25
9044,3582,43,3,0
9045,3582,134,2,20
9046,3582,172,4,25
9047,3583,194,2,15
9048,3583,164,3,0
9049,3583,97,3,15
9050,3583,12,5,20
9051,3584,115,1,10
9052,3584,75,5,0
9053,3584,166,4,25
9054,3584,6,4,25
9055,3584,49,1,5
9056,3585,123,3,25
9057,3585,137,4,20
9058,3585,66,2,5
9059,3586,190,1,10
9060,3586,12,1,0
9061,3586,200,5,25
9062,3587,69,2,15
9063,3587,87,5,15
9064,3587,191,1,15
9065,3588,87,3,10
9066,3589,68,2,5
9067,3590,55,2,15
9068,3590,3,4,25
9069,3590,152,3,5
9070,3590,199,3,15
9071,3590,35,5,25
9072,3591,110,5,25
9073,3591,170,2,5
9074,3592,27,3,5
9075,3593,147,5,10
9076,3593,147,4,0
9077,3593,191,4,25
9078,3593,10,5,20
9079,3593,92,3,20
9080,3594,189,1,20
9081,3594,131,2,15
9082,3595,69,5,25
9083,3595,188,1,25
9084,3596,151,3,0
9085,3597,180,2,10
9086,3598,79,4,5
9087,3598,77,4,5
9088,3599,55,1,5
9089,3599,78,3,20
9090,3599,178,3,0
9091,3599,151,3,5
9092,3600,11,5,20
9093,3601,76,2,25
9094,3601,192,4,15
9095,3602,108,3,15
9096,3602,173,1,10
9097,3602,80,4,0
9098,3602,149,5,15
9099,3602,31,2,25
9100,3603,175,1,15
9101,3603,153,3,15
9102,3603,178,1,15
9103,3603,32,2,0
9104,3603,191,5,0
9105,3604,40,5,15
9106,3604,136,3,5
9107,3604,127,2,25
9108,3605,69,3,0
9109,3605,107,5,10
9110,3606,50,3,25
9111,3606,19,4,0
9112,3606,120,1,0
9113,3606,142,5,5
9114,3607,37,1,5
9115,3608,31,4,5
9116,3608,60,4,25
9117,3608,18,2,5
9118,3609,166,5,0
9119,3609,6,1,0
9120,3609,154,3,20
9121,3610,77,1,20
9122,3611,164,4,10
9123,3611,159,3,0
9124,3612,56,2,10
9125,3612,106,4,0
9126,3612,95,4,15
9127,3613,52,4,25
9128,3613,69,1,10
9129,3613,16,2,5
9130,3614,100,5,10
9131,3614,109,2,25
9132,3614,2,5,10
9133,3615,131,3,25
9134,3615,165,4,0
9135,3615,197,5,0
9136,3615,39,5,20
9137,3615,39,2,20
9138,3616,129,5,10
9139,3616,50,4,15
9140,3616,33,1,0
9141,3616,131,2,25
9142,3617,166,1,20
9143,3617,178,3,0
9144,3617,180,4,10
9145,3618,168,2,0
9146,3619,160,4,5
9147,3619,176,1,10
9148,3619,129,4,20
9149,3619,26,5,5
9150,3620,14,3,0
9151,3620,33,5,25
9152,3621,36,3,0
9153,3621,107,5,20
9154,3622,166,2,5
9155,3623,17,3,25
9156,3623,166,3,10
9157,3624,170,4,25
9158,3625,143,4,5
9159,3625,22,3,15
9160,3625,143,4,0
9161,3625,71,1,0
9162,3625,94,1,15
9163,3626,181,4,20
9164,3627,87,3,5
9165,3627,157,2,0
9166,3627,138,1,25
9167,3628,28,2,10
9168,3628,101,3,25
9169,3628,134,5,0
9170,3629,116,5,20
9171,3630,154,5,0
9172,3631,128,1,15
9173,3631,127,2,0
9174,3631,148,5,5
9175,3631,159,2,5
9176,3632,47,5,5
9177,3632,31,1,5
9178,3632,31,3,5
9179,3632,51,3,25
9180,3633,135,3,0
9181,3633,118,1,20
9182,3633,61,2,5
9183,3633,85,4,0
9184,3633,113,4,20
9185,3634,24,5,10
9186,3634,11,4,10
9187,3635,28,5,15
9188,3635,179,4,5
9189,3636,34,1,5
9190,3637,102,1,15
9191,3637,30,3,20
9192,3638,182,5,15
9193,3638,10,2,15
9194,3639,136,3,10
9195,3640,96,4,25
9196,3641,185,4,25
9197,3642,120,4,25
9198,3642,55,1,25
9199,3643,73,1,25
9200,3643,54,1,25
9201,3644,157,2,20
9202,3645,155,2,5
9203,3646,46,2,20
9204,3646,77,4,25
9205,3646,137,1,0
9206,3647,13,3,0
9207,3647,197,4,15
9208,3648,30,3,15
9209,3648,169,4,5
9210,3648,99,5,25
9211,3648,84,4,20
9212,3648,135,1,0
9213,3649,10,5,25
9214,3649,156,5,15
9215,3649,199,2,10
9216,3650,137,2,20
9217,3650,13,3,10
9218,3650,3,3,15
9219,3650,55,2,25
9220,3651,105,4,5
9221,3652,16,3,15
9222,3652,39,3,25
9223,3652,152,4,5
9224,3652,34,2,15
9225,3652,7,5,0
9226,3653,69,3,5
9227,3653,170,5,20
9228,3653,65,3,20
9229,3653,55,1,25
9230,3653,196,4,0
9231,3654,74,5,15
9232,3654,195,1,20
9233,3654,28,2,5
9234,3654,3,4,15
9235,3655,44,4,25
9236,3655,36,5,5
9237,3655,130,4,10
9238,3655,14,3,10
9239,3655,60,2,25
9240,3656,136,2,10
9241,3657,139,3,25
9242,3657,184,5,0
9243,3658,36,3,15
9244,3658,104,5,20
9245,3659,178,5,10
9246,3660,132,5,5
9247,3660,155,4,5
9248,3661,89,1,0
9249,3662,138,5,15
9250,3663,112,3,0
9251,3663,119,2,20
9252,3663,179,5,10
9253,3663,176,3,0
9254,3663,137,5,10
9255,3664,168,3,5
9256,3664,154,3,10
9257,3664,52,3,10
9258,3665,44,2,20
9259,3665,190,3,5
9260,3665,29,3,15
9261,3665,32,1,25
9262,3666,21,1,25
9263,3666,95,3,20
9264,3666,184,4,25
9265,3667,146,3,5
9266,3667,44,2,10
9267,3668,27,2,5
9268,3669,79,2,15
9269,3669,177,2,20
9270,3669,158,5,20
9271,3669,191,2,15
9272,3669,82,1,20
9273,3670,90,4,10
9274,3670,184,3,10
9275,3670,178,4,0
9276,3670,58,3,15
9277,3671,98,1,20
9278,3672,127,2,20
9279,3672,187,5,15
9280,3673,67,1,15
9281,3673,193,4,25
9282,3673,161,3,15
9283,3673,2,4,15
9284,3674,153,3,20
9285,3675,25,2,0
9286,3675,13,2,5
9287,3676,95,5,25
9288,3677,98,4,5
9289,3677,124,1,5
9290,3678,21,4,20
9291,3679,184,5,15
9292,3679,8,5,0
9293,3680,39,4,15
9294,3680,180,4,0
9295,3680,122,2,20
9296,3681,35,2,5
9297,3681,121,5,15
9298,3681,25,2,0
9299,3681,41,4,0
9300,3682,171,3,0
9301,3682,56,2,5
9302,3682,111,5,0
9303,3683,24,5,15
9304,3684,161,2,15
9305,3684,63,4,15
9306,3685,46,4,10
9307,3685,42,1,20
9308,3686,190,4,0
9309,3686,10,2,0
9310,3686,160,1,5
9311,3687,175,3,0
9312,3687,104,3,10
9313,3687,166,4,20
9314,3687,105,5,20
9315,3687,41,3,20
9316,3688,154,2,5
9317,3688,51,1,15
9318,3688,161,3,20
9319,3689,181,3,25
9320,3690,130,4,25
9321,3690,68,1,10
9322,3691,37,1,5
9323,3691,25,3,15
9324,3691,96,3,25
9325,3692,133,5,0
9326,3692,98,1,15
9327,3692,78,4,5
9328,3692,132,2,25
9329,3692,102,4,20
9330,3693,73,4,0
9331,3693,132,2,10
9332,3694,72,5,20
9333,3694,136,3,15
9334,3695,76,4,5
9335,3695,91,3,5
9336,3696,187,4,10
9337,3696,176,3,10
9338,3696,101,1,10
9339,3697,151,2,5
9340,3697,52,5,20
9341,3697,189,2,10
9342,3697,28,4,20
9343,3697,32,2,25
9344,3698,162,1,15
9345,3698,139,2,0
9346,3699,184,2,20
9347,3700,36,5,10
9348,3700,9,2,10
9349,3701,22,2,10
9350,3702,158,1,15
9351,3702,191,1,15
9352,3702,120,1,10
9353,3703,23,3,5
9354,3703,94,5,25
9355,3703,99,2,0
9356,3703,126,1,0
9357,3703,130,4,20
9358,3704,18,2,25
9359,3704,45,5,20
9360,3704,21,1,0
9361,3705,29,5,25
9362,3706,46,4,20
9363,3707,140,3,0
9364,3708,95,5,5
9365,3708,126,2,10
9366,3708,195,3,20
9367,3708,157,5,15
9368,3709,91,5,20
9369,3710,150,5,25
9370,3710,188,5,5
9371,3710,173,1,20
9372,3711,92,5,5
9373,3712,69,3,10
9374,3712,4,2,25
9375,3712,25,4,5
9376,3713,12,4,25
9377,3714,61,2,10
9378,3714,153,5,20
9379,3714,83,4,25
9380,3715,89,1,5
9381,3715,184,2,25
9382,3716,90,2,15
9383,3716,108,5,20
9384,3716,80,5,5
9385,3717,183,5,5
9386,3717,173,3,0
9387,3717,16,3,5
9388,3717,5,4,0
9389,3717,166,1,0
9390,3718,192,3,15
9391,3718,57,2,20
9392,3718,26,5,25
9393,3719,11,4,10
9394,3720,180,4,15
9395,3721,165,3,10
9396,3721,159,2,25
9397,3722,45,2,20
9398,3723,51,2,0
9399,3723,171,4,10
9400,3724,42,2,5
9401,3724,141,5,5
9402,3724,23,1,10
9403,3725,147,5,20
9404,3726,14,4,20
9405,3726,77,3,0
9406,3726,105,2,15
9407,3727,36,1,25
9408,3728,55,4,15
9409,3728,196,1,25
9410,3728,96,5,5
9411,3728,189,5,5
9412,3729,47,3,20
9413,3729,111,2,20
9414,3729,42,3,15
9415,3729,154,4,0
9416,3729,107,5,20
9417,3730,21,4,10
9418,3730,95,3,0
9419,3730,63,2,0
9420,3730,132,1,10
9421,3731,174,1,0
9422,3731,167,2,0
9423,3731,10,1,0
9424,3731,191,3,20
9425,3732,162,5,25
9426,3732,154,1,0
9427,3732,65,3,5
9428,3733,77,2,10
9429,3733,148,3,0
9430,3734,87,4,0
9431,3734,50,3,10
9432,3734,99,4,5
9433,3735,145,1,15
9434,3735,50,5,15
9435,3736,87,4,10
9436,3737,174,4,0
9437,3737,145,1,0
9438,3738,45,5,10
9439,3738,166,5,0
9440,3738,76,1,0
9441,3738,37,4,5
9442,3739,79,1,20
9443,3739,200,4,10
9444,3739,8,2,20
9445,3740,143,4,5
9446,3740,63,5,0
9447,3740,114,3,10
9448,3740,78,5,20
9449,3740,180,3,15
9450,3741,47,4,10
9451,3741,113,4,15
9452,3742,171,4,20
9453,3742,195,2,5
9454,3742,19,5,25
9455,3742,99,4,5
9456,3743,53,4,5
9457,3743,98,3,15
9458,3743,176,5,5
9459,3744,116,2,0
9460,3745,16,3,10
9461,3745,17,4,10
9462,3745,92,5,0
9463,3746,84,1,15
9464,3747,174,5,25
9465,3747,38,4,5
9466,3747,57,3,0
9467,3748,48,1,10
9468,3749,42,1,15
9469,3749,35,1,20
9470,3749,153,5,20
9471,3749,134,2,5
9472,3749,179,4,5
9473,3750,39,3,5
9474,3750,131,2,5
9475,3750,76,3,25
9476,3751,37,5,25
9477,3751,15,4,0
9478,3751,45,2,25
9479,3752,62,1,5
9480,3752,200,3,5
9481,3752,172,1,0
9482,3753,121,2,5
9483,3754,38,3,20
9484,3754,164,3,10
9485,3754,66,3,0
9486,3755,87,1,5
9487,3756,170,4,10
9488,3756,162,5,20
9489,3756,115,1,10
9490,3757,87,3,20
9491,3757,4,1,10
9492,3757,120,2,10
9493,3757,196,2,20
9494,3758,167,3,10
9495,3758,158,2,0
9496,3759,147,5,20
9497,3760,180,2,5
9498,3760,51,2,0
9499,3760,90,2,25
9500,3761,43,5,5
9501,3762,199,2,5
9502,3762,39,1,0
9503,3762,130,4,25
9504,3762,28,4,5
9505,3763,102,3,10
9506,3763,99,1,20
9507,3764,132,1,15
9508,3764,134,4,5
9509,3765,167,1,0
9510,3766,58,5,10
9511,3766,125,1,10
9512,3766,14,2,5
9513,3766,125,3,20
9514,3766,51,1,25
9515,3767,14,2,20
9516,3767,171,2,20
9517,3767,185,3,10
9518,3768,58,4,25
9519,3769,58,1,10
9520,3769,186,4,25
9521,3769,61,4,0
9522,3769,57,5,25
9523,3770,138,3,15
9524,3770,114,2,25
9525,3770,107,1,5
9526,3770,55,2,15
9527,3771,200,1,15
9528,3772,50,3,20
9529,3773,145,5,20
9530,3773,8,4,15
9531,3773,164,1,5
9532,3774,57,1,15
9533,3775,197,3,0
9534,3775,135,1,0
9535,3776,83,2,10
9536,3776,35,1,15
9537,3776,46,2,20
9538,3776,105,3,5
9539,3777,41,1,0
9540,3778,147,5,25
9541,3778,108,3,25
9542,3778,70,4,0
9543,3779,50,2,10
9544,3779,22,5,0
9545,3779,41,5,0
9546,3779,180,4,20
9547,3780,103,1,15
9548,3780,47,3,5
9549,3780,107,1,5
9550,3780,170,5,0
9551,3781,133,3,20
9552,3782,116,5,15
9553,3783,128,4,15
9554,3783,19,1,0
9555,3783,149,1,25
9556,3783,150,2,5
9557,3784,168,2,0
9558,3784,116,4,5
9559,3785,94,4,5
9560,3785,23,4,20
9561,3785,95,4,5
9562,3785,142,3,20
9563,3785,170,1,15
9564,3786,157,1,10
9565,3786,140,2,0
9566,3787,159,1,0
9567,3787,3,2,15
9568,3788,111,4,10
9569,3788,138,1,25
9570,3788,139,2,15
9571,3789,59,2,15
9572,3789,117,5,20
9573,3790,199,4,25
9574,3791,164,5,25
9575,3791,53,1,25
9576,3791,89,5,20
9577,3792,185,2,15
9578,3792,84,4,10
9579,3792,165,5,10
9580,3792,132,4,20
9581,3792,87,5,15
9582,3793,180,2,25
9583,3794,48,3,15
9584,3795,76,3,5
9585,3795,57,5,15
9586,3795,179,2,5
9587,3796,65,1,10
9588,3796,38,5,5
9589,3796,148,5,25
9590,3796,28,1,20
9591,3797,183,4,25
9592,3798,200,5,25
9593,3798,108,2,0
9594,3798,25,2,15
9595,3798,94,5,15
9596,3798,73,5,20
9597,3799,116,2,0
9598,3800,97,4,20
9599,3800,120,2,5
9600,3800,144,3,5
9601,3801,132,1,20
9602,3801,45,4,25
9603,3802,151,3,25
9604,3802,74,5,0
9605,3802,16,1,25
9606,3802,8,2,20
9607,3803,4,1,5
9608,3804,25,5,5
9609,3804,66,3,15
9610,3804,192,2,5
9611,3804,16,2,20
9612,3805,115,2,20
9613,3805,149,3,20
9614,3805,148,2,15
9615,3806,192,3,0
9616,3807,52,2,20
9617,3808,41,1,5
9618,3808,39,5,5
9619,3809,156,1,15
9620,3809,179,5,10
9621,3809,11,1,10
9622,3809,24,3,15
9623,3810,53,5,5
9624,3810,94,1,5
9625,3811,1,2,20
9626,3811,155,3,20
9627,3812,36,1,25
9628,3812,18,2,5
9629,3812,168,1,5
9630,3812,80,2,5
9631,3812,139,5,20
9632,3813,86,1,20
9633,3814,170,2,10
9634,3814,58,2,10
9635,3815,99,3,0
9636,3815,182,5,10
9637,3816,180,5,10
9638,3816,105,3,10
9639,3816,93,4,20
9640,3816,152,1,5
9641,3816,50,4,10
9642,3817,72,3,5
9643,3817,32,3,15
9644,3817,79,2,10
9645,3818,120,5,15
9646,3818,95,4,10
9647,3818,163,2,5
9648,3818,122,2,5
9649,3819,40,5,20
9650,3819,154,4,0
9651,3819,72,2,5
9652,3820,16,4,0
9653,3820,24,2,0
9654,3821,117,1,10
9655,3821,196,2,15
9656,3821,147,4,10
9657,3822,7,5,10
9658,3822,52,2,15
9659,3822,34,3,0
9660,3822,167,4,10
9661,3822,151,1,20
9662,3823,113,5,5
9663,3823,124,4,20
9664,3823,140,1,15
9665,3823,176,1,25
9666,3824,108,3,5
9667,3824,14,4,10
9668,3824,58,4,10
9669,3825,175,1,25
9670,3825,118,4,15
9671,3825,131,3,5
9672,3825,94,1,0
9673,3826,180,5,0
9674,3826,111,3,25
9675,3827,129,5,15
9676,3827,144,4,0
9677,3828,18,5,15
9678,3829,123,3,25
9679,3829,126,4,10
9680,3829,56,1,15
9681,3830,38,4,20
9682,3830,123,1,15
9683,3830,191,4,20
9684,3831,158,5,25
9685,3832,95,3,0
9686,3832,87,3,0
9687,3833,64,2,20
9688,3833,159,2,15
9689,3834,39,3,15
9690,3834,86,2,15
9691,3835,106,4,20
9692,3835,174,1,5
9693,3835,143,5,10
9694,3835,105,1,25
9695,3836,74,3,10
9696,3836,70,3,0
9697,3837,29,4,10
9698,3837,82,5,10
9699,3838,132,2,20
9700,3838,171,5,5
9701,3838,24,3,15
9702,3838,5,5,10
9703,3839,164,4,10
9704,3839,98,2,25
9705,3839,156,3,15
9706,3840,113,2,5
9707,3840,1,5,10
9708,3840,83,3,25
9709,3841,76,2,25
9710,3841,106,3,10
9711,3841,150,2,15
9712,3841,79,4,20
9713,3841,4,5,20
9714,3842,122,4,20
9715,3842,141,2,20
9716,3842,194,3,20
9717,3842,26,4,20
9718,3842,125,1,25
9719,3843,94,4,25
9720,3843,102,2,20
9721,3843,152,3,20
9722,3844,8,4,5
9723,3844,184,2,10
9724,3845,187,1,20
9725,3845,108,2,25
9726,3845,104,3,15
9727,3845,126,5,20
9728,3846,14,5,5
9729,3846,182,4,15
9730,3846,98,4,0
9731,3846,118,4,5
9732,3847,16,1,5
9733,3847,59,1,20
9734,3847,61,5,0
9735,3847,42,1,0
9736,3848,24,3,10
9737,3848,9,1,15
9738,3849,35,3,10
9739,3850,79,1,0
9740,3850,159,1,5
9741,3850,120,2,5
9742,3851,78,4,5
9743,3852,78,2,10
9744,3853,58,1,10
9745,3853,103,5,15
9746,3854,176,1,10
9747,3854,166,5,0
9748,3854,144,2,5
9749,3855,15,1,15
9750,3856,120,5,20
9751,3857,45,5,10
9752,3857,101,2,20
9753,3857,85,3,10
9754,3858,98,3,5
9755,3858,38,4,0
9756,3858,172,5,0
9757,3858,115,3,20
9758,3858,119,1,0
9759,3859,169,1,20
9760,3860,2,5,0
9761,3860,72,4,20
9762,3860,188,3,20
9763,3860,197,1,10
9764,3860,23,3,20
9765,3861,73,5,20
9766,3861,130,2,10
9767,3862,130,1,5
9768,3863,197,1,25
9769,3863,169,2,15
9770,3863,42,3,20
9771,3864,32,1,10
9772,3864,28,4,20
9773,3865,145,3,0
9774,3865,197,4,10
9775,3865,114,2,0
9776,3865,59,2,20
9777,3866,87,1,10
9778,3866,96,2,20
9779,3866,120,3,25
9780,3866,34,5,15
9781,3866,106,4,15
9782,3867,30,5,0
9783,3867,45,2,5
9784,3867,181,4,20
9785,3867,39,5,25
9786,3868,115,5,25
9787,3868,16,5,25
9788,3869,146,4,0
9789,3870,128,5,10
9790,3870,126,2,0
9791,3871,88,2,20
9792,3871,23,4,15
9793,3871,91,1,20
9794,3872,99,2,20
9795,3873,37,4,15
9796,3874,184,4,20
9797,3875,164,5,10
9798,3875,185,2,0
9799,3875,28,2,10
9800,3875,162,1,20
9801,3875,169,5,25
9802,3876,100,1,25
9803,3876,65,2,15
9804,3876,107,5,20
9805,3877,145,3,15
9806,3877,5,3,0
9807,3877,27,5,10
9808,3877,59,3,15
9809,3878,65,2,5
9810,3879,19,4,10
9811,3879,46,1,20
9812,3879,112,2,10
9813,3880,102,1,0
9814,3881,174,5,15
9815,3881,82,5,20
9816,3882,101,1,15
9817,3883,138,4,5
9818,3883,139,1,5
9819,3884,73,1,10
9820,3885,123,5,5
9821,3885,99,5,5
9822,3886,177,3,20
9823,3886,61,4,10
9824,3887,23,4,0
9825,3888,101,1,25
9826,3888,161,3,0
9827,3888,169,2,10
9828,3888,21,5,25
9829,3889,90,4,5
9830,3889,10,1,20
9831,3889,122,3,15
9832,3890,94,2,10
9833,3891,134,2,10
9834,3891,139,2,25
9835,3891,22,1,10
9836,3892,95,1,15
9837,3893,80,3,5
9838,3894,55,3,25
9839,3894,153,3,15
9840,3895,151,2,10
9841,3895,4,1,5
9842,3896,133,3,20
9843,3896,144,4,10
9844,3897,108,5,10
9845,3897,134,1,25
9846,3897,130,3,25
9847,3898,36,2,20
9848,3899,43,3,20
9849,3900,124,3,25
9850,3900,49,2,5
9851,3900,106,2,25
9852,3900,160,5,25
9853,3900,43,3,20
9854,3901,160,3,25
9855,3902,85,1,0
9856,3902,195,3,25
9857,3902,9,4,20
9858,3902,186,3,0
9859,3903,4,1,15
9860,3903,122,5,10
9861,3903,120,1,20
9862,3904,157,1,5
9863,3904,9,1,0
9864,3904,194,1,15
9865,3904,176,2,20
9866,3905,48,1,25
9867,3905,90,3,25
9868,3905,101,3,0
9869,3906,153,5,25
9870,3906,2,2,20
9871,3906,168,4,0
9872,3907,190,5,15
9873,3907,191,1,10
9874,3907,157,2,5
9875,3908,25,1,10
9876,3908,106,1,25
9877,3909,42,1,20
9878,3910,172,5,20
9879,3910,124,3,5
9880,3910,93,3,15
9881,3910,172,1,15
9882,3910,137,5,5
9883,3911,94,5,20
9884,3911,75,3,15
9885,3912,33,3,0
9886,3912,34,1,5
9887,3912,6,5,15
9888,3913,161,3,25
9889,3913,83,1,20
9890,3913,146,1,15
9891,3913,10,1,20
9892,3914,78,2,0
9893,3914,95,5,10
9894,3915,114,1,15
9895,3915,55,3,10
9896,3915,31,3,0
9897,3915,59,4,0
9898,3916,178,2,25
9899,3916,79,1,5
9900,3916,109,1,0
9901,3916,48,4,25
9902,3916,135,2,15
9903,3917,2,5,0
9904,3918,126,4,0
9905,3918,43,3,0
9906,3918,34,4,5
9907,3919,178,3,15
9908,3919,141,5,15
9909,3919,152,3,10
9910,3919,41,5,20
9911,3920,25,1,0
9912,3920,103,2,20
9913,3921,18,4,20
9914,3922,111,4,0
9915,3923,137,2,5
9916,3923,59,5,15
9917,3923,142,2,10
9918,3924,2,5,5
9919,3924,174,3,0
9920,3924,199,1,0
9921,3924,121,1,10
9922,3925,115,4,10
9923,3926,11,1,5
9924,3926,167,5,0
9925,3926,97,1,15
9926,3926,7,2,5
9927,3926,105,1,5
9928,3927,65,3,5
9929,3927,58,4,10
9930,3927,146,3,15
9931,3928,130,5,20
9932,3928,111,5,5
9933,3929,124,2,10
9934,3929,124,1,15
9935,3930,36,3,15
9936,3930,47,3,20
9937,3930,155,5,15
9938,3931,150,5,20
9939,3931,110,5,15
9940,3931,34,1,10
9941,3932,170,3,0
9942,3932,97,4,5
9943,3933,131,2,5
9944,3933,100,1,20
9945,3933,61,3,5
9946,3933,49,2,20
9947,3934,21,5,20
9948,3934,133,4,5
9949,3935,167,4,25
9950,3935,123,1,5
9951,3936,143,4,10
9952,3937,141,5,25
9953,3937,45,5,25
9954,3938,48,2,0
9955,3938,49,1,25
9956,3939,150,4,20
9957,3939,157,1,5
9958,3939,62,1,15
9959,3940,162,3,25
9960,3940,89,2,5
9961,3940,91,1,15
9962,3941,77,5,15
9963,3941,179,3,15
9964,3941,139,3,25
9965,3941,111,4,0
9966,3942,190,5,10
9967,3943,117,1,10
9968,3943,59,5,10
9969,3943,24,4,0
9970,3944,167,4,5
9971,3944,69,1,10
9972,3945,63,5,10
9973,3946,118,4,5
9974,3946,164,2,0
9975,3947,58,2,25
9976,3948,198,2,15
9977,3948,26,3,5
9978,3948,75,3,15
9979,3948,78,5,25
9980,3949,99,4,0
9981,3949,166,1,10
9982,3949,49,5,10
9983,3950,184,4,5
9984,3950,180,1,5
9985,3950,54,3,0
9986,3950,98,1,10
9987,3951,198,4,5
9988,3952,150,1,25
9989,3952,124,1,20
9990,3952,88,1,0
9991,3952,196,3,5
9992,3953,123,3,10
9993,3953,165,2,15
9994,3953,61,3,10
9995,3953,14,3,15
9996,3954,8,1,25
9997,3955,191,2,15
9998,3956,64,2,10
9999,3956,154,2,20
10000,3956,161,3,25
10001,3957,85,4,0
10002,3957,96,5,15
10003,3957,194,4,25
10004,3958,146,5,0
10005,3958,75,5,20
10006,3958,34,3,0
10007,3958,67,4,0
10008,3959,103,1,15
10009,3959,20,2,5
10010,3959,126,1,10
10011,3960,126,1,0
10012,3960,140,3,15
10013,3960,62,1,15
10014,3960,145,1,15
10015,3961,173,4,25
10016,3961,22,2,0
10017,3961,47,1,5
10018,3961,149,5,20
10019,3962,118,3,15
10020,3962,164,4,20
10021,3962,61,3,0
10022,3962,190,4,0
10023,3963,35,2,10
10024,3963,110,1,0
10025,3963,148,2,15
10026,3963,53,2,20
10027,3964,195,2,0
10028,3964,149,1,15
10029,3965,168,3,20
10030,3965,166,2,5
10031,3966,144,2,0
10032,3966,2,5,10
10033,3966,99,2,10
10034,3967,136,1,20
10035,3967,107,5,10
10036,3968,82,5,25
10037,3968,170,4,0
10038,3968,112,5,25
10039,3969,152,1,10
10040,3969,187,5,0
10041,3970,178,5,20
10042,3970,154,5,5
10043,3970,17,2,0
10044,3970,52,1,20
10045,3971,181,2,25
10046,3971,118,2,25
10047,3971,110,2,25
10048,3972,98,3,15
10049,3972,121,3,15
10050,3973,151,4,10
10051,3973,198,3,5
10052,3973,9,5,10
10053,3973,142,2,5
10054,3974,116,3,0
10055,3974,165,3,10
10056,3974,108,3,25
10057,3974,98,4,0
10058,3975,29,4,5
10059,3976,172,5,20
10060,3977,142,5,25
10061,3978,183,3,20
10062,3978,78,5,25
10063,3978,19,4,10
10064,3979,134,3,20
10065,3979,17,3,10
10066,3979,29,4,20
10067,3979,98,1,10
10068,3979,47,3,15
10069,3980,57,3,20
10070,3980,145,5,10
10071,3980,4,2,0
10072,3980,133,2,20
10073,3980,160,2,10
10074,3981,69,5,25
10075,3981,16,1,20
10076,3981,17,3,25
10077,3981,66,2,5
10078,3982,21,5,10
10079,3983,51,2,5
10080,3984,173,1,15
10081,3984,71,5,15
10082,3984,74,3,5
10083,3985,69,1,0
10084,3985,15,4,25
10085,3986,75,5,25
10086,3987,13,2,25
10087,3987,165,3,15
10088,3987,49,3,20
10089,3988,118,2,20
10090,3988,16,3,15
10091,3988,105,4,10
10092,3988,107,3,20
10093,3989,64,2,10
10094,3989,28,4,10
10095,3990,152,5,20
10096,3991,124,3,5
10097,3992,127,1,0
10098,3992,180,5,20
10099,3993,120,2,5
10100,3993,156,5,25
10101,3994,85,5,15
10102,3994,145,5,0
10103,3994,103,4,15
10104,3995,92,3,5
10105,3996,68,5,20
10106,3996,93,2,0
10107,3996,64,3,15
10108,3996,142,4,25
10109,3997,116,2,0
10110,3997,65,1,25
10111,3997,2,1,20
10112,3997,95,2,15
10113,3998,90,4,15
10114,3998,52,4,5
10115,3998,155,2,15
10116,3999,130,4,15
10117,3999,19,2,20
10118,4000,200,5,10
10119,4001,70,1,10
10120,4002,33,3,5
10121,4003,167,2,15
10122,4004,5,2,20
10123,4004,111,5,0
10124,4005,184,5,20
10125,4005,128,4,10
10126,4006,127,5,15
10127,4006,51,3,20
10128,4006,70,3,15
10129,4007,62,3,5
10130,4007,129,3,5
10131,4007,90,4,10
10132,4007,197,4,5
10133,4008,13,4,15
10134,4008,88,2,15
10135,4008,58,3,25
10136,4008,153,4,10
10137,4008,92,2,20
10138,4009,145,5,0
10139,4009,196,1,0
10140,4010,128,4,20
10141,4011,100,4,15
10142,4011,162,4,25
10143,4012,32,3,15
10144,4012,172,2,0
10145,4012,163,4,25
10146,4013,94,5,5
10147,4014,88,4,20
10148,4014,118,4,25
10149,4014,99,4,20
10150,4015,13,1,0
10151,4015,44,4,5
10152,4016,198,1,5
10153,4017,120,2,15
10154,4017,193,3,0
10155,4017,35,3,10
10156,4017,144,3,15
10157,4017,159,5,5
10158,4018,96,2,5
10159,4019,68,1,5
10160,4019,177,1,0
10161,4020,155,5,0
10162,4020,103,3,5
10163,4021,110,5,15
10164,4022,118,5,10
10165,4022,66,4,25
10166,4022,120,3,20
10167,4023,42,1,10
10168,4023,10,2,0
10169,4024,144,2,15
10170,4024,61,4,20
10171,4024,194,2,0
10172,4025,156,1,25
10173,4026,110,4,25
10174,4027,190,4,0
10175,4027,8,5,15
10176,4027,101,5,10
10177,4028,115,5,5
10178,4028,142,1,5
10179,4028,143,2,20
10180,4029,36,4,20
10181,4030,27,4,20
10182,4030,149,3,25
10183,4030,45,4,20
10184,4031,111,5,0
10185,4032,164,2,0
10186,4032,163,1,10
10187,4032,89,1,5
10188,4032,151,4,20
10189,4032,173,5,0
10190,4033,189,4,25
10191,4033,118,1,15
10192,4034,20,2,15
10193,4034,10,1,20
10194,4035,174,1,0
10195,4036,6,4,5
10196,4037,90,3,5
10197,4037,127,5,10
10198,4038,95,1,5
10199,4038,114,1,0
10200,4038,95,2,25
10201,4038,129,5,5
10202,4038,79,5,25
10203,4039,140,4,25
10204,4040,119,5,25
10205,4040,156,3,0
10206,4040,89,4,15
10207,4041,152,4,25
10208,4041,185,5,0
10209,4041,130,4,20
10210,4041,77,4,15
10211,4042,33,3,25
10212,4043,188,5,20
10213,4044,103,4,5
10214,4044,193,2,5
10215,4044,79,4,25
10216,4044,19,4,20
10217,4044,146,1,15
10218,4045,123,1,0
10219,4045,174,2,0
10220,4045,53,4,20
10221,4045,112,3,0
10222,4045,32,5,20
10223,4046,176,3,15
10224,4047,70,4,0
10225,4048,118,5,20
10226,4049,52,5,20
10227,4049,104,5,10
10228,4049,137,4,20
10229,4049,106,2,20
10230,4049,42,3,15
10231,4050,153,5,15
10232,4050,24,4,20
10233,4050,90,3,0
10234,4050,58,1,5
10235,4050,125,4,5
10236,4051,21,3,5
10237,4052,138,1,10
10238,4053,156,1,10
10239,4054,50,4,25
10240,4055,25,2,20
10241,4056,27,3,25
10242,4056,31,4,5
10243,4057,155,3,10
10244,4057,22,2,20
10245,4058,87,5,20
10246,4058,20,2,0
10247,4058,129,5,20
10248,4058,22,4,20
10249,4059,26,1,25
10250,4059,84,5,25
10251,4059,131,4,5
10252,4060,68,5,25
10253,4060,54,3,5
10254,4061,14,4,15
10255,4061,76,1,15
10256,4061,126,1,5
10257,4062,61,5,20
10258,4062,141,5,0
10259,4063,55,5,25
10260,4063,152,4,20
10261,4064,100,5,20
10262,4064,124,5,20
10263,4064,156,4,5
10264,4065,71,2,15
10265,4065,33,3,25
10266,4065,164,2,15
10267,4066,190,4,10
10268,4067,33,2,25
10269,4067,186,3,15
10270,4067,62,4,0
10271,4068,5,5,25
10272,4069,145,4,5
10273,4069,52,3,25
10274,4069,107,1,5
10275,4069,163,1,20
10276,4069,86,2,10
10277,4070,128,1,20
10278,4070,96,2,10
10279,4070,54,1,25
10280,4070,197,4,15
10281,4070,198,2,0
10282,4071,132,4,0
10283,4072,97,2,10
10284,4072,81,4,20
10285,4072,68,5,5
10286,4073,146,5,25
10287,4074,193,4,10
10288,4074,31,2,10
10289,4074,60,1,25
10290,4074,34,2,25
10291,4075,67,4,25
10292,4075,154,2,25
10293,4075,145,4,20
10294,4075,58,4,0
10295,4075,19,2,10
10296,4076,126,1,0
10297,4077,24,1,5
10298,4077,131,2,25
10299,4078,56,2,0
10300,4078,21,2,20
10301,4078,115,5,15
10302,4079,166,3,10
10303,4080,87,2,15
10304,4080,163,4,25
10305,4081,155,4,15
10306,4081,176,2,25
10307,4081,78,2,20
10308,4081,46,2,15
10309,4082,112,4,5
10310,4082,115,5,20
10311,4082,190,2,0
10312,4082,58,1,15
10313,4082,108,4,0
10314,4083,37,2,25
10315,4083,125,5,15
10316,4084,142,5,10
10317,4085,58,2,20
10318,4085,50,4,25
10319,4085,182,3,25
10320,4085,92,3,25
10321,4085,140,2,15
10322,4086,63,5,10
10323,4086,67,5,25
10324,4087,167,1,15
10325,4087,102,1,10
10326,4087,145,5,15
10327,4088,179,1,0
10328,4088,132,2,25
10329,4088,159,4,20
10330,4089,164,2,20
10331,4089,33,3,25
10332,4090,90,5,0
10333,4090,151,3,15
10334,4090,39,1,10
10335,4090,184,3,15
10336,4090,61,2,25
10337,4091,87,2,10
10338,4092,131,5,20
10339,4092,94,5,5
10340,4093,17,2,25
10341,4093,74,1,5
10342,4094,55,5,0
10343,4094,65,1,25
10344,4094,65,5,25
10345,4095,13,5,20
10346,4095,120,2,0
10347,4095,59,2,0
10348,4096,170,2,25
10349,4096,86,4,25
10350,4097,142,1,20
10351,4097,99,2,25
10352,4098,66,5,20
10353,4098,61,4,10
10354,4098,148,3,10
10355,4099,161,3,15
10356,4100,1,1,25
10357,4100,200,4,5
10358,4100,121,5,10
10359,4100,55,5,25
10360,4101,136,4,10
10361,4101,186,3,25
10362,4101,128,2,15
10363,4102,69,1,10
10364,4102,154,2,20
10365,4102,104,3,25
10366,4103,2,1,20
10367,4104,199,1,0
10368,4104,21,2,20
10369,4104,7,1,5
10370,4105,187,1,0
10371,4105,114,5,15
10372,4105,168,2,15
10373,4106,101,5,0
10374,4107,35,1,10
10375,4108,25,1,20
10376,4109,162,2,5
10377,4109,188,5,5
10378,4110,27,2,25
10379,4110,91,2,20
10380,4111,90,3,5
10381,4111,191,1,5
10382,4112,200,5,20
10383,4112,19,2,10
10384,4112,35,5,25
10385,4113,64,2,20
10386,4113,136,2,20
10387,4113,189,3,10
10388,4114,173,4,20
10389,4115,108,4,20
10390,4115,100,2,25
10391,4115,14,2,5
10392,4115,91,5,20
10393,4116,134,4,0
10394,4117,15,1,0
10395,4117,5,3,25
10396,4117,101,5,5
10397,4118,92,2,25
10398,4118,78,1,25
10399,4118,87,1,15
10400,4119,108,3,5
10401,4120,179,2,25
10402,4121,52,3,15
10403,4121,12,1,20
10404,4121,27,4,10
10405,4121,13,5,5
10406,4122,154,5,25
10407,4122,14,4,25
10408,4122,90,1,10
10409,4123,35,4,0
10410,4123,25,2,25
10411,4123,124,3,0
10412,4124,187,1,5
10413,4125,153,4,25
10414,4125,198,4,15
10415,4126,69,2,10
10416,4126,154,3,10
10417,4127,126,4,15
10418,4128,22,5,5
10419,4128,36,3,15
10420,4128,139,2,5
10421,4128,31,2,25
10422,4129,36,3,20
10423,4129,134,1,15
10424,4129,104,1,25
10425,4130,33,5,25
10426,4130,34,4,0
10427,4131,110,3,5
10428,4131,166,4,15
10429,4131,27,2,25
10430,4131,22,1,5
10431,4132,56,4,20
10432,4132,40,5,0
10433,4133,68,5,0
10434,4133,40,2,20
10435,4133,132,2,25
10436,4134,190,3,25
10437,4134,132,4,10
10438,4134,117,3,10
10439,4135,32,2,10
10440,4135,5,3,5
10441,4135,137,3,5
10442,4136,183,5,25
10443,4136,132,2,5
10444,4136,90,1,0
10445,4136,91,5,25
10446,4136,199,2,15
10447,4137,191,1,5
10448,4137,66,3,5
10449,4138,134,3,20
10450,4138,45,2,10
10451,4138,73,4,5
10452,4138,182,2,5
10453,4138,24,1,0
10454,4139,158,3,15
10455,4140,9,1,0
10456,4140,127,2,25
10457,4140,61,5,15
10458,4140,58,1,25
10459,4141,152,1,25
10460,4141,172,1,25
10461,4141,178,1,15
10462,4141,162,4,5
10463,4142,61,4,20
10464,4142,96,3,15
10465,4143,119,1,5
10466,4143,56,1,0
10467,4143,112,4,10
10468,4143,58,1,5
10469,4144,27,2,0
10470,4144,112,4,5
10471,4144,44,4,15
10472,4145,60,5,10
10473,4146,134,5,10
10474,4146,132,2,5
10475,4147,134,4,10
10476,4147,177,4,10
10477,4148,32,2,15
10478,4148,108,2,0
10479,4148,87,5,15
10480,4149,130,2,5
10481,4149,135,2,5
10482,4149,57,1,15
10483,4149,121,4,5
10484,4149,111,3,20
10485,4150,165,2,5
10486,4150,82,3,15
10487,4150,141,1,15
10488,4150,165,3,25
10489,4150,88,4,20
10490,4151,82,5,15
10491,4151,167,5,0
10492,4151,98,4,20
10493,4151,168,4,15
10494,4152,194,1,20
10495,4152,100,5,25
10496,4153,91,1,15
10497,4154,95,4,15
10498,4154,54,5,15
10499,4154,186,2,5
10500,4154,50,5,20
10501,4154,69,1,0
10502,4155,170,1,15
10503,4156,147,3,20
10504,4156,2,3,20
10505,4156,95,4,25
10506,4157,108,1,5
10507,4157,81,4,25
10508,4158,47,2,25
10509,4158,141,1,5
10510,4159,87,3,10
10511,4159,124,5,0
10512,4159,124,5,10
10513,4159,104,2,5
10514,4159,171,5,10
10515,4160,30,3,25
10516,4160,105,4,10
10517,4161,117,1,25
10518,4162,39,2,15
10519,4162,94,4,25
10520,4163,28,5,0
10521,4163,65,2,10
10522,4163,67,4,5
10523,4164,190,3,25
10524,4164,24,4,25
10525,4164,167,4,10
10526,4165,148,4,10
10527,4165,136,5,20
10528,4165,92,5,5
10529,4165,145,4,0
10530,4165,68,5,5
10531,4166,194,1,20
10532,4166,36,1,0
10533,4166,140,1,10
10534,4166,133,3,0
10535,4166,109,1,20
10536,4167,113,5,20
10537,4167,110,2,10
10538,4167,169,3,0
10539,4167,105,1,25
10540,4167,135,5,5
10541,4168,80,4,25
10542,4169,152,2,25
10543,4169,37,2,20
10544,4169,127,5,5
10545,4170,198,1,25
10546,4170,183,5,20
10547,4171,22,4,20
10548,4172,45,2,25
10549,4172,157,2,25
10550,4173,194,5,20
10551,4173,153,1,25
10552,4173,132,3,10
10553,4173,58,2,15
10554,4174,128,4,15
10555,4174,9,3,10
10556,4174,170,1,5
10557,4175,120,1,20
10558,4176,20,5,15
10559,4176,37,3,25
10560,4176,122,4,15
10561,4177,175,3,25
10562,4177,152,1,10
10563,4178,52,3,20
10564,4179,167,4,10
10565,4180,113,3,10
10566,4181,84,1,0
10567,4182,28,3,20
10568,4183,143,3,10
10569,4183,93,3,10
10570,4183,86,4,5
10571,4183,55,2,0
10572,4184,117,5,0
10573,4185,71,1,0
10574,4186,133,4,10
10575,4186,49,3,25
10576,4186,121,1,15
10577,4186,20,4,0
10578,4186,38,5,15
10579,4187,198,2,15
10580,4187,36,1,5
10581,4187,147,3,10
10582,4187,88,3,15
10583,4187,148,4,5
10584,4188,111,1,10
10585,4188,37,3,10
10586,4189,134,2,20
10587,4190,66,1,25
10588,4190,116,3,15
10589,4190,42,2,0
10590,4191,143,5,15
10591,4191,18,2,25
10592,4191,106,5,10
10593,4191,71,4,10
10594,4192,198,3,0
10595,4192,120,2,15
10596,4193,35,2,10
10597,4193,35,2,20
10598,4193,38,2,20
10599,4194,157,2,10
10600,4195,105,3,20
10601,4195,65,4,15
10602,4196,184,2,15
10603,4196,181,4,25
10604,4196,129,2,20
10605,4197,121,3,25
10606,4197,40,3,20
10607,4198,72,2,15
10608,4199,63,3,20
10609,4200,164,1,20
10610,4201,17,3,20
10611,4202,1,5,10
10612,4203,151,5,10
10613,4204,126,4,25
10614,4204,99,2,15
10615,4204,58,5,15
10616,4204,34,3,20
10617,4205,139,4,5
10618,4205,82,5,5
10619,4206,47,1,15
10620,4206,148,2,5
10621,4206,127,3,25
10622,4207,164,2,15
10623,4208,22,3,5
10624,4208,44,4,20
10625,4208,191,5,10
10626,4209,56,4,15
10627,4209,132,5,25
10628,4209,40,3,0
10629,4209,157,1,20
10630,4209,69,1,5
10631,4210,42,5,10
10632,4210,191,3,15
10633,4210,6,2,10
10634,4211,162,5,20
10635,4211,156,2,0
10636,4212,151,2,15
10637,4212,178,3,20
10638,4212,155,2,20
10639,4213,194,5,20
10640,4213,42,1,15
10641,4213,65,3,20
10642,4214,68,3,20
10643,4214,165,5,15
10644,4214,124,2,20
10645,4214,33,1,0
10646,4215,36,1,20
10647,4215,101,1,20
10648,4215,120,2,25
10649,4215,8,1,0
10650,4215,4,2,20
10651,4216,48,4,0
10652,4216,138,2,5
10653,4217,177,5,0
10654,4217,149,3,10
10655,4218,98,4,10
10656,4218,6,4,10
10657,4218,8,3,15
10658,4218,19,2,25
10659,4219,33,3,15
10660,4220,28,3,0
10661,4220,20,4,15
10662,4221,53,5,25
10663,4221,195,4,25
10664,4221,79,3,0
10665,4221,102,4,15
10666,4221,21,3,15
10667,4222,196,1,0
10668,4222,117,4,15
10669,4223,187,5,15
10670,4223,150,2,20
10671,4223,21,1,0
10672,4224,157,5,25
10673,4224,180,5,25
10674,4224,140,2,25
10675,4225,161,5,15
10676,4226,187,2,20
10677,4227,87,2,15
10678,4228,56,4,15
10679,4229,77,1,5
10680,4229,12,3,10
10681,4229,1,3,15
10682,4230,65,3,5
10683,4231,68,2,20
10684,4231,59,4,5
10685,4231,150,1,25
10686,4232,184,1,15
10687,4232,32,2,15
10688,4232,178,3,25
10689,4233,149,1,25
10690,4233,15,4,0
10691,4233,135,2,10
10692,4233,89,3,20
10693,4233,112,5,25
10694,4234,67,3,15
10695,4235,29,1,15
10696,4235,167,5,25
10697,4235,169,2,5
10698,4235,196,3,20
10699,4235,86,3,0
10700,4236,14,4,5
10701,4237,85,3,25
10702,4237,183,3,15
10703,4237,2,2,15
10704,4237,174,5,20
10705,4237,48,5,5
10706,4238,29,3,15
10707,4238,98,2,5
10708,4238,133,5,25
10709,4239,134,5,20
10710,4239,48,3,5
10711,4240,143,1,5
10712,4240,26,1,25
10713,4241,195,5,10
10714,4241,110,1,15
10715,4241,90,5,5
10716,4242,107,3,20
10717,4243,151,2,20
10718,4243,162,4,25
10719,4243,131,5,20
10720,4243,82,5,20
10721,4244,168,2,20
10722,4244,31,5,20
10723,4244,151,4,15
10724,4244,117,2,15
10725,4245,29,5,10
10726,4245,7,5,25
10727,4246,22,3,15
10728,4246,64,3,20
10729,4247,15,5,0
10730,4247,94,4,20
10731,4247,20,4,5
10732,4248,61,5,5
10733,4248,165,5,5
10734,4249,157,5,0
10735,4249,19,5,15
10736,4250,44,3,25
10737,4250,54,5,0
10738,4250,179,1,0
10739,4250,183,5,0
10740,4250,183,2,25
10741,4251,136,4,10
10742,4252,12,2,0
10743,4253,100,4,15
10744,4253,167,3,25
10745,4253,88,4,10
10746,4253,26,5,10
10747,4253,181,2,5
10748,4254,135,1,10
10749,4254,158,1,0
10750,4255,104,4,15
10751,4256,62,2,5
10752,4256,94,5,0
10753,4256,112,1,5
10754,4257,39,2,15
10755,4257,182,4,20
10756,4257,161,5,10
10757,4257,91,1,10
10758,4257,66,5,10
10759,4258,43,2,5
10760,4258,65,5,20
10761,4258,172,4,15
10762,4259,159,3,5
10763,4259,37,1,10
10764,4260,176,5,10
10765,4260,145,2,15
10766,4260,121,3,0
10767,4261,60,1,25
10768,4261,152,2,25
10769,4261,125,2,5
10770,4261,145,4,5
10771,4262,145,1,25
10772,4262,77,1,5
10773,4263,171,2,15
10774,4264,130,1,20
10775,4264,31,3,15
10776,4265,192,2,10
10777,4265,85,1,15
10778,4265,167,4,15
10779,4265,161,3,10
10780,4266,12,4,20
10781,4267,30,2,25
10782,4267,119,1,10
10783,4268,121,1,0
10784,4268,200,2,5
10785,4269,114,2,5
10786,4270,82,4,15
10787,4271,43,3,15
10788,4272,143,2,5
10789,4273,189,1,25
10790,4273,98,5,10
10791,4273,73,3,15
10792,4274,84,3,5
10793,4274,14,1,5
10794,4274,51,2,0
10795,4274,94,4,25
10796,4274,53,4,0
10797,4275,179,5,10
10798,4276,11,2,25
10799,4276,9,4,0
10800,4276,46,4,15
10801,4277,128,1,20
10802,4277,23,1,0
10803,4277,110,3,25
10804,4277,100,1,20
10805,4278,37,5,5
10806,4278,29,5,5
10807,4279,114,2,15
10808,4279,91,4,10
10809,4280,194,3,5
10810,4281,157,2,25
10811,4281,192,2,15
10812,4281,111,4,5
10813,4281,53,1,5
10814,4281,45,5,5
10815,4282,1,5,10
10816,4282,139,3,0
10817,4282,175,1,0
10818,4282,104,1,20
10819,4282,190,5,15
10820,4283,166,2,0
10821,4283,112,3,20
10822,4283,71,2,0
10823,4284,37,4,20
10824,4284,19,5,25
10825,4284,57,2,10
10826,4285,45,3,10
10827,4285,138,3,5
10828,4285,27,4,5
10829,4285,110,5,5
10830,4286,21,3,25
10831,4286,177,3,15
10832,4286,125,1,20
10833,4287,35,1,0
10834,4288,47,3,20
10835,4288,79,3,0
10836,4288,114,1,25
10837,4288,91,3,10
10838,4288,195,2,20
10839,4289,97,1,20
10840,4290,152,1,15
10841,4291,180,5,5
10842,4291,18,3,5
10843,4291,62,3,20
10844,4291,153,2,25
10845,4292,166,4,25
10846,4293,36,4,20
10847,4293,154,3,0
10848,4294,148,1,5
10849,4294,48,1,10
10850,4294,134,3,5
10851,4295,196,4,10
10852,4295,136,3,20
10853,4295,13,3,20
10854,4295,46,4,15
10855,4296,164,3,5
10856,4296,51,2,15
10857,4297,149,2,20
10858,4298,2,5,0
10859,4298,77,4,5
10860,4298,7,1,20
10861,4298,12,5,0
10862,4299,36,3,15
10863,4299,59,4,25
10864,4300,137,2,0
10865,4300,12,3,15
10866,4301,118,2,5
10867,4301,132,1,15
10868,4302,99,3,5
10869,4302,92,4,25
10870,4302,121,1,10
10871,4302,192,3,5
10872,4302,76,2,10
10873,4303,63,3,15
10874,4304,87,1,5
10875,4304,194,4,15
10876,4305,21,3,5
10877,4306,192,3,25
10878,4307,81,3,15
10879,4308,187,3,0
10880,4308,76,3,20
10881,4308,159,2,15
10882,4309,22,1,0
10883,4309,169,5,5
10884,4309,124,5,0
10885,4310,136,4,20
10886,4311,175,5,0
10887,4311,68,1,25
10888,4312,195,5,15
10889,4313,94,4,15
10890,4313,52,5,10
10891,4313,111,3,25
10892,4313,134,5,0
10893,4313,187,1,0
10894,4314,171,2,10
10895,4314,187,2,20
10896,4315,9,3,5
10897,4315,48,1,10
10898,4315,183,5,15
10899,4316,51,4,0
10900,4316,75,1,25
10901,4317,183,2,10
10902,4318,90,1,15
10903,4318,22,5,10
10904,4318,146,3,10
10905,4318,34,5,5
10906,4319,192,1,10
10907,4319,59,2,20
10908,4319,153,4,0
10909,4320,27,1,10
10910,4321,45,5,5
10911,4321,48,4,25
10912,4321,83,2,10
10913,4321,145,3,20
10914,4321,172,4,10
10915,4322,107,4,10
10916,4323,184,3,25
10917,4324,56,4,5
10918,4325,41,2,10
10919,4326,181,1,5
10920,4326,37,3,15
10921,4327,116,4,20
10922,4328,183,1,15
10923,4329,162,2,25
10924,4329,33,2,15
10925,4329,95,4,0
10926,4329,21,3,0
10927,4329,132,4,5
10928,4330,76,4,15
10929,4330,120,5,10
10930,4331,39,4,10
10931,4331,149,4,20
10932,4331,133,3,5
10933,4332,98,2,0
10934,4333,18,4,0
10935,4334,173,1,0
10936,4334,66,2,5
10937,4334,15,5,0
10938,4334,143,2,25
10939,4334,196,4,5
10940,4335,197,4,0
10941,4335,191,2,25
10942,4335,78,4,5
10943,4336,32,4,20
10944,4336,158,1,5
10945,4336,64,4,15
10946,4336,63,5,15
10947,4336,57,4,20
10948,4337,149,4,20
10949,4337,32,4,20
10950,4337,116,1,0
10951,4337,27,4,25
10952,4338,69,3,5
10953,4338,138,5,5
10954,4338,34,2,0
10955,4338,160,4,10
10956,4338,1,2,20
10957,4339,38,2,0
10958,4340,104,3,5
10959,4340,8,2,10
10960,4340,178,5,0
10961,4341,20,5,0
10962,4341,132,1,0
10963,4341,41,1,25
10964,4341,13,3,0
10965,4342,47,3,5
10966,4343,143,1,5
10967,4343,175,1,10
10968,4344,74,4,25
10969,4344,146,4,20
10970,4344,91,3,20
10971,4345,64,4,25
10972,4346,169,4,10
10973,4347,67,3,10
10974,4347,200,2,0
10975,4347,136,1,20
10976,4348,183,3,20
10977,4349,87,3,10
10978,4349,134,4,5
10979,4349,77,5,15
10980,4350,17,5,5
10981,4351,47,5,10
10982,4351,9,4,25
10983,4352,7,5,25
10984,4353,28,1,20
10985,4354,150,5,10
10986,4355,84,2,25
10987,4356,123,4,0
10988,4356,155,5,25
10989,4357,138,1,5
10990,4357,68,2,15
10991,4357,69,2,10
10992,4357,21,5,10
10993,4358,33,3,5
10994,4358,84,1,10
10995,4358,132,1,10
10996,4358,140,3,5
10997,4359,154,4,20
10998,4359,51,1,20
10999,4360,94,5,5
11000,4361,72,5,25
11001,4361,62,3,15
11002,4361,58,4,5
11003,4361,82,4,15
11004,4361,51,1,15
11005,4362,60,5,10
11006,4363,93,4,0
11007,4363,172,5,0
11008,4363,139,1,15
11009,4364,61,3,5
11010,4365,183,3,20
11011,4365,122,5,15
11012,4366,113,2,15
11013,4367,46,3,25
11014,4367,197,4,15
11015,4367,40,2,20
11016,4368,128,5,5
11017,4369,72,5,20
11018,4370,24,5,5
11019,4370,77,3,10
11020,4370,59,4,5
11021,4370,72,2,0
11022,4370,15,5,5
11023,4371,176,5,20
11024,4372,106,5,10
11025,4372,40,5,0
11026,4373,128,1,15
11027,4373,187,4,0
11028,4373,134,5,0
11029,4374,88,5,10
11030,4375,140,2,5
11031,4375,118,5,25
11032,4375,53,3,15
11033,4375,37,3,10
11034,4375,152,1,15
11035,4376,85,3,5
11036,4376,68,5,25
11037,4376,105,4,0
11038,4376,157,4,5
11039,4376,130,5,5
11040,4377,162,5,0
11041,4378,172,1,5
11042,4378,131,1,0
11043,4379,5,1,20
11044,4379,9,1,5
11045,4380,173,5,25
11046,4381,166,1,10
11047,4381,165,2,0
11048,4382,107,2,10
11049,4382,127,2,25
11050,4382,70,2,10
11051,4382,69,1,10
11052,4383,181,5,20
11053,4383,8,2,0
11054,4383,116,4,5
11055,4383,16,4,10
11056,4384,77,4,5
11057,4384,168,2,15
11058,4385,112,3,5
11059,4385,147,1,0
11060,4386,121,2,5
11061,4386,144,2,25
11062,4387,115,3,0
11063,4387,149,5,25
11064,4387,181,2,25
11065,4388,168,5,15
11066,4389,3,3,20
11067,4389,84,5,10
11068,4390,156,2,20
11069,4390,145,4,20
11070,4390,123,2,15
11071,4390,27,5,15
11072,4390,149,4,25
11073,4391,19,4,20
11074,4391,115,4,10
11075,4392,68,1,0
11076,4392,133,3,25
11077,4392,128,4,5
11078,4392,152,4,25
11079,4393,67,5,10
11080,4394,160,4,25
11081,4394,157,1,15
11082,4395,185,1,15
11083,4395,21,1,5
11084,4395,180,4,15
11085,4396,166,2,0
11086,4396,152,1,0
11087,4396,196,3,15
11088,4396,58,1,10
11089,4396,92,2,5
11090,4397,22,5,0
11091,4398,52,3,25
11092,4398,54,4,10
11093,4398,124,3,15
11094,4399,126,4,15
11095,4399,82,3,5
11096,4399,16,5,20
11097,4399,103,4,15
11098,4400,73,3,0
11099,4401,113,1,15
11100,4402,51,1,20
11101,4403,17,3,10
11102,4403,185,2,0
11103,4403,7,2,25
11104,4404,1,5,25
11105,4404,10,1,15
11106,4405,122,3,10
11107,4405,54,4,25
11108,4405,23,5,5
11109,4406,84,2,20
11110,4407,83,5,5
11111,4407,76,1,15
11112,4407,134,3,20
11113,4407,144,5,25
11114,4408,54,5,25
11115,4408,23,2,10
11116,4408,199,2,10
11117,4408,103,2,25
11118,4408,70,4,0
11119,4409,48,1,25
11120,4409,124,4,0
11121,4409,33,3,5
11122,4409,140,2,25
11123,4409,110,5,15
11124,4410,199,4,20
11125,4410,26,1,20
11126,4411,155,2,25
11127,4411,34,1,20
11128,4412,155,4,20
11129,4412,94,5,25
11130,4412,42,3,0
11131,4412,121,3,20
11132,4413,27,3,10
11133,4414,94,5,5
11134,4414,92,2,25
11135,4414,77,4,0
11136,4414,86,5,25
11137,4415,170,1,0
11138,4416,152,3,5
11139,4417,57,4,0
11140,4417,61,4,15
11141,4417,81,2,10
11142,4417,47,3,10
11143,4418,158,1,5
11144,4418,92,2,25
11145,4418,98,5,10
11146,4418,141,4,25
11147,4419,69,2,5
11148,4419,30,1,10
11149,4420,96,5,5
11150,4421,148,2,25
11151,4421,176,1,25
11152,4421,127,4,0
11153,4421,136,2,20
11154,4422,94,3,0
11155,4422,111,2,10
11156,4423,25,4,0
11157,4424,160,5,10
11158,4424,192,1,25
11159,4425,65,3,25
11160,4425,65,5,5
11161,4426,14,2,20
11162,4426,112,1,25
11163,4426,109,3,25
11164,4426,96,1,5
11165,4426,138,1,5
11166,4427,18,5,10
11167,4427,15,4,15
11168,4427,104,4,5
11169,4428,180,5,0
11170,4429,75,5,0
11171,4429,115,5,5
11172,4429,79,2,5
11173,4430,103,1,15
11174,4430,1,4,25
11175,4430,52,1,5
11176,4430,93,5,5
11177,4430,100,4,20
11178,4431,39,3,0
11179,4432,99,2,25
11180,4433,133,2,10
11181,4433,186,4,15
11182,4433,17,1,15
11183,4434,74,5,10
11184,4434,59,5,15
11185,4434,104,4,20
11186,4435,134,5,15
11187,4435,162,4,10
11188,4436,73,2,5
11189,4436,23,2,10
11190,4437,71,4,25
11191,4437,96,4,0
11192,4438,142,1,0
11193,4438,117,5,5
11194,4438,175,4,15
11195,4438,44,2,10
11196,4438,32,3,25
11197,4439,19,5,20
11198,4439,184,1,25
11199,4439,14,2,10
11200,4439,5,4,20
11201,4440,83,2,15
11202,4441,55,2,10
11203,4441,2,2,0
11204,4441,111,4,25
11205,4442,189,2,5
11206,4442,172,5,5
11207,4442,117,5,0
11208,4442,66,4,20
11209,4442,100,4,15
11210,4443,121,1,10
11211,4443,146,5,5
11212,4443,142,4,10
11213,4443,142,5,15
11214,4444,134,5,25
11215,4445,165,4,25
11216,4445,194,2,20
11217,4446,17,2,20
11218,4446,69,4,10
11219,4447,126,4,25
11220,4447,9,2,10
11221,4447,152,1,5
11222,4447,79,4,20
11223,4448,6,2,10
11224,4448,154,4,20
11225,4449,23,4,15
11226,4449,78,1,0
11227,4449,125,3,20
11228,4449,151,1,20
11229,4449,180,1,0
11230,4450,182,2,0
11231,4450,175,2,20
11232,4450,124,5,5
11233,4450,51,2,25
11234,4451,16,4,25
11235,4451,169,4,25
11236,4451,23,3,15
11237,4451,196,4,25
11238,4452,16,2,0
11239,4452,34,5,15
11240,4452,197,5,0
11241,4453,176,2,25
11242,4454,37,1,10
11243,4454,127,3,5
11244,4455,89,2,25
11245,4455,132,3,5
11246,4455,184,5,15
11247,4456,50,2,5
11248,4456,43,1,15
11249,4456,15,3,0
11250,4456,114,3,15
11251,4457,188,5,0
11252,4457,69,4,20
11253,4457,165,5,10
11254,4458,17,2,15
11255,4458,69,2,20
11256,4459,134,4,20
11257,4459,116,1,10
11258,4459,190,2,5
11259,4459,108,5,15
11260,4459,107,4,20
11261,4460,16,1,15
11262,4461,133,4,25
11263,4461,28,5,0
11264,4461,181,3,15
11265,4461,98,2,5
11266,4461,44,1,10
11267,4462,196,4,25
11268,4462,21,1,25
11269,4463,148,3,5
11270,4463,105,4,10
11271,4464,49,2,0
11272,4464,101,4,15
11273,4465,198,2,20
11274,4465,188,3,10
11275,4466,66,4,25
11276,4466,86,3,15
11277,4467,133,2,10
11278,4468,67,2,15
11279,4468,172,4,0
11280,4468,144,3,25
11281,4469,81,1,15
11282,4469,137,4,15
11283,4469,11,1,0
11284,4469,143,3,20
11285,4469,72,3,15
11286,4470,76,5,25
11287,4470,10,2,10
11288,4470,104,4,25
11289,4471,109,1,0
11290,4471,89,4,10
11291,4471,15,3,20
11292,4472,127,2,10
11293,4473,46,2,25
11294,4473,47,3,5
11295,4474,138,4,0
11296,4474,172,5,0
11297,4474,114,2,0
11298,4474,65,2,0
11299,4474,159,1,25
11300,4475,45,1,15
11301,4476,131,1,20
11302,4477,56,4,20
11303,4477,31,2,10
11304,4478,133,5,25
11305,4479,118,1,25
11306,4479,63,4,5
11307,4479,144,5,25
11308,4479,126,2,10
11309,4480,161,1,25
11310,4480,9,2,10
11311,4480,62,2,10
11312,4480,2,3,0
11313,4480,177,3,20
11314,4481,23,1,5
11315,4482,137,1,25
11316,4482,139,1,25
11317,4482,143,1,5
11318,4482,122,5,15
11319,4483,175,2,10
11320,4483,161,1,15
11321,4483,66,2,5
11322,4484,171,4,10
11323,4484,65,5,20
11324,4484,88,1,0
11325,4485,28,1,5
11326,4485,17,1,5
11327,4485,172,2,10
11328,4486,11,4,20
11329,4486,17,3,5
11330,4487,110,4,5
11331,4487,45,4,10
11332,4487,146,2,10
11333,4488,132,4,10
11334,4488,94,2,10
11335,4489,170,3,20
11336,4489,127,5,15
11337,4489,162,5,20
11338,4489,112,2,5
11339,4489,61,5,15
11340,4490,110,3,5
11341,4490,147,4,25
11342,4491,67,2,5
11343,4492,72,3,0
11344,4492,185,4,10
11345,4492,54,5,25
11346,4493,109,4,15
11347,4494,93,2,15
11348,4494,36,1,0
11349,4494,37,4,5
11350,4494,192,3,20
11351,4495,189,1,0
11352,4495,113,5,0
11353,4495,39,3,15
11354,4495,95,4,15
11355,4496,161,1,25
11356,4496,121,4,0
11357,4497,48,1,10
11358,4497,124,3,10
11359,4498,81,1,0
11360,4498,167,3,25
11361,4499,142,2,5
11362,4500,71,4,20
11363,4501,145,2,0
11364,4501,137,3,10
11365,4501,171,4,10
11366,4502,73,2,0
11367,4502,115,1,15
11368,4502,127,5,5
11369,4502,99,4,15
11370,4503,5,4,20
11371,4504,110,5,25
11372,4504,192,4,20
11373,4505,158,2,20
11374,4505,98,2,25
11375,4505,14,5,5
11376,4506,83,2,25
11377,4506,159,1,0
11378,4506,90,3,5
11379,4507,17,4,25
11380,4507,114,1,10
11381,4507,13,3,20
11382,4508,37,2,5
11383,4508,65,1,25
11384,4509,112,4,25
11385,4509,108,1,15
11386,4509,65,1,15
11387,4509,68,4,5
11388,4509,120,5,20
11389,4510,194,4,15
11390,4510,52,5,0
11391,4511,2,2,5
11392,4511,27,2,15
11393,4512,95,5,25
11394,4512,118,5,0
11395,4512,119,4,15
11396,4512,114,4,25
11397,4513,91,5,5
11398,4514,29,2,25
11399,4514,175,1,5
11400,4514,151,4,20
11401,4515,93,3,5
11402,4515,148,4,10
11403,4515,135,5,25
11404,4516,56,5,20
11405,4516,130,4,0
11406,4516,181,1,5
11407,4517,151,3,10
11408,4518,70,2,10
11409,4518,15,3,10
11410,4518,169,1,15
11411,4518,169,2,10
11412,4518,93,5,0
11413,4519,132,1,15
11414,4520,180,5,15
11415,4521,153,4,15
11416,4521,173,2,20
11417,4522,137,4,5
11418,4522,111,1,10
11419,4522,27,1,0
11420,4522,173,2,10
11421,4523,55,3,20
11422,4524,61,5,20
11423,4525,84,2,10
11424,4525,129,1,0
11425,4525,7,5,15
11426,4525,50,1,20
11427,4526,11,1,20
11428,4526,137,4,5
11429,4527,51,1,15
11430,4527,100,3,20
11431,4528,58,4,5
11432,4528,82,1,0
11433,4528,9,2,20
11434,4529,11,1,15
11435,4529,25,5,10
11436,4529,129,4,5
11437,4529,2,1,20
11438,4529,47,3,25
11439,4530,72,1,20
11440,4531,159,2,5
11441,4531,72,5,5
11442,4531,39,2,10
11443,4531,119,1,10
11444,4532,168,3,25
11445,4533,31,3,0
11446,4534,87,2,20
11447,4535,93,3,20
11448,4535,196,5,10
11449,4535,158,5,15
11450,4536,187,1,0
11451,4536,160,4,25
11452,4536,156,1,5
11453,4536,31,2,20
11454,4536,109,5,15
11455,4537,18,1,25
11456,4537,179,5,5
11457,4537,145,3,25
11458,4538,160,4,10
11459,4538,38,4,25
11460,4538,26,2,20
11461,4539,173,1,10
11462,4539,41,3,0
11463,4539,134,2,15
11464,4539,73,4,0
11465,4539,157,5,0
11466,4540,109,3,10
11467,4540,60,2,25
11468,4540,122,2,0
11469,4540,156,1,0
11470,4541,152,1,15
11471,4542,45,5,20
11472,4543,186,1,25
11473,4544,58,5,0
11474,4545,67,1,0
11475,4546,166,3,0
11476,4546,100,2,5
11477,4546,29,3,15
11478,4546,101,4,5
11479,4546,6,1,25
11480,4547,157,1,15
11481,4547,75,4,0
11482,4548,158,1,10
11483,4548,144,3,5
11484,4548,10,5,20
11485,4548,108,4,10
11486,4549,101,2,0
11487,4549,189,5,10
11488,4549,88,2,25
11489,4549,177,2,25
11490,4549,110,2,0
11491,4550,156,1,5
11492,4551,105,1,25
11493,4552,100,3,10
11494,4553,58,5,10
11495,4553,65,1,25
11496,4554,34,4,5
11497,4554,42,4,5
11498,4554,60,4,25
11499,4555,197,4,5
11500,4555,69,3,20
11501,4555,100,2,15
11502,4555,53,3,25
11503,4555,182,2,10
11504,4556,33,2,15
11505,4556,180,4,10
11506,4556,135,1,15
11507,4557,109,4,15
11508,4557,197,1,20
11509,4557,193,4,10
11510,4557,79,3,25
11511,4557,188,5,5
11512,4558,164,3,10
11513,4558,73,5,10
11514,4559,189,1,15
11515,4559,111,3,5
11516,4559,77,5,5
11517,4559,47,4,5
11518,4560,142,3,20
11519,4560,140,4,15
11520,4561,20,1,0
11521,4561,169,3,20
11522,4561,65,5,5
11523,4562,122,1,15
11524,4562,153,1,20
11525,4563,118,1,5
11526,4564,23,5,15
11527,4564,40,5,10
11528,4565,132,1,5
11529,4565,1,5,5
11530,4565,13,4,10
11531,4566,100,1,5
11532,4566,135,5,25
11533,4567,162,2,15
11534,4567,133,3,15
11535,4568,137,4,0
11536,4568,186,1,10
11537,4569,194,5,0
11538,4569,66,2,20
11539,4569,56,5,20
11540,4569,141,1,25
11541,4569,131,4,20
11542,4570,107,4,10
11543,4570,2,3,10
11544,4571,108,3,25
11545,4571,177,2,25
11546,4571,14,4,15
11547,4571,47,1,15
11548,4572,170,5,0
11549,4572,196,2,20
11550,4572,41,4,25
11551,4573,58,5,20
11552,4574,12,5,20
11553,4574,196,5,25
11554,4575,131,5,10
11555,4575,58,4,15
11556,4575,80,4,25
11557,4576,100,5,5
11558,4577,7,3,25
11559,4578,87,1,0
11560,4578,183,3,20
11561,4578,183,2,15
11562,4578,141,3,20
11563,4579,132,4,0
11564,4579,16,3,10
11565,4579,36,3,0
11566,4580,136,5,15
11567,4580,167,5,20
11568,4581,13,3,10
11569,4581,5,4,15
11570,4582,131,5,10
11571,4582,59,5,20
11572,4582,95,1,25
11573,4582,193,5,0
11574,4582,137,1,10
11575,4583,157,5,25
11576,4583,55,3,0
11577,4584,198,2,15
11578,4584,197,3,5
11579,4585,136,4,20
11580,4585,10,3,20
11581,4585,115,2,0
11582,4586,191,4,25
11583,4587,114,4,20
11584,4587,29,1,20
11585,4587,191,5,0
11586,4588,63,1,10
11587,4588,113,3,10
11588,4589,26,1,0
11589,4589,52,1,15
11590,4590,150,5,15
11591,4590,40,1,25
11592,4591,186,2,20
11593,4591,46,2,20
11594,4591,31,4,10
11595,4591,22,3,5
11596,4592,162,3,5
11597,4592,38,5,10
11598,4592,41,5,5
11599,4593,134,3,0
11600,4593,109,3,10
11601,4593,53,2,20
11602,4594,79,3,5
11603,4595,77,4,25
11604,4595,156,5,25
11605,4595,195,3,0
11606,4595,155,4,5
11607,4596,86,4,0
11608,4597,138,5,5
11609,4597,133,3,5
11610,4597,61,2,5
11611,4598,196,1,20
11612,4598,90,1,5
11613,4598,26,3,10
11614,4599,163,5,15
11615,4599,139,5,15
11616,4600,11,5,15
11617,4601,80,4,15
11618,4602,68,1,20
11619,4602,3,4,0
11620,4602,69,2,10
11621,4603,197,4,25
11622,4604,162,2,0
11623,4604,7,5,5
11624,4604,61,2,25
11625,4604,19,1,0
11626,4605,86,1,20
11627,4605,48,3,25
11628,4605,166,5,15
11629,4605,166,1,25
11630,4605,26,3,0
11631,4606,105,2,10
11632,4607,86,3,15
11633,4607,129,5,10
11634,4607,23,3,10
11635,4607,197,4,10
11636,4608,123,2,10
11637,4608,89,5,15
11638,4609,136,3,15
11639,4609,99,4,0
11640,4609,99,2,10
11641,4609,69,4,15
11642,4610,145,5,15
11643,4610,61,2,0
11644,4611,197,1,20
11645,4611,113,3,15
11646,4611,95,2,0
11647,4611,167,3,10
11648,4611,52,4,0
11649,4612,128,3,25
11650,4613,128,1,5
11651,4613,20,3,5
11652,4613,149,4,20
11653,4614,39,4,0
11654,4614,146,2,20
11655,4614,198,2,25
11656,4614,170,4,25
11657,4614,155,2,0
11658,4615,114,3,0
11659,4615,67,4,10
11660,4615,120,1,20
11661,4615,164,4,10
11662,4616,176,1,10
11663,4616,32,4,10
11664,4617,84,1,0
11665,4617,173,1,25
11666,4618,86,5,10
11667,4618,195,5,5
11668,4619,19,5,10
11669,4619,124,1,20
11670,4620,186,4,10
11671,4620,23,4,10
11672,4620,65,4,20
11673,4621,84,5,20
11674,4621,78,3,5
11675,4621,157,4,15
11676,4622,41,1,25
11677,4622,197,1,20
11678,4623,146,4,10
11679,4623,142,3,25
11680,4623,182,3,5
11681,4624,12,5,25
11682,4624,77,5,25
11683,4624,31,2,20
11684,4624,180,3,0
11685,4624,156,1,10
11686,4625,126,4,0
11687,4625,131,4,25
11688,4626,122,2,0
11689,4626,134,3,25
11690,4626,161,4,5
11691,4627,97,2,5
11692,4627,158,2,10
11693,4627,23,3,0
11694,4627,62,3,25
11695,4628,11,1,15
11696,4628,71,5,25
11697,4629,173,4,0
11698,4629,53,4,10
11699,4629,20,2,10
11700,4630,190,3,0
11701,4631,134,5,10
11702,4632,5,5,0
11703,4632,174,4,10
11704,4633,142,4,25
11705,4633,122,2,20
11706,4634,122,5,15
11707,4635,81,1,15
11708,4635,148,2,20
11709,4636,166,3,25
11710,4636,36,3,5
11711,4636,175,4,10
11712,4636,176,4,0
11713,4637,72,4,10
11714,4637,116,1,25
11715,4637,118,2,25
11716,4637,113,4,25
11717,4638,174,1,10
11718,4639,117,5,25
11719,4639,114,2,20
11720,4640,173,2,0
11721,4641,101,1,20
11722,4642,147,5,0
11723,4642,158,2,0
11724,4642,153,2,20
11725,4642,44,5,15
11726,4643,54,3,10
11727,4643,194,2,5
11728,4643,86,5,15
11729,4644,141,5,15
11730,4644,4,2,5
11731,4644,18,2,25
11732,4644,68,3,15
11733,4645,199,3,0
11734,4645,189,4,0
11735,4646,169,4,15
11736,4646,159,3,10
11737,4646,146,3,20
11738,4646,54,1,15
11739,4646,71,1,5
11740,4647,150,5,0
11741,4648,177,3,25
11742,4648,91,3,25
11743,4648,195,2,5
11744,4649,131,5,15
11745,4649,68,2,25
11746,4650,66,4,15
11747,4650,40,5,15
11748,4650,25,1,25
11749,4651,113,1,25
11750,4651,61,5,15
11751,4652,12,5,5
11752,4652,133,5,5
11753,4652,18,4,15
11754,4653,187,2,25
11755,4653,186,2,25
11756,4654,194,3,0
11757,4654,98,3,15
11758,4654,122,2,20
11759,4655,170,4,20
11760,4655,183,1,10
11761,4655,112,1,0
11762,4655,98,2,0
11763,4655,118,3,15
11764,4656,48,4,20
11765,4657,38,2,5
11766,4658,199,5,5
11767,4658,188,2,0
11768,4658,38,3,15
11769,4658,187,4,15
11770,4658,128,4,25
11771,4659,200,2,15
11772,4659,148,5,20
11773,4659,152,1,0
11774,4659,171,5,10
11775,4659,182,2,20
11776,4660,72,5,10
11777,4660,31,3,25
11778,4660,156,4,20
11779,4660,142,1,5
11780,4661,34,2,25
11781,4662,17,2,10
11782,4663,146,3,10
11783,4663,50,2,20
11784,4663,146,1,5
11785,4663,40,3,5
11786,4664,108,1,10
11787,4664,72,2,20
11788,4664,172,1,10
11789,4665,19,3,20
11790,4665,152,3,25
11791,4665,189,2,15
11792,4665,124,5,5
11793,4665,195,3,0
11794,4666,74,4,15
11795,4667,91,1,10
11796,4668,112,2,20
11797,4669,45,5,5
11798,4670,59,2,15
11799,4671,107,5,0
11800,4671,141,4,15
11801,4671,52,1,10
11802,4671,41,4,0
11803,4671,114,4,15
11804,4672,117,3,15
11805,4672,100,2,25
11806,4672,194,1,5
11807,4672,87,4,25
11808,4673,98,1,20
11809,4673,68,3,15
11810,4673,157,4,20
11811,4674,149,3,10
11812,4674,13,1,10
11813,4674,122,5,15
11814,4675,39,4,5
11815,4675,94,4,20
11816,4676,158,4,15
11817,4676,31,4,25
11818,4676,143,2,20
11819,4676,104,5,20
11820,4677,170,5,0
11821,4677,145,2,20
11822,4678,18,1,20
11823,4679,116,1,15
11824,4679,162,4,25
11825,4679,140,2,0
11826,4680,90,4,10
11827,4681,131,5,15
11828,4681,141,1,5
11829,4682,44,4,5
11830,4682,72,4,0
11831,4682,71,1,25
11832,4682,21,2,15
11833,4683,63,1,25
11834,4683,127,4,15
11835,4684,47,4,0
11836,4685,25,5,5
11837,4685,93,4,20
11838,4685,71,1,15
11839,4685,5,5,15
11840,4685,16,1,10
11841,4686,94,1,15
11842,4686,93,5,0
11843,4687,73,4,20
11844,4687,82,4,10
11845,4687,95,3,5
11846,4688,98,4,15
11847,4688,102,3,25
11848,4688,18,3,10
11849,4689,118,1,20
11850,4689,160,1,20
11851,4689,14,4,20
11852,4690,144,3,10
11853,4690,163,1,15
11854,4691,69,2,20
11855,4692,142,1,20
11856,4692,178,1,10
11857,4692,182,1,0
11858,4693,152,3,15
11859,4693,200,2,25
11860,4693,161,5,10
11861,4693,68,3,5
11862,4693,39,2,0
11863,4694,127,5,10
11864,4694,23,3,0
11865,4694,167,4,15
11866,4694,25,4,10
11867,4694,146,4,5
11868,4695,22,2,15
11869,4695,189,3,5
11870,4696,178,5,15
11871,4697,185,2,0
11872,4698,164,5,15
11873,4698,98,3,0
11874,4698,50,5,5
11875,4699,38,4,25
11876,4700,33,4,25
11877,4700,163,3,0
11878,4701,73,2,0
11879,4701,66,3,10
11880,4702,113,5,0
11881,4702,109,5,20
11882,4702,189,4,25
11883,4703,92,3,5
11884,4703,11,5,15
11885,4704,46,1,15
11886,4704,98,4,20
11887,4705,69,2,0
11888,4705,115,1,0
11889,4706,172,1,0
11890,4706,140,5,20
11891,4706,71,4,25
11892,4707,197,3,15
11893,4707,144,4,5
11894,4707,17,5,25
11895,4708,7,5,0
11896,4708,164,4,5
11897,4709,194,4,0
11898,4709,44,1,20
11899,4709,185,4,5
11900,4709,141,4,20
11901,4709,172,4,0
11902,4710,66,3,0
11903,4710,185,5,25
11904,4710,154,5,15
11905,4711,90,4,0
11906,4711,111,1,20
11907,4712,96,1,15
11908,4713,131,5,25
11909,4713,108,2,0
11910,4714,79,2,25
11911,4714,116,5,20
11912,4714,24,3,20
11913,4715,25,3,0
11914,4715,5,5,25
11915,4716,141,2,15
11916,4716,193,3,5
11917,4716,189,3,15
11918,4716,92,4,20
11919,4716,10,4,20
11920,4717,173,2,5
11921,4717,146,3,10
11922,4717,184,5,25
11923,4718,13,3,20
11924,4719,123,2,10
11925,4719,3,3,15
11926,4720,18,4,20
11927,4720,182,5,10
11928,4720,117,3,25
11929,4720,53,5,10
11930,4721,104,2,10
11931,4721,51,1,10
11932,4722,46,1,20
11933,4722,165,2,10
11934,4722,131,1,25
11935,4722,34,5,20
11936,4723,36,3,0
11937,4723,199,4,25
11938,4723,43,5,0
11939,4724,101,4,25
11940,4724,167,2,25
11941,4724,172,4,20
11942,4725,97,4,10
11943,4725,19,1,0
11944,4725,19,2,20
11945,4726,60,3,10
11946,4727,159,2,0
11947,4727,170,4,25
11948,4728,60,1,0
11949,4728,131,2,25
11950,4728,125,1,25
11951,4729,137,5,0
11952,4730,87,2,15
11953,4730,127,5,20
11954,4730,181,5,10
11955,4731,17,5,15
11956,4731,92,2,20
11957,4731,76,3,10
11958,4731,74,1,15
11959,4731,71,5,15
11960,4732,120,4,20
11961,4732,156,4,20
11962,4732,147,1,5
11963,4732,38,2,25
11964,4732,135,3,20
11965,4733,30,5,10
11966,4733,4,1,0
11967,4733,26,3,25
11968,4733,166,5,25
11969,4734,178,4,20
11970,4734,54,3,10
11971,4734,22,5,20
11972,4735,147,2,5
11973,4735,11,5,20
11974,4735,148,5,5
11975,4735,110,3,20
11976,4736,84,3,5
11977,4737,60,4,15
11978,4737,45,4,25
11979,4737,67,2,15
11980,4737,180,4,0
11981,4738,82,4,25
11982,4738,194,5,20
11983,4738,146,2,15
11984,4738,179,1,5
11985,4738,136,4,5
11986,4739,101,2,25
11987,4739,32,4,20
11988,4739,134,2,20
11989,4740,53,1,10
11990,4741,79,5,15
11991,4742,185,5,10
11992,4742,120,4,20
11993,4742,169,2,5
11994,4742,85,4,5
11995,4742,97,1,10
11996,4743,73,5,0
11997,4744,160,2,10
11998,4744,173,2,25
11999,4744,33,5,0
12000,4744,59,5,25
12001,4745,9,5,20
12002,4746,142,1,5
12003,4746,88,2,10
12004,4747,37,2,10
12005,4747,142,3,15
12006,4748,193,1,5
12007,4748,67,3,20
12008,4748,124,4,20
12009,4749,128,2,15
12010,4750,132,3,15
12011,4751,81,3,25
12012,4751,4,3,25
12013,4752,35,5,10
12014,4752,61,1,10
12015,4753,76,2,25
12016,4753,78,2,10
12017,4753,108,3,10
12018,4753,41,2,0
12019,4753,59,5,10
12020,4754,144,1,10
12021,4754,64,2,0
12022,4755,167,5,10
12023,4755,76,2,15
12024,4755,138,2,25
12025,4755,109,2,10
12026,4756,167,5,10
12027,4756,88,5,25
12028,4756,49,5,25
12029,4757,166,3,5
12030,4757,23,3,20
12031,4757,90,4,25
12032,4758,173,5,10
12033,4758,123,4,15
12034,4758,103,1,5
12035,4758,198,3,10
12036,4759,13,1,0
12037,4759,195,3,5
12038,4759,46,1,10
12039,4760,188,3,20
12040,4760,132,1,5
12041,4761,123,2,0
12042,4762,126,5,20
12043,4762,113,5,10
12044,4763,77,1,25
12045,4764,90,1,10
12046,4764,103,5,25
12047,4764,195,2,20
12048,4765,101,1,15
12049,4765,65,5,10
12050,4765,48,5,20
12051,4765,97,4,10
12052,4766,86,3,5
12053,4767,41,5,5
12054,4767,146,2,10
12055,4767,125,2,25
12056,4768,162,1,25
12057,4769,137,1,15
12058,4769,41,4,10
12059,4770,171,3,5
12060,4771,96,5,20
12061,4771,58,5,10
12062,4771,45,3,20
12063,4771,99,2,5
12064,4771,115,3,0
12065,4772,177,1,25
12066,4772,27,2,0
12067,4772,64,5,10
12068,4773,30,1,15
12069,4774,122,2,15
12070,4774,67,5,15
12071,4775,111,2,25
12072,4775,167,2,0
12073,4775,45,1,10
12074,4776,69,3,5
12075,4776,63,5,20
12076,4776,156,2,25
12077,4777,69,4,10
12078,4777,139,3,5
12079,4777,120,3,0
12080,4778,33,4,25
12081,4778,200,5,0
12082,4779,98,2,25
12083,4780,187,1,20
12084,4781,37,2,15
12085,4781,87,1,10
12086,4781,143,5,10
12087,4782,187,3,5
12088,4783,56,1,10
12089,4784,91,1,25
12090,4784,65,2,10
12091,4785,104,5,15
12092,4786,54,4,0
12093,4786,10,5,20
12094,4787,157,4,10
12095,4787,24,2,10
12096,4787,151,3,15
12097,4788,138,5,25
12098,4788,19,5,0
12099,4788,32,1,5
12100,4789,149,1,20
12101,4789,116,3,5
12102,4789,110,5,10
12103,4789,30,1,0
12104,4789,116,2,5
12105,4790,65,4,15
12106,4790,5,2,20
12107,4791,2,5,0
12108,4791,32,2,0
12109,4791,127,1,20
12110,4791,123,1,20
12111,4791,15,2,15
12112,4792,54,1,5
12113,4792,182,3,15
12114,4792,156,2,0
12115,4792,198,5,0
12116,4792,57,2,25
12117,4793,133,4,25
12118,4793,29,4,0
12119,4794,132,3,15
12120,4794,9,4,25
12121,4795,121,1,10
12122,4795,137,5,25
12123,4795,135,1,10
12124,4795,181,2,5
12125,4796,9,1,0
12126,4796,180,4,25
12127,4796,59,3,10
12128,4796,132,2,0
12129,4796,7,4,5
12130,4797,22,2,20
12131,4797,129,5,25
12132,4797,29,4,20
12133,4797,77,1,10
12134,4797,147,4,5
12135,4798,191,4,10
12136,4798,185,1,20
12137,4799,180,5,5
12138,4799,159,1,5
12139,4799,26,1,20
12140,4799,108,1,20
12141,4800,16,5,25
12142,4800,29,4,15
12143,4801,99,4,10
12144,4802,186,1,20
12145,4802,94,4,5
12146,4803,65,3,10
12147,4804,87,2,20
12148,4804,23,1,20
12149,4805,10,3,5
12150,4806,146,5,10
12151,4806,102,3,20
12152,4806,93,1,5
12153,4807,122,5,15
12154,4807,42,4,10
12155,4808,65,3,20
12156,4809,21,3,5
12157,4809,2,2,5
12158,4809,197,3,10
12159,4810,156,5,20
12160,4811,40,4,10
12161,4812,198,4,25
12162,4812,189,4,5
12163,4813,171,1,15
12164,4813,179,4,20
12165,4813,82,3,10
12166,4813,195,4,15
12167,4814,2,3,20
12168,4814,122,5,20
12169,4815,30,4,15
12170,4816,55,5,0
12171,4816,40,5,15
12172,4816,71,1,20
12173,4816,33,1,20
12174,4816,72,5,10
12175,4817,168,5,25
12176,4817,10,4,10
12177,4817,200,3,20
12178,4817,150,4,5
12179,4817,24,5,20
12180,4818,126,1,25
12181,4818,136,4,20
12182,4818,136,5,25
12183,4819,46,2,10
12184,4819,29,5,15
12185,4819,185,1,20
12186,4820,95,5,15
12187,4820,16,3,25
12188,4821,5,3,10
12189,4821,130,1,10
12190,4821,170,4,20
12191,4821,166,1,5
12192,4821,48,3,0
12193,4822,86,4,10
12194,4823,56,5,0
12195,4823,150,1,10
12196,4824,139,5,10
12197,4825,146,1,5
12198,4825,136,5,0
12199,4826,192,1,10
12200,4827,26,1,0
12201,4828,154,4,20
12202,4828,172,2,20
12203,4828,51,4,5
12204,4828,82,5,10
12205,4829,9,3,0
12206,4830,192,5,5
12207,4831,64,4,5
12208,4831,45,4,0
12209,4832,143,1,20
12210,4833,46,5,15
12211,4833,47,2,20
12212,4834,143,3,15
12213,4835,198,3,15
12214,4836,108,3,10
12215,4836,173,5,15
12216,4837,192,2,0
12217,4837,34,4,5
12218,4837,200,4,20
12219,4837,87,5,0
12220,4837,4,1,25
12221,4838,65,5,25
12222,4838,154,1,15
12223,4838,143,3,20
12224,4838,172,3,0
12225,4839,107,3,25
12226,4839,30,1,15
12227,4839,170,2,20
12228,4839,192,5,5
12229,4839,27,5,15
12230,4840,63,2,0
12231,4840,169,5,15
12232,4840,131,5,5
12233,4840,160,4,15
12234,4840,114,1,10
12235,4841,48,3,25
12236,4841,168,1,20
12237,4842,151,3,5
12238,4842,150,1,5
12239,4843,7,4,20
12240,4843,94,4,20
12241,4843,76,3,20
12242,4843,127,3,25
12243,4843,30,3,10
12244,4844,28,5,15
12245,4844,56,4,10
12246,4844,28,3,20
12247,4844,89,3,5
12248,4845,75,3,20
12249,4845,46,1,5
12250,4845,183,1,5
12251,4846,76,5,5
12252,4846,15,2,10
12253,4846,108,2,5
12254,4846,129,2,5
12255,4847,132,1,5
12256,4848,142,4,25
12257,4848,55,3,5
12258,4849,168,5,10
12259,4849,32,1,15
12260,4850,61,4,0
12261,4850,119,5,10
12262,4850,93,5,15
12263,4851,88,5,15
12264,4851,167,2,20
12265,4852,84,4,10
12266,4852,50,2,0
12267,4852,29,4,10
12268,4853,115,5,20
12269,4853,103,1,0
12270,4854,86,2,25
12271,4854,110,1,25
12272,4855,126,3,25
12273,4855,49,2,20
12274,4855,139,5,25
12275,4855,145,5,25
12276,4856,10,5,0
12277,4857,120,3,0
12278,4857,77,2,25
12279,4857,58,1,10
12280,4857,191,5,20
12281,4858,160,5,25
12282,4858,129,4,0
12283,4859,69,4,5
12284,4860,137,1,10
12285,4860,155,2,5
12286,4860,197,4,20
12287,4861,129,2,0
12288,4861,30,1,25
12289,4861,188,4,25
12290,4862,2,4,10
12291,4863,22,4,15
12292,4863,131,1,25
12293,4863,185,2,10
12294,4863,187,4,25
12295,4864,110,2,0
12296,4865,30,5,15
12297,4865,151,2,25
12298,4865,31,5,5
12299,4866,23,4,0
12300,4866,131,5,15
12301,4866,77,3,5
12302,4867,89,1,20
12303,4868,186,4,20
12304,4868,110,2,20
12305,4868,87,5,10
12306,4869,195,4,15
12307,4869,182,2,25
12308,4869,103,4,20
12309,4869,89,1,5
12310,4870,83,3,20
12311,4870,144,5,0
12312,4870,165,3,5
12313,4871,50,2,10
12314,4871,86,4,10
12315,4872,156,4,25
12316,4873,80,5,25
12317,4873,140,4,15
12318,4873,154,4,0
12319,4873,79,2,5
12320,4874,11,2,10
12321,4874,72,3,25
12322,4874,134,5,0
12323,4874,44,2,25
12324,4874,126,1,25
12325,4875,34,3,0
12326,4875,38,3,25
12327,4875,29,5,15
12328,4876,147,5,15
12329,4876,130,3,20
12330,4877,39,5,25
12331,4877,187,4,20
12332,4877,112,4,25
12333,4877,30,3,20
12334,4878,21,4,20
12335,4878,101,5,25
12336,4878,4,1,10
12337,4879,168,5,20
12338,4880,143,3,0
12339,4880,1,1,25
12340,4880,27,5,10
12341,4881,173,2,10
12342,4882,162,2,15
12343,4882,72,1,10
12344,4882,19,4,20
12345,4882,86,5,20
12346,4882,35,1,20
12347,4883,26,4,10
12348,4883,149,3,5
12349,4883,28,3,15
12350,4884,39,1,20
12351,4884,128,3,25
12352,4884,195,5,0
12353,4885,114,4,15
12354,4885,108,3,25
12355,4886,10,1,15
12356,4887,34,1,5
12357,4887,43,2,10
12358,4888,200,5,25
12359,4888,95,4,5
12360,4888,183,5,5
12361,4888,132,3,25
12362,4889,158,4,0
12363,4889,37,1,10
12364,4890,121,5,10
12365,4891,96,1,25
12366,4891,79,5,15
12367,4892,141,1,10
12368,4892,195,5,20
12369,4892,117,3,0
12370,4892,156,3,5
12371,4893,179,1,15
12372,4893,178,5,5
12373,4893,19,4,15
12374,4894,99,4,20
12375,4895,113,4,0
12376,4895,124,3,20
12377,4896,61,1,25
12378,4896,8,4,0
12379,4897,163,4,15
12380,4897,138,5,10
12381,4898,79,3,10
12382,4898,23,4,0
12383,4898,57,1,5
12384,4898,100,5,15
12385,4899,58,2,20
12386,4899,20,1,10
12387,4899,143,3,5
12388,4899,182,1,0
12389,4900,60,1,5
12390,4900,72,5,15
12391,4900,74,2,5
12392,4900,127,3,20
12393,4901,156,2,10
12394,4902,38,3,25
12395,4903,30,3,5
12396,4903,151,5,10
12397,4903,5,1,0
12398,4903,79,5,20
12399,4903,3,4,10
12400,4904,69,5,20
12401,4904,15,1,20
12402,4904,46,4,15
12403,4905,60,4,25
12404,4905,162,5,15
12405,4906,45,5,25
12406,4906,41,3,0
12407,4907,163,5,25
12408,4907,158,3,5
12409,4908,70,1,10
12410,4908,91,2,20
12411,4908,146,5,25
12412,4909,161,5,0
12413,4909,66,2,0
12414,4909,200,1,10
12415,4910,168,1,15
12416,4910,49,5,25
12417,4911,140,4,25
12418,4912,168,5,25
12419,4912,184,5,10
12420,4912,113,3,20
12421,4912,88,1,20
12422,4912,101,3,15
12423,4913,29,3,0
12424,4913,194,2,10
12425,4914,70,3,0
12426,4915,104,1,0
12427,4915,87,2,5
12428,4916,92,5,20
12429,4917,121,3,20
12430,4917,103,5,15
12431,4917,18,2,0
12432,4917,2,4,20
12433,4918,188,5,5
12434,4919,95,4,15
12435,4920,63,5,15
12436,4920,143,2,25
12437,4921,67,1,5
12438,4921,162,4,0
12439,4921,134,2,10
12440,4921,91,4,5
12441,4921,2,4,0
12442,4922,27,1,5
12443,4923,84,2,25
12444,4923,154,4,10
12445,4924,116,2,20
12446,4925,115,2,25
12447,4925,51,3,0
12448,4925,115,2,25
12449,4926,183,1,10
12450,4926,11,3,25
12451,4927,98,3,15
12452,4927,140,3,15
12453,4927,101,4,5
12454,4928,200,4,0
12455,4928,53,1,5
12456,4928,180,3,0
12457,4928,28,2,25
12458,4929,47,4,10
12459,4929,63,4,5
12460,4929,58,5,15
12461,4930,137,3,0
12462,4930,64,4,10
12463,4930,47,2,5
12464,4930,90,3,25
12465,4931,68,5,20
12466,4931,169,2,0
12467,4932,132,4,15
12468,4932,182,3,0
12469,4932,31,5,5
12470,4933,51,3,10
12471,4933,56,4,10
12472,4934,177,5,0
12473,4935,194,3,5
12474,4935,41,4,15
12475,4936,53,5,10
12476,4936,112,5,10
12477,4936,20,3,25
12478,4937,35,2,15
12479,4938,200,1,10
12480,4938,191,5,10
12481,4938,95,1,5
12482,4939,27,2,20
12483,4939,66,2,25
12484,4939,105,4,0
12485,4939,20,2,10
12486,4940,177,5,25
12487,4940,194,5,20
12488,4940,71,3,15
12489,4940,120,3,0
12490,4941,43,5,15
12491,4941,90,5,20
12492,4941,140,5,0
12493,4942,200,1,0
12494,4942,30,1,20
12495,4943,27,5,10
12496,4943,8,3,5
12497,4943,139,3,20
12498,4943,151,2,25
12499,4944,12,5,5
12500,4944,26,1,15
12501,4945,148,1,25
12502,4945,11,5,15
12503,4945,127,5,20
12504,4945,11,5,15
12505,4945,77,3,15
12506,4946,63,3,15
12507,4947,162,2,15
12508,4948,43,5,5
12509,4948,16,1,20
12510,4949,54,1,15
12511,4949,56,2,20
12512,4949,97,1,15
12513,4950,14,2,5
12514,4951,38,4,10
12515,4951,171,2,25
12516,4951,23,4,20
12517,4952,171,2,25
12518,4952,120,4,0
12519,4952,15,3,25
12520,4952,7,1,25
12521,4953,171,5,5
12522,4954,44,3,25
12523,4955,81,1,5
12524,4955,21,2,25
12525,4955,174,5,5
12526,4955,13,5,5
12527,4956,58,5,5
12528,4956,55,3,15
12529,4956,37,2,15
12530,4957,65,2,10
12531,4957,3,1,25
12532,4958,27,4,10
12533,4959,44,3,20
12534,4959,26,3,25
12535,4959,68,4,5
12536,4960,141,2,5
12537,4961,55,4,15
12538,4962,11,4,15
12539,4962,42,5,0
12540,4962,175,5,25
12541,4963,149,3,15
12542,4963,5,3,5
12543,4964,80,3,0
12544,4964,144,3,15
12545,4965,196,4,25
12546,4965,28,1,0
12547,4965,37,4,10
12548,4965,189,4,20
12549,4965,155,5,15
12550,4966,139,4,25
12551,4966,128,5,0
12552,4966,31,4,10
12553,4966,159,1,5
12554,4966,79,5,5
12555,4967,191,5,20
12556,4968,112,4,10
12557,4969,50,4,25
12558,4969,121,4,5
12559,4969,13,4,5
12560,4969,183,5,15
12561,4970,34,4,10
12562,4970,117,2,0
12563,4971,143,2,25
12564,4972,190,5,0
12565,4973,196,2,0
12566,4973,58,2,20
12567,4973,98,1,15
12568,4973,146,2,15
12569,4973,73,4,25
12570,4974,36,2,5
12571,4974,35,3,10
12572,4975,78,4,25
12573,4976,64,5,15
12574,4976,169,2,25
12575,4976,158,2,15
12576,4976,106,5,0
12577,4977,154,4,15
12578,4977,146,4,5
12579,4977,51,1,5
12580,4978,74,1,10
12581,4978,195,5,20
12582,4978,67,3,20
12583,4978,111,4,25
12584,4979,151,3,20
12585,4979,170,3,15
12586,4979,28,4,15
12587,4979,96,4,20
12588,4979,171,3,20
12589,4980,93,4,10
12590,4980,167,5,5
12591,4981,187,1,20
12592,4981,130,5,20
12593,4981,193,1,20
12594,4981,21,3,10
12595,4982,14,4,25
12596,4982,76,1,5
12597,4983,56,3,25
12598,4984,99,2,15
12599,4984,198,3,25
12600,4984,165,1,20
12601,4985,91,5,10
12602,4985,82,1,10
12603,4985,193,5,10
12604,4985,117,2,25
12605,4986,176,2,20
12606,4986,26,4,0
12607,4987,189,3,20
12608,4987,108,1,10
12609,4988,36,4,15
12610,4988,21,4,20
12611,4988,118,4,20
12612,4989,189,1,20
12613,4990,128,4,15
12614,4991,187,2,0
12615,4991,78,5,0
12616,4992,40,3,15
12617,4992,152,3,15
12618,4993,11,3,25
12619,4993,5,2,0
12620,4993,102,3,0
12621,4993,81,4,5
12622,4994,7,2,10
12623,4994,166,1,25
12624,4995,160,1,10
12625,4995,55,4,5
12626,4996,111,2,20
12627,4997,100,2,20
12628,4997,84,4,20
12629,4997,12,3,25
12630,4997,55,4,5
12631,4997,89,4,25
12632,4998,102,3,10
12633,4999,134,1,20
12634,4999,14,1,25
12635,5000,28,4,0
12636,5000,122,5,5
12637,5001,173,1,0
12638,5001,123,4,10
12639,5001,62,5,20
12640,5002,112,1,15
12641,5002,120,3,5
12642,5003,68,4,25
12643,5003,179,3,0
12644,5003,124,1,5
12645,5004,158,4,25
12646,5004,43,3,20
12647,5004,189,5,15
12648,5005,28,2,5
12649,5005,167,2,20
12650,5006,122,3,10
12651,5006,39,5,20
12652,5007,7,1,10
12653,5008,102,4,10
12654,5008,18,5,5
12655,5008,166,5,10
12656,5008,171,2,0
12657,5009,84,1,10
12658,5009,70,5,5
12659,5009,145,1,15
12660,5010,49,1,0
12661,5010,144,4,25
12662,5010,83,4,20
12663,5011,119,5,15
12664,5012,14,3,0
12665,5013,195,3,15
12666,5013,65,2,20
12667,5014,148,3,5
12668,5014,38,1,10
12669,5014,184,5,15
12670,5014,108,5,5
12671,5015,146,2,15
12672,5015,55,1,25
12673,5016,124,2,25
12674,5017,159,2,15
12675,5018,9,4,5
12676,5018,73,5,10
12677,5018,196,4,15
12678,5019,85,5,10
12679,5019,167,5,20
12680,5019,1,1,25
12681,5020,172,5,15
12682,5020,66,5,20
12683,5020,57,4,10
12684,5020,115,5,5
12685,5021,126,1,25
12686,5021,130,3,10
12687,5021,49,1,15
12688,5021,101,3,0
12689,5021,75,2,10
12690,5022,70,5,10
12691,5023,103,4,25
12692,5023,29,1,15
12693,5023,119,1,15
12694,5024,39,2,0
12695,5024,47,3,20
12696,5025,40,5,20
12697,5026,24,2,25
12698,5026,47,1,5
12699,5026,184,4,5
12700,5027,186,3,15
12701,5027,87,2,5
12702,5028,105,2,10
12703,5028,82,3,20
12704,5028,58,1,10
12705,5028,45,2,20
12706,5029,56,1,0
12707,5029,25,4,20
12708,5030,99,5,10
12709,5030,25,3,10
12710,5031,16,5,10
12711,5031,68,5,25
12712,5031,20,2,10
12713,5032,190,5,15
12714,5032,111,5,0
12715,5032,177,1,0
12716,5032,87,4,5
12717,5032,30,3,5
12718,5033,119,4,0
12719,5034,172,1,10
12720,5034,56,5,20
12721,5034,41,1,25
12722,5035,78,3,15
12723,5036,52,3,20
12724,5036,86,2,0
12725,5036,23,1,0
12726,5037,127,5,25
12727,5037,151,2,0
12728,5037,118,4,0
12729,5037,90,4,15
12730,5038,187,2,20
12731,5038,121,3,5
12732,5038,57,2,25
12733,5038,85,4,10
12734,5038,116,2,5
12735,5039,151,3,15
12736,5039,8,1,5
12737,5040,188,5,20
12738,5040,177,3,10
12739,5040,48,5,15
12740,5040,180,5,25
12741,5040,60,2,20
12742,5041,158,3,15
12743,5042,187,2,15
12744,5042,151,4,0
12745,5042,122,2,15
12746,5042,160,1,20
12747,5042,125,2,5
12748,5043,168,2,20
12749,5043,163,1,25
12750,5043,97,5,15
12751,5043,174,3,0
12752,5044,115,5,5
12753,5044,178,5,20
12754,5045,108,3,10
12755,5046,144,5,20
12756,5046,194,1,25
12757,5046,53,3,10
12758,5046,102,4,25
12759,5047,89,2,5
12760,5047,134,5,15
12761,5047,88,2,25
12762,5048,64,5,25
12763,5048,200,4,20
12764,5048,143,4,0
12765,5049,18,1,5
12766,5049,87,4,25
12767,5049,167,5,20
12768,5049,43,5,20
12769,5049,190,4,25
12770,5050,109,5,20
12771,5050,114,1,10
12772,5050,112,5,20
12773,5050,137,5,15
12774,5051,163,2,5
12775,5051,120,4,10
12776,5051,70,1,10
12777,5052,95,3,0
12778,5052,140,2,10
12779,5052,141,3,0
12780,5053,54,4,5
12781,5053,142,5,20
12782,5054,84,3,10
12783,5054,80,3,15
12784,5054,145,2,20
12785,5054,186,5,15
12786,5055,2,5,5
12787,5056,190,4,20
12788,5056,146,5,0
12789,5057,37,1,0
12790,5058,183,5,10
12791,5058,144,5,10
12792,5058,57,2,20
12793,5058,163,2,20
12794,5058,95,4,25
12795,5059,139,4,25
12796,5059,89,1,20
12797,5059,89,2,10
12798,5060,101,2,0
12799,5060,136,1,0
12800,5061,10,1,5
12801,5061,177,5,0
12802,5061,7,4,10
12803,5061,29,2,15
12804,5061,167,1,0
12805,5062,159,1,0
12806,5063,58,1,5
12807,5064,135,1,15
12808,5064,171,2,20
12809,5064,182,5,25
12810,5065,196,3,25
12811,5065,187,3,15
12812,5065,66,4,5
12813,5066,46,4,20
12814,5066,100,3,0
12815,5066,128,4,5
12816,5067,140,4,5
12817,5067,162,1,20
12818,5067,103,2,10
12819,5067,86,3,10
12820,5068,197,3,15
12821,5068,4,4,0
12822,5069,162,4,20
12823,5069,14,3,10
12824,5069,2,4,0
12825,5070,44,5,20
12826,5070,159,5,15
12827,5070,146,1,0
12828,5070,21,4,25
12829,5071,110,2,0
12830,5071,86,5,20
12831,5071,121,2,0
12832,5071,71,3,25
12833,5071,11,2,25
12834,5072,64,1,10
12835,5072,35,2,10
12836,5073,44,3,5
12837,5074,195,2,5
12838,5075,9,5,25
12839,5076,173,1,5
12840,5076,175,4,25
12841,5076,80,5,20
12842,5077,62,5,0
12843,5077,154,1,0
12844,5077,189,1,0
12845,5077,34,5,10
12846,5078,193,1,0
12847,5078,186,4,5
12848,5078,57,3,25
12849,5078,67,4,25
12850,5079,128,4,25
12851,5079,180,5,25
12852,5080,94,2,15
12853,5080,141,5,0
12854,5081,137,2,15
12855,5081,131,1,10
12856,5082,68,2,5
12857,5083,139,2,20
12858,5084,21,5,15
12859,5085,156,5,20
12860,5085,11,3,20
12861,5086,178,1,20
12862,5086,141,1,15
12863,5087,1,1,0
12864,5088,96,5,0
12865,5088,148,4,15
12866,5088,3,4,10
12867,5088,192,3,5
12868,5088,162,3,15
12869,5089,161,5,5
12870,5089,23,4,25
12871,5089,187,2,20
12872,5089,145,1,10
12873,5089,93,3,0
12874,5090,91,4,25
12875,5090,182,3,25
12876,5090,176,2,0
12877,5091,35,3,10
12878,5092,108,3,5
12879,5092,134,3,20
12880,5093,95,2,25
12881,5093,88,2,25
12882,5093,148,2,10
12883,5093,35,1,25
12884,5094,145,1,10
12885,5094,40,3,20
12886,5095,183,3,5
12887,5095,46,5,20
12888,5096,24,2,25
12889,5096,123,5,0
12890,5097,123,4,5
12891,5097,40,3,10
12892,5098,28,3,15
12893,5099,57,2,5
12894,5100,119,5,20
12895,5100,181,3,10
12896,5100,160,2,0
12897,5100,84,1,15
12898,5100,157,5,20
12899,5101,125,3,20
12900,5101,184,3,5
12901,5102,90,4,5
12902,5103,70,5,5
12903,5103,198,3,20
12904,5103,130,4,15
12905,5104,68,1,0
12906,5104,194,4,20
12907,5104,109,3,15
12908,5105,158,1,0
12909,5106,105,3,10
12910,5106,171,2,25
12911,5106,61,4,0
12912,5106,21,3,0
12913,5107,87,3,0
12914,5107,189,1,10
12915,5107,200,1,15
12916,5108,125,3,15
12917,5108,132,4,0
12918,5109,167,2,5
12919,5109,96,5,15
12920,5109,97,4,5
12921,5110,101,5,0
12922,5111,150,1,0
12923,5111,158,4,5
12924,5111,197,2,5
12925,5112,100,2,10
12926,5112,49,4,20
12927,5112,112,2,0
12928,5113,116,1,0
12929,5113,162,2,25
12930,5113,185,1,25
12931,5113,194,4,25
12932,5113,143,5,20
12933,5114,115,5,0
12934,5115,63,2,25
12935,5115,184,2,5
12936,5115,26,4,10
12937,5115,147,3,20
12938,5115,103,3,20
12939,5116,20,4,0
12940,5116,83,5,0
12941,5117,56,1,15
12942,5118,25,3,15
12943,5119,11,1,0
12944,5120,159,5,10
12945,5120,132,4,5
12946,5120,69,3,0
12947,5120,197,1,25
12948,5120,21,2,20
12949,5121,124,2,0
12950,5121,55,1,0
12951,5121,95,1,20
12952,5121,99,5,0
12953,5122,200,3,25
12954,5123,110,5,25
12955,5123,30,1,15
12956,5124,183,4,10
12957,5124,61,2,15
12958,5124,53,1,10
12959,5124,48,3,5
12960,5125,138,2,25
12961,5126,39,3,25
12962,5126,71,2,20
12963,5126,86,1,10
12964,5127,62,5,10
12965,5127,25,1,5
12966,5127,80,1,20
12967,5128,124,3,5
12968,5128,185,4,0
12969,5129,177,4,15
12970,5129,95,3,25
12971,5129,56,1,0
12972,5130,58,1,20
12973,5131,105,2,15
12974,5132,123,3,0
12975,5132,197,1,20
12976,5132,195,3,5
12977,5132,42,5,10
12978,5133,34,2,0
12979,5133,80,2,5
12980,5133,182,1,25
12981,5133,2,4,5
12982,5133,60,1,10
12983,5134,8,3,15
12984,5135,139,2,15
12985,5135,126,2,10
12986,5136,190,3,15
12987,5137,180,2,25
12988,5137,163,3,15
12989,5137,173,3,5
12990,5137,186,4,15
12991,5137,190,3,20
12992,5138,154,5,20
12993,5138,63,3,25
12994,5138,189,1,20
12995,5139,154,1,15
12996,5140,114,2,15
12997,5140,111,4,0
12998,5141,110,2,10
12999,5141,153,2,15
13000,5141,126,2,10
13001,5142,82,4,10
13002,5143,68,1,10
13003,5143,54,5,15
13004,5143,102,1,20
13005,5143,200,4,0
13006,5143,79,5,20
13007,5144,148,3,0
13008,5144,164,1,20
13009,5145,94,1,10
13010,5145,200,5,15
13011,5145,140,4,5
13012,5146,101,5,25
13013,5147,180,5,10
13014,5148,82,4,0
13015,5149,133,5,25
13016,5150,17,2,10
13017,5150,159,2,25
13018,5150,24,4,15
13019,5150,95,3,25
13020,5150,8,2,25
13021,5151,28,1,20
13022,5151,52,5,20
13023,5152,132,2,20
13024,5153,94,4,5
13025,5153,117,5,15
13026,5154,59,4,15
13027,5154,136,5,25
13028,5154,134,5,0
13029,5155,25,5,15
13030,5155,42,2,5
13031,5155,25,3,5
13032,5156,27,1,25
13033,5157,46,3,5
13034,5158,70,1,10
13035,5159,67,3,25
13036,5159,76,1,15
13037,5160,34,1,0
13038,5160,189,1,5
13039,5161,82,5,15
13040,5161,102,4,20
13041,5161,200,3,15
13042,5161,26,1,5
13043,5161,157,2,25
13044,5162,90,2,0
13045,5162,19,5,5
13046,5162,104,2,5
13047,5162,149,3,20
13048,5162,125,3,15
13049,5163,122,5,20
13050,5163,193,4,25
13051,5163,127,4,0
13052,5163,44,4,15
13053,5163,93,1,10
13054,5164,178,5,5
13055,5164,80,1,0
13056,5165,16,5,15
13057,5166,155,1,0
13058,5167,70,1,20
13059,5168,18,2,15
13060,5168,105,2,0
13061,5169,105,4,15
13062,5169,23,1,5
13063,5170,194,1,0
13064,5171,24,4,10
13065,5171,94,1,25
13066,5172,192,5,25
13067,5172,136,5,5
13068,5173,68,4,15
13069,5173,57,1,0
13070,5173,28,1,25
13071,5174,8,4,0
13072,5174,1,2,0
13073,5174,192,5,10
13074,5174,150,4,5
13075,5175,124,1,15
13076,5175,30,2,10
13077,5176,84,3,10
13078,5177,30,5,10
13079,5177,17,2,25
13080,5177,33,2,25
13081,5178,35,4,15
13082,5178,86,1,20
13083,5178,139,1,0
13084,5179,123,1,25
13085,5179,177,3,15
13086,5179,146,3,20
13087,5179,186,1,10
13088,5180,84,4,20
13089,5181,198,5,10
13090,5181,126,1,10
13091,5182,162,2,10
13092,5182,19,2,0
13093,5182,12,3,25
13094,5183,89,1,10
13095,5183,131,2,25
13096,5183,141,3,5
13097,5183,101,3,15
13098,5183,130,3,25
13099,5184,141,4,20
13100,5185,124,3,10
13101,5185,199,2,0
13102,5186,39,4,20
13103,5187,158,1,0
13104,5187,118,3,10
13105,5187,112,1,25
13106,5187,133,3,0
13107,5187,43,1,10
13108,5188,68,1,10
13109,5188,131,2,10
13110,5189,90,4,15
13111,5190,194,5,5
13112,5191,88,3,0
13113,5191,58,2,0
13114,5192,73,4,0
13115,5192,123,4,20
13116,5192,20,5,25
13117,5193,73,2,20
13118,5193,177,2,20
13119,5194,95,4,25
13120,5194,141,3,15
13121,5195,105,3,0
13122,5195,88,3,15
13123,5195,97,4,10
13124,5196,69,3,5
13125,5196,21,2,20
13126,5196,107,4,20
13127,5196,33,2,15
13128,5197,46,4,25
13129,5197,166,5,10
13130,5197,187,2,25
13131,5197,52,4,25
13132,5198,76,1,10
13133,5198,162,1,15
13134,5198,181,1,15
13135,5199,93,4,25
13136,5200,60,2,5
13137,5200,142,2,15
13138,5201,29,2,20
13139,5201,29,3,5
13140,5202,5,1,5
13141,5202,140,4,25
13142,5202,63,3,25
13143,5203,2,2,15
13144,5203,47,4,25
13145,5203,86,4,5
13146,5203,149,3,5
13147,5204,33,3,5
13148,5204,153,2,5
13149,5204,110,4,10
13150,5205,181,3,5
13151,5205,177,1,20
13152,5206,35,4,25
13153,5206,7,4,10
13154,5206,153,5,25
13155,5207,28,4,25
13156,5207,56,1,0
13157,5207,112,1,0
13158,5208,183,2,10
13159,5208,185,1,5
13160,5208,110,1,5
13161,5209,108,1,20
13162,5210,37,4,20
13163,5210,29,3,25
13164,5211,114,3,25
13165,5211,135,3,20
13166,5212,144,4,10
13167,5212,184,3,25
13168,5213,41,5,0
13169,5213,12,5,5
13170,5213,28,5,20
13171,5213,168,2,20
13172,5214,148,4,5
13173,5214,94,3,5
13174,5214,60,1,5
13175,5214,62,3,20
13176,5214,185,4,5
13177,5215,103,5,10
13178,5216,5,2,20
13179,5216,84,1,10
13180,5217,69,5,15
13181,5217,168,1,0
13182,5217,13,1,15
13183,5218,170,2,5
13184,5218,160,1,0
13185,5218,13,3,25
13186,5219,197,2,0
13187,5219,158,5,25
13188,5219,138,5,5
13189,5219,153,4,25
13190,5220,191,1,15
13191,5220,50,2,0
13192,5220,47,3,15
13193,5221,179,4,0
13194,5221,68,2,0
13195,5222,99,2,0
13196,5222,68,1,5
13197,5222,69,5,20
13198,5223,170,5,20
13199,5223,146,2,25
13200,5224,75,2,0
13201,5224,127,1,25
13202,5224,31,3,5
13203,5224,39,2,0
13204,5224,47,5,25
13205,5225,196,3,0
13206,5225,94,2,15
13207,5226,123,4,10
13208,5227,186,3,20
13209,5227,47,3,5
13210,5228,194,2,10
13211,5228,43,3,10
13212,5228,178,4,10
13213,5229,147,3,15
13214,5229,100,2,10
13215,5230,149,2,20
13216,5230,197,5,20
13217,5230,108,1,20
13218,5230,118,3,5
13219,5230,133,5,25
13220,5231,47,5,0
13221,5231,114,1,5
13222,5231,110,2,10
13223,5232,81,5,10
13224,5232,33,2,10
13225,5233,172,2,0
13226,5233,111,4,5
13227,5233,14,5,5
13228,5234,186,5,20
13229,5235,133,3,25
13230,5236,169,4,0
13231,5236,171,1,20
13232,5237,105,2,5
13233,5237,105,3,20
13234,5237,21,5,10
13235,5237,4,4,15
13236,5238,160,3,5
13237,5238,84,1,10
13238,5239,86,4,25
13239,5240,39,5,15
13240,5240,87,3,20
13241,5240,59,2,20
13242,5240,66,1,20
13243,5240,178,4,5
13244,5241,30,5,20
13245,5241,89,1,10
13246,5241,96,2,20
13247,5242,132,3,15
13248,5242,147,4,10
13249,5242,171,2,20
13250,5242,76,4,5
13251,5242,99,3,20
13252,5243,44,4,25
13253,5243,111,4,0
13254,5244,32,2,0
13255,5244,185,4,15
13256,5245,195,1,10
13257,5245,190,5,25
13258,5246,107,3,25
13259,5246,179,1,10
13260,5246,182,5,15
13261,5247,15,5,15
13262,5247,42,5,25
13263,5247,74,1,0
13264,5248,4,4,15
13265,5248,187,4,10
13266,5248,162,3,25
13267,5249,71,1,10
13268,5249,109,1,5
13269,5249,15,1,20
13270,5249,114,2,5
13271,5249,138,3,25
13272,5250,102,3,20
13273,5250,161,1,25
13274,5250,186,5,0
13275,5250,90,2,20
13276,5251,4,3,25
13277,5251,57,3,15
13278,5251,85,1,5
13279,5251,39,3,25
13280,5251,7,2,0
13281,5252,122,1,25
13282,5253,58,1,20
13283,5253,129,3,25
13284,5253,71,2,5
13285,5253,163,3,20
13286,5254,154,5,5
13287,5254,195,4,25
13288,5254,199,4,5
13289,5255,129,5,10
13290,5256,162,4,0
13291,5257,133,5,15
13292,5257,161,2,25
13293,5257,170,4,10
13294,5257,75,4,15
13295,5258,65,4,25
13296,5259,16,1,25
13297,5260,22,1,20
13298,5260,69,2,20
13299,5260,182,5,0
13300,5260,22,4,25
13301,5261,164,2,10
13302,5261,133,4,10
13303,5262,27,3,15
13304,5262,6,1,5
13305,5262,81,2,0
13306,5263,4,5,10
13307,5263,182,5,25
13308,5264,73,1,5
13309,5265,166,3,10
13310,5265,159,5,25
13311,5266,18,5,10
13312,5267,187,3,0
13313,5267,30,4,15
13314,5267,76,5,10
13315,5267,6,2,10
13316,5267,70,3,20
13317,5268,178,2,10
13318,5269,58,1,10
13319,5269,134,1,5
13320,5269,84,3,0
13321,5269,47,4,25
13322,5269,71,1,0
13323,5270,144,5,25
13324,5271,52,5,25
13325,5271,115,3,10
13326,5272,160,5,25
13327,5272,200,4,20
13328,5273,16,4,25
13329,5273,104,4,10
13330,5273,51,1,15
13331,5273,116,2,20
13332,5273,125,3,0
13333,5274,39,4,20
13334,5274,113,2,15
13335,5275,42,1,20
13336,5275,76,5,0
13337,5275,115,4,10
13338,5275,86,3,20
13339,5275,75,5,25
13340,5276,151,1,0
13341,5276,108,4,0
13342,5276,124,2,25
13343,5277,71,4,10
13344,5277,46,2,0
13345,5278,149,5,0
13346,5278,74,2,0
13347,5278,92,1,25
13348,5278,147,4,0
13349,5278,124,1,25
13350,5279,191,1,5
13351,5280,164,1,5
13352,5281,165,2,10
13353,5281,156,2,10
13354,5281,11,5,25
13355,5282,104,1,20
13356,5282,59,1,5
13357,5283,131,4,5
13358,5283,141,5,20
13359,5284,31,5,20
13360,5285,186,5,20
13361,5285,193,2,5
13362,5286,140,3,0
13363,5286,15,4,20
13364,5286,36,4,25
13365,5287,164,5,5
13366,5288,20,2,5
13367,5288,67,1,20
13368,5289,25,1,25
13369,5290,14,2,5
13370,5290,89,5,25
13371,5291,25,4,5
13372,5291,55,3,10
13373,5291,55,3,5
13374,5292,164,1,0
13375,5292,96,3,20
13376,5292,179,5,0
13377,5292,19,5,20
13378,5293,60,1,0
13379,5293,59,1,25
13380,5293,176,3,5
13381,5294,200,4,0
13382,5294,52,3,10
13383,5294,187,1,20
13384,5294,164,3,10
13385,5295,197,1,25
13386,5295,77,2,20
13387,5296,181,1,15
13388,5297,91,3,10
13389,5297,190,1,10
13390,5298,196,3,25
13391,5298,161,3,20
13392,5298,97,3,10
13393,5298,81,2,15
13394,5298,74,4,10
13395,5299,7,4,5
13396,5299,194,2,0
13397,5300,172,2,10
13398,5301,28,5,0
13399,5301,168,4,5
13400,5301,144,5,10
13401,5301,71,5,5
13402,5302,96,4,10
13403,5302,57,1,10
13404,5303,142,1,20
13405,5303,26,1,5
13406,5304,103,2,5
13407,5305,164,2,5
13408,5305,37,5,15
13409,5305,22,5,25
13410,5305,63,1,0
13411,5306,34,1,15
13412,5306,157,1,15
13413,5306,76,4,5
13414,5306,155,3,25
13415,5307,136,1,0
13416,5307,189,5,25
13417,5307,175,1,25
13418,5307,122,3,10
13419,5308,19,1,15
13420,5309,11,4,5
13421,5310,185,2,0
13422,5310,184,5,20
13423,5311,76,4,15
13424,5311,112,2,20
13425,5312,132,1,20
13426,5312,153,4,20
13427,5313,133,2,10
13428,5313,131,3,5
13429,5314,71,1,15
13430,5314,111,3,0
13431,5315,63,4,0
13432,5315,43,5,0
13433,5315,155,2,0
13434,5316,90,1,5
13435,5316,120,1,20
13436,5316,136,1,0
13437,5317,150,5,10
13438,5317,68,4,10
13439,5318,35,3,25
13440,5318,136,5,5
13441,5319,110,3,5
13442,5319,52,3,5
13443,5319,15,3,0
13444,5319,99,2,5
13445,5319,90,2,20
13446,5320,95,4,20
13447,5320,22,1,5
13448,5320,95,2,10
13449,5320,185,1,10
13450,5320,73,3,15
13451,5321,159,5,10
13452,5321,134,1,25
13453,5322,139,3,25
13454,5322,2,1,5
13455,5322,6,5,5
13456,5323,132,5,5
13457,5323,26,1,15
13458,5323,50,3,15
13459,5323,4,1,15
13460,5323,198,3,10
13461,5324,31,5,5
13462,5324,173,5,10
13463,5324,34,5,25
13464,5325,174,2,25
13465,5325,108,2,0
13466,5326,122,4,25
13467,5326,186,1,20
13468,5326,122,2,0
13469,5326,29,3,25
13470,5326,18,1,0
13471,5327,12,5,10
13472,5328,172,5,20
13473,5329,147,5,0
13474,5329,171,3,15
13475,5330,122,5,25
13476,5331,141,3,20
13477,5331,106,3,25
13478,5331,156,1,15
13479,5332,159,4,0
13480,5332,138,3,25
13481,5333,14,3,5
13482,5333,166,1,0
13483,5333,107,2,5
13484,5333,71,1,0
13485,5333,111,4,5
13486,5334,56,1,5
13487,5334,154,2,5
13488,5335,198,4,5
13489,5335,103,1,15
13490,5336,148,5,10
13491,5336,68,5,20
13492,5336,155,5,5
13493,5336,96,5,15
13494,5337,79,3,20
13495,5337,88,2,0
13496,5337,36,3,0
13497,5337,128,3,20
13498,5337,193,1,25
13499,5338,107,3,20
13500,5338,164,5,15
13501,5338,164,1,10
13502,5339,111,3,25
13503,5339,5,1,0
13504,5339,197,3,20
13505,5339,21,2,5
13506,5340,125,1,20
13507,5340,163,3,15
13508,5340,43,4,5
13509,5341,29,4,5
13510,5342,18,3,15
13511,5342,119,4,0
13512,5342,91,4,10
13513,5342,57,3,10
13514,5343,165,1,5
13515,5344,98,3,20
13516,5344,62,1,0
13517,5344,99,5,25
13518,5345,73,3,5
13519,5345,145,4,15
13520,5345,166,2,10
13521,5345,163,2,10
13522,5345,168,4,0
13523,5346,21,3,20
13524,5346,44,4,20
13525,5346,26,1,5
13526,5347,191,4,20
13527,5347,128,3,25
13528,5347,38,5,20
13529,5348,6,4,15
13530,5349,146,1,10
13531,5349,106,2,25
13532,5350,112,3,5
13533,5351,16,3,10
13534,5351,187,5,15
13535,5352,196,5,15
13536,5353,167,5,15
13537,5353,117,1,10
13538,5353,113,4,0
13539,5354,105,4,25
13540,5354,2,1,25
13541,5354,24,2,25
13542,5354,141,1,0
13543,5354,37,3,5
13544,5355,18,5,0
13545,5356,10,1,20
13546,5356,130,2,25
13547,5356,165,3,25
13548,5356,56,2,10
13549,5356,57,4,10
13550,5357,157,3,15
13551,5357,4,2,20
13552,5357,32,4,5
13553,5357,171,2,15
13554,5357,85,5,25
13555,5358,86,4,15
13556,5359,179,5,20
13557,5359,123,1,10
13558,5359,182,4,20
13559,5360,193,3,15
13560,5361,69,5,10
13561,5361,87,2,20
13562,5361,140,2,10
13563,5362,193,1,20
13564,5362,200,2,5
13565,5362,161,4,15
13566,5363,133,1,25
13567,5364,146,2,5
13568,5364,120,2,10
13569,5364,89,5,15
13570,5364,149,4,15
13571,5364,38,5,20
13572,5365,158,5,15
13573,5365,39,3,15
13574,5366,150,2,25
13575,5366,180,4,10
13576,5366,106,5,25
13577,5366,97,2,20
13578,5366,182,5,10
13579,5367,163,1,10
13580,5367,81,2,15
13581,5368,47,5,10
13582,5368,135,2,20
13583,5368,62,1,5
13584,5369,79,1,5
13585,5370,179,4,0
13586,5370,122,2,25
13587,5371,125,4,0
13588,5371,88,1,15
13589,5371,19,2,25
13590,5371,136,1,15
13591,5372,70,5,0
13592,5372,14,2,20
13593,5372,135,1,15
13594,5372,51,2,20
13595,5373,59,1,10
13596,5373,13,3,15
13597,5374,156,3,25
13598,5374,23,4,0
13599,5375,40,2,15
13600,5375,96,2,20
13601,5376,160,2,20
13602,5376,50,2,25
13603,5377,84,4,10
13604,5378,191,4,10
13605,5378,76,3,20
13606,5379,42,3,25
13607,5379,166,4,10
13608,5379,44,2,15
13609,5379,116,2,0
13610,5380,67,2,20
13611,5380,56,3,10
13612,5380,54,1,5
13613,5381,158,3,0
13614,5381,148,3,15
13615,5381,138,4,20
13616,5381,119,1,5
13617,5381,158,3,0
13618,5382,63,5,10
13619,5382,69,2,5
13620,5382,109,4,10
13621,5383,133,1,20
13622,5383,183,2,5
13623,5384,191,1,20
13624,5385,100,4,15
13625,5386,166,2,0
13626,5386,109,2,10
13627,5386,174,4,20
13628,5387,88,4,20
13629,5387,137,3,5
13630,5388,77,4,10
13631,5388,144,3,0
13632,5388,141,1,20
13633,5388,168,4,0
13634,5388,10,3,25
13635,5389,120,2,15
13636,5389,168,3,5
13637,5390,129,3,15
13638,5390,182,1,10
13639,5391,150,4,10
13640,5391,77,2,20
13641,5391,31,1,10
13642,5391,22,1,15
13643,5392,94,4,25
13644,5392,133,5,15
13645,5392,162,4,5
13646,5393,134,2,5
13647,5393,99,3,10
13648,5393,172,5,20
13649,5393,170,5,5
13650,5394,54,1,5
13651,5394,157,5,5
13652,5394,31,3,5
13653,5395,63,1,25
13654,5396,6,3,0
13655,5397,109,4,25
13656,5397,91,2,5
13657,5397,76,2,0
13658,5397,146,3,15
13659,5397,87,4,10
13660,5398,160,5,25
13661,5398,133,1,15
13662,5399,75,5,10
13663,5400,102,2,10
13664,5401,191,2,25
13665,5401,31,3,5
13666,5401,85,4,0
13667,5402,62,3,0
13668,5403,18,3,15
13669,5403,47,3,20
13670,5404,86,3,0
13671,5405,39,5,0
13672,5405,173,5,10
13673,5406,157,2,0
13674,5407,87,3,5
13675,5407,71,1,25
13676,5407,8,5,10
13677,5407,106,4,10
13678,5408,135,1,10
13679,5409,28,1,10
13680,5409,82,4,10
13681,5409,55,2,20
13682,5410,85,1,10
13683,5410,165,4,10
13684,5410,199,4,0
13685,5410,107,4,20
13686,5411,7,5,5
13687,5411,24,2,10
13688,5411,112,3,5
13689,5412,190,1,15
13690,5413,185,2,25
13691,5413,45,5,20
13692,5414,93,3,5
13693,5415,18,3,15
13694,5415,44,2,0
13695,5416,67,5,20
13696,5416,149,4,25
13697,5416,87,3,10
13698,5417,146,4,20
13699,5418,67,1,5
13700,5418,142,5,25
13701,5419,34,5,20
13702,5420,143,4,10
13703,5420,99,5,25
13704,5420,157,5,0
13705,5420,142,3,25
13706,5421,101,5,5
13707,5421,13,2,20
13708,5422,164,2,10
13709,5423,35,5,15
13710,5423,97,4,10
13711,5423,98,4,15
13712,5424,56,1,10
13713,5424,162,5,25
13714,5424,69,1,15
13715,5425,26,3,15
13716,5426,158,4,20
13717,5427,83,1,20
13718,5427,188,5,0
13719,5427,120,4,25
13720,5428,93,1,10
13721,5428,37,1,5
13722,5428,85,1,20
13723,5429,57,4,20
13724,5429,105,1,15
13725,5429,122,5,10
13726,5429,80,5,15
13727,5430,67,1,0
13728,5430,61,3,25
13729,5430,198,5,25
13730,5431,163,5,5
13731,5431,169,4,25
13732,5431,2,1,25
13733,5432,98,5,20
13734,5432,39,1,20
13735,5432,40,5,0
13736,5433,39,3,10
13737,5433,8,4,15
13738,5433,47,3,20
13739,5433,104,3,10
13740,5433,148,5,20
13741,5434,28,3,20
13742,5435,174,3,0
13743,5436,164,4,15
13744,5436,70,2,10
13745,5436,14,2,0
13746,5436,157,4,0
13747,5437,44,1,15
13748,5437,57,3,20
13749,5438,53,2,5
13750,5438,79,5,15
13751,5438,50,3,0
13752,5439,94,2,0
13753,5439,54,5,25
13754,5439,108,4,25
13755,5440,80,1,25
13756,5441,113,1,10
13757,5441,78,5,10
13758,5441,191,5,0
13759,5441,120,1,5
13760,5441,144,3,10
13761,5442,101,5,10
13762,5443,93,5,15
13763,5443,23,4,5
13764,5443,72,5,10
13765,5443,200,2,20
13766,5443,131,5,5
13767,5444,187,2,25
13768,5444,11,3,10
13769,5444,145,5,0
13770,5444,186,5,25
13771,5445,157,3,20
13772,5445,29,2,5
13773,5445,192,5,25
13774,5445,161,4,15
13775,5446,57,5,15
13776,5447,154,4,0
13777,5448,7,5,15
13778,5449,185,1,25
13779,5449,125,5,0
13780,5450,75,5,20
13781,5451,10,2,5
13782,5452,42,4,5
13783,5453,27,2,25
13784,5454,195,3,25
13785,5454,27,4,15
13786,5454,109,5,20
13787,5454,54,4,15
13788,5454,171,1,5
13789,5455,148,1,20
13790,5455,143,3,25
13791,5455,15,5,10
13792,5456,66,2,10
13793,5456,11,1,5
13794,5456,199,5,5
13795,5456,124,2,0
13796,5456,95,3,5
13797,5457,23,2,10
13798,5457,132,5,15
13799,5457,14,4,10
13800,5458,119,1,5
13801,5458,173,3,10
13802,5458,186,3,5
13803,5459,15,5,20
13804,5459,32,3,20
13805,5460,30,5,10
13806,5461,76,5,0
13807,5461,167,3,25
13808,5461,3,1,25
13809,5462,159,5,10
13810,5462,24,4,20
13811,5463,96,1,10
13812,5463,36,5,5
13813,5464,86,3,0
13814,5464,6,4,5
13815,5464,115,2,0
13816,5464,136,5,5
13817,5465,47,3,15
13818,5465,68,4,10
13819,5465,165,3,25
13820,5465,65,5,0
13821,5465,111,2,25
13822,5466,68,3,25
13823,5466,102,5,0
13824,5467,42,2,10
13825,5468,7,4,0
13826,5469,47,4,25
13827,5469,113,2,25
13828,5469,110,1,0
13829,5469,129,5,0
13830,5470,61,5,0
13831,5471,75,3,20
13832,5471,4,5,15
13833,5471,4,4,25
13834,5471,135,2,10
13835,5471,192,5,25
13836,5472,21,3,20
13837,5472,75,3,0
13838,5472,19,1,15
13839,5473,193,3,20
13840,5473,197,4,10
13841,5473,161,5,10
13842,5473,168,5,20
13843,5473,172,4,25
13844,5474,11,5,15
13845,5474,184,3,20
13846,5475,98,3,10
13847,5475,96,5,0
13848,5475,15,1,25
13849,5476,172,5,0
13850,5477,126,2,10
13851,5477,12,1,10
13852,5478,168,2,10
13853,5478,136,3,5
13854,5478,150,5,0
13855,5479,79,5,20
13856,5479,128,5,5
13857,5480,151,1,20
13858,5480,1,5,0
13859,5481,119,1,15
13860,5481,9,2,20
13861,5481,7,2,25
13862,5481,187,5,0
13863,5482,174,1,5
13864,5483,63,2,15
13865,5483,134,1,20
13866,5483,30,1,20
13867,5484,28,3,20
13868,5484,142,2,15
13869,5485,126,2,10
13870,5486,109,4,0
13871,5487,160,3,20
13872,5487,167,3,10
13873,5487,105,5,5
13874,5487,21,1,15
13875,5488,156,1,20
13876,5488,139,3,0
13877,5488,51,5,15
13878,5488,82,2,25
13879,5489,93,5,15
13880,5489,97,2,5
13881,5490,174,3,10
13882,5490,100,4,20
13883,5490,92,2,20
13884,5490,53,4,15
13885,5490,153,2,25
13886,5491,146,3,15
13887,5492,74,1,10
13888,5492,115,5,5
13889,5492,118,4,0
13890,5492,38,5,20
13891,5493,96,3,25
13892,5493,37,5,25
13893,5493,131,1,0
13894,5494,33,3,15
13895,5495,17,3,0
13896,5495,38,2,10
13897,5495,144,1,10
13898,5496,171,5,10
13899,5496,146,3,25
13900,5496,30,1,0
13901,5496,93,3,20
13902,5496,101,4,25
13903,5497,35,5,15
13904,5497,137,3,0
13905,5497,136,3,15
13906,5497,119,5,20
13907,5498,104,2,5
13908,5498,186,1,15
13909,5499,43,2,20
13910,5500,35,4,10
13911,5501,165,4,5
13912,5501,195,3,10
13913,5501,66,2,20
13914,5501,14,4,15
13915,5501,73,3,5
13916,5502,22,3,20
13917,5502,86,1,10
13918,5502,173,4,20
13919,5502,67,4,25
13920,5503,105,3,10
13921,5503,167,1,10
13922,5503,14,4,20
13923,5504,173,3,20
13924,5504,83,2,5
13925,5505,112,4,5
13926,5505,90,2,20
13927,5506,121,1,15
13928,5506,155,3,10
13929,5507,66,2,25
13930,5507,163,3,20
13931,5507,143,4,20
13932,5507,107,2,10
13933,5508,125,5,10
13934,5508,99,1,0
13935,5508,194,2,20
13936,5509,67,3,0
13937,5509,182,2,0
13938,5509,192,2,20
13939,5510,172,5,20
13940,5510,8,2,0
13941,5510,53,4,5
13942,5511,7,5,10
13943,5512,107,2,10
13944,5512,8,3,15
13945,5513,94,2,0
13946,5513,67,5,15
13947,5513,67,2,0
13948,5513,13,4,25
13949,5513,110,3,15
13950,5514,120,4,5
13951,5515,113,4,0
13952,5515,120,4,0
13953,5515,111,5,10
13954,5515,35,1,25
13955,5516,35,2,25
13956,5516,47,3,20
13957,5517,135,3,5
13958,5517,161,2,20
13959,5517,71,1,15
13960,5518,182,3,20
13961,5518,115,5,20
13962,5519,167,3,15
13963,5519,163,3,0
13964,5519,30,5,0
13965,5519,124,4,20
13966,5519,30,2,0
13967,5520,178,1,0
13968,5521,60,3,15
13969,5522,174,1,10
13970,5522,154,3,25
13971,5523,155,2,5
13972,5523,103,1,0
13973,5524,167,4,15
13974,5524,125,3,15
13975,5524,120,2,0
13976,5525,57,2,10
13977,5525,184,1,0
13978,5525,124,1,5
13979,5525,120,2,20
13980,5525,185,2,10
13981,5526,188,3,20
13982,5526,122,2,5
13983,5526,199,5,15
13984,5526,141,4,0
13985,5527,121,4,10
13986,5527,195,1,5
13987,5528,69,5,5
13988,5528,154,5,0
13989,5528,37,1,15
13990,5528,172,1,25
13991,5528,87,3,20
13992,5529,133,5,25
13993,5529,48,5,5
13994,5529,117,4,10
13995,5529,47,2,5
13996,5530,90,4,10
13997,5531,89,1,25
13998,5531,81,1,20
13999,5531,37,4,25
14000,5531,85,3,0
14001,5531,1,4,15
14002,5532,92,5,10
14003,5532,133,5,5
14004,5532,71,4,5
14005,5532,84,5,0
14006,5532,75,1,20
14007,5533,197,1,0
14008,5534,29,4,20
14009,5534,143,1,5
14010,5534,198,5,0
14011,5535,46,3,20
14012,5536,91,3,5
14013,5536,93,1,10
14014,5537,161,2,10
14015,5537,76,2,15
14016,5538,172,2,0
14017,5538,70,4,0
14018,5538,185,3,20
14019,5539,145,1,20
14020,5539,12,3,20
14021,5539,78,4,20
14022,5540,94,2,10
14023,5540,60,2,0
14024,5540,97,4,15
14025,5541,104,1,10
14026,5541,87,2,5
14027,5541,108,5,5
14028,5542,56,5,5
14029,5543,196,2,0
14030,5543,96,1,5
14031,5543,91,5,0
14032,5544,39,5,20
14033,5544,68,4,25
14034,5544,195,5,5
14035,5545,8,3,5
14036,5545,122,5,20
14037,5546,80,1,20
14038,5546,135,4,15
14039,5547,130,1,20
14040,5547,137,4,10
14041,5548,178,5,15
14042,5548,72,4,15
14043,5549,81,5,5
14044,5550,94,2,5
14045,5550,134,3,15
14046,5551,183,1,5
14047,5551,32,2,5
14048,5551,171,4,0
14049,5552,31,1,20
14050,5552,36,2,10
14051,5552,114,2,15
14052,5553,169,2,20
14053,5553,60,2,10
14054,5553,196,1,0
14055,5553,156,2,5
14056,5553,122,1,20
14057,5554,110,4,25
14058,5554,186,1,5
14059,5554,31,1,10
14060,5554,52,4,0
14061,5554,197,5,0
14062,5555,152,5,5
14063,5555,6,3,5
14064,5555,169,2,15
14065,5555,174,4,10
14066,5556,57,1,5
14067,5556,136,3,15
14068,5556,189,5,10
14069,5556,63,2,0
14070,5557,94,2,0
14071,5557,104,4,10
14072,5557,176,3,25
14073,5557,74,3,25
14074,5557,3,4,25
14075,5558,66,2,0
14076,5558,123,5,15
14077,5558,133,2,0
14078,5558,13,3,15
14079,5558,92,2,10
14080,5559,128,3,25
14081,5559,132,2,15
14082,5560,73,5,25
14083,5561,35,5,25
14084,5561,155,4,15
14085,5562,193,5,0
14086,5562,3,4,25
14087,5562,59,1,0
14088,5562,124,2,0
14089,5562,144,2,15
14090,5563,177,3,5
14091,5564,186,3,5
14092,5565,139,2,0
14093,5566,133,1,0
14094,5566,140,5,15
14095,5566,195,3,5
14096,5566,159,3,25
14097,5567,60,2,0
14098,5567,68,4,10
14099,5568,149,2,25
14100,5569,84,3,20
14101,5569,79,1,0
14102,5569,157,4,25
14103,5570,96,5,15
14104,5570,187,4,25
14105,5571,190,4,25
14106,5571,152,5,15
14107,5571,147,4,0
14108,5571,144,4,0
14109,5571,157,5,20
14110,5572,191,2,10
14111,5572,69,2,15
14112,5572,109,2,20
14113,5572,55,1,15
14114,5572,163,4,0
14115,5573,126,4,5
14116,5573,62,1,25
14117,5574,160,4,15
14118,5575,149,3,0
14119,5575,109,2,0
14120,5576,64,1,10
14121,5577,149,1,10
14122,5577,120,2,0
14123,5578,80,2,0
14124,5578,92,5,15
14125,5578,30,4,0
14126,5578,93,1,10
14127,5578,175,1,5
14128,5579,86,1,20
14129,5580,53,5,25
14130,5580,103,1,10
14131,5580,172,1,0
14132,5580,144,1,20
14133,5580,194,5,5
14134,5581,43,2,20
14135,5581,194,2,5
14136,5582,143,1,0
14137,5582,104,3,10
14138,5583,99,3,5
14139,5584,71,3,20
14140,5585,18,5,15
14141,5585,41,2,20
14142,5585,103,1,5
14143,5585,75,2,25
14144,5585,199,2,25
14145,5586,185,2,15
14146,5586,26,4,15
14147,5586,61,2,15
14148,5587,197,4,0
14149,5587,95,2,20
14150,5587,197,5,10
14151,5588,66,3,5
14152,5589,76,5,25
14153,5589,5,3,10
14154,5589,185,1,5
14155,5589,42,2,15
14156,5590,24,3,5
14157,5590,95,4,20
14158,5591,87,2,20
14159,5591,179,3,25
14160,5592,87,3,20
14161,5593,33,5,25
14162,5594,28,3,25
14163,5594,161,1,10
14164,5595,80,4,5
14165,5596,98,3,5
14166,5597,23,5,5
14167,5597,51,4,15
14168,5598,87,2,25
14169,5598,1,2,10
14170,5598,70,4,0
14171,5598,37,5,0
14172,5598,92,3,5
14173,5599,148,1,5
14174,5599,35,2,10
14175,5599,161,3,15
14176,5599,195,1,0
14177,5599,27,1,0
14178,5600,75,3,10
14179,5600,124,5,5
14180,5600,110,3,5
14181,5601,119,3,20
14182,5601,196,2,25
14183,5602,104,2,5
14184,5602,38,5,25
14185,5602,143,4,25
14186,5602,25,5,25
14187,5603,129,5,0
14188,5604,130,4,5
14189,5604,91,5,0
14190,5604,37,3,15
14191,5605,2,3,25
14192,5606,50,1,25
14193,5606,38,3,0
14194,5607,34,1,10
14195,5608,15,5,20
14196,5608,25,3,20
14197,5608,181,2,0
14198,5608,68,1,15
14199,5609,27,1,25
14200,5609,21,5,0
14201,5609,82,3,0
14202,5610,43,2,10
14203,5610,140,1,15
14204,5610,65,2,0
14205,5610,80,5,20
14206,5610,185,4,5
14207,5611,54,2,0
14208,5611,174,1,25
14209,5611,48,4,20
14210,5611,56,5,15
14211,5611,15,1,15
14212,5612,49,3,20
14213,5612,86,2,20
14214,5612,169,1,0
14215,5612,30,2,15
14216,5613,23,1,25
14217,5614,90,1,25
14218,5614,104,3,15
14219,5614,91,4,25
14220,5615,173,4,0
14221,5615,50,5,15
14222,5616,19,1,0
14223,5616,123,4,25
14224,5616,199,3,15
14225,5617,58,3,0
14226,5617,161,2,15
14227,5617,26,5,10
14228,5618,10,4,0
14229,5618,71,5,25
14230,5618,192,3,10
14231,5618,112,1,0
14232,5619,132,1,0
14233,5619,130,3,15
14234,5619,82,1,5
14235,5620,34,1,15
14236,5621,125,2,15
14237,5621,190,1,10
14238,5621,111,5,10
14239,5622,158,2,25
14240,5622,63,1,25
14241,5622,73,4,15
14242,5622,135,3,15
14243,5623,59,5,20
14244,5623,59,3,20
14245,5623,108,2,25
14246,5623,8,1,20
14247,5623,142,3,10
14248,5624,86,1,25
14249,5624,42,3,5
14250,5624,144,3,5
14251,5624,29,2,20
14252,5625,96,3,5
14253,5626,31,2,25
14254,5626,10,2,10
14255,5627,46,5,10
14256,5627,116,2,25
14257,5628,51,5,0
14258,5629,3,4,15
14259,5630,48,5,25
14260,5630,41,3,5
14261,5630,74,3,5
14262,5631,53,2,25
14263,5632,196,1,25
14264,5632,23,2,5
14265,5632,116,4,5
14266,5633,71,2,0
14267,5633,113,4,25
14268,5633,149,4,20
14269,5633,123,1,20
14270,5633,158,5,25
14271,5634,69,3,5
14272,5634,36,1,10
14273,5634,147,4,20
14274,5634,136,5,10
14275,5635,172,3,10
14276,5635,78,2,25
14277,5635,122,2,0
14278,5636,89,5,0
14279,5636,106,2,25
14280,5636,162,1,20
14281,5636,20,5,5
14282,5637,46,5,0
14283,5637,92,5,10
14284,5637,118,2,15
14285,5637,115,4,25
14286,5637,133,4,20
14287,5638,141,4,15
14288,5638,10,3,20
14289,5638,24,2,25
14290,5638,116,5,15
14291,5639,36,5,20
14292,5639,37,3,15
14293,5639,52,3,20
14294,5639,171,3,25
14295,5640,199,5,5
14296,5641,38,1,0
14297,5641,160,5,10
14298,5641,90,4,10
14299,5642,124,4,20
14300,5642,3,1,15
14301,5643,137,2,20
14302,5643,164,2,15
14303,5644,130,5,25
14304,5645,200,5,20
14305,5645,95,1,10
14306,5646,89,1,20
14307,5646,101,3,15
14308,5646,170,5,0
14309,5647,105,5,0
14310,5647,197,4,5
14311,5647,196,2,0
14312,5648,65,1,10
14313,5648,32,3,5
14314,5649,90,3,20
14315,5649,26,2,15
14316,5650,12,2,15
14317,5650,197,5,20
14318,5650,190,2,0
14319,5651,5,3,20
14320,5652,43,1,20
14321,5652,62,3,15
14322,5652,75,3,0
14323,5653,136,1,10
14324,5653,106,5,25
14325,5654,199,3,25
14326,5654,164,1,15
14327,5654,190,1,25
14328,5654,77,1,10
14329,5655,194,5,0
14330,5655,184,3,15
14331,5655,90,4,5
14332,5656,20,1,20
14333,5656,115,2,20
14334,5656,181,5,10
14335,5656,53,3,20
14336,5657,120,5,25
14337,5657,13,2,10
14338,5657,98,3,0
14339,5658,18,4,20
14340,5659,155,5,15
14341,5659,1,4,15
14342,5660,166,5,25
14343,5661,77,1,5
14344,5661,29,1,10
14345,5661,183,5,25
14346,5661,86,2,5
14347,5662,93,1,20
14348,5662,173,3,20
14349,5662,7,3,25
14350,5663,36,4,15
14351,5663,37,4,20
14352,5663,107,4,20
14353,5664,35,3,20
14354,5665,71,4,10
14355,5665,97,5,5
14356,5666,84,5,15
14357,5666,107,5,5
14358,5666,65,4,25
14359,5666,84,5,10
14360,5667,16,2,10
14361,5668,37,4,5
14362,5668,19,2,0
14363,5669,74,1,15
14364,5669,141,3,10
14365,5670,62,4,0
14366,5670,13,1,5
14367,5671,24,3,5
14368,5672,157,1,5
14369,5673,15,3,0
14370,5673,188,5,0
14371,5674,104,2,15
14372,5674,101,2,0
14373,5674,87,5,15
14374,5674,153,1,10
14375,5674,93,1,5
14376,5675,42,5,5
14377,5675,31,1,5
14378,5675,117,1,20
14379,5675,175,2,10
14380,5675,142,2,0
14381,5676,131,4,25
14382,5677,62,4,0
14383,5678,28,2,15
14384,5678,128,4,0
14385,5678,113,5,10
14386,5678,17,3,5
14387,5678,134,2,10
14388,5679,137,5,5
14389,5679,23,3,10
14390,5680,175,4,20
14391,5681,48,1,10
14392,5681,5,1,20
14393,5681,4,4,20
14394,5681,72,5,20
14395,5681,3,1,25
14396,5682,106,3,20
14397,5682,96,2,10
14398,5682,197,4,20
14399,5683,90,4,15
14400,5683,84,1,5
14401,5683,156,4,0
14402,5684,25,2,0
14403,5684,58,2,0
14404,5685,8,4,25
14405,5685,4,2,5
14406,5686,73,4,5
14407,5686,117,1,5
14408,5686,164,2,10
14409,5686,103,2,20
14410,5687,196,3,20
14411,5688,68,1,20
14412,5688,76,5,20
14413,5689,112,5,5
14414,5689,81,1,5
14415,5689,137,3,0
14416,5689,27,3,15
14417,5689,135,5,15
14418,5690,113,2,10
14419,5690,53,4,25
14420,5691,132,4,25
14421,5692,98,4,25
14422,5692,154,4,0
14423,5692,114,1,5
14424,5692,122,4,10
14425,5693,191,5,0
14426,5693,23,1,15
14427,5693,177,2,10
14428,5694,135,2,10
14429,5695,28,4,15
14430,5696,193,1,0
14431,5697,7,2,25
14432,5697,127,4,10
14433,5697,108,3,20
14434,5698,193,4,25
14435,5698,160,3,20
14436,5698,186,3,15
14437,5699,123,2,20
14438,5699,166,3,5
14439,5699,191,2,0
14440,5699,149,4,15
14441,5700,103,3,10
14442,5701,143,1,15
14443,5702,23,5,0
14444,5703,105,3,10
14445,5703,119,1,0
14446,5703,40,3,15
14447,5704,40,5,10
14448,5705,170,4,15
14449,5705,130,1,10
14450,5706,19,1,25
14451,5706,149,3,15
14452,5706,39,3,25
14453,5706,152,3,20
14454,5707,114,4,25
14455,5707,99,1,5
14456,5707,111,5,10
14457,5708,58,1,10
14458,5708,177,1,25
14459,5708,197,1,0
14460,5709,47,2,15
14461,5709,110,4,5
14462,5709,112,1,10
14463,5709,22,4,0
14464,5710,60,4,10
14465,5711,71,3,20
14466,5711,192,2,5
14467,5711,109,3,20
14468,5711,155,4,25
14469,5712,151,5,10
14470,5712,21,2,10
14471,5713,104,1,25
14472,5713,43,3,10
14473,5714,155,3,25
14474,5714,107,5,5
14475,5715,64,1,20
14476,5715,59,1,25
14477,5716,192,3,5
14478,5716,96,4,0
14479,5717,50,3,0
14480,5717,188,5,5
14481,5717,121,2,5
14482,5718,159,1,20
14483,5718,66,5,15
14484,5718,6,4,0
14485,5718,174,3,25
14486,5719,5,3,20
14487,5719,93,3,20
14488,5720,123,3,5
14489,5720,151,1,0
14490,5721,189,2,25
14491,5722,16,5,25
14492,5723,155,1,10
14493,5723,15,5,15
14494,5724,72,4,15
14495,5724,71,2,10
14496,5724,145,3,0
14497,5725,139,2,15
14498,5726,83,3,25
14499,5727,56,1,15
14500,5728,184,1,10
14501,5728,162,1,15
14502,5729,79,4,25
14503,5729,28,3,15
14504,5729,71,5,20
14505,5730,199,4,25
14506,5731,68,4,5
14507,5731,56,4,15
14508,5731,22,1,15
14509,5731,103,1,10
14510,5732,127,1,5
14511,5732,115,5,25
14512,5732,173,3,25
14513,5733,198,1,10
14514,5733,151,5,25
14515,5733,100,1,0
14516,5733,27,4,5
14517,5734,69,4,25
14518,5734,184,5,20
14519,5734,32,3,25
14520,5734,107,3,5
14521,5734,189,3,15
14522,5735,21,5,25
14523,5735,45,3,0
14524,5735,1,1,25
14525,5736,36,1,5
14526,5737,149,5,20
14527,5738,163,3,10
14528,5738,183,3,20
14529,5738,32,4,5
14530,5738,104,4,25
14531,5739,59,1,25
14532,5739,37,5,5
14533,5739,73,1,10
14534,5739,117,2,0
14535,5739,19,4,10
14536,5740,95,4,0
14537,5741,38,4,15
14538,5741,18,3,0
14539,5741,103,2,0
14540,5742,185,5,15
14541,5743,161,2,0
14542,5743,114,5,15
14543,5743,65,5,20
14544,5744,116,1,10
14545,5744,64,5,15
14546,5745,106,1,25
14547,5745,200,1,20
14548,5745,132,4,15
14549,5746,138,1,25
14550,5746,6,1,0
14551,5747,63,2,0
14552,5748,49,3,20
14553,5748,4,2,10
14554,5749,124,3,0
14555,5749,16,5,25
14556,5749,185,1,20
14557,5749,168,2,20
14558,5749,14,1,25
14559,5750,89,3,0
14560,5750,82,4,5
14561,5751,105,5,25
14562,5751,84,5,10
14563,5751,26,5,15
14564,5752,84,2,20
14565,5753,139,5,10
14566,5753,76,4,15
14567,5754,154,1,20
14568,5755,69,1,10
14569,5756,133,4,5
14570,5756,27,5,10
14571,5757,147,1,5
14572,5757,88,4,25
14573,5757,150,1,15
14574,5757,47,2,10
14575,5758,141,1,5
14576,5758,148,2,20
14577,5758,193,3,5
14578,5759,200,5,15
14579,5759,33,4,15
14580,5759,83,1,25
14581,5760,31,3,0
14582,5760,42,1,0
14583,5760,189,4,25
14584,5760,194,2,0
14585,5761,162,1,15
14586,5761,172,3,5
14587,5762,97,4,15
14588,5762,104,4,15
14589,5763,62,5,0
14590,5763,119,1,0
14591,5763,75,2,10
14592,5763,183,1,0
14593,5764,182,4,5
14594,5764,130,4,25
14595,5765,65,4,25
14596,5765,155,2,5
14597,5765,22,4,25
14598,5766,192,4,0
14599,5766,191,1,10
14600,5767,113,5,20
14601,5767,34,3,10
14602,5767,139,1,10
14603,5767,112,3,5
14604,5768,103,3,5
14605,5768,158,4,20
14606,5769,70,3,20
14607,5769,28,3,0
14608,5770,172,1,15
14609,5770,23,2,0
14610,5770,75,5,20
14611,5771,113,1,25
14612,5772,147,3,10
14613,5773,29,3,15
14614,5773,47,2,0
14615,5773,188,1,25
14616,5774,162,2,15
14617,5775,30,5,20
14618,5775,50,2,15
14619,5775,102,4,10
14620,5776,35,4,20
14621,5776,93,2,0
14622,5776,114,3,25
14623,5776,189,3,0
14624,5777,25,3,25
14625,5777,49,4,15
14626,5777,171,3,10
14627,5778,188,4,20
14628,5779,4,2,10
14629,5779,162,4,15
14630,5779,108,3,25
14631,5779,91,1,5
14632,5779,148,5,15
14633,5780,20,5,20
14634,5780,59,2,0
14635,5780,154,3,15
14636,5781,168,2,5
14637,5782,86,2,25
14638,5782,66,5,20
14639,5782,184,1,15
14640,5782,165,1,20
14641,5783,174,4,5
14642,5783,24,3,5
14643,5783,146,1,20
14644,5783,86,1,15
14645,5784,132,4,5
14646,5784,29,2,10
14647,5785,59,5,0
14648,5785,163,5,0
14649,5786,91,5,25
14650,5786,120,2,5
14651,5787,69,5,25
14652,5787,178,2,25
14653,5787,29,5,0
14654,5787,83,5,10
14655,5788,48,5,15
14656,5789,140,5,10
14657,5789,92,4,5
14658,5789,151,5,20
14659,5789,196,4,5
14660,5790,192,4,0
14661,5790,126,1,20
14662,5790,127,1,20
14663,5791,114,3,5
14664,5792,199,5,10
14665,5793,17,2,5
14666,5793,157,1,20
14667,5793,184,4,0
14668,5794,62,4,25
14669,5794,164,2,20
14670,5794,140,3,20
14671,5794,82,5,5
14672,5794,175,3,5
14673,5795,83,5,10
14674,5795,156,4,25
14675,5795,180,2,25
14676,5796,186,4,15
14677,5796,148,1,5
14678,5797,80,3,0
14679,5797,148,3,20
14680,5798,63,2,15
14681,5799,20,4,15
14682,5800,98,3,10
14683,5800,105,5,15
14684,5800,193,5,10
14685,5800,102,5,10
14686,5801,114,4,15
14687,5801,180,5,25
14688,5801,102,2,10
14689,5802,9,3,20
14690,5802,37,5,0
14691,5802,157,4,0
14692,5802,190,3,25
14693,5803,109,5,5
14694,5803,47,2,15
14695,5803,55,3,20
14696,5803,193,3,15
14697,5804,22,3,25
14698,5804,92,3,5
14699,5804,163,3,25
14700,5804,9,1,0
14701,5804,148,5,20
14702,5805,176,4,25
14703,5805,107,3,15
14704,5806,147,5,25
14705,5806,170,1,15
14706,5806,183,2,15
14707,5807,5,4,25
14708,5807,176,3,5
14709,5807,70,5,15
14710,5808,89,1,0
14711,5808,192,2,20
14712,5808,132,1,20
14713,5809,106,3,10
14714,5809,146,1,10
14715,5809,46,1,25
14716,5809,99,5,10
14717,5809,22,4,5
14718,5810,90,4,15
14719,5810,40,1,20
14720,5810,149,4,20
14721,5811,27,5,20
14722,5812,63,4,0
14723,5812,111,3,10
14724,5813,172,4,20
14725,5813,172,2,20
14726,5813,140,2,0
14727,5814,102,1,0
14728,5814,154,5,10
14729,5815,134,5,5
14730,5815,71,2,25
14731,5815,171,4,25
14732,5815,137,1,25
14733,5816,9,5,5
14734,5816,15,1,0
14735,5817,123,3,5
14736,5817,124,1,10
14737,5818,43,2,15
14738,5819,103,5,0
14739,5819,188,2,15
14740,5819,43,4,10
14741,5820,71,2,5
14742,5820,34,4,20
14743,5820,134,3,10
14744,5821,124,3,25
14745,5822,195,5,5
14746,5822,98,2,15
14747,5823,118,4,5
14748,5823,5,2,5
14749,5824,110,1,5
14750,5825,27,4,10
14751,5826,10,5,15
14752,5826,96,3,0
14753,5826,128,2,20
14754,5826,155,2,25
14755,5827,10,3,0
14756,5828,173,4,25
14757,5829,120,1,20
14758,5829,142,5,15
14759,5830,65,5,10
14760,5831,67,2,5
14761,5832,31,5,0
14762,5832,18,3,0
14763,5832,167,4,5
14764,5832,25,5,0
14765,5832,181,5,25
14766,5833,114,3,15
14767,5833,191,5,5
14768,5834,45,4,15
14769,5834,5,3,10
14770,5835,191,4,20
14771,5835,144,4,15
14772,5835,55,3,20
14773,5835,102,3,10
14774,5835,119,2,5
14775,5836,54,1,5
14776,5836,8,5,10
14777,5836,157,2,20
14778,5837,142,4,0
14779,5838,92,4,15
14780,5838,111,5,0
14781,5838,41,1,5
14782,5839,66,4,25
14783,5839,45,2,5
14784,5839,23,2,5
14785,5840,113,5,0
14786,5840,132,1,0
14787,5841,144,5,20
14788,5842,119,1,5
14789,5843,79,3,10
14790,5843,134,1,25
14791,5844,119,4,5
14792,5844,195,5,25
14793,5844,58,3,10
14794,5845,49,4,10
14795,5845,57,3,20
14796,5846,104,5,25
14797,5846,82,4,25
14798,5846,129,2,20
14799,5846,148,1,10
14800,5846,12,3,5
14801,5847,103,5,15
14802,5847,106,4,15
14803,5847,95,4,10
14804,5847,7,4,0
14805,5848,3,5,5
14806,5849,8,2,15
14807,5849,80,1,25
14808,5849,8,4,25
14809,5850,58,5,5
14810,5850,69,5,10
14811,5850,141,3,0
14812,5851,60,1,5
14813,5851,165,2,20
14814,5852,49,4,25
14815,5852,120,3,5
14816,5852,142,3,5
14817,5853,136,3,0
14818,5854,113,4,10
14819,5855,110,3,15
14820,5855,85,5,20
14821,5855,180,3,15
14822,5856,151,1,20
14823,5857,22,4,10
14824,5857,67,4,5
14825,5858,97,5,25
14826,5858,16,3,5
14827,5859,66,3,15
14828,5860,196,5,10
14829,5861,24,4,0
14830,5861,97,3,20
14831,5862,93,2,25
14832,5863,128,4,0
14833,5863,99,3,10
14834,5863,63,2,25
14835,5864,47,4,15
14836,5864,65,2,15
14837,5864,177,3,0
14838,5865,149,4,15
14839,5865,36,1,25
14840,5865,191,2,15
14841,5865,107,2,10
14842,5865,1,3,15
14843,5866,1,3,20
14844,5866,195,1,25
14845,5866,192,4,20
14846,5866,163,4,15
14847,5867,105,2,10
14848,5867,47,5,5
14849,5867,52,2,5
14850,5867,189,5,5
14851,5867,92,4,5
14852,5868,125,2,15
14853,5868,25,1,20
14854,5868,22,5,25
14855,5869,40,1,25
14856,5870,103,1,10
14857,5870,91,3,0
14858,5870,155,4,25
14859,5870,131,2,5
14860,5870,167,1,0
14861,5871,198,1,5
14862,5872,73,5,5
14863,5872,108,3,25
14864,5872,86,1,5
14865,5873,138,4,20
14866,5873,198,2,10
14867,5873,131,1,25
14868,5873,148,3,15
14869,5873,26,3,25
14870,5874,103,2,20
14871,5874,122,1,20
14872,5874,4,2,10
14873,5874,200,3,25
14874,5875,43,5,15
14875,5875,14,5,15
14876,5875,85,1,0
14877,5875,119,4,5
14878,5875,125,2,5
14879,5876,136,2,5
14880,5876,150,4,25
14881,5877,108,5,0
14882,5877,29,2,0
14883,5878,135,5,5
14884,5878,59,4,10
14885,5879,183,5,20
14886,5880,71,2,15
14887,5880,131,2,20
14888,5880,21,4,10
14889,5881,92,2,15
14890,5881,103,4,0
14891,5882,66,1,20
14892,5883,183,1,0
14893,5883,62,4,10
14894,5883,48,3,20
14895,5884,128,1,0
14896,5885,106,4,0
14897,5885,79,2,5
14898,5885,186,4,10
14899,5886,77,1,0
14900,5886,150,3,20
14901,5886,116,3,15
14902,5887,130,3,25
14903,5887,77,2,0
14904,5887,105,4,15
14905,5888,28,2,10
14906,5889,158,3,10
14907,5890,60,3,20
14908,5890,83,3,5
14909,5890,8,5,20
14910,5890,162,4,0
14911,5890,147,4,20
14912,5891,66,5,5
14913,5892,135,5,5
14914,5892,148,2,25
14915,5892,78,2,25
14916,5893,168,5,0
14917,5893,23,2,25
14918,5893,49,4,5
14919,5894,150,2,20
14920,5895,39,5,20
14921,5895,117,4,15
14922,5895,139,4,5
14923,5896,32,2,10
14924,5897,4,2,10
14925,5897,123,3,5
14926,5897,63,5,25
14927,5897,88,1,25
14928,5897,49,5,15
14929,5898,136,5,15
14930,5898,58,1,10
14931,5898,7,4,10
14932,5899,27,5,20
14933,5900,129,5,20
14934,5900,102,4,5
14935,5901,26,5,5
14936,5902,101,4,10
14937,5902,106,2,5
14938,5902,172,1,5
14939,5902,75,5,10
14940,5902,100,4,0
14941,5903,34,4,15
14942,5904,143,1,25
14943,5905,107,4,0
14944,5905,68,5,0
14945,5906,51,5,5
14946,5906,75,2,25
14947,5906,4,4,20
14948,5907,8,2,10
14949,5907,190,3,15
14950,5908,69,1,15
14951,5908,116,2,0
14952,5908,160,1,15
14953,5908,145,1,5
14954,5908,44,1,20
14955,5909,158,5,0
14956,5909,55,2,15
14957,5909,56,1,0
14958,5910,22,2,20
14959,5910,143,1,20
14960,5910,175,4,5
14961,5910,155,4,25
14962,5911,105,2,20
14963,5911,39,2,0
14964,5912,147,1,25
14965,5912,43,2,15
14966,5912,108,4,10
14967,5912,96,3,5
14968,5913,139,2,15
14969,5914,168,2,25
14970,5914,83,4,20
14971,5915,195,5,20
14972,5915,127,2,10
14973,5916,102,5,25
14974,5916,160,2,20
14975,5917,26,5,10
14976,5918,200,2,0
14977,5918,199,3,15
14978,5918,145,3,20
14979,5919,148,2,20
14980,5919,108,5,5
14981,5919,142,2,25
14982,5920,10,2,20
14983,5920,95,3,15
14984,5920,187,2,20
14985,5921,148,3,20
14986,5921,171,3,5
14987,5922,31,1,10
14988,5922,189,3,20
14989,5922,89,4,0
14990,5923,145,4,20
14991,5923,7,3,20
14992,5923,191,1,20
14993,5924,151,1,5
14994,5924,152,1,0
14995,5924,135,1,20
14996,5924,22,3,0
14997,5924,118,2,20
14998,5925,69,5,20
14999,5925,53,1,20
15000,5926,17,1,0
15001,5927,126,1,10
15002,5927,176,4,5
15003,5927,127,4,5
15004,5928,52,5,25
15005,5929,129,4,0
15006,5929,72,1,20
15007,5929,165,4,0
15008,5930,151,5,10
15009,5931,63,2,5
15010,5931,8,2,5
15011,5931,94,3,10
15012,5931,10,5,0
15013,5931,64,4,5
15014,5932,182,4,25
15015,5932,121,4,25
15016,5933,64,1,0
15017,5933,175,3,0
15018,5933,197,2,15
15019,5933,101,3,0
15020,5934,177,2,0
15021,5935,111,4,20
15022,5935,196,1,5
15023,5936,59,5,10
15024,5937,59,3,25
15025,5938,102,2,25
15026,5939,19,5,25
15027,5939,74,4,15
15028,5939,29,2,10
15029,5939,9,4,25
15030,5939,38,5,25
15031,5940,53,4,20
15032,5940,151,3,25
15033,5941,76,1,10
15034,5941,125,4,15
15035,5941,151,2,5
15036,5942,196,1,20
15037,5942,34,5,25
15038,5943,78,1,20
15039,5943,163,5,20
15040,5943,71,4,20
15041,5944,83,5,25
15042,5944,69,4,0
15043,5944,53,4,25
15044,5944,133,4,10
15045,5944,164,2,15
15046,5945,144,1,5
15047,5946,133,1,25
15048,5947,21,4,5
15049,5948,172,1,0
15050,5948,82,2,25
15051,5949,192,1,10
15052,5949,106,2,15
15053,5950,143,2,0
15054,5950,33,2,10
15055,5951,38,5,25
15056,5951,163,5,5
15057,5951,99,3,15
15058,5951,99,5,15
15059,5952,83,1,5
15060,5953,4,1,20
15061,5953,87,1,15
15062,5953,164,4,5
15063,5953,8,5,10
15064,5954,88,5,25
15065,5954,127,4,25
15066,5954,30,3,5
15067,5954,161,4,20
15068,5955,190,1,15
15069,5956,18,3,20
15070,5956,172,1,5
15071,5956,15,3,15
15072,5956,79,3,10
15073,5957,104,2,15
15074,5957,68,1,5
15075,5957,173,5,15
15076,5957,78,4,15
15077,5957,158,5,5
15078,5958,78,4,10
15079,5958,153,1,10
15080,5958,177,4,10
15081,5959,42,1,15
15082,5960,45,3,20
15083,5960,167,4,5
15084,5960,28,1,5
15085,5960,70,2,5
15086,5960,164,5,0
15087,5961,49,2,0
15088,5961,167,1,15
15089,5962,6,4,15
15090,5962,38,4,10
15091,5962,8,4,10
15092,5962,193,1,5
15093,5962,105,5,10
15094,5963,1,4,20
15095,5963,116,2,5
15096,5963,92,4,5
15097,5963,63,1,5
15098,5964,28,1,15
15099,5964,48,4,10
15100,5964,39,4,5
15101,5965,83,1,15
15102,5965,10,5,15
15103,5965,67,4,15
15104,5966,22,4,10
15105,5966,54,3,10
15106,5967,62,3,15
15107,5967,153,5,25
15108,5967,79,5,0
15109,5967,84,4,0
15110,5967,132,1,20
15111,5968,128,5,0
15112,5968,124,4,0
15113,5969,155,4,15
15114,5969,50,2,20
15115,5970,185,2,5
15116,5970,114,2,5
15117,5970,53,3,0
15118,5971,74,2,25
15119,5972,59,3,10
15120,5972,76,2,5
15121,5973,74,1,20
15122,5973,177,4,5
15123,5973,36,5,5
15124,5974,26,4,20
15125,5974,193,2,25
15126,5974,98,5,20
15127,5974,190,2,15
15128,5975,198,1,20
15129,5975,105,3,0
15130,5976,187,2,0
15131,5977,188,2,15
15132,5977,13,5,0
15133,5977,100,1,20
15134,5977,58,1,25
15135,5978,181,4,10
15136,5979,163,2,15
15137,5979,67,3,20
15138,5979,152,5,20
15139,5980,139,1,15
15140,5981,191,5,25
15141,5981,142,2,25
15142,5981,79,5,25
15143,5982,75,2,15
15144,5982,47,3,25
15145,5982,6,3,0
15146,5982,32,5,10
15147,5983,93,4,10
15148,5984,123,4,0
15149,5984,6,5,5
15150,5984,134,5,5
15151,5985,67,4,20
15152,5986,13,5,0
15153,5987,97,5,10
15154,5987,84,3,10
15155,5988,169,4,25
15156,5989,198,2,5
15157,5989,82,2,10
15158,5990,47,4,0
15159,5991,82,5,20
15160,5992,191,2,15
15161,5993,132,1,25
15162,5993,14,3,25
15163,5993,110,2,10
15164,5994,12,4,15
15165,5995,141,1,5
15166,5996,162,4,0
15167,5996,44,4,10
15168,5997,32,4,5
15169,5997,82,2,15
15170,5997,50,2,5
15171,5998,75,2,20
15172,5998,15,1,0
15173,5999,177,3,15
15174,5999,108,4,20
15175,5999,168,3,10
15176,5999,155,2,15
15177,6000,129,1,20
15178,6000,194,4,5
15179,6000,11,5,0
15180,6000,147,3,5
15181,6000,56,2,15
15182,6001,49,1,10
15183,6002,86,3,25
15184,6002,106,1,10
15185,6003,47,2,25
15186,6003,89,3,10
15187,6003,27,5,25
15188,6004,101,4,10
15189,6005,126,4,15
15190,6005,21,4,10
15191,6006,186,5,0
15192,6006,199,3,5
15193,6006,197,1,0
15194,6006,5,1,15
15195,6007,33,1,25
15196,6008,141,2,5
15197,6008,199,3,20
15198,6008,109,2,15
15199,6009,62,5,15
15200,6009,142,5,5
15201,6010,23,3,25
15202,6011,134,5,0
15203,6011,78,3,20
15204,6011,198,3,5
15205,6011,106,4,15
15206,6011,71,3,15
15207,6012,15,2,25
15208,6012,105,5,0
15209,6012,80,5,25
15210,6012,3,3,0
15211,6012,96,3,0
15212,6013,39,4,5
15213,6013,54,3,10
15214,6013,13,3,15
15215,6013,180,2,10
15216,6014,56,5,10
15217,6014,123,4,5
15218,6015,55,4,5
15219,6016,40,5,20
15220,6016,39,5,15
15221,6016,168,1,15
15222,6016,32,2,10
15223,6017,121,5,25
15224,6017,98,4,20
15225,6018,190,5,10
15226,6018,63,3,15
15227,6018,155,3,25
15228,6018,169,1,5
15229,6018,150,3,15
15230,6019,83,5,10
15231,6019,59,3,20
15232,6019,99,4,15
15233,6020,144,4,25
15234,6021,59,4,0
15235,6021,171,3,5
15236,6021,182,4,5
15237,6021,57,1,25
15238,6022,190,1,15
15239,6022,36,4,15
15240,6022,37,4,0
15241,6023,17,2,10
15242,6024,163,4,20
15243,6024,71,4,25
15244,6025,187,1,5
15245,6026,111,4,5
15246,6026,108,3,0
15247,6026,121,2,5
15248,6027,31,3,0
15249,6027,122,3,20
15250,6027,197,1,0
15251,6027,110,5,5
15252,6027,172,2,15
15253,6028,38,1,5
15254,6028,170,1,25
15255,6029,43,2,0
15256,6029,150,1,20
15257,6030,110,1,5
15258,6030,5,5,20
15259,6030,88,5,5
15260,6031,16,4,10
15261,6032,101,2,5
15262,6032,179,3,5
15263,6033,98,5,10
15264,6033,180,2,0
15265,6033,166,2,25
15266,6034,67,1,25
15267,6034,179,5,15
15268,6034,81,4,5
15269,6035,57,4,10
15270,6035,1,2,0
15271,6035,186,4,15
15272,6036,83,1,20
15273,6037,192,5,25
15274,6037,25,5,25
15275,6037,116,3,10
15276,6038,82,3,25
15277,6039,171,5,0
15278,6040,75,4,15
15279,6040,198,4,5
15280,6040,152,1,10
15281,6040,177,4,10
15282,6040,36,5,10
15283,6041,46,4,5
15284,6041,95,5,0
15285,6042,72,2,10
15286,6042,34,1,15
15287,6042,90,4,15
15288,6042,101,4,0
15289,6042,63,1,5
15290,6043,5,4,25
15291,6043,2,1,20
15292,6043,82,4,15
15293,6044,126,2,0
15294,6044,137,5,10
15295,6044,37,2,10
15296,6044,127,5,20
15297,6045,51,1,15
15298,6045,145,2,20
15299,6046,6,3,25
15300,6047,96,3,25
15301,6047,52,5,0
15302,6047,41,5,25
15303,6047,92,5,5
15304,6048,152,3,5
15305,6048,139,1,0
15306,6048,48,3,0
15307,6048,182,2,15
15308,6049,191,1,5
15309,6049,86,3,5
15310,6049,83,5,10
15311,6049,176,5,10
15312,6049,131,1,0
15313,6050,49,2,15
15314,6050,70,3,15
15315,6050,56,5,20
15316,6051,66,4,0
15317,6051,160,4,25
15318,6051,74,5,25
15319,6051,106,3,5
15320,6052,25,2,25
15321,6052,169,5,25
15322,6053,95,3,5
15323,6053,116,5,20
15324,6053,196,2,15
15325,6054,101,2,10
15326,6054,78,5,25
15327,6054,171,1,0
15328,6054,162,1,5
15329,6054,191,1,15
15330,6055,176,3,25
15331,6056,129,4,0
15332,6057,73,1,20
15333,6057,173,4,25
15334,6057,113,5,15
15335,6057,63,1,15
15336,6057,129,1,20
15337,6058,7,4,10
15338,6059,151,4,5
15339,6059,56,5,0
15340,6059,78,2,10
15341,6059,169,5,15
15342,6059,52,2,10
15343,6060,188,1,0
15344,6060,88,3,5
15345,6061,66,1,10
15346,6061,187,4,15
15347,6062,153,2,25
15348,6063,85,5,25
15349,6063,181,3,5
15350,6063,7,5,5
15351,6064,42,4,15
15352,6064,94,5,5
15353,6064,192,2,25
15354,6065,129,1,10
15355,6065,73,5,5
15356,6065,48,5,20
15357,6065,200,3,10
15358,6066,116,5,0
15359,6066,133,1,10
15360,6066,49,2,15
15361,6067,187,5,10
15362,6067,166,1,5
15363,6067,40,2,25
15364,6067,147,3,25
15365,6068,159,2,10
15366,6068,167,4,10
15367,6068,106,1,0
15368,6069,93,4,0
15369,6069,75,1,0
15370,6070,69,5,20
15371,6070,98,5,20
15372,6070,103,3,15
15373,6071,17,3,15
15374,6071,129,3,25
15375,6072,171,4,5
15376,6072,129,5,15
15377,6073,58,1,20
15378,6074,32,2,25
15379,6074,175,1,20
15380,6074,111,4,25
15381,6075,63,5,15
15382,6076,32,2,25
15383,6076,98,2,15
15384,6077,173,4,5
15385,6077,123,2,0
15386,6077,166,1,10
15387,6077,8,5,10
15388,6077,8,4,0
15389,6078,132,3,0
15390,6079,117,4,15
15391,6080,88,1,25
15392,6080,171,4,0
15393,6081,8,2,15
15394,6081,164,4,20
15395,6081,144,5,10
15396,6082,62,2,25
15397,6082,152,4,0
15398,6082,157,2,25
15399,6082,132,1,0
15400,6083,124,5,25
15401,6084,37,5,5
15402,6084,106,4,20
15403,6084,107,1,5
15404,6085,188,1,25
15405,6085,126,5,10
15406,6086,146,4,0
15407,6087,160,2,5
15408,6087,27,3,0
15409,6088,141,1,25
15410,6088,139,3,5
15411,6089,195,5,15
15412,6090,177,5,0
15413,6090,25,4,25
15414,6091,73,1,5
15415,6091,160,4,5
15416,6091,189,2,5
15417,6092,72,2,25
15418,6093,168,1,10
15419,6093,78,2,20
15420,6093,9,1,15
15421,6094,34,5,5
15422,6095,54,4,10
15423,6096,179,4,20
15424,6097,135,5,0
15425,6097,73,4,20
15426,6097,87,4,25
15427,6098,66,5,5
15428,6098,40,4,0
15429,6098,65,2,0
15430,6099,124,2,10
15431,6099,187,3,25
15432,6099,10,1,10
15433,6100,144,4,0
15434,6100,38,4,0
15435,6100,61,5,0
15436,6100,85,2,15
15437,6101,34,4,0
15438,6101,113,4,0
15439,6102,173,2,10
15440,6103,53,5,25
15441,6103,150,5,0
15442,6104,146,4,25
15443,6105,151,3,20
15444,6105,75,4,20
15445,6105,100,2,20
15446,6105,40,3,0
15447,6105,83,5,25
15448,6106,14,4,5
15449,6106,109,3,15
15450,6106,21,1,20
15451,6107,165,4,25
15452,6107,194,3,0
15453,6107,183,4,25
15454,6107,67,5,20
15455,6107,175,1,0
15456,6108,93,3,5
15457,6108,160,1,0
15458,6108,91,5,20
15459,6108,113,2,15
15460,6108,75,2,10
15461,6109,192,1,25
15462,6110,121,1,25
15463,6110,30,5,5
15464,6110,194,5,10
15465,6111,1,3,0
15466,6111,133,4,15
15467,6111,21,1,20
15468,6111,28,4,10
15469,6112,10,3,25
15470,6112,164,5,5
15471,6112,147,5,0
15472,6113,89,1,10
15473,6113,79,2,0
15474,6114,135,3,0
15475,6115,33,1,5
15476,6115,165,4,5
15477,6115,109,3,5
15478,6116,53,4,10
15479,6117,109,3,5
15480,6117,111,5,10
15481,6117,165,2,0
15482,6117,115,3,10
15483,6117,37,3,10
15484,6118,43,2,10
15485,6118,187,5,5
15486,6118,182,2,10
15487,6118,22,3,25
15488,6118,101,5,20
15489,6119,11,4,5
15490,6119,142,3,15
15491,6119,2,1,15
15492,6119,57,5,20
15493,6120,159,3,0
15494,6120,166,1,20
15495,6120,2,3,0
15496,6121,3,3,0
15497,6121,179,1,20
15498,6121,53,1,25
15499,6121,73,3,0
15500,6122,80,1,0
15501,6123,162,3,20
15502,6123,181,2,5
15503,6123,135,2,10
15504,6123,130,3,15
15505,6123,181,4,0
15506,6124,43,5,20
15507,6125,164,1,15
15508,6126,182,1,20
15509,6126,197,3,15
15510,6127,8,3,5
15511,6127,131,3,25
15512,6128,181,4,5
15513,6128,88,3,25
15514,6128,133,1,25
15515,6129,193,2,25
15516,6130,107,4,15
15517,6131,22,5,20
15518,6132,9,1,20
15519,6132,168,4,5
15520,6133,71,3,20
15521,6133,96,3,5
15522,6134,25,2,5
15523,6134,27,3,10
15524,6134,104,2,0
15525,6135,172,3,25
15526,6135,67,1,10
15527,6136,83,4,20
15528,6136,68,4,15
15529,6136,84,4,5
15530,6136,98,5,0
15531,6136,74,2,25
15532,6137,42,5,5
15533,6137,117,1,0
15534,6137,99,5,15
15535,6138,104,4,10
15536,6139,188,3,25
15537,6139,133,2,0
15538,6139,21,1,20
15539,6139,27,2,5
15540,6140,69,5,20
15541,6140,64,2,5
15542,6140,100,3,25
15543,6140,86,1,25
15544,6141,30,5,15
15545,6142,84,5,20
15546,6143,163,1,15
15547,6143,190,4,0
15548,6144,142,1,15
15549,6144,154,3,15
15550,6144,106,1,5
15551,6145,16,2,0
15552,6146,187,2,10
15553,6146,99,2,25
15554,6146,46,1,5
15555,6146,87,1,15
15556,6146,68,4,5
15557,6147,173,1,25
15558,6148,162,5,10
15559,6148,137,4,15
15560,6148,4,1,25
15561,6148,163,2,25
15562,6148,190,1,5
15563,6149,177,2,0
15564,6150,192,3,15
15565,6150,171,1,10
15566,6150,28,5,10
15567,6150,157,2,5
15568,6150,123,2,10
15569,6151,21,2,5
15570,6151,137,4,5
15571,6151,148,5,15
15572,6152,90,3,15
15573,6153,140,2,25
15574,6153,50,5,10
15575,6153,122,2,0
15576,6154,34,3,15
15577,6154,56,2,10
15578,6155,10,3,5
15579,6155,64,5,20
15580,6155,166,1,25
15581,6156,44,4,10
15582,6156,156,2,15
15583,6156,103,3,0
15584,6156,145,2,15
15585,6156,52,1,0
15586,6157,26,4,5
15587,6158,142,5,0
15588,6158,122,4,5
15589,6159,172,2,0
15590,6160,23,1,25
15591,6161,185,2,5
15592,6161,132,2,0
15593,6161,22,1,0
15594,6162,49,5,15
15595,6163,75,4,5
15596,6164,183,5,10
15597,6164,112,3,15
15598,6165,168,5,25
15599,6165,76,4,25
15600,6165,19,2,25
15601,6165,11,4,5
15602,6165,5,4,0
15603,6166,2,2,20
15604,6166,62,3,20
15605,6167,110,1,15
15606,6167,161,1,15
15607,6167,192,3,25
15608,6168,142,2,0
15609,6168,48,2,0
15610,6168,102,5,0
15611,6168,45,3,25
15612,6169,130,4,20
15613,6169,29,1,25
15614,6170,16,2,10
15615,6170,46,4,0
15616,6170,110,1,5
15617,6170,36,4,0
15618,6171,174,4,25
15619,6171,25,3,25
15620,6171,45,3,10
15621,6171,141,4,10
15622,6172,21,3,10
15623,6172,191,5,5
15624,6173,58,1,5
15625,6173,179,5,10
15626,6174,43,5,15
15627,6174,51,2,5
15628,6175,6,4,15
15629,6175,53,4,10
15630,6175,55,3,15
15631,6176,70,4,10
15632,6176,98,3,0
15633,6176,39,2,0
15634,6176,91,3,25
15635,6177,79,1,5
15636,6177,30,2,10
15637,6177,38,5,5
15638,6177,86,5,25
15639,6178,66,4,0
15640,6178,16,4,0
15641,6178,161,1,10
15642,6179,13,2,5
15643,6179,99,4,15
15644,6179,152,1,5
15645,6179,57,3,25
15646,6180,115,5,0
15647,6180,8,1,25
15648,6181,49,2,0
15649,6181,102,4,25
15650,6182,199,3,25
15651,6182,195,5,0
15652,6182,102,2,0
15653,6182,126,1,20
15654,6183,189,5,15
15655,6183,116,5,10
15656,6183,22,3,5
15657,6183,183,1,15
15658,6184,96,5,10
15659,6184,82,4,25
15660,6185,114,3,10
15661,6185,71,5,0
15662,6186,162,4,0
15663,6186,172,4,0
15664,6186,126,2,25
15665,6186,21,3,15
15666,6187,105,2,20
15667,6188,110,2,15
15668,6189,153,3,10
15669,6189,168,5,5
15670,6190,15,3,0
15671,6190,172,4,25
15672,6191,74,5,15
15673,6192,20,1,5
15674,6192,121,1,10
15675,6192,157,2,25
15676,6192,192,5,15
15677,6193,173,3,0
15678,6193,26,4,15
15679,6193,167,3,10
15680,6193,157,3,0
15681,6194,32,2,15
15682,6195,22,4,0
15683,6195,118,3,20
15684,6195,159,1,0
15685,6195,8,1,25
15686,6195,181,1,0
15687,6196,37,5,5
15688,6196,167,4,0
15689,6197,39,3,25
15690,6198,105,2,0
15691,6198,37,5,5
15692,6198,94,4,5
15693,6199,163,1,10
15694,6199,57,5,20
15695,6199,164,3,0
15696,6199,15,3,10
15697,6200,18,2,0
15698,6201,100,3,20
15699,6201,184,4,0
15700,6201,39,1,10
15701,6201,14,1,5
15702,6201,38,2,5
15703,6202,124,1,25
15704,6202,59,2,0
15705,6202,154,1,10
15706,6202,99,4,25
15707,6203,31,2,20
15708,6204,103,2,0
15709,6204,19,3,15
15710,6205,148,4,0
15711,6205,184,4,25
15712,6205,19,4,5
15713,6205,107,4,20
15714,6205,34,1,10
15715,6206,91,4,15
15716,6206,189,3,25
15717,6207,116,3,0
15718,6207,44,4,0
15719,6208,169,3,20
15720,6208,107,1,20
15721,6208,161,4,0
15722,6208,189,2,10
15723,6209,115,1,15
15724,6209,103,1,25
15725,6209,50,4,20
15726,6210,141,5,25
15727,6211,107,4,10
15728,6211,65,5,10
15729,6212,154,4,5
15730,6212,114,5,15
15731,6213,169,2,15
15732,6213,91,5,0
15733,6213,32,4,20
15734,6213,159,4,5
15735,6214,146,1,0
15736,6214,125,5,5
15737,6214,165,2,25
15738,6215,139,5,20
15739,6215,60,3,0
15740,6216,172,2,25
15741,6216,161,3,20
15742,6217,99,2,15
15743,6217,55,5,0
15744,6217,133,4,20
15745,6217,43,4,5
15746,6217,33,1,0
15747,6218,174,5,15
15748,6218,61,4,15
15749,6218,77,2,25
15750,6218,76,3,5
15751,6218,82,4,10
15752,6219,132,1,15
15753,6220,129,5,10
15754,6220,15,4,5
15755,6221,113,5,5
15756,6222,12,3,15
15757,6223,153,4,10
15758,6224,60,5,20
15759,6224,115,2,5
15760,6225,73,4,5
15761,6225,42,3,25
15762,6225,103,3,10
15763,6225,33,5,15
15764,6226,197,2,5
15765,6226,57,1,25
15766,6227,161,2,0
15767,6228,71,1,0
15768,6228,164,3,0
15769,6228,42,5,10
15770,6229,136,4,20
15771,6229,49,3,0
15772,6230,77,5,10
15773,6230,51,4,25
15774,6230,74,1,5
15775,6230,194,3,5
15776,6231,113,1,5
15777,6232,173,2,0
15778,6232,52,4,25
15779,6233,190,1,5
15780,6234,98,2,15
15781,6235,57,5,20
15782,6235,61,5,10
15783,6235,178,2,10
15784,6236,140,1,5
15785,6236,16,1,20
15786,6237,155,3,10
15787,6237,23,2,10
15788,6238,37,4,5
15789,6238,42,5,20
15790,6238,182,5,0
15791,6238,5,5,10
15792,6238,11,1,0
15793,6239,188,5,0
15794,6239,187,5,15
15795,6239,101,3,15
15796,6239,153,3,0
15797,6240,14,3,0
15798,6241,49,1,20
15799,6241,127,1,0
15800,6241,30,4,25
15801,6242,2,5,15
15802,6243,144,2,5
15803,6243,60,5,10
15804,6243,86,3,15
15805,6243,106,5,10
15806,6243,119,4,15
15807,6244,81,1,25
15808,6244,164,4,5
15809,6245,72,3,15
15810,6245,3,5,10
15811,6246,74,3,5
15812,6246,127,3,0
15813,6247,123,4,15
15814,6247,72,3,10
15815,6248,30,1,15
15816,6248,32,5,5
15817,6248,12,5,25
15818,6249,80,1,25
15819,6250,36,2,5
15820,6250,10,2,25
15821,6250,139,4,25
15822,6251,111,4,5
15823,6251,175,5,25
15824,6252,78,2,20
15825,6252,187,1,20
15826,6252,79,4,0
15827,6252,37,2,5
15828,6253,149,1,20
15829,6254,35,3,25
15830,6254,94,1,25
15831,6255,74,1,25
15832,6255,106,3,5
15833,6255,76,1,5
15834,6255,159,2,15
15835,6256,99,4,25
15836,6256,56,1,15
15837,6257,116,5,25
15838,6257,89,1,10
15839,6257,49,4,10
15840,6257,74,2,0
15841,6258,191,5,15
15842,6258,178,3,10
15843,6258,35,2,20
15844,6258,117,2,20
15845,6258,3,1,25
15846,6259,190,5,15
15847,6260,6,3,25
15848,6260,45,5,10
15849,6261,91,2,25
15850,6261,24,1,10
15851,6262,197,5,15
15852,6262,11,4,20
15853,6262,21,3,20
15854,6262,180,1,25
15855,6262,173,2,20
15856,6263,133,2,20
15857,6263,132,1,25
15858,6263,2,5,15
15859,6263,11,3,10
15860,6263,162,1,10
15861,6264,151,2,20
15862,6265,85,1,20
15863,6265,138,1,20
15864,6266,18,3,20
15865,6267,97,5,15
15866,6267,70,3,5
15867,6268,62,4,0
15868,6268,187,3,20
15869,6268,121,3,5
15870,6268,59,2,10
15871,6268,54,3,0
15872,6269,32,5,5
15873,6269,164,3,25
15874,6269,27,3,20
15875,6269,103,3,0
15876,6270,37,2,20
15877,6270,68,5,5
15878,6270,16,2,25
15879,6270,37,1,25
15880,6271,78,5,15
15881,6271,44,5,15
15882,6272,79,2,25
15883,6273,158,3,5
15884,6273,177,3,20
15885,6273,100,2,0
15886,6273,62,1,20
15887,6274,164,3,0
15888,6274,184,5,0
15889,6274,186,4,0
15890,6275,163,4,20
15891,6275,13,5,20
15892,6275,137,4,10
15893,6276,148,5,10
15894,6276,78,1,15
15895,6277,199,2,5
15896,6277,50,3,25
15897,6278,41,3,0
15898,6278,51,5,15
15899,6278,31,4,10
15900,6279,165,3,15
15901,6279,84,1,15
15902,6280,53,5,10
15903,6281,44,4,5
15904,6281,189,1,25
15905,6281,162,4,0
15906,6281,147,3,25
15907,6281,57,3,20
15908,6282,96,2,0
15909,6282,198,3,20
15910,6282,195,3,15
15911,6283,187,1,20
15912,6283,88,3,25
15913,6283,19,2,10
15914,6284,183,3,15
15915,6284,134,5,10
15916,6284,55,1,0
15917,6284,176,3,25
15918,6284,5,4,25
15919,6285,50,3,5
15920,6286,84,2,5
15921,6286,66,3,10
15922,6286,157,2,20
15923,6286,175,3,25
15924,6287,121,5,15
15925,6287,141,4,25
15926,6287,30,2,20
15927,6288,195,4,0
15928,6288,15,2,10
15929,6288,36,2,25
15930,6289,43,3,15
15931,6290,34,3,15
15932,6291,183,4,15
15933,6291,83,1,15
15934,6292,101,4,5
15935,6293,1,2,0
15936,6293,127,2,0
15937,6293,26,4,5
15938,6293,177,3,25
15939,6293,192,3,5
15940,6294,18,4,25
15941,6295,173,5,15
15942,6295,18,4,15
15943,6295,11,1,0
15944,6295,162,3,0
15945,6295,180,5,25
15946,6296,49,5,5
15947,6296,111,4,25
15948,6296,105,4,15
15949,6296,196,2,15
15950,6297,9,5,20
15951,6298,87,3,20
15952,6298,130,2,25
15953,6299,122,1,0
15954,6299,54,3,25
15955,6300,85,5,10
15956,6300,92,2,15
15957,6301,128,5,15
15958,6301,61,3,0
15959,6302,120,3,0
15960,6302,65,4,0
15961,6302,90,5,5
15962,6303,146,1,5
15963,6303,179,1,5
15964,6303,180,3,20
15965,6304,137,4,0
15966,6304,65,2,5
15967,6304,10,5,0
15968,6305,182,3,15
15969,6305,133,5,20
15970,6305,16,1,20
15971,6305,129,5,25
15972,6306,111,3,15
15973,6306,123,2,5
15974,6307,191,3,25
15975,6307,95,5,20
15976,6307,175,3,0
15977,6307,191,4,0
15978,6308,199,4,10
15979,6308,180,2,10
15980,6308,115,4,20
15981,6308,60,5,20
15982,6308,85,1,5
15983,6309,2,1,10
15984,6309,48,5,10
15985,6309,102,3,5
15986,6309,101,2,10
15987,6310,173,3,20
15988,6310,112,1,5
15989,6311,72,4,15
15990,6311,20,3,10
15991,6311,2,1,0
15992,6312,48,5,20
15993,6313,1,1,10
15994,6313,62,3,0
15995,6313,137,2,10
15996,6314,92,2,20
15997,6314,133,1,15
15998,6314,119,4,5
15999,6314,41,3,5
16000,6315,60,5,0
16001,6315,102,5,10
16002,6316,188,3,25
16003,6316,41,2,5
16004,6317,25,1,0
16005,6317,45,3,0
16006,6317,33,5,5
16007,6317,57,4,0
16008,6318,181,4,20
16009,6319,16,1,5
16010,6319,16,2,5
16011,6320,72,2,15
16012,6320,145,2,0
16013,6320,102,4,5
16014,6320,186,2,10
16015,6321,22,5,0
16016,6321,132,1,10
16017,6321,124,5,25
16018,6322,80,1,10
16019,6323,36,2,10
16020,6323,130,5,5
16021,6323,186,5,0
16022,6324,184,2,0
16023,6324,34,3,5
16024,6324,136,4,0
16025,6325,21,4,15
16026,6326,156,2,0
16027,6326,74,1,5
16028,6326,119,5,10
16029,6326,156,1,20
16030,6327,38,5,5
16031,6327,55,4,5
16032,6328,199,5,15
16033,6329,77,3,25
16034,6329,153,2,10
16035,6329,89,1,25
16036,6330,167,4,5
16037,6330,193,5,10
16038,6331,34,1,10
16039,6331,161,4,15
16040,6332,54,2,0
16041,6332,23,1,5
16042,6333,7,3,0
16043,6333,72,3,25
16044,6333,172,5,20
16045,6333,72,2,15
16046,6334,127,5,20
16047,6334,96,4,0
16048,6335,8,1,5
16049,6335,116,2,20
16050,6335,123,5,15
16051,6335,68,3,0
16052,6336,103,4,20
16053,6336,134,3,25
16054,6336,5,3,25
16055,6336,30,5,0
16056,6337,158,4,0
16057,6337,22,2,25
16058,6337,21,3,0
16059,6338,171,5,25
16060,6338,9,4,5
16061,6338,191,4,5
16062,6338,147,4,10
16063,6339,19,2,15
16064,6340,198,5,5
16065,6341,48,2,5
16066,6342,74,2,5
16067,6342,43,2,25
16068,6342,53,1,20
16069,6343,163,4,25
16070,6343,15,1,25
16071,6343,47,4,20
16072,6343,193,2,0
16073,6343,61,2,10
16074,6344,33,2,15
16075,6344,65,2,15
16076,6344,185,2,5
16077,6345,51,5,20
16078,6346,48,4,0
16079,6346,5,4,15
16080,6346,37,5,10
16081,6347,49,5,15
16082,6347,163,2,10
16083,6347,35,2,15
16084,6348,147,2,10
16085,6348,187,4,5
16086,6348,169,5,0
16087,6348,122,3,5
16088,6349,43,4,15
16089,6350,88,5,20
16090,6350,136,4,0
16091,6350,73,2,25
16092,6350,102,3,5
16093,6351,173,5,5
16094,6351,68,4,20
16095,6352,121,1,5
16096,6352,33,5,20
16097,6353,76,1,10
16098,6353,196,3,15
16099,6354,93,4,10
16100,6354,146,3,20
16101,6355,163,2,15
16102,6356,191,4,20
16103,6357,34,1,20
16104,6358,160,3,10
16105,6358,104,1,25
16106,6358,39,1,0
16107,6359,122,3,15
16108,6360,147,1,25
16109,6361,143,5,5
16110,6361,109,4,25
16111,6361,31,4,0
16112,6362,23,2,15
16113,6362,61,3,5
16114,6362,8,1,10
16115,6362,165,4,10
16116,6363,176,2,5
16117,6364,198,5,15
16118,6365,133,2,20
16119,6365,6,4,10
16120,6365,60,3,25
16121,6365,154,3,20
16122,6365,44,4,0
16123,6366,195,4,20
16124,6366,33,1,5
16125,6366,59,5,10
16126,6367,25,4,15
16127,6368,51,1,20
16128,6368,68,5,20
16129,6368,59,3,0
16130,6369,50,3,10
16131,6369,124,1,20
16132,6370,27,4,15
16133,6370,81,2,10
16134,6371,54,2,15
16135,6371,73,4,20
16136,6371,171,5,25
16137,6371,72,3,10
16138,6371,199,2,0
16139,6372,150,3,5
16140,6372,162,4,15
16141,6372,27,2,20
16142,6372,1,1,25
16143,6373,96,4,5
16144,6373,67,4,10
16145,6374,177,2,20
16146,6374,40,5,25
16147,6375,129,2,10
16148,6376,146,5,15
16149,6376,138,3,10
16150,6377,91,3,10
16151,6377,5,3,0
16152,6378,198,3,20
16153,6378,195,4,25
16154,6378,154,1,10
16155,6378,130,1,15
16156,6379,11,4,15
16157,6379,169,5,25
16158,6379,46,3,25
16159,6379,67,5,25
16160,6380,59,5,5
16161,6380,50,1,20
16162,6381,35,1,10
16163,6381,154,1,10
16164,6382,102,5,25
16165,6383,76,1,20
16166,6384,177,5,10
16167,6385,1,5,10
16168,6386,51,3,15
16169,6386,69,4,20
16170,6386,198,4,20
16171,6386,125,5,5
16172,6386,108,5,15
16173,6387,40,3,10
16174,6388,133,2,0
16175,6388,176,3,0
16176,6388,148,1,25
16177,6389,164,4,0
16178,6389,70,4,5
16179,6389,113,1,5
16180,6390,198,5,5
16181,6390,151,3,10
16182,6390,161,5,25
16183,6391,143,2,10
16184,6391,52,2,15
16185,6391,36,2,20
16186,6392,111,4,15
16187,6392,84,1,15
16188,6392,51,4,25
16189,6392,177,5,5
16190,6392,193,2,25
16191,6393,166,3,10
16192,6393,68,5,0
16193,6393,66,1,25
16194,6393,191,5,10
16195,6393,93,5,25
16196,6394,186,4,5
16197,6394,52,5,0
16198,6394,51,5,15
16199,6394,127,4,10
16200,6395,63,3,25
16201,6396,161,1,25
16202,6396,69,4,15
16203,6396,19,4,25
16204,6396,3,1,15
16205,6396,77,3,5
16206,6397,191,4,5
16207,6397,90,2,25
16208,6397,194,5,0
16209,6398,18,2,5
16210,6398,76,2,25
16211,6398,99,5,10
16212,6398,99,3,10
16213,6398,146,3,10
16214,6399,94,1,0
16215,6399,78,1,0
16216,6399,115,4,25
16217,6399,107,4,10
16218,6399,36,1,0
16219,6400,60,3,20
16220,6400,155,3,25
16221,6400,17,1,10
16222,6400,33,5,20
16223,6400,42,4,10
16224,6401,79,1,20
16225,6401,162,3,0
16226,6402,5,5,15
16227,6402,121,2,10
16228,6402,8,2,0
16229,6402,86,3,15
16230,6402,93,5,25
16231,6403,128,5,15
16232,6403,76,4,15
16233,6403,129,3,0
16234,6404,145,2,25
16235,6405,38,5,20
16236,6405,112,2,5
16237,6405,118,2,0
16238,6406,29,2,20
16239,6406,143,2,25
16240,6407,147,5,20
16241,6408,61,5,0
16242,6408,196,3,0
16243,6408,105,5,20
16244,6409,53,4,15
16245,6410,192,5,15
16246,6410,2,5,15
16247,6411,60,2,20
16248,6411,92,4,25
16249,6411,128,3,20
16250,6412,69,5,5
16251,6412,32,5,15
16252,6413,181,3,5
16253,6413,99,2,15
16254,6413,26,3,0
16255,6413,162,4,5
16256,6414,38,2,20
16257,6414,62,1,10
16258,6414,132,4,15
16259,6415,198,5,5
16260,6415,135,5,10
16261,6415,54,4,25
16262,6415,142,2,20
16263,6416,163,1,10
16264,6416,149,4,5
16265,6416,62,3,25
16266,6416,3,2,0
16267,6417,98,3,25
16268,6417,107,4,25
16269,6418,116,1,20
16270,6418,64,3,25
16271,6419,39,5,20
16272,6419,107,2,10
16273,6420,137,2,20
16274,6420,173,2,5
16275,6420,146,3,5
16276,6420,34,2,25
16277,6421,119,1,0
16278,6422,82,2,5
16279,6422,186,3,25
16280,6422,126,5,0
16281,6422,73,5,0
16282,6423,141,1,5
16283,6423,10,3,25
16284,6424,73,1,10
16285,6424,132,2,15
16286,6425,173,5,20
16287,6426,18,3,0
16288,6427,67,1,25
16289,6428,142,4,25
16290,6429,151,1,10
16291,6429,104,2,20
16292,6429,5,3,0
16293,6429,5,3,10
16294,6429,94,2,10
16295,6430,39,4,10
16296,6430,72,4,0
16297,6430,104,4,20
16298,6431,46,4,20
16299,6431,141,5,5
16300,6432,64,3,25
16301,6432,96,5,0
16302,6433,147,4,25
16303,6434,158,4,5
16304,6434,1,5,10
16305,6434,192,4,15
16306,6435,93,3,0
16307,6435,168,2,15
16308,6436,103,3,25
16309,6436,125,5,20
16310,6437,30,2,5
16311,6437,157,1,0
16312,6437,123,3,15
16313,6437,42,5,15
16314,6438,147,1,0
16315,6438,15,3,0
16316,6439,107,5,5
16317,6439,94,5,25
16318,6439,123,4,15
16319,6439,102,2,0
16320,6439,112,1,25
16321,6440,156,5,25
16322,6440,112,3,25
16323,6440,14,3,5
16324,6440,126,4,15
16325,6441,9,3,0
16326,6442,82,1,0
16327,6442,103,1,5
16328,6442,198,3,5
16329,6442,16,4,0
16330,6443,81,4,20
16331,6443,154,2,10
16332,6444,181,1,25
16333,6444,46,1,25
16334,6444,76,5,25
16335,6444,139,3,0
16336,6445,70,3,15
16337,6446,179,5,10
16338,6446,103,1,10
16339,6446,108,1,15
16340,6447,62,4,15
16341,6447,22,1,20
16342,6447,139,2,25
16343,6447,65,2,0
16344,6448,82,1,5
16345,6448,96,2,5
16346,6448,36,1,15
16347,6449,164,1,20
16348,6449,65,1,15
16349,6450,60,4,25
16350,6450,27,3,25
16351,6451,66,2,0
16352,6451,74,1,5
16353,6452,11,5,5
16354,6452,17,1,25
16355,6452,34,5,5
16356,6452,183,3,20
16357,6452,108,2,25
16358,6453,176,3,10
16359,6453,114,4,25
16360,6453,81,3,5
16361,6453,161,4,5
16362,6453,153,3,10
16363,6454,17,2,10
16364,6454,185,2,0
16365,6455,191,1,25
16366,6456,31,4,20
16367,6457,113,2,15
16368,6457,103,3,10
16369,6458,1,5,0
16370,6458,11,3,5
16371,6458,132,4,10
16372,6458,47,4,20
16373,6458,74,1,20
16374,6459,191,4,25
16375,6459,8,3,5
16376,6460,158,1,0
16377,6460,160,1,10
16378,6461,144,3,20
16379,6461,197,1,5
16380,6461,106,5,10
16381,6461,108,3,15
16382,6462,88,4,15
16383,6463,102,2,5
16384,6464,12,5,0
16385,6465,42,3,10
16386,6465,55,4,5
16387,6465,27,4,15
16388,6465,108,5,20
16389,6466,119,3,0
16390,6466,190,3,25
16391,6466,102,3,15
16392,6466,6,4,5
16393,6466,81,1,0
16394,6467,69,5,5
16395,6467,195,5,0
16396,6468,19,4,25
16397,6468,74,3,10
16398,6469,111,5,15
16399,6469,104,2,15
16400,6470,76,5,20
16401,6470,163,4,5
16402,6470,166,1,0
16403,6470,48,2,0
16404,6471,182,5,25
16405,6471,146,3,25
16406,6472,102,4,5
16407,6473,102,5,15
16408,6473,153,3,10
16409,6474,53,4,0
16410,6474,105,3,20
16411,6475,101,2,0
16412,6475,199,5,15
16413,6476,111,3,25
16414,6477,130,5,15
16415,6478,169,1,25
16416,6478,141,1,25
16417,6478,44,3,0
16418,6479,164,1,5
16419,6480,59,5,20
16420,6480,151,4,15
16421,6481,45,4,0
16422,6481,147,3,0
16423,6481,98,5,10
16424,6481,16,4,25
16425,6482,19,3,15
16426,6483,175,2,15
16427,6483,61,3,15
16428,6483,21,5,25
16429,6484,11,4,5
16430,6484,165,5,5
16431,6484,199,4,0
16432,6484,9,4,10
16433,6484,29,1,15
16434,6485,130,1,25
16435,6485,57,1,10
16436,6485,23,2,25
16437,6485,120,3,25
16438,6486,151,2,15
16439,6487,32,2,15
16440,6487,68,1,10
16441,6488,11,4,20
16442,6488,141,2,25
16443,6488,7,4,5
16444,6489,64,1,10
16445,6490,170,1,15
16446,6490,164,4,20
16447,6490,44,4,10
16448,6491,44,1,25
16449,6491,115,1,5
16450,6492,20,1,5
16451,6493,161,5,15
16452,6493,31,2,15
16453,6494,7,5,5
16454,6494,150,4,25
16455,6495,29,3,5
16456,6495,196,3,20
16457,6496,116,1,5
16458,6496,79,1,25
16459,6496,137,2,20
16460,6496,120,3,25
16461,6497,117,1,5
16462,6498,184,3,20
16463,6498,194,3,10
16464,6498,37,2,10
16465,6499,128,4,25
16466,6499,187,3,0
16467,6499,196,1,25
16468,6500,119,3,10
16469,6500,156,1,10
16470,6500,41,2,5
16471,6500,161,3,15
16472,6501,22,5,25
16473,6501,15,3,15
16474,6502,65,1,15
16475,6502,159,2,25
16476,6503,46,1,25
16477,6503,89,3,10
16478,6504,11,5,20
16479,6504,123,3,0
16480,6505,132,2,15
16481,6505,30,5,20
16482,6506,131,5,0
16483,6506,87,2,15
16484,6506,147,5,25
16485,6506,25,3,20
16486,6506,133,4,0
16487,6507,3,4,20
16488,6507,88,4,5
16489,6507,84,1,10
16490,6507,102,3,20
16491,6508,150,2,25
16492,6508,101,5,15
16493,6509,61,1,15
16494,6509,123,4,25
16495,6510,32,5,0
16496,6510,60,1,25
16497,6510,97,1,5
16498,6510,24,2,15
16499,6510,130,2,10
16500,6511,42,2,25
16501,6512,198,1,20
16502,6512,196,4,15
16503,6512,174,1,0
16504,6512,89,5,15
16505,6512,193,3,25
16506,6513,150,5,25
16507,6513,79,3,5
16508,6513,26,1,0
16509,6513,40,5,0
16510,6514,53,4,15
16511,6515,129,3,0
16512,6515,124,3,0
16513,6516,159,5,5
16514,6516,131,4,15
16515,6516,200,2,0
16516,6517,136,4,20
16517,6517,140,4,20
16518,6518,18,1,0
16519,6519,56,2,15
16520,6520,142,3,25
16521,6520,142,2,0
16522,6521,9,4,5
16523,6521,105,1,5
16524,6521,99,2,10
16525,6521,6,5,25
16526,6521,160,2,25
16527,6522,98,1,5
16528,6522,173,4,25
16529,6522,192,2,10
16530,6523,158,5,15
16531,6523,36,3,20
16532,6523,82,5,0
16533,6524,111,5,10
16534,6524,55,1,5
16535,6524,13,2,5
16536,6524,17,3,10
16537,6525,31,2,20
16538,6526,52,5,10
16539,6526,8,2,15
16540,6526,146,4,0
16541,6526,49,3,10
16542,6527,150,1,10
16543,6527,184,4,10
16544,6527,29,3,25
16545,6527,4,3,10
16546,6527,78,3,25
16547,6528,53,4,15
16548,6529,16,1,15
16549,6530,122,4,5
16550,6530,55,1,15
16551,6530,104,3,10
16552,6531,108,2,0
16553,6531,37,4,0
16554,6531,49,4,0
16555,6531,102,3,0
16556,6532,64,2,10
16557,6532,144,4,25
16558,6532,190,2,10
16559,6532,119,1,0
16560,6533,10,4,0
16561,6533,25,4,25
16562,6533,148,1,15
16563,6534,72,1,20
16564,6534,113,5,15
16565,6534,199,1,25
16566,6535,181,3,20
16567,6535,113,2,0
16568,6535,73,4,0
16569,6535,31,1,10
16570,6536,114,3,15
16571,6537,94,2,0
16572,6538,80,2,0
16573,6539,170,1,15
16574,6540,195,1,0
16575,6541,11,4,10
16576,6541,129,2,20
16577,6541,90,2,15
16578,6541,118,2,20
16579,6542,48,5,20
16580,6542,126,3,20
16581,6543,161,3,10
16582,6544,25,2,25
16583,6544,187,2,25
16584,6545,69,3,20
16585,6545,72,5,25
16586,6545,130,4,0
16587,6546,186,5,5
16588,6546,72,4,15
16589,6547,76,3,20
16590,6547,73,4,20
16591,6548,2,5,5
16592,6548,167,4,25
16593,6549,63,4,15
16594,6549,45,1,10
16595,6549,116,1,10
16596,6549,43,4,20
16597,6550,116,4,0
16598,6550,186,1,5
16599,6550,119,5,0
16600,6551,98,1,5
16601,6551,27,4,20
16602,6551,138,5,0
16603,6551,55,5,20
16604,6551,12,1,25
16605,6552,114,5,10
16606,6552,84,4,15
16607,6552,85,4,5
16608,6553,10,1,15
16609,6553,181,1,25
16610,6553,41,1,20
16611,6554,18,2,5
16612,6554,176,2,10
16613,6554,30,2,10
16614,6555,73,5,15
16615,6555,2,1,25
16616,6556,53,2,10
16617,6556,138,3,25
16618,6556,49,4,20
16619,6556,26,5,0
16620,6557,150,5,15
16621,6557,118,4,15
16622,6557,74,5,15
16623,6557,116,1,20
16624,6558,184,3,15
16625,6558,24,2,10
16626,6558,11,5,5
16627,6559,121,1,0
16628,6559,155,1,0
16629,6560,30,4,25
16630,6561,81,2,15
16631,6561,123,3,10
16632,6561,108,2,20
16633,6562,78,1,15
16634,6562,27,4,25
16635,6562,53,2,25
16636,6562,190,5,5
16637,6563,148,4,15
16638,6563,114,3,25
16639,6563,128,2,20
16640,6564,138,3,10
16641,6564,5,4,25
16642,6565,29,3,20
16643,6565,181,5,25
16644,6565,21,5,20
16645,6565,174,1,15
16646,6566,41,1,10
16647,6566,40,5,5
16648,6566,135,2,5
16649,6567,172,1,10
16650,6567,17,1,10
16651,6568,166,4,20
16652,6568,115,1,10
16653,6569,197,4,0
16654,6569,37,2,0
16655,6569,109,4,25
16656,6569,115,1,10
16657,6569,95,3,15
16658,6570,88,1,10
16659,6570,171,4,15
16660,6570,99,3,10
16661,6570,10,3,15
16662,6570,14,3,25
16663,6571,119,2,5
16664,6571,97,3,15
16665,6571,79,5,5
16666,6571,1,5,5
16667,6572,145,1,15
16668,6572,109,4,0
16669,6572,180,3,25
16670,6573,183,4,5
16671,6573,52,3,0
16672,6573,30,5,5
16673,6573,168,2,5
16674,6574,70,5,20
16675,6574,80,3,20
16676,6574,31,5,10
16677,6574,173,2,15
16678,6574,118,1,0
16679,6575,61,1,10
16680,6575,32,4,15
16681,6575,124,5,20
16682,6575,39,2,10
16683,6576,93,1,5
16684,6576,92,2,5
16685,6576,118,3,20
16686,6576,36,2,10
16687,6576,21,5,20
16688,6577,73,1,5
16689,6577,129,1,20
16690,6577,197,4,20
16691,6578,119,5,10
16692,6578,17,3,25
16693,6578,93,2,25
16694,6579,129,5,10
16695,6579,46,5,5
16696,6580,136,4,15
16697,6581,65,4,0
16698,6581,164,5,20
16699,6582,106,2,15
16700,6582,119,5,10
16701,6582,56,2,20
16702,6583,83,5,10
16703,6583,187,4,10
16704,6583,39,2,5
16705,6584,20,3,10
16706,6584,149,1,20
16707,6584,17,4,5
16708,6584,36,3,20
16709,6584,16,2,25
16710,6585,149,4,5
16711,6585,123,5,0
16712,6585,157,4,5
16713,6586,55,4,10
16714,6586,147,3,15
16715,6587,154,1,15
16716,6588,82,4,20
16717,6588,67,1,0
16718,6589,53,4,15
16719,6589,35,2,0
16720,6589,110,2,5
16721,6589,103,1,15
16722,6589,104,1,5
16723,6590,122,3,20
16724,6590,72,3,10
16725,6590,37,3,5
16726,6590,188,2,25
16727,6590,186,4,20
16728,6591,144,1,10
16729,6592,64,1,25
16730,6592,141,1,15
16731,6592,154,3,15
16732,6592,162,5,15
16733,6593,39,2,0
16734,6594,118,3,10
16735,6594,88,5,20
16736,6594,52,1,25
16737,6595,90,1,25
16738,6595,35,2,0
16739,6595,103,2,20
16740,6595,113,1,15
16741,6595,170,5,0
16742,6596,89,5,5
16743,6597,20,5,0
16744,6597,97,5,15
16745,6597,124,3,5
16746,6597,196,3,25
16747,6598,115,3,15
16748,6598,68,1,10
16749,6598,120,3,20
16750,6599,4,5,15
16751,6600,99,2,0
16752,6600,111,3,20
16753,6600,161,5,25
16754,6600,94,5,5
16755,6601,88,2,15
16756,6601,32,1,5
16757,6601,137,4,10
16758,6602,141,4,0
16759,6602,100,3,10
16760,6603,89,4,25
16761,6603,158,1,5
16762,6604,15,1,10
16763,6605,54,2,0
16764,6606,109,3,0
16765,6606,178,1,15
16766,6606,147,4,10
16767,6606,132,5,0
16768,6606,75,5,15
16769,6607,101,3,25
16770,6608,21,5,0
16771,6609,183,1,15
16772,6609,71,5,20
16773,6610,164,2,20
16774,6610,49,4,20
16775,6611,115,5,10
16776,6611,122,1,20
16777,6611,67,4,0
16778,6612,113,5,15
16779,6612,116,1,0
16780,6612,76,2,10
16781,6613,172,2,15
16782,6613,189,4,20
16783,6613,96,5,25
16784,6613,198,3,5
16785,6614,188,3,25
16786,6615,181,1,0
16787,6615,120,3,10
16788,6616,58,1,5
16789,6616,164,2,0
16790,6616,142,1,25
16791,6617,67,1,0
16792,6617,133,3,0
16793,6617,143,4,25
16794,6617,78,2,5
16795,6617,52,3,20
16796,6618,110,1,10
16797,6618,53,5,15
16798,6618,198,2,10
16799,6619,132,5,15
16800,6619,83,3,20
16801,6619,43,5,10
16802,6620,133,4,0
16803,6620,40,4,5
16804,6620,73,2,15
16805,6621,118,2,10
16806,6622,55,4,0
16807,6622,170,3,0
16808,6622,131,2,20
16809,6623,182,4,15
16810,6623,63,1,20
16811,6624,152,2,20
16812,6625,2,1,10
16813,6625,200,3,10
16814,6625,8,1,25
16815,6626,77,1,0
16816,6626,85,2,25
16817,6627,187,3,25
16818,6627,16,2,0
16819,6627,173,1,25
16820,6627,102,3,15
16821,6627,65,1,15
16822,6628,64,1,25
16823,6629,52,3,20
16824,6629,9,5,20
16825,6630,74,3,25
16826,6630,100,4,25
16827,6630,42,4,20
16828,6630,22,1,25
16829,6631,26,1,10
16830,6631,19,3,10
16831,6631,180,1,15
16832,6631,79,5,0
16833,6631,106,3,25
16834,6632,112,2,10
16835,6632,188,1,0
16836,6632,74,1,0
16837,6633,154,1,20
16838,6633,78,5,10
16839,6633,55,5,5
16840,6633,17,2,25
16841,6633,144,5,10
16842,6634,96,4,0
16843,6634,175,4,25
16844,6635,153,3,5
16845,6635,106,3,10
16846,6635,57,2,5
16847,6636,39,4,5
16848,6636,50,4,20
16849,6637,31,5,0
16850,6637,47,3,0
16851,6637,162,2,25
16852,6637,171,2,15
16853,6637,102,3,5
16854,6638,139,2,15
16855,6638,74,5,0
16856,6638,64,1,5
16857,6639,38,3,5
16858,6639,4,3,20
16859,6639,180,4,20
16860,6640,81,4,25
16861,6640,77,3,25
16862,6641,182,1,25
16863,6641,49,2,5
16864,6641,186,1,15
16865,6642,19,1,20
16866,6642,197,3,5
16867,6642,91,4,10
16868,6643,144,5,5
16869,6643,140,3,20
16870,6643,133,1,10
16871,6643,156,1,15
16872,6644,185,1,20
16873,6644,34,5,25
16874,6644,40,2,0
16875,6644,67,2,15
16876,6644,79,5,10
16877,6645,178,4,25
16878,6645,196,4,10
16879,6646,18,4,5
16880,6647,21,3,0
16881,6648,16,5,25
16882,6648,135,4,20
16883,6648,57,3,15
16884,6649,26,5,20
16885,6649,80,3,5
16886,6649,65,2,10
16887,6649,175,3,5
16888,6649,77,2,15
16889,6650,131,1,0
16890,6650,126,1,20
16891,6650,53,5,15
16892,6651,149,4,0
16893,6652,10,3,25
16894,6653,3,5,10
16895,6653,50,2,0
16896,6654,190,4,10
16897,6655,119,3,0
16898,6655,74,4,20
16899,6655,95,3,15
16900,6655,4,4,15
16901,6655,167,5,5
16902,6656,51,1,25
16903,6656,75,3,15
16904,6656,112,1,0
16905,6656,14,2,5
16906,6656,91,1,10
16907,6657,76,4,10
16908,6657,139,3,0
16909,6657,58,2,15
16910,6658,155,4,25
16911,6658,17,4,25
16912,6659,171,5,5
16913,6660,45,5,10
16914,6660,132,4,10
16915,6661,47,4,0
16916,6661,167,3,15
16917,6661,10,1,15
16918,6661,167,2,20
16919,6661,76,2,15
16920,6662,104,3,0
16921,6663,21,2,25
16922,6664,33,4,10
16923,6664,115,2,0
16924,6665,155,5,15
16925,6665,74,1,15
16926,6666,36,1,10
16927,6667,35,4,5
16928,6667,193,5,0
16929,6668,139,3,10
16930,6668,104,5,10
16931,6668,195,3,10
16932,6669,116,1,15
16933,6669,93,2,15
16934,6669,24,3,5
16935,6670,47,1,15
16936,6670,154,5,5
16937,6670,126,2,0
16938,6670,119,2,5
16939,6671,184,1,15
16940,6671,5,3,5
16941,6671,65,2,0
16942,6671,178,2,15
16943,6671,59,3,25
16944,6672,158,4,0
16945,6673,126,1,25
16946,6674,133,3,0
16947,6674,151,3,25
16948,6675,21,2,0
16949,6675,196,1,5
16950,6676,32,3,10
16951,6676,54,5,5
16952,6676,29,4,0
16953,6676,91,2,20
16954,6676,11,5,5
16955,6677,13,2,5
16956,6677,54,4,25
16957,6677,123,5,15
16958,6678,79,3,5
16959,6679,160,1,5
16960,6679,2,5,25
16961,6680,166,2,5
16962,6680,173,4,0
16963,6680,125,1,5
16964,6680,94,3,20
16965,6681,2,4,0
16966,6681,149,5,20
16967,6681,61,1,20
16968,6682,102,3,0
16969,6683,123,4,0
16970,6683,20,3,25
16971,6684,11,1,10
16972,6684,195,2,20
16973,6684,93,2,20
16974,6685,108,5,0
16975,6686,68,1,5
16976,6686,35,4,0
16977,6686,78,2,20
16978,6686,27,4,20
16979,6686,142,2,0
16980,6687,49,2,5
16981,6687,194,1,0
16982,6688,13,5,5
16983,6688,131,4,20
16984,6688,143,1,5
16985,6689,181,5,10
16986,6689,100,3,25
16987,6689,100,2,10
16988,6689,150,4,5
16989,6689,149,2,25
16990,6690,19,2,25
16991,6690,49,4,20
16992,6691,152,2,20
16993,6692,124,3,15
16994,6692,150,5,20
16995,6692,103,3,15
16996,6692,192,1,25
16997,6693,73,5,10
16998,6693,155,4,10
16999,6693,194,4,20
17000,6694,191,2,5
17001,6694,118,4,0
17002,6694,24,4,20
17003,6695,79,2,10
17004,6695,58,2,15
17005,6695,138,1,10
17006,6696,137,5,0
17007,6697,115,2,20
17008,6698,197,2,0
17009,6698,187,2,5
17010,6698,129,4,20
17011,6698,55,3,0
17012,6698,37,1,25
17013,6699,66,2,10
17014,6699,108,2,10
17015,6700,78,2,0
17016,6700,48,1,25
17017,6701,109,5,0
17018,6701,151,1,15
17019,6701,150,2,20
17020,6702,171,4,20
17021,6702,166,1,15
17022,6702,178,5,25
17023,6702,40,5,15
17024,6702,6,1,25
17025,6703,124,4,5
17026,6704,86,5,20
17027,6704,198,4,5
17028,6704,28,3,20
17029,6704,47,4,0
17030,6704,178,3,5
17031,6705,92,1,20
17032,6705,74,5,15
17033,6706,177,4,10
17034,6706,98,5,5
17035,6707,102,2,5
17036,6707,64,1,20
17037,6708,179,2,5
17038,6709,62,5,5
17039,6710,171,3,15
17040,6710,99,1,20
17041,6711,185,2,15
17042,6711,63,2,20
17043,6712,42,1,25
17044,6713,30,3,10
17045,6713,177,1,15
17046,6713,128,3,25
17047,6713,43,1,0
17048,6714,184,5,15
17049,6714,10,2,25
17050,6714,37,1,10
17051,6714,79,4,10
17052,6715,66,3,20
17053,6715,154,5,25
17054,6715,101,5,0
17055,6715,177,4,10
17056,6715,43,2,15
17057,6716,42,1,10
17058,6716,64,5,25
17059,6717,20,3,0
17060,6718,39,1,10
17061,6719,94,3,15
17062,6719,107,3,10
17063,6720,186,3,15
17064,6720,172,4,5
17065,6721,13,1,20
17066,6721,6,3,0
17067,6721,171,5,0
17068,6722,67,3,20
17069,6723,160,3,10
17070,6723,40,5,10
17071,6724,47,2,0
17072,6725,84,5,20
17073,6725,156,5,5
17074,6726,173,2,5
17075,6727,77,2,20
17076,6727,67,5,15
17077,6727,54,5,15
17078,6727,108,4,0
17079,6728,107,1,0
17080,6728,9,4,20
17081,6728,80,3,0
17082,6728,158,5,10
17083,6729,67,5,20
17084,6729,23,3,15
17085,6730,158,3,15
17086,6730,17,5,10
17087,6730,121,2,0
17088,6730,196,4,20
17089,6730,195,5,10
17090,6731,2,2,25
17091,6732,97,4,25
17092,6732,200,4,25
17093,6732,104,3,10
17094,6733,58,5,20
17095,6733,84,2,20
17096,6733,10,3,5
17097,6733,52,3,5
17098,6734,40,4,10
17099,6734,166,5,20
17100,6735,48,4,15
17101,6736,130,5,0
17102,6737,90,1,25
17103,6737,137,5,10
17104,6738,13,1,5
17105,6739,154,5,20
17106,6740,14,4,15
17107,6740,107,3,20
17108,6740,36,5,0
17109,6740,165,4,25
17110,6741,38,4,5
17111,6742,96,5,15
17112,6743,114,3,5
17113,6743,133,1,25
17114,6744,87,5,20
17115,6744,112,5,0
17116,6744,86,1,5
17117,6744,1,5,0
17118,6745,161,2,15
17119,6745,22,2,20
17120,6746,62,4,20
17121,6746,10,1,0
17122,6746,39,4,5
17123,6747,186,4,5
17124,6747,118,5,5
17125,6748,88,5,20
17126,6748,73,3,25
17127,6748,24,3,5
17128,6749,119,2,10
17129,6750,153,5,10
17130,6750,149,3,25
17131,6750,28,5,5
17132,6750,35,5,20
17133,6750,37,5,25
17134,6751,86,1,5
17135,6751,123,3,25
17136,6751,177,5,10
17137,6752,14,4,25
17138,6752,190,1,15
17139,6753,115,5,5
17140,6754,119,1,5
17141,6754,159,2,20
17142,6754,99,5,15
17143,6755,186,4,15
17144,6756,26,2,5
17145,6756,50,4,5
17146,6756,147,2,5
17147,6756,10,2,25
17148,6757,15,4,10
17149,6757,6,3,25
17150,6757,122,1,5
17151,6757,109,4,0
17152,6757,121,5,0
17153,6758,45,5,20
17154,6758,11,4,20
17155,6758,22,2,25
17156,6758,171,1,15
17157,6758,7,3,25
17158,6759,150,1,0
17159,6759,144,5,5
17160,6759,197,4,10
17161,6760,14,1,5
17162,6761,160,5,0
17163,6762,93,4,20
17164,6762,51,3,5
17165,6762,72,4,0
17166,6763,170,1,5
17167,6764,81,1,5
17168,6765,152,3,25
17169,6765,156,2,15
17170,6765,192,3,15
17171,6766,141,1,15
17172,6766,39,1,5
17173,6766,112,5,20
17174,6766,181,2,15
17175,6766,24,3,15
17176,6767,24,3,0
17177,6767,104,5,5
17178,6767,195,3,15
17179,6768,31,1,5
17180,6768,64,3,0
17181,6769,119,2,10
17182,6770,147,3,15
17183,6770,40,3,10
17184,6770,194,5,5
17185,6771,117,4,25
17186,6771,49,1,25
17187,6772,52,1,0
17188,6772,139,3,25
17189,6772,90,4,0
17190,6773,80,5,20
17191,6774,22,4,15
17192,6774,89,3,25
17193,6774,166,5,10
17194,6774,18,4,15
17195,6774,113,3,20
17196,6775,36,2,0
17197,6775,110,3,20
17198,6775,108,3,15
17199,6776,12,2,15
17200,6776,8,1,15
17201,6777,141,1,10
17202,6778,122,3,5
17203,6778,106,5,25
17204,6779,74,4,20
17205,6779,16,3,10
17206,6779,193,4,5
17207,6779,87,3,0
17208,6779,84,2,0
17209,6780,81,2,25
17210,6780,136,4,5
17211,6781,123,4,5
17212,6781,96,2,25
17213,6781,153,2,25
17214,6781,145,1,25
17215,6781,78,4,20
17216,6782,109,5,10
17217,6783,20,2,15
17218,6783,199,4,5
17219,6783,151,1,25
17220,6784,135,4,20
17221,6784,167,3,25
17222,6784,59,5,5
17223,6784,125,3,0
17224,6784,183,2,10
17225,6785,177,3,5
17226,6786,195,5,10
17227,6787,181,1,25
17228,6787,15,2,25
17229,6787,93,2,5
17230,6788,69,3,10
17231,6788,113,4,20
17232,6789,137,2,5
17233,6790,83,1,15
17234,6790,102,1,15
17235,6791,123,2,20
17236,6792,110,4,15
17237,6792,50,4,20
17238,6792,137,4,25
17239,6793,181,5,25
17240,6793,99,4,0
17241,6793,155,4,0
17242,6793,185,2,5
17243,6793,4,5,25
17244,6794,38,2,5
17245,6794,184,4,15
17246,6795,122,2,5
17247,6795,123,4,15
17248,6795,38,2,5
17249,6796,55,2,20
17250,6797,163,1,15
17251,6797,87,4,20
17252,6798,30,5,20
17253,6798,196,1,20
17254,6799,91,3,15
17255,6799,115,3,10
17256,6800,114,4,25
17257,6800,155,4,0
17258,6800,191,5,0
17259,6800,27,4,20
17260,6800,45,1,0
17261,6801,157,5,5
17262,6801,186,1,20
17263,6801,37,3,10
17264,6802,12,1,10
17265,6802,160,4,20
17266,6802,125,1,20
17267,6803,147,2,15
17268,6804,177,1,15
17269,6804,196,2,5
17270,6804,43,4,25
17271,6805,14,1,25
17272,6806,46,4,0
17273,6806,111,4,20
17274,6806,90,2,10
17275,6807,57,2,20
17276,6807,87,1,25
17277,6808,100,3,15
17278,6808,7,1,0
17279,6808,95,3,0
17280,6809,102,4,0
17281,6809,122,2,20
17282,6809,146,5,25
17283,6810,100,3,20
17284,6811,59,1,20
17285,6811,132,2,15
17286,6811,108,3,25
17287,6811,24,4,10
17288,6812,5,4,25
17289,6812,100,3,15
17290,6813,124,2,20
17291,6813,199,3,15
17292,6813,95,1,15
17293,6814,23,3,10
17294,6815,44,2,10
17295,6815,18,3,25
17296,6816,171,5,0
17297,6817,166,1,20
17298,6818,6,3,5
17299,6818,147,1,10
17300,6818,11,1,10
17301,6818,187,3,10
17302,6819,27,5,0
17303,6819,119,4,20
17304,6819,59,3,0
17305,6819,142,2,25
17306,6819,121,1,0
17307,6820,101,3,20
17308,6820,109,5,25
17309,6821,166,5,5
17310,6821,54,2,15
17311,6821,155,2,0
17312,6822,104,2,20
17313,6823,7,4,15
17314,6823,150,4,20
17315,6823,128,2,20
17316,6823,9,1,15
17317,6824,70,2,25
17318,6825,164,5,25
17319,6825,80,2,20
17320,6825,39,2,20
17321,6825,110,2,20
17322,6826,32,4,25
17323,6826,61,5,20
17324,6827,192,5,25
17325,6827,132,4,0
17326,6827,82,2,15
17327,6828,102,5,5
17328,6829,116,2,10
17329,6829,68,5,25
17330,6829,100,4,20
17331,6830,25,3,5
17332,6831,81,3,10
17333,6831,37,3,25
17334,6832,83,3,25
17335,6833,154,5,5
17336,6833,177,5,10
17337,6833,173,2,5
17338,6833,173,5,15
17339,6834,103,3,25
17340,6834,123,3,20
17341,6835,37,3,0
17342,6835,142,2,10
17343,6835,25,3,20
17344,6836,178,3,20
17345,6836,54,5,5
17346,6837,100,4,0
17347,6837,85,3,25
17348,6837,163,2,15
17349,6837,187,5,5
17350,6838,147,1,10
17351,6838,146,3,0
17352,6838,120,1,15
17353,6839,33,4,20
17354,6839,200,3,10
17355,6840,125,3,5
17356,6840,147,1,10
17357,6841,123,5,20
17358,6841,92,5,25
17359,6841,188,3,5
17360,6841,195,5,10
17361,6842,46,3,20
17362,6842,106,4,5
17363,6843,97,5,15
17364,6844,23,5,25
17365,6844,26,2,5
17366,6844,197,5,0
17367,6845,86,1,20
17368,6845,199,2,5
17369,6846,81,1,10
17370,6846,43,3,20
17371,6846,196,3,25
17372,6847,194,2,25
17373,6847,170,5,25
17374,6847,102,5,5
17375,6847,88,1,0
17376,6847,159,1,25
17377,6848,53,3,20
17378,6848,51,4,25
17379,6849,93,4,5
17380,6850,132,5,10
17381,6850,100,5,10
17382,6850,62,1,25
17383,6851,155,2,10
17384,6851,91,4,25
17385,6851,78,2,20
17386,6851,35,4,25
17387,6851,117,5,5
17388,6852,51,4,20
17389,6852,18,2,0
17390,6852,70,2,10
17391,6853,34,1,10
17392,6854,44,3,20
17393,6854,194,2,25
17394,6854,156,4,15
17395,6854,135,3,25
17396,6855,170,5,10
17397,6856,157,1,0
17398,6856,4,4,25
17399,6856,11,2,5
17400,6856,188,2,20
17401,6856,97,5,20
17402,6857,158,2,0
17403,6857,178,3,10
17404,6857,98,4,5
17405,6857,83,2,20
17406,6857,45,3,0
17407,6858,162,4,10
17408,6858,192,4,25
17409,6858,85,2,25
17410,6858,1,1,20
17411,6858,49,5,10
17412,6859,173,3,0
17413,6860,79,4,25
17414,6860,186,4,25
17415,6860,92,1,10
17416,6860,44,3,15
17417,6861,99,2,20
17418,6862,133,3,5
17419,6862,92,2,0
17420,6862,46,1,15
17421,6862,124,2,20
17422,6863,1,3,15
17423,6863,106,4,25
17424,6864,122,5,25
17425,6864,63,5,0
17426,6865,22,5,5
17427,6865,180,5,10
17428,6865,191,3,0
17429,6866,59,5,0
17430,6866,25,1,5
17431,6867,161,3,20
17432,6868,14,2,5
17433,6868,85,3,20
17434,6868,15,4,0
17435,6869,135,5,25
17436,6869,122,2,5
17437,6869,55,3,25
17438,6869,60,1,5
17439,6869,57,4,15
17440,6870,149,5,5
17441,6870,44,5,25
17442,6870,146,1,15
17443,6870,107,1,5
17444,6870,99,5,0
17445,6871,29,5,5
17446,6871,168,3,20
17447,6872,179,2,25
17448,6873,39,5,25
17449,6873,174,2,5
17450,6873,85,3,15
17451,6873,167,3,10
17452,6874,79,3,25
17453,6874,108,5,5
17454,6874,95,5,5
17455,6875,96,3,0
17456,6876,16,2,5
17457,6876,188,4,15
17458,6876,142,5,15
17459,6876,154,4,25
17460,6877,108,1,0
17461,6878,61,1,0
17462,6879,65,3,10
17463,6880,75,1,0
17464,6881,79,5,25
17465,6882,107,5,20
17466,6882,6,4,5
17467,6882,118,4,15
17468,6883,18,3,10
17469,6884,179,5,20
17470,6884,14,4,10
17471,6884,149,2,15
17472,6884,160,2,0
17473,6884,17,2,25
17474,6885,174,1,0
17475,6885,86,4,0
17476,6885,111,5,25
17477,6885,156,3,5
17478,6886,145,1,25
17479,6886,135,3,15
17480,6886,144,4,15
17481,6886,77,5,25
17482,6886,73,4,10
17483,6887,133,4,25
17484,6887,38,1,20
17485,6887,126,3,10
17486,6888,176,1,25
17487,6888,111,3,15
17488,6889,2,2,5
17489,6889,76,3,20
17490,6889,89,2,15
17491,6890,127,1,5
17492,6890,4,3,20
17493,6890,193,4,15
17494,6890,28,5,25
17495,6891,192,1,0
17496,6891,94,3,0
17497,6892,54,2,10
17498,6893,26,2,5
17499,6893,185,1,10
17500,6894,13,2,5
17501,6894,122,4,15
17502,6894,171,3,25
17503,6894,121,3,15
17504,6895,122,2,25
17505,6895,133,5,15
17506,6895,186,1,0
17507,6896,13,2,5
17508,6897,9,4,15
17509,6897,59,1,25
17510,6898,180,4,25
17511,6899,120,1,25
17512,6900,34,2,20
17513,6900,13,3,25
17514,6900,73,2,10
17515,6900,31,4,15
17516,6900,12,4,5
17517,6901,153,5,20
17518,6902,151,3,10
17519,6902,50,3,10
17520,6903,126,3,15
17521,6904,136,2,10
17522,6905,136,2,25
17523,6906,37,4,15
17524,6906,135,5,5
17525,6906,67,5,10
17526,6907,164,2,5
17527,6907,56,2,15
17528,6907,38,3,20
17529,6907,147,1,0
17530,6908,6,1,20
17531,6908,8,5,5
17532,6909,143,4,25
17533,6909,105,1,25
17534,6909,170,3,15
17535,6910,49,2,5
17536,6910,180,2,0
17537,6911,172,4,25
17538,6911,172,2,25
17539,6912,58,5,20
17540,6912,96,2,10
17541,6913,27,1,5
17542,6914,200,3,25
17543,6914,92,3,25
17544,6914,185,3,0
17545,6915,28,3,10
17546,6915,53,1,25
17547,6915,125,2,0
17548,6916,8,2,5
17549,6916,152,1,0
17550,6916,172,4,15
17551,6917,63,4,25
17552,6917,169,4,10
17553,6917,96,3,0
17554,6918,195,3,10
17555,6918,188,4,5
17556,6918,45,1,25
17557,6919,50,4,20
17558,6920,154,5,10
17559,6920,122,3,5
17560,6920,133,1,25
17561,6921,46,5,20
17562,6921,152,1,25
17563,6921,182,2,25
17564,6922,6,2,20
17565,6923,14,2,0
17566,6923,59,2,25
17567,6923,104,3,25
17568,6924,2,1,25
17569,6924,28,4,15
17570,6924,36,5,20
17571,6925,199,2,15
17572,6925,147,2,25
17573,6925,16,5,0
17574,6926,174,3,10
17575,6926,91,1,15
17576,6926,143,4,0
17577,6926,184,2,25
17578,6926,13,5,10
17579,6927,132,3,0
17580,6927,173,1,0
17581,6927,176,4,15
17582,6927,185,5,5
17583,6927,9,5,20
17584,6928,192,1,15
17585,6928,41,4,20
17586,6928,1,5,25
17587,6928,4,5,10
17588,6929,37,3,20
17589,6929,74,4,5
17590,6930,10,5,20
17591,6930,110,3,15
17592,6930,147,4,5
17593,6931,74,2,10
17594,6931,29,2,10
17595,6932,159,5,20
17596,6932,192,2,10
17597,6932,92,3,20
17598,6933,91,5,10
17599,6933,46,5,20
17600,6933,40,1,15
17601,6934,186,4,5
17602,6934,34,2,10
17603,6935,8,2,20
17604,6936,118,5,25
17605,6936,93,4,5
17606,6936,109,2,25
17607,6936,117,3,20
17608,6936,146,3,5
17609,6937,35,3,25
17610,6938,98,4,20
17611,6938,151,4,15
17612,6938,98,1,5
17613,6938,105,1,15
17614,6938,59,4,20
17615,6939,182,4,10
17616,6939,66,1,25
17617,6939,52,3,15
17618,6939,196,5,15
17619,6939,193,3,25
17620,6940,35,5,0
17621,6940,36,5,25
17622,6941,197,2,0
17623,6941,75,2,0
17624,6942,21,2,0
17625,6942,24,2,0
17626,6942,92,3,0
17627,6943,10,1,15
17628,6943,162,5,5
17629,6944,36,3,25
17630,6945,110,4,25
17631,6946,70,1,20
17632,6946,123,3,5
17633,6946,155,3,25
17634,6946,141,5,0
17635,6947,98,3,25
17636,6948,196,1,15
17637,6948,133,3,20
17638,6949,3,4,25
17639,6949,153,5,10
17640,6949,61,3,25
17641,6950,151,3,20
17642,6951,124,5,10
17643,6952,133,2,25
17644,6952,62,2,10
17645,6953,121,1,0
17646,6953,70,4,5
17647,6954,162,4,15
17648,6955,37,1,20
17649,6955,173,1,15
17650,6956,166,5,10
17651,6957,140,2,10
17652,6957,95,2,20
17653,6957,21,1,15
17654,6957,111,4,0
17655,6957,46,5,0
17656,6958,98,3,0
17657,6958,57,2,25
17658,6959,7,5,25
17659,6959,175,4,5
17660,6959,163,3,20
17661,6959,177,4,20
17662,6959,40,1,5
17663,6960,159,3,20
17664,6960,23,4,0
17665,6961,60,5,20
17666,6961,141,5,25
17667,6961,140,5,0
17668,6961,93,2,0
17669,6961,87,2,10
17670,6962,186,4,10
17671,6963,29,5,5
17672,6964,39,5,0
17673,6964,81,2,10
17674,6964,161,4,0
17675,6964,158,1,20
17676,6965,138,4,20
17677,6965,118,3,20
17678,6965,34,4,5
17679,6966,86,4,5
17680,6966,53,2,15
17681,6967,29,1,0
17682,6967,47,4,0
17683,6968,52,1,25
17684,6968,79,3,25
17685,6969,41,3,25
17686,6970,29,1,25
17687,6971,29,1,0
17688,6971,154,1,0
17689,6972,94,2,25
17690,6972,113,1,25
17691,6973,192,5,20
17692,6974,172,4,25
17693,6974,169,1,15
17694,6975,33,5,5
17695,6975,199,5,20
17696,6975,55,2,5
17697,6976,168,5,20
17698,6976,64,4,10
17699,6976,108,1,5
17700,6977,44,1,15
17701,6977,14,4,5
17702,6978,19,5,15
17703,6979,17,4,10
17704,6979,181,4,15
17705,6979,47,5,5
17706,6980,113,5,15
17707,6980,127,3,15
17708,6980,103,2,25
17709,6980,117,4,5
17710,6981,189,4,5
17711,6981,200,2,10
17712,6981,65,4,5
17713,6981,196,3,0
17714,6982,17,5,20
17715,6983,18,3,20
17716,6983,182,5,0
17717,6983,3,5,25
17718,6983,87,4,25
17719,6983,192,5,20
17720,6984,98,1,10
17721,6985,95,3,5
17722,6985,81,1,25
17723,6985,61,3,25
17724,6986,187,5,5
17725,6986,16,4,15
17726,6986,107,4,20
17727,6987,134,5,20
17728,6987,152,4,20
17729,6987,66,2,15
17730,6988,85,5,10
17731,6989,173,4,15
17732,6989,163,2,5
17733,6989,78,3,20
17734,6989,102,2,5
17735,6990,118,5,15
17736,6991,100,1,20
17737,6991,179,4,0
17738,6992,90,4,0
17739,6993,135,1,0
17740,6993,149,1,5
17741,6993,78,2,10
17742,6993,37,5,15
17743,6994,108,3,5
17744,6994,25,2,0
17745,6995,129,5,10
17746,6996,29,5,5
17747,6997,23,4,10
17748,6997,197,2,0
17749,6998,3,1,20
17750,6998,1,5,20
17751,6998,115,5,15
17752,6999,154,4,5
17753,6999,138,1,20
17754,6999,153,3,15
17755,7000,136,1,25
17756,7000,6,1,0
17757,7001,61,3,5
17758,7001,16,3,20
17759,7002,67,4,15
17760,7002,152,4,25
17761,7002,49,5,15
17762,7003,32,4,10
17763,7003,125,5,25
17764,7004,158,1,20
17765,7004,127,3,5
17766,7004,180,2,5
17767,7005,93,1,5
17768,7005,146,1,5
17769,7005,161,5,5
17770,7005,168,1,5
17771,7005,198,2,20
17772,7006,42,5,0
17773,7007,77,5,15
17774,7007,119,2,5
17775,7007,23,1,15
17776,7008,6,1,20
17777,7008,102,2,0
17778,7008,93,5,25
17779,7009,164,3,20
17780,7010,9,3,20
17781,7010,112,5,0
17782,7010,168,5,10
17783,7010,97,2,20
17784,7011,196,2,25
17785,7011,129,4,10
17786,7011,28,4,0
17787,7012,66,5,25
17788,7012,104,5,0
17789,7012,42,5,0
17790,7012,110,3,25
17791,7013,138,2,20
17792,7013,47,1,0
17793,7013,57,3,20
17794,7014,32,4,0
17795,7015,50,4,10
17796,7015,126,1,10
17797,7015,196,5,10
17798,7016,179,5,5
17799,7016,177,5,5
17800,7016,157,5,10
17801,7017,117,5,5
17802,7017,88,1,0
17803,7018,105,5,5
17804,7018,155,2,5
17805,7018,166,4,0
17806,7018,83,5,0
17807,7019,118,2,15
17808,7019,109,4,0
17809,7019,106,2,25
17810,7020,81,4,5
17811,7021,97,4,25
17812,7021,92,4,20
17813,7021,27,4,10
17814,7021,118,3,10
17815,7022,132,1,5
17816,7022,129,2,10
17817,7022,12,2,25
17818,7023,188,1,0
17819,7023,22,5,25
17820,7023,45,2,25
17821,7023,120,1,5
17822,7024,108,4,20
17823,7024,173,1,20
17824,7024,30,3,15
17825,7024,44,4,10
17826,7025,41,1,25
17827,7025,54,4,10
17828,7025,175,2,25
17829,7025,68,2,20
17830,7025,77,2,10
17831,7026,110,5,25
17832,7027,65,1,0
17833,7028,104,3,25
17834,7028,138,4,0
17835,7029,87,5,10
17836,7029,197,2,10
17837,7029,144,1,10
17838,7029,159,1,25
17839,7029,130,5,25
17840,7030,37,3,5
17841,7030,112,4,10
17842,7030,177,5,0
17843,7030,12,4,15
17844,7031,41,2,15
17845,7031,127,1,25
17846,7031,40,1,0
17847,7031,43,1,25
17848,7032,126,3,5
17849,7033,181,2,0
17850,7034,15,3,15
17851,7035,158,1,0
17852,7035,200,4,0
17853,7035,103,3,10
17854,7035,70,3,0
17855,7035,25,2,10
17856,7036,19,4,5
17857,7036,193,5,25
17858,7037,72,1,25
17859,7037,126,3,0
17860,7037,169,2,5
17861,7037,124,5,5
17862,7038,171,1,0
17863,7039,100,5,10
17864,7040,38,2,10
17865,7040,188,5,25
17866,7040,182,2,20
17867,7041,44,2,0
17868,7042,149,1,5
17869,7042,42,3,0
17870,7043,189,1,15
17871,7044,43,1,5
17872,7044,27,5,15
17873,7044,141,3,10
17874,7045,166,2,15
17875,7045,1,2,0
17876,7046,151,3,10
17877,7046,88,4,10
17878,7046,179,4,5
17879,7046,159,5,0
17880,7047,196,3,5
17881,7047,185,2,0
17882,7048,173,4,20
17883,7048,38,1,15
17884,7049,113,5,10
17885,7049,43,4,10
17886,7050,64,2,25
17887,7050,10,4,25
17888,7051,26,2,10
17889,7051,31,5,5
17890,7052,181,4,0
17891,7052,49,2,20
17892,7052,117,3,10
17893,7053,9,2,0
17894,7054,75,3,5
17895,7054,28,1,10
17896,7054,146,4,10
17897,7054,158,4,20
17898,7055,164,4,25
17899,7055,164,4,10
17900,7056,51,5,0
17901,7056,55,2,15
17902,7056,19,3,10
17903,7057,87,1,20
17904,7057,44,3,10
17905,7057,1,5,5
17906,7058,78,3,0
17907,7058,38,5,0
17908,7058,167,5,10
17909,7059,139,4,0
17910,7060,156,3,5
17911,7060,111,2,15
17912,7060,200,2,15
17913,7061,70,2,5
17914,7062,83,5,10
17915,7063,56,5,15
17916,7063,62,3,0
17917,7064,40,5,20
17918,7064,136,2,25
17919,7064,171,3,10
17920,7065,123,1,25
17921,7065,136,4,10
17922,7066,116,4,10
17923,7066,36,5,15
17924,7067,143,2,25
17925,7067,140,3,5
17926,7067,41,3,15
17927,7067,165,4,0
17928,7068,18,3,5
17929,7068,68,2,20
17930,7068,57,2,10
17931,7069,7,4,20
17932,7070,146,4,25
17933,7070,168,3,10
17934,7070,173,3,15
17935,7071,144,4,0
17936,7071,115,3,20
17937,7071,2,5,25
17938,7072,84,3,5
17939,7072,157,5,0
17940,7073,116,1,15
17941,7073,159,4,25
17942,7074,93,2,5
17943,7075,17,4,25
17944,7075,1,5,0
17945,7075,28,4,15
17946,7075,166,5,15
17947,7076,192,3,20
17948,7076,178,4,10
17949,7076,188,4,25
17950,7077,84,5,25
17951,7078,132,5,25
17952,7079,78,5,5
17953,7079,20,3,15
17954,7080,96,5,10
17955,7080,114,1,25
17956,7080,65,1,20
17957,7080,197,5,25
17958,7080,190,2,15
17959,7081,71,2,15
17960,7081,158,1,5
17961,7082,184,3,20
17962,7082,81,3,5
17963,7082,90,1,15
17964,7083,31,2,20
17965,7083,83,3,0
17966,7083,23,4,20
17967,7083,181,3,10
17968,7084,146,5,25
17969,7085,190,5,20
17970,7085,62,3,5
17971,7085,123,1,5
17972,7085,74,1,0
17973,7086,90,2,20
17974,7086,61,3,20
17975,7086,106,2,5
17976,7087,16,1,5
17977,7087,113,3,0
17978,7088,128,2,15
17979,7089,20,3,15
17980,7089,118,5,0
17981,7089,159,4,0
17982,7090,48,1,0
17983,7090,92,5,0
17984,7091,200,2,25
17985,7091,133,4,0
17986,7092,76,4,20
17987,7092,181,2,5
17988,7093,6,1,5
17989,7093,188,3,5
17990,7093,110,2,15
17991,7093,63,2,15
17992,7094,19,5,10
17993,7094,118,4,25
17994,7094,3,4,20
17995,7095,169,2,15
17996,7095,27,2,0
17997,7095,141,2,10
17998,7095,187,2,20
17999,7096,72,1,5
18000,7096,113,2,0
18001,7096,7,4,25
18002,7096,50,5,0
18003,7096,197,3,0
18004,7097,133,1,25
18005,7097,198,3,20
18006,7097,174,4,5
18007,7098,122,4,0
18008,7098,171,2,15
18009,7098,13,1,25
18010,7099,45,1,0
18011,7100,8,3,20
18012,7101,8,5,20
18013,7101,136,2,15
18014,7101,191,2,15
18015,7101,105,3,15
18016,7101,143,1,10
18017,7102,38,5,10
18018,7103,4,2,20
18019,7103,139,3,5
18020,7103,112,4,0
18021,7103,117,4,10
18022,7103,54,3,15
18023,7104,59,5,5
18024,7104,94,2,25
18025,7104,28,3,25
18026,7105,18,5,25
18027,7105,9,3,25
18028,7106,119,1,20
18029,7106,139,2,0
18030,7107,60,1,0
18031,7107,28,1,5
18032,7107,119,3,15
18033,7107,9,3,10
18034,7108,15,5,20
18035,7108,84,4,15
18036,7108,11,4,25
18037,7108,48,1,10
18038,7109,65,3,15
18039,7109,188,3,15
18040,7109,156,4,15
18041,7109,28,5,10
18042,7109,123,3,5
18043,7110,130,4,15
18044,7110,33,3,0
18045,7110,44,5,10
18046,7111,196,3,0
18047,7112,140,1,20
18048,7112,88,2,20
18049,7112,18,2,10
18050,7112,63,5,25
18051,7113,52,1,0
18052,7113,70,1,0
18053,7114,11,5,25
18054,7115,89,4,20
18055,7115,41,5,10
18056,7115,192,1,25
18057,7116,195,5,20
18058,7116,121,4,10
18059,7117,178,2,0
18060,7117,169,3,20
18061,7118,42,4,25
18062,7118,36,1,10
18063,7118,90,1,5
18064,7119,152,4,25
18065,7119,129,1,0
18066,7119,18,4,20
18067,7120,38,1,20
18068,7120,117,3,0
18069,7121,100,3,20
18070,7122,40,2,0
18071,7122,116,2,10
18072,7123,169,3,15
18073,7123,33,1,5
18074,7124,176,2,20
18075,7124,65,5,10
18076,7125,95,1,5
18077,7125,162,1,20
18078,7126,139,5,10
18079,7126,171,5,10
18080,7127,194,4,25
18081,7128,179,1,25
18082,7128,121,1,25
18083,7129,127,2,0
18084,7129,171,2,0
18085,7129,92,4,25
18086,7129,8,1,5
18087,7130,191,5,20
18088,7130,66,4,15
18089,7130,87,5,20
18090,7130,72,3,15
18091,7131,103,2,0
18092,7132,180,1,25
18093,7132,81,2,0
18094,7133,111,5,0
18095,7134,4,4,20
18096,7135,108,1,5
18097,7135,141,4,5
18098,7135,174,3,5
18099,7135,83,4,0
18100,7135,179,1,0
18101,7136,184,2,25
18102,7136,59,3,15
18103,7136,118,1,10
18104,7136,121,2,25
18105,7137,147,1,5
18106,7138,50,5,20
18107,7138,25,2,20
18108,7138,184,2,15
18109,7139,35,5,20
18110,7140,140,1,20
18111,7140,126,4,5
18112,7141,43,2,25
18113,7142,26,1,20
18114,7142,191,1,25
18115,7143,72,3,0
18116,7144,153,2,0
18117,7144,106,5,25
18118,7144,70,5,5
18119,7144,124,2,25
18120,7145,21,3,20
18121,7145,74,4,5
18122,7145,75,4,5
18123,7145,116,4,0
18124,7146,66,2,10
18125,7147,78,4,25
18126,7148,63,2,0
18127,7148,127,2,15
18128,7148,168,2,0
18129,7148,35,3,15
18130,7148,146,4,15
18131,7149,25,3,15
18132,7149,156,3,15
18133,7150,29,3,5
18134,7151,174,4,15
18135,7151,166,1,10
18136,7151,59,2,25
18137,7152,146,2,25
18138,7153,3,2,5
18139,7154,185,1,0
18140,7154,154,5,20
18141,7154,200,5,20
18142,7154,53,5,15
18143,7154,30,3,15
18144,7155,80,3,5
18145,7155,190,3,5
18146,7155,142,5,0
18147,7155,166,1,20
18148,7155,79,4,25
18149,7156,175,2,20
18150,7156,130,2,0
18151,7157,29,1,15
18152,7157,33,2,25
18153,7157,138,4,0
18154,7157,192,1,15
18155,7158,74,5,20
18156,7158,168,4,20
18157,7158,174,5,20
18158,7158,60,2,25
18159,7159,125,2,5
18160,7159,8,2,10
18161,7159,54,3,5
18162,7159,158,4,10
18163,7160,193,3,0
18164,7160,45,4,20
18165,7161,106,3,25
18166,7161,196,4,0
18167,7161,127,3,0
18168,7162,108,5,20
18169,7163,22,1,5
18170,7164,74,4,20
18171,7164,133,3,0
18172,7165,159,5,10
18173,7165,95,2,20
18174,7165,147,2,0
18175,7166,173,4,10
18176,7166,164,1,25
18177,7167,4,5,10
18178,7167,105,1,10
18179,7168,144,5,0
18180,7168,170,1,20
18181,7168,55,5,10
18182,7169,52,3,20
18183,7169,62,5,25
18184,7170,190,4,0
18185,7171,60,3,10
18186,7171,62,5,0
18187,7171,88,5,5
18188,7171,166,4,15
18189,7171,91,2,10
18190,7172,159,3,15
18191,7172,79,3,15
18192,7173,92,2,25
18193,7173,110,2,0
18194,7174,194,2,5
18195,7175,196,5,25
18196,7175,124,5,15
18197,7175,2,2,0
18198,7175,79,1,10
18199,7176,87,5,5
18200,7177,194,1,0
18201,7178,172,5,0
18202,7179,179,4,10
18203,7179,193,4,5
18204,7179,32,2,0
18205,7179,190,2,20
18206,7180,64,2,25
18207,7180,21,1,25
18208,7180,157,1,25
18209,7181,102,5,5
18210,7181,151,3,0
18211,7182,36,3,25
18212,7183,167,5,0
18213,7183,152,2,25
18214,7183,174,1,20
18215,7183,155,1,0
18216,7183,171,1,20
18217,7184,18,2,5
18218,7184,96,2,0
18219,7184,27,2,20
18220,7184,185,1,25
18221,7184,66,4,25
18222,7185,44,4,25
18223,7185,4,1,5
18224,7186,178,1,20
18225,7187,92,1,5
18226,7187,44,3,25
18227,7187,7,3,5
18228,7187,8,2,10
18229,7187,104,3,20
18230,7188,83,3,10
18231,7188,192,1,5
18232,7188,73,2,25
18233,7189,112,1,10
18234,7189,27,1,0
18235,7190,63,4,25
18236,7191,65,1,20
18237,7192,110,1,0
18238,7192,76,3,0
18239,7192,36,4,25
18240,7192,109,3,20
18241,7193,123,5,25
18242,7193,70,3,25
18243,7194,57,4,25
18244,7195,99,1,0
18245,7195,149,2,10
18246,7195,200,5,10
18247,7195,74,3,5
18248,7196,137,4,20
18249,7196,173,1,10
18250,7196,134,5,0
18251,7196,170,2,10
18252,7196,25,3,15
18253,7197,186,5,0
18254,7197,157,2,20
18255,7197,21,2,15
18256,7198,143,3,15
18257,7198,180,1,15
18258,7199,162,4,0
18259,7200,19,1,0
18260,7200,116,5,20
18261,7201,91,1,20
18262,7201,46,1,20
18263,7202,16,3,5
18264,7202,149,5,15
18265,7202,150,2,25
18266,7203,126,1,15
18267,7204,112,5,5
18268,7204,66,2,0
18269,7204,123,3,5
18270,7205,58,1,5
18271,7205,187,3,25
18272,7206,40,4,25
18273,7206,3,2,10
18274,7207,129,4,20
18275,7207,98,4,5
18276,7207,170,3,15
18277,7208,51,3,25
18278,7208,108,2,5
18279,7208,48,1,15
18280,7209,136,2,10
18281,7209,198,1,20
18282,7209,113,3,5
18283,7209,55,2,20
18284,7210,72,1,20
18285,7211,57,5,25
18286,7212,66,2,5
18287,7213,94,1,5
18288,7214,59,2,15
18289,7215,84,4,10
18290,7215,23,5,0
18291,7215,99,2,5
18292,7216,2,5,5
18293,7217,116,1,15
18294,7218,131,4,20
18295,7218,153,1,0
18296,7218,200,1,20
18297,7218,119,2,20
18298,7219,195,2,10
18299,7220,35,5,20
18300,7221,150,1,15
18301,7222,52,5,15
18302,7222,126,4,5
18303,7222,154,2,25
18304,7223,58,2,25
18305,7223,86,1,0
18306,7223,43,4,20
18307,7223,174,2,5
18308,7223,24,4,25
18309,7224,73,2,0
18310,7224,23,4,0
18311,7225,146,5,25
18312,7226,18,1,15
18313,7226,83,1,25
18314,7226,179,4,25
18315,7226,78,3,20
18316,7227,11,5,20
18317,7227,121,3,0
18318,7228,109,3,25
18319,7228,157,2,15
18320,7228,59,1,10
18321,7229,89,5,5
18322,7229,30,5,10
18323,7230,33,4,0
18324,7230,163,2,0
18325,7231,142,1,25
18326,7231,46,5,20
18327,7232,94,4,20
18328,7232,91,5,20
18329,7232,2,1,25
18330,7233,20,4,15
18331,7233,144,1,15
18332,7234,53,5,10
18333,7234,103,2,5
18334,7234,194,5,0
18335,7235,200,2,15
18336,7236,194,4,20
18337,7237,69,1,0
18338,7237,102,5,20
18339,7238,179,5,15
18340,7239,37,4,10
18341,7239,138,3,15
18342,7239,21,2,15
18343,7239,99,2,15
18344,7240,46,5,15
18345,7241,49,3,10
18346,7242,139,4,15
18347,7243,34,1,20
18348,7243,174,5,5
18349,7244,198,1,0
18350,7244,174,2,0
18351,7244,127,5,10
18352,7244,151,1,25
18353,7244,180,1,5
18354,7245,104,1,5
18355,7245,82,2,5
18356,7245,69,5,10
18357,7246,5,3,20
18358,7246,194,5,0
18359,7246,66,4,0
18360,7247,152,2,25
18361,7248,102,3,0
18362,7248,97,3,20
18363,7249,39,2,25
18364,7250,127,5,15
18365,7250,25,2,10
18366,7250,126,5,5
18367,7250,105,1,25
18368,7251,144,2,5
18369,7251,148,3,0
18370,7251,20,1,25
18371,7251,198,4,20
18372,7252,109,4,25
18373,7252,157,5,25
18374,7253,155,1,20
18375,7254,80,5,10
18376,7254,181,1,15
18377,7255,131,1,10
18378,7255,6,3,0
18379,7256,181,5,5
18380,7256,182,2,15
18381,7257,116,2,20
18382,7257,101,4,5
18383,7257,199,3,10
18384,7257,164,2,0
18385,7258,3,3,15
18386,7259,12,2,0
18387,7259,183,5,10
18388,7259,178,1,15
18389,7259,78,3,10
18390,7260,50,2,10
18391,7260,141,3,5
18392,7260,78,4,15
18393,7261,190,1,20
18394,7261,71,3,0
18395,7261,71,2,15
18396,7261,51,4,0
18397,7261,169,2,10
18398,7262,102,5,25
18399,7263,140,1,0
18400,7263,3,3,15
18401,7264,164,3,20
18402,7264,87,2,0
18403,7265,131,2,10
18404,7265,179,4,25
18405,7265,121,1,0
18406,7266,118,5,20
18407,7266,26,2,10
18408,7267,161,3,5
18409,7267,35,1,20
18410,7268,198,1,5
18411,7268,108,3,0
18412,7268,89,1,15
18413,7269,157,3,15
18414,7270,126,3,25
18415,7271,163,4,15
18416,7271,146,1,25
18417,7272,46,1,0
18418,7272,58,3,20
18419,7273,56,3,5
18420,7274,37,5,20
18421,7274,37,4,25
18422,7274,153,4,0
18423,7274,152,3,25
18424,7274,44,3,10
18425,7275,96,5,15
18426,7276,36,5,0
18427,7277,50,4,5
18428,7277,38,4,15
18429,7277,120,5,5
18430,7277,115,5,0
18431,7278,172,3,10
18432,7278,19,2,5
18433,7278,30,4,20
18434,7279,190,3,25
18435,7280,110,2,5
18436,7281,136,2,25
18437,7281,105,2,15
18438,7281,148,1,10
18439,7281,1,4,5
18440,7282,18,3,10
18441,7282,190,1,5
18442,7282,7,3,15
18443,7282,77,4,5
18444,7282,153,3,5
18445,7283,66,4,25
18446,7283,167,4,5
18447,7284,186,2,0
18448,7284,197,4,0
18449,7284,54,5,0
18450,7284,133,1,15
18451,7285,56,4,25
18452,7285,170,3,0
18453,7285,22,2,5
18454,7286,41,4,10
18455,7287,68,5,15
18456,7288,164,3,0
18457,7289,31,3,20
18458,7289,48,1,25
18459,7290,129,5,0
18460,7291,179,5,15
18461,7291,157,1,25
18462,7291,18,3,5
18463,7291,127,2,25
18464,7291,198,3,15
18465,7292,69,1,0
18466,7292,163,1,5
18467,7292,40,4,5
18468,7292,60,1,0
18469,7292,193,1,20
18470,7293,199,2,20
18471,7293,190,5,20
18472,7294,11,5,5
18473,7294,142,5,25
18474,7294,34,1,0
18475,7295,92,3,0
18476,7295,140,3,15
18477,7296,158,1,20
18478,7297,113,3,20
18479,7297,163,3,15
18480,7297,48,4,0
18481,7297,56,2,5
18482,7297,27,4,20
18483,7298,47,5,0
18484,7299,173,5,0
18485,7299,98,2,0
18486,7299,121,2,25
18487,7300,5,1,5
18488,7300,117,1,5
18489,7300,74,4,5
18490,7301,188,3,5
18491,7301,138,3,10
18492,7301,57,4,15
18493,7301,85,2,25
18494,7302,15,3,0
18495,7302,2,2,15
18496,7303,133,1,5
18497,7304,64,1,25
18498,7304,117,4,25
18499,7304,157,3,0
18500,7305,5,5,15
18501,7306,44,2,5
18502,7306,178,5,10
18503,7306,27,4,20
18504,7307,181,5,0
18505,7307,189,1,10
18506,7307,53,1,5
18507,7307,177,2,5
18508,7308,138,5,0
18509,7309,155,5,5
18510,7309,200,4,10
18511,7309,181,2,10
18512,7310,135,2,15
18513,7310,39,3,10
18514,7311,169,5,15
18515,7311,49,5,25
18516,7311,131,4,15
18517,7312,183,1,10
18518,7312,97,3,0
18519,7312,16,1,0
18520,7312,134,1,25
18521,7313,60,3,15
18522,7314,121,2,0
18523,7314,85,2,10
18524,7314,6,5,5
18525,7314,181,5,5
18526,7314,92,2,15
18527,7315,82,4,0
18528,7315,116,1,25
18529,7315,52,5,15
18530,7316,175,5,25
18531,7316,97,4,5
18532,7317,194,4,15
18533,7317,4,3,0
18534,7318,47,3,15
18535,7319,40,3,20
18536,7319,197,4,20
18537,7320,19,5,20
18538,7320,52,3,15
18539,7320,43,3,15
18540,7320,170,2,15
18541,7321,3,1,20
18542,7322,39,3,0
18543,7323,41,2,20
18544,7323,17,5,15
18545,7324,48,4,25
18546,7325,52,2,15
18547,7325,90,2,25
18548,7325,134,3,15
18549,7326,119,4,5
18550,7326,62,4,5
18551,7327,54,3,5
18552,7327,161,3,25
18553,7327,198,2,20
18554,7328,153,4,15
18555,7329,190,1,15
18556,7329,67,4,25
18557,7329,87,2,5
18558,7330,89,3,15
18559,7330,53,5,5
18560,7330,74,1,15
18561,7330,152,2,15
18562,7330,86,2,20
18563,7331,153,5,20
18564,7331,139,3,25
18565,7332,84,1,10
18566,7332,196,5,5
18567,7332,175,1,15
18568,7333,184,2,5
18569,7333,125,1,15
18570,7334,166,4,20
18571,7335,30,1,10
18572,7335,35,5,10
18573,7335,81,4,20
18574,7336,143,4,5
18575,7336,184,2,0
18576,7336,183,4,5
18577,7336,196,5,5
18578,7336,55,1,20
18579,7337,137,1,25
18580,7337,60,3,10
18581,7337,158,5,20
18582,7337,115,1,10
18583,7337,199,2,0
18584,7338,158,2,5
18585,7339,188,4,10
18586,7339,100,4,15
18587,7339,15,3,25
18588,7339,95,5,20
18589,7340,65,3,5
18590,7340,39,5,10
18591,7340,185,2,10
18592,7340,115,5,25
18593,7341,136,3,15
18594,7341,198,1,10
18595,7341,178,3,0
18596,7341,93,5,15
18597,7342,1,3,10
18598,7342,199,1,5
18599,7342,79,3,5
18600,7343,10,3,25
18601,7343,92,2,5
18602,7343,179,3,15
18603,7344,108,3,15
18604,7345,199,2,15
18605,7346,175,2,10
18606,7347,196,4,5
18607,7347,102,3,20
18608,7347,86,5,15
18609,7348,38,3,15
18610,7348,169,1,20
18611,7348,24,1,20
18612,7349,83,4,20
18613,7350,129,1,0
18614,7350,79,3,20
18615,7350,129,5,20
18616,7351,51,3,0
18617,7352,154,5,15
18618,7352,17,4,25
18619,7353,106,3,10
18620,7353,61,2,20
18621,7353,2,4,15
18622,7354,83,5,5
18623,7354,65,3,25
18624,7354,137,5,20
18625,7354,125,4,25
18626,7355,69,5,20
18627,7355,88,3,25
18628,7356,138,3,0
18629,7356,103,4,25
18630,7356,132,1,10
18631,7356,76,4,10
18632,7357,174,5,10
18633,7357,165,3,20
18634,7358,153,2,10
18635,7358,141,3,20
18636,7358,193,1,0
18637,7358,112,1,10
18638,7358,170,2,10
18639,7359,57,2,15
18640,7360,99,4,0
18641,7360,172,2,20
18642,7360,188,5,0
18643,7361,13,4,20
18644,7361,19,1,20
18645,7362,65,5,5
18646,7362,78,1,15
18647,7363,145,3,15
18648,7363,175,3,5
18649,7364,47,3,15
18650,7364,102,2,20
18651,7365,94,2,25
18652,7365,54,1,25
18653,7365,94,2,0
18654,7366,89,1,5
18655,7367,46,4,0
18656,7367,129,4,5
18657,7367,84,3,15
18658,7367,102,2,5
18659,7367,60,1,20
18660,7368,132,4,0
18661,7369,86,5,20
18662,7369,42,3,0
18663,7369,122,1,5
18664,7370,49,2,20
18665,7371,193,3,20
18666,7371,176,4,10
18667,7371,33,2,10
18668,7372,195,4,20
18669,7373,99,3,20
18670,7373,54,1,10
18671,7373,155,1,25
18672,7373,118,1,15
18673,7374,122,3,25
18674,7375,120,3,0
18675,7375,159,2,15
18676,7376,182,1,5
18677,7377,78,2,0
18678,7377,20,1,20
18679,7377,113,1,5
18680,7378,82,4,5
18681,7378,56,4,10
18682,7378,12,4,25
18683,7379,53,5,15
18684,7379,53,4,0
18685,7379,96,4,10
18686,7379,122,1,15
18687,7380,106,4,0
18688,7380,64,1,0
18689,7381,12,3,0
18690,7381,29,1,25
18691,7382,44,4,25
18692,7383,117,4,0
18693,7383,52,5,15
18694,7383,199,4,5
18695,7384,150,2,25
18696,7384,143,2,25
18697,7384,171,3,20
18698,7385,111,3,10
18699,7386,138,1,5
18700,7387,130,3,20
18701,7387,172,3,25
18702,7387,86,1,10
18703,7388,111,2,10
18704,7388,181,2,0
18705,7389,177,4,15
18706,7389,134,4,5
18707,7389,144,3,0
18708,7389,20,1,25
18709,7390,113,2,25
18710,7391,79,2,20
18711,7391,71,4,10
18712,7391,193,1,25
18713,7391,24,4,0
18714,7391,60,5,5
18715,7392,140,4,5
18716,7392,15,5,25
18717,7392,93,5,5
18718,7393,192,3,20
18719,7393,37,5,20
18720,7394,37,5,0
18721,7395,42,2,20
18722,7395,17,4,25
18723,7395,30,5,5
18724,7395,170,2,5
18725,7395,200,2,20
18726,7396,66,1,20
18727,7396,72,4,0
18728,7396,180,1,15
18729,7397,142,3,0
18730,7398,134,1,10
18731,7398,184,4,25
18732,7398,125,3,0
18733,7398,70,1,0
18734,7399,159,1,10
18735,7399,2,4,20
18736,7399,56,1,5
18737,7400,102,5,5
18738,7400,36,2,20
18739,7400,109,4,20
18740,7400,124,2,20
18741,7400,54,4,5
18742,7401,193,1,25
18743,7401,123,5,15
18744,7401,140,1,20
18745,7402,169,5,25
18746,7403,134,5,5
18747,7403,167,2,20
18748,7403,15,1,10
18749,7403,38,2,5
18750,7404,132,5,5
18751,7404,76,1,25
18752,7404,42,3,15
18753,7404,50,4,10
18754,7405,124,4,5
18755,7405,111,4,0
18756,7406,131,3,25
18757,7407,12,4,25
18758,7407,13,5,25
18759,7407,127,2,15
18760,7407,18,1,15
18761,7408,19,4,10
18762,7408,31,2,10
18763,7408,178,2,15
18764,7408,2,1,20
18765,7409,194,4,20
18766,7409,3,2,5
18767,7409,73,1,25
18768,7409,199,5,15
18769,7409,28,4,5
18770,7410,136,2,10
18771,7410,127,3,10
18772,7411,137,1,0
18773,7412,38,5,0
18774,7413,70,4,15
18775,7413,43,4,0
18776,7414,139,5,15
18777,7414,15,1,15
18778,7414,7,4,5
18779,7415,47,2,20
18780,7416,198,5,15
18781,7416,10,5,20
18782,7416,187,3,5
18783,7417,186,1,25
18784,7417,174,5,25
18785,7417,132,1,25
18786,7418,30,3,20
18787,7418,13,1,0
18788,7418,186,5,15
18789,7418,199,1,0
18790,7419,155,1,5
18791,7419,163,4,25
18792,7420,167,4,15
18793,7420,19,5,0
18794,7421,143,2,20
18795,7421,178,2,25
18796,7421,23,1,25
18797,7421,53,1,20
18798,7421,53,5,25
18799,7422,143,1,0
18800,7422,176,2,10
18801,7422,124,3,0
18802,7423,47,2,0
18803,7423,85,4,15
18804,7423,1,4,5
18805,7423,60,1,0
18806,7424,163,5,5
18807,7424,142,4,25
18808,7425,165,2,20
18809,7425,19,2,0
18810,7425,187,1,5
18811,7425,24,4,5
18812,7425,7,5,20
18813,7426,73,1,20
18814,7426,109,2,0
18815,7426,189,5,25
18816,7426,63,4,10
18817,7426,171,3,20
18818,7427,194,5,10
18819,7427,110,5,5
18820,7427,71,3,0
18821,7427,113,5,20
18822,7427,84,5,15
18823,7428,172,1,25
18824,7428,182,5,20
18825,7428,64,1,20
18826,7428,40,5,5
18827,7429,21,5,25
18828,7430,131,2,15
18829,7431,167,2,0
18830,7431,49,3,20
18831,7431,146,3,25
18832,7431,2,1,5
18833,7432,59,4,0
18834,7432,109,4,0
18835,7433,53,2,5
18836,7433,145,4,25
18837,7433,149,1,25
18838,7434,81,5,20
18839,7434,105,1,10
18840,7435,108,3,5
18841,7435,167,1,5
18842,7435,53,3,0
18843,7435,85,4,15
18844,7435,87,1,0
18845,7436,66,3,0
18846,7436,106,5,25
18847,7436,146,2,0
18848,7437,116,4,25
18849,7437,21,2,5
18850,7437,45,1,5
18851,7437,113,3,25
18852,7438,10,5,25
18853,7438,36,3,10
18854,7439,130,4,25
18855,7439,175,2,15
18856,7440,48,2,15
18857,7440,122,1,25
18858,7441,24,3,10
18859,7441,159,1,0
18860,7441,175,3,5
18861,7442,195,4,15
18862,7443,166,1,5
18863,7443,9,5,0
18864,7444,112,4,15
18865,7444,171,2,25
18866,7444,180,1,25
18867,7444,129,1,20
18868,7445,100,3,20
18869,7445,42,4,0
18870,7446,98,4,5
18871,7446,181,5,15
18872,7447,148,1,5
18873,7447,195,4,0
18874,7447,145,3,25
18875,7448,54,5,5
18876,7448,69,5,5
18877,7448,55,1,15
18878,7448,121,5,10
18879,7449,107,4,5
18880,7449,52,1,15
18881,7450,124,1,25
18882,7451,148,5,20
18883,7451,79,4,15
18884,7451,30,2,5
18885,7451,189,5,5
18886,7452,108,2,20
18887,7452,154,1,25
18888,7452,174,5,5
18889,7453,188,4,20
18890,7453,187,5,25
18891,7454,87,2,15
18892,7454,72,5,5
18893,7454,166,3,25
18894,7454,65,3,25
18895,7455,47,3,5
18896,7455,66,1,15
18897,7455,20,4,15
18898,7455,195,2,20
18899,7456,125,2,5
18900,7456,146,3,0
18901,7457,124,3,10
18902,7458,161,1,20
18903,7458,69,5,0
18904,7459,61,2,25
18905,7460,173,4,15
18906,7460,166,2,5
18907,7460,65,3,0
18908,7460,108,5,5
18909,7460,114,5,25
18910,7461,152,2,15
18911,7461,93,3,20
18912,7461,94,2,15
18913,7462,150,4,0
18914,7462,175,2,5
18915,7462,8,2,0
18916,7462,58,2,0
18917,7463,1,2,5
18918,7463,116,2,25
18919,7463,190,2,15
18920,7464,23,5,0
18921,7465,56,3,25
18922,7465,60,1,15
18923,7465,154,1,25
18924,7466,123,2,5
18925,7466,150,5,20
18926,7466,61,2,10
18927,7467,83,1,0
18928,7468,20,5,25
18929,7468,95,2,20
18930,7469,117,4,15
18931,7470,173,2,20
18932,7470,35,3,5
18933,7471,200,1,15
18934,7472,199,4,25
18935,7472,182,4,0
18936,7473,26,2,5
18937,7474,107,5,10
18938,7474,60,1,0
18939,7474,161,3,20
18940,7475,4,4,0
18941,7476,69,4,15
18942,7476,160,2,5
18943,7477,50,4,15
18944,7477,6,3,5
18945,7477,107,1,25
18946,7477,5,3,0
18947,7478,165,3,0
18948,7478,187,2,10
18949,7479,158,1,15
18950,7479,184,2,20
18951,7479,44,3,10
18952,7480,174,1,10
18953,7480,99,5,0
18954,7480,187,4,0
18955,7480,86,2,5
18956,7480,186,5,20
18957,7481,101,1,5
18958,7481,59,1,15
18959,7481,47,3,5
18960,7481,53,5,15
18961,7482,164,1,20
18962,7483,16,2,25
18963,7483,36,2,5
18964,7484,49,3,20
18965,7484,68,4,0
18966,7484,16,4,0
18967,7485,54,1,0
18968,7485,137,4,5
18969,7485,132,4,10
18970,7486,151,5,20
18971,7487,197,2,15
18972,7487,158,2,10
18973,7488,34,5,25
18974,7488,156,5,0
18975,7488,129,3,25
18976,7488,100,1,20
18977,7489,27,5,20
18978,7489,69,3,5
18979,7489,7,4,20
18980,7490,36,3,15
18981,7490,94,2,20
18982,7490,27,5,5
18983,7491,1,3,25
18984,7491,97,4,25
18985,7492,86,1,10
18986,7493,184,4,5
18987,7493,195,4,25
18988,7493,128,5,25
18989,7494,146,1,10
18990,7494,66,2,5
18991,7495,4,5,15
18992,7495,197,4,20
18993,7496,144,3,20
18994,7497,25,5,25
18995,7498,6,2,5
18996,7498,17,4,25
18997,7498,28,5,25
18998,7498,11,2,25
18999,7498,93,1,15
19000,7499,67,3,10
19001,7500,102,3,5
19002,7500,58,5,25
19003,7500,165,5,0
19004,7500,102,1,5
19005,7501,119,2,25
19006,7501,28,1,5
19007,7502,96,1,0
19008,7503,178,4,5
19009,7503,82,2,15
19010,7503,127,4,25
19011,7503,21,2,10
19012,7503,194,5,5
19013,7504,9,5,10
19014,7504,82,3,10
19015,7505,91,5,10
19016,7505,4,3,0
19017,7506,144,1,0
19018,7506,169,4,10
19019,7506,71,2,20
19020,7506,166,4,25
19021,7506,4,5,20
19022,7507,169,2,15
19023,7508,141,2,5
19024,7508,23,5,20
19025,7509,5,1,20
19026,7510,58,4,5
19027,7510,131,1,5
19028,7511,63,5,25
19029,7511,60,4,0
19030,7512,52,2,15
19031,7512,145,1,5
19032,7512,179,2,5
19033,7513,44,3,25
19034,7513,55,1,10
19035,7514,156,1,0
19036,7514,6,5,20
19037,7514,29,3,25
19038,7515,198,3,20
19039,7515,177,2,5
19040,7515,7,5,15
19041,7515,193,1,15
19042,7515,77,2,15
19043,7516,123,2,10
19044,7516,148,3,15
19045,7516,47,1,10
19046,7516,27,2,15
19047,7517,7,2,25
19048,7518,37,5,25
19049,7518,89,4,25
19050,7519,35,5,15
19051,7519,86,3,20
19052,7520,7,2,15
19053,7520,181,4,15
19054,7520,30,4,20
19055,7520,84,5,0
19056,7520,144,3,25
19057,7521,134,5,0
19058,7522,121,2,20
19059,7522,102,3,10
19060,7523,89,1,20
19061,7523,133,1,10
19062,7524,174,2,25
19063,7524,17,2,5
19064,7525,41,5,5
19065,7525,159,1,25
19066,7526,188,1,25
19067,7527,121,1,0
19068,7528,115,2,0
19069,7528,194,3,10
19070,7529,169,3,10
19071,7529,28,2,20
19072,7530,144,1,15
19073,7530,26,3,15
19074,7531,70,2,0
19075,7531,184,2,20
19076,7531,117,3,5
19077,7531,65,3,20
19078,7531,138,5,5
19079,7532,33,4,25
19080,7533,174,1,25
19081,7533,171,4,5
19082,7534,67,2,5
19083,7535,46,4,25
19084,7535,193,2,5
19085,7535,33,1,5
19086,7536,158,1,25
19087,7536,136,4,15
19088,7536,169,4,5
19089,7536,84,3,25
19090,7537,191,3,20
19091,7538,27,4,20
19092,7538,43,2,20
19093,7539,16,2,10
19094,7539,191,1,10
19095,7539,92,5,15
19096,7539,33,3,15
19097,7540,84,4,10
19098,7541,7,5,15
19099,7541,29,4,20
19100,7541,98,2,25
19101,7541,113,4,10
19102,7541,161,4,10
19103,7542,61,3,15
19104,7542,144,2,0
19105,7543,114,2,10
19106,7543,23,1,10
19107,7544,55,3,25
19108,7544,111,5,10
19109,7544,92,4,20
19110,7544,102,1,25
19111,7544,171,1,10
19112,7545,35,4,10
19113,7545,159,5,20
19114,7545,105,1,5
19115,7546,164,2,15
19116,7547,7,5,20
19117,7547,177,1,10
19118,7547,161,1,10
19119,7547,200,3,0
19120,7547,104,4,5
19121,7548,106,2,5
19122,7549,186,3,25
19123,7549,48,1,5
19124,7549,112,4,15
19125,7549,29,3,20
19126,7550,38,1,0
19127,7551,190,4,25
19128,7551,85,4,15
19129,7551,46,5,25
19130,7552,81,4,25
19131,7552,127,4,25
19132,7552,51,5,25
19133,7553,19,2,10
19134,7553,31,4,10
19135,7554,47,4,0
19136,7554,105,3,25
19137,7554,123,1,20
19138,7555,50,2,20
19139,7555,171,3,10
19140,7556,52,5,5
19141,7556,116,5,10
19142,7556,172,5,15
19143,7557,132,2,0
19144,7558,121,3,20
19145,7559,42,4,15
19146,7559,177,5,0
19147,7560,199,1,0
19148,7560,76,5,20
19149,7560,194,2,0
19150,7560,38,2,10
19151,7560,161,1,15
19152,7561,136,5,10
19153,7561,105,3,0
19154,7562,137,3,0
19155,7562,107,4,25
19156,7562,51,3,25
19157,7563,40,3,10
19158,7563,67,2,20
19159,7563,174,3,0
19160,7564,125,1,10
19161,7564,47,5,15
19162,7565,54,1,0
19163,7565,70,4,20
19164,7565,42,1,5
19165,7565,73,2,25
19166,7565,191,2,0
19167,7566,151,2,0
19168,7566,180,4,5
19169,7567,139,5,0
19170,7568,35,2,5
19171,7569,128,5,15
19172,7570,145,2,5
19173,7570,155,2,5
19174,7571,171,1,0
19175,7571,64,1,20
19176,7572,21,1,5
19177,7572,109,3,10
19178,7572,33,1,10
19179,7572,98,4,15
19180,7572,27,4,25
19181,7573,66,4,5
19182,7573,159,3,5
19183,7574,160,2,20
19184,7574,165,3,5
19185,7574,97,3,0
19186,7574,10,5,20
19187,7574,199,4,25
19188,7575,157,1,15
19189,7575,77,2,0
19190,7576,121,3,5
19191,7576,84,4,25
19192,7576,195,2,15
19193,7577,51,5,25
19194,7577,3,2,0
19195,7577,5,4,5
19196,7577,24,2,25
19197,7577,178,1,20
19198,7578,156,4,15
19199,7578,42,2,20
19200,7579,2,4,5
19201,7579,172,3,15
19202,7579,180,1,0
19203,7579,170,2,15
19204,7580,60,3,5
19205,7581,127,4,15
19206,7581,71,2,15
19207,7581,71,5,5
19208,7582,146,1,25
19209,7582,113,1,5
19210,7583,34,5,25
19211,7583,173,4,10
19212,7583,183,2,25
19213,7584,191,2,10
19214,7584,125,2,25
19215,7584,98,1,0
19216,7585,96,1,20
19217,7585,77,3,0
19218,7585,98,5,10
19219,7585,79,2,10
19220,7585,23,1,20
19221,7586,107,5,5
19222,7587,171,5,10
19223,7588,141,3,0
19224,7589,41,5,20
19225,7589,6,4,10
19226,7589,12,1,0
19227,7590,86,5,10
19228,7590,143,5,5
19229,7590,161,5,20
19230,7590,112,4,25
19231,7591,16,5,10
19232,7591,97,2,10
19233,7591,146,5,5
19234,7591,168,3,25
19235,7591,147,5,25
19236,7592,94,4,15
19237,7592,106,2,15
19238,7593,45,3,5
19239,7593,139,1,25
19240,7593,83,5,0
19241,7593,165,2,15
19242,7593,106,4,10
19243,7594,164,1,15
19244,7594,131,2,25
19245,7594,79,2,10
19246,7595,143,2,20
19247,7595,192,2,10
19248,7595,192,5,5
19249,7595,1,2,15
19250,7596,28,2,10
19251,7596,177,5,25
19252,7596,74,3,25
19253,7597,76,2,0
19254,7597,199,2,15
19255,7597,198,3,5
19256,7598,16,2,25
19257,7599,197,5,5
19258,7600,132,1,25
19259,7600,186,1,20
19260,7600,176,5,25
19261,7601,193,3,5
19262,7602,138,2,5
19263,7602,183,1,25
19264,7603,49,2,0
19265,7604,63,1,20
19266,7604,18,1,25
19267,7604,196,4,10
19268,7604,48,4,20
19269,7605,159,4,5
19270,7605,136,5,10
19271,7606,123,5,25
19272,7606,32,3,20
19273,7606,152,4,20
19274,7607,90,5,10
19275,7607,40,1,15
19276,7608,179,2,15
19277,7608,182,1,20
19278,7609,41,1,5
19279,7609,161,3,20
19280,7609,22,2,20
19281,7609,188,2,25
19282,7610,197,2,0
19283,7610,3,4,20
19284,7611,74,4,15
19285,7612,180,5,25
19286,7613,88,4,25
19287,7613,27,4,25
19288,7614,23,5,5
19289,7615,56,2,15
19290,7615,54,5,20
19291,7615,34,4,25
19292,7616,145,4,25
19293,7616,71,1,5
19294,7617,145,4,5
19295,7618,20,4,15
19296,7618,2,4,15
19297,7619,84,4,0
19298,7619,79,5,25
19299,7620,10,3,25
19300,7620,131,3,20
19301,7620,75,3,25
19302,7621,35,1,0
19303,7621,41,5,10
19304,7621,71,2,10
19305,7621,69,1,0
19306,7622,112,2,25
19307,7623,23,4,10
19308,7623,195,5,20
19309,7624,24,5,0
19310,7624,157,4,0
19311,7624,126,4,25
19312,7625,15,3,25
19313,7626,91,4,10
19314,7627,16,1,15
19315,7628,63,5,25
19316,7629,172,3,25
19317,7629,121,2,0
19318,7629,157,4,20
19319,7629,196,3,15
19320,7630,177,1,20
19321,7630,27,3,25
19322,7630,92,1,20
19323,7630,35,2,15
19324,7630,183,5,5
19325,7631,129,3,5
19326,7631,97,2,25
19327,7631,93,2,5
19328,7632,89,4,10
19329,7632,139,5,20
19330,7632,55,1,15
19331,7633,54,1,20
19332,7634,2,1,25
19333,7635,160,1,5
19334,7635,78,4,20
19335,7636,174,1,0
19336,7636,175,2,15
19337,7637,160,1,10
19338,7637,88,3,5
19339,7637,200,4,0
19340,7637,41,4,15
19341,7638,102,1,10
19342,7638,23,5,25
19343,7639,17,5,5
19344,7639,64,1,25
19345,7639,13,3,5
19346,7640,65,4,10
19347,7640,100,3,20
19348,7640,23,2,0
19349,7640,108,2,20
19350,7640,24,2,20
19351,7641,170,5,15
19352,7642,19,3,20
19353,7642,138,1,20
19354,7642,40,3,20
19355,7643,154,5,10
19356,7643,67,3,15
19357,7644,79,5,20
19358,7645,143,5,10
19359,7645,118,2,20
19360,7646,129,1,25
19361,7647,197,2,10
19362,7647,78,3,10
19363,7647,5,5,15
19364,7648,160,5,0
19365,7649,155,4,15
19366,7649,184,3,10
19367,7649,171,3,15
19368,7649,194,4,15
19369,7649,156,3,5
19370,7650,8,3,20
19371,7650,7,5,0
19372,7650,159,3,20
19373,7651,75,3,10
19374,7651,79,1,10
19375,7651,111,3,10
19376,7652,175,3,0
19377,7652,158,4,0
19378,7652,126,1,20
19379,7652,196,2,5
19380,7652,189,1,5
19381,7653,172,1,0
19382,7653,126,5,0
19383,7653,189,3,25
19384,7653,36,4,15
19385,7653,169,5,15
19386,7654,200,1,5
19387,7654,33,4,25
19388,7654,186,5,25
19389,7655,91,3,0
19390,7655,34,4,15
19391,7656,34,2,10
19392,7656,131,5,25
19393,7656,16,2,15
19394,7657,171,2,0
19395,7657,144,1,20
19396,7658,199,5,20
19397,7659,41,3,0
19398,7659,167,4,15
19399,7660,139,4,10
19400,7660,173,2,20
19401,7660,100,2,15
19402,7660,80,3,20
19403,7660,171,5,10
19404,7661,70,5,25
19405,7661,191,4,15
19406,7661,29,4,0
19407,7661,136,5,0
19408,7661,104,3,15
19409,7662,193,2,10
19410,7662,170,2,5
19411,7663,178,1,5
19412,7663,196,1,25
19413,7664,82,3,0
19414,7664,177,5,0
19415,7664,42,2,0
19416,7665,116,3,0
19417,7665,67,5,0
19418,7665,106,5,10
19419,7665,38,4,0
19420,7666,65,1,20
19421,7666,170,5,25
19422,7666,158,4,10
19423,7666,61,2,15
19424,7667,89,5,20
19425,7667,158,4,10
19426,7667,178,2,5
19427,7667,43,3,20
19428,7667,14,1,15
19429,7668,149,2,15
19430,7668,57,3,10
19431,7668,120,1,10
19432,7669,16,5,0
19433,7669,105,2,20
19434,7670,36,5,5
19435,7670,62,5,5
19436,7671,104,4,10
19437,7671,104,2,0
19438,7671,48,5,20
19439,7671,162,5,10
19440,7671,68,3,0
19441,7672,122,5,10
19442,7672,170,5,0
19443,7672,35,5,15
19444,7673,93,5,0
19445,7674,124,4,0
19446,7674,195,2,0
19447,7675,77,2,0
19448,7676,2,2,20
19449,7676,189,2,25
19450,7677,12,4,25
19451,7677,99,5,15
19452,7677,178,2,25
19453,7678,61,5,0
19454,7678,34,4,15
19455,7679,89,5,10
19456,7679,56,1,25
19457,7679,134,5,5
19458,7679,70,1,10
19459,7680,194,1,5
19460,7680,110,5,20
19461,7680,130,4,20
19462,7680,8,3,10
19463,7681,184,3,15
19464,7681,75,2,15
19465,7681,191,2,20
19466,7682,180,1,15
19467,7683,126,3,15
19468,7684,161,3,5
19469,7685,128,4,20
19470,7686,95,3,0
19471,7686,77,4,25
19472,7686,25,2,25
19473,7687,189,3,10
19474,7687,102,3,20
19475,7687,2,5,15
19476,7687,141,2,0
19477,7688,101,1,5
19478,7688,86,2,25
19479,7689,99,3,5
19480,7690,91,5,0
19481,7691,86,3,5
19482,7692,51,5,15
19483,7692,67,5,25
19484,7693,180,1,20
19485,7693,181,4,15
19486,7694,2,1,15
19487,7695,157,1,25
19488,7695,129,3,5
19489,7695,76,3,0
19490,7696,126,5,25
19491,7696,194,2,20
19492,7696,106,5,15
19493,7697,114,2,20
19494,7697,17,5,25
19495,7697,135,3,10
19496,7698,50,4,15
19497,7698,98,2,15
19498,7698,120,2,20
19499,7699,100,3,25
19500,7700,6,5,5
19501,7701,38,2,5
19502,7701,79,5,5
19503,7701,109,5,0
19504,7701,56,2,5
19505,7701,66,1,0
19506,7702,144,5,25
19507,7703,57,2,10
19508,7704,88,2,25
19509,7704,100,3,15
19510,7704,42,5,10
19511,7705,9,5,20
19512,7705,117,4,25
19513,7706,73,4,10
19514,7706,156,3,15
19515,7707,88,5,10
19516,7707,147,2,0
19517,7707,13,4,20
19518,7707,135,3,20
19519,7708,190,5,25
19520,7708,113,1,5
19521,7709,134,1,0
19522,7709,26,5,10
19523,7709,72,5,25
19524,7709,162,2,5
19525,7709,59,4,10
19526,7710,82,1,20
19527,7710,29,3,5
19528,7710,65,1,5
19529,7710,9,1,15
19530,7710,114,2,10
19531,7711,12,4,5
19532,7711,163,5,5
19533,7711,19,5,5
19534,7712,112,3,0
19535,7712,192,3,25
19536,7713,109,2,5
19537,7713,136,4,0
19538,7714,177,4,25
19539,7714,2,2,5
19540,7714,112,5,5
19541,7714,42,3,25
19542,7715,147,3,15
19543,7716,177,2,20
19544,7716,193,4,10
19545,7716,194,1,0
19546,7716,167,5,20
19547,7717,88,1,10
19548,7717,64,3,10
19549,7718,94,2,10
19550,7718,94,2,15
19551,7718,46,2,20
19552,7719,8,5,5
19553,7719,117,3,0
19554,7720,67,1,0
19555,7720,82,5,25
19556,7721,164,4,5
19557,7721,94,3,5
19558,7721,150,1,15
19559,7722,69,2,5
19560,7723,189,5,25
19561,7723,161,5,5
19562,7724,101,3,25
19563,7725,98,2,5
19564,7725,31,5,5
19565,7726,150,5,5
19566,7726,192,1,0
19567,7726,85,1,25
19568,7727,179,3,0
19569,7727,35,1,10
19570,7727,6,4,20
19571,7728,73,5,20
19572,7728,41,1,10
19573,7728,149,3,0
19574,7728,48,5,10
19575,7729,183,2,5
19576,7729,105,4,20
19577,7730,176,1,20
19578,7730,129,4,5
19579,7730,106,3,0
19580,7730,85,5,5
19581,7731,132,2,15
19582,7731,85,3,25
19583,7731,12,5,5
19584,7732,71,5,20
19585,7733,37,4,0
19586,7733,130,3,15
19587,7733,161,4,0
19588,7733,127,2,15
19589,7734,39,5,25
19590,7734,125,3,25
19591,7734,75,1,0
19592,7735,45,1,15
19593,7735,17,1,15
19594,7736,5,4,10
19595,7737,88,5,20
19596,7737,175,5,20
19597,7737,187,3,0
19598,7737,191,4,20
19599,7738,168,3,5
19600,7738,185,2,0
19601,7739,137,1,5
19602,7739,66,1,0
19603,7739,83,5,15
19604,7739,7,5,20
19605,7740,20,2,5
19606,7740,163,4,5
19607,7741,199,3,10
19608,7742,34,4,25
19609,7742,195,4,0
19610,7742,5,4,25
19611,7743,85,1,25
19612,7744,133,4,5
19613,7744,134,1,0
19614,7744,144,5,25
19615,7744,54,5,25
19616,7745,160,2,10
19617,7745,182,3,25
19618,7746,123,2,20
19619,7747,178,5,20
19620,7748,39,2,5
19621,7748,199,3,5
19622,7749,99,3,5
19623,7749,134,4,0
19624,7749,10,2,5
19625,7749,47,3,15
19626,7750,194,3,20
19627,7751,181,2,15
19628,7751,136,3,5
19629,7752,123,1,25
19630,7752,110,3,0
19631,7752,101,1,5
19632,7752,148,3,10
19633,7753,30,1,10
19634,7753,87,1,15
19635,7753,188,4,25
19636,7753,197,3,15
19637,7753,86,2,25
19638,7754,91,1,10
19639,7755,112,3,25
19640,7755,110,1,20
19641,7755,39,2,5
19642,7755,173,5,0
19643,7756,3,4,5
19644,7756,49,4,15
19645,7757,49,2,5
19646,7758,154,1,5
19647,7758,46,2,10
19648,7758,98,2,15
19649,7759,31,5,0
19650,7760,27,1,0
19651,7760,164,4,0
19652,7760,177,4,20
19653,7760,23,4,0
19654,7761,124,5,10
19655,7761,192,2,25
19656,7761,110,5,15
19657,7761,196,1,5
19658,7761,186,5,25
19659,7762,137,5,15
19660,7763,119,4,20
19661,7764,124,4,15
19662,7764,93,1,25
19663,7764,85,4,15
19664,7765,83,2,25
19665,7765,156,3,5
19666,7765,126,3,10
19667,7765,1,2,15
19668,7766,55,3,5
19669,7766,47,3,5
19670,7766,144,3,10
19671,7766,118,1,0
19672,7766,99,2,15
19673,7767,167,1,25
19674,7767,63,5,10
19675,7767,65,5,5
19676,7767,46,3,20
19677,7767,39,2,15
19678,7768,115,5,0
19679,7768,137,2,0
19680,7768,19,2,15
19681,7768,39,5,5
19682,7769,147,3,0
19683,7769,77,4,5
19684,7769,115,4,0
19685,7769,43,5,0
19686,7770,175,3,5
19687,7770,192,1,15
19688,7771,189,4,5
19689,7771,131,1,15
19690,7772,117,5,0
19691,7772,122,1,5
19692,7772,175,1,10
19693,7773,93,1,20
19694,7773,164,5,0
19695,7773,110,5,15
19696,7773,123,5,15
19697,7773,126,1,25
19698,7774,59,2,25
19699,7774,91,4,5
19700,7774,160,2,25
19701,7774,135,5,5
19702,7774,62,4,0
19703,7775,167,1,15
19704,7775,1,2,20
19705,7775,165,3,20
19706,7775,42,3,20
19707,7775,56,5,0
19708,7776,134,1,15
19709,7776,60,2,0
19710,7776,154,5,20
19711,7776,8,4,0
19712,7777,65,5,20
19713,7777,169,3,25
19714,7777,176,4,15
19715,7777,6,4,0
19716,7777,42,3,25
19717,7778,8,3,15
19718,7778,129,4,15
19719,7778,7,5,10
19720,7778,121,3,5
19721,7779,53,1,15
19722,7780,90,3,25
19723,7780,171,4,5
19724,7781,192,5,15
19725,7781,4,5,15
19726,7781,148,3,5
19727,7781,200,3,10
19728,7782,47,1,10
19729,7782,43,4,20
19730,7782,94,1,5
19731,7783,81,5,0
19732,7784,11,4,0
19733,7784,12,5,25
19734,7784,128,2,20
19735,7785,66,1,15
19736,7786,59,4,5
19737,7786,129,1,10
19738,7786,55,2,10
19739,7786,50,5,0
19740,7786,14,3,15
19741,7787,161,1,15
19742,7787,89,4,0
19743,7788,152,4,25
19744,7789,139,4,0
19745,7789,115,4,25
19746,7790,115,1,10
19747,7790,60,5,25
19748,7790,26,2,5
19749,7790,75,4,15
19750,7791,104,3,20
19751,7791,21,4,20
19752,7791,147,3,20
19753,7791,149,5,10
19754,7792,67,3,25
19755,7792,74,5,15
19756,7793,181,5,5
19757,7793,186,3,5
19758,7793,24,3,0
19759,7793,176,1,5
19760,7793,72,4,20
19761,7794,143,4,10
19762,7794,148,3,20
19763,7795,100,4,5
19764,7795,161,2,15
19765,7796,136,1,0
19766,7797,74,1,25
19767,7797,194,1,0
19768,7797,89,1,20
19769,7798,71,1,15
19770,7798,54,3,25
19771,7798,9,5,15
19772,7799,143,4,25
19773,7799,144,4,20
19774,7800,185,4,20
19775,7801,159,3,5
19776,7801,161,3,10
19777,7802,87,4,0
19778,7802,167,3,20
19779,7802,196,2,5
19780,7803,155,2,0
19781,7803,151,2,15
19782,7803,117,4,0
19783,7804,115,5,5
19784,7804,111,5,5
19785,7805,158,3,0
19786,7805,50,4,25
19787,7805,181,5,25
19788,7805,171,2,10
19789,7806,104,5,0
19790,7806,105,2,15
19791,7806,58,1,20
19792,7807,52,1,5
19793,7807,166,1,20
19794,7808,104,4,0
19795,7809,68,3,5
19796,7809,114,2,5
19797,7810,171,4,0
19798,7810,157,3,0
19799,7811,21,2,5
19800,7811,111,2,10
19801,7811,132,2,10
19802,7811,84,2,15
19803,7811,14,4,5
19804,7812,192,3,25
19805,7813,186,2,25
19806,7813,63,4,25
19807,7813,89,2,5
19808,7813,63,5,0
19809,7814,173,2,20
19810,7815,199,4,10
19811,7815,173,1,10
19812,7815,111,2,0
19813,7816,58,5,5
19814,7816,99,2,0
19815,7816,107,5,10
19816,7817,134,3,10
19817,7817,168,4,5
19818,7817,146,1,25
19819,7818,57,2,25
19820,7818,74,5,5
19821,7818,105,3,10
19822,7819,46,3,0
19823,7819,7,3,15
19824,7820,55,3,15
19825,7820,55,4,20
19826,7821,84,2,15
19827,7821,8,4,20
19828,7821,87,1,10
19829,7821,43,4,0
19830,7822,176,5,20
19831,7822,44,2,20
19832,7822,4,4,15
19833,7823,50,3,20
19834,7823,69,4,25
19835,7823,121,4,25
19836,7824,93,4,15
19837,7824,10,1,20
19838,7825,144,4,25
19839,7826,127,5,5
19840,7826,174,4,10
19841,7827,19,3,0
19842,7827,167,3,20
19843,7828,153,2,10
19844,7829,16,5,25
19845,7829,57,5,15
19846,7829,194,1,0
19847,7830,72,4,15
19848,7830,106,4,20
19849,7830,75,3,10
19850,7830,172,2,15
19851,7831,120,2,25
19852,7831,48,1,10
19853,7832,70,3,25
19854,7832,53,5,15
19855,7832,79,4,10
19856,7833,171,1,15
19857,7834,46,3,10
19858,7834,119,1,5
19859,7835,149,5,5
19860,7835,34,5,20
19861,7836,145,5,20
19862,7836,166,1,10
19863,7836,151,3,25
19864,7836,46,5,5
19865,7837,71,4,0
19866,7838,152,4,0
19867,7839,186,3,0
19868,7839,116,4,20
19869,7839,191,3,0
19870,7840,86,1,15
19871,7840,11,1,0
19872,7840,107,5,15
19873,7841,178,2,15
19874,7841,132,3,10
19875,7841,6,5,10
19876,7841,79,1,0
19877,7842,29,4,15
19878,7842,43,2,5
19879,7842,24,4,15
19880,7842,88,3,20
19881,7842,120,5,15
19882,7843,175,3,25
19883,7843,104,3,20
19884,7843,22,3,20
19885,7844,99,4,20
19886,7844,73,5,5
19887,7845,117,1,25
19888,7845,95,4,5
19889,7845,41,3,10
19890,7845,120,1,15
19891,7846,195,3,20
19892,7846,177,5,5
19893,7846,83,2,10
19894,7847,120,5,20
19895,7847,3,4,15
19896,7847,172,2,10
19897,7847,147,3,20
19898,7847,38,1,10
19899,7848,53,1,20
19900,7849,191,4,15
19901,7850,146,2,10
19902,7851,24,4,10
19903,7851,194,2,15
19904,7852,147,4,20
19905,7852,177,2,10
19906,7852,27,5,20
19907,7853,176,4,25
19908,7853,47,4,20
19909,7854,108,2,20
19910,7855,24,3,20
19911,7856,200,1,10
19912,7856,127,3,10
19913,7856,118,2,15
19914,7856,66,3,5
19915,7857,116,3,0
19916,7858,53,1,0
19917,7859,25,1,25
19918,7860,29,1,0
19919,7861,122,1,15
19920,7861,57,1,5
19921,7861,19,1,5
19922,7861,90,4,15
19923,7862,118,4,0
19924,7863,19,2,5
19925,7863,170,2,0
19926,7863,67,2,20
19927,7864,114,1,5
19928,7864,147,4,25
19929,7865,97,2,5
19930,7865,39,4,15
19931,7865,37,1,10
19932,7865,38,3,15
19933,7866,40,2,25
19934,7867,148,4,10
19935,7867,21,3,5
19936,7867,167,5,15
19937,7867,37,5,0
19938,7868,108,1,10
19939,7869,147,1,15
19940,7869,144,4,15
19941,7869,30,2,20
19942,7870,90,3,25
19943,7870,187,1,5
19944,7870,145,3,0
19945,7870,106,2,25
19946,7870,129,5,25
19947,7871,135,2,10
19948,7871,196,1,10
19949,7872,39,3,25
19950,7872,28,3,20
19951,7872,125,3,15
19952,7872,54,3,20
19953,7873,117,3,5
19954,7873,85,2,15
19955,7873,73,5,10
19956,7874,33,3,5
19957,7874,167,3,15
19958,7874,4,5,20
19959,7875,76,4,25
19960,7875,169,1,15
19961,7875,167,1,0
19962,7876,119,4,5
19963,7876,53,4,25
19964,7876,97,1,20
19965,7877,169,1,10
19966,7878,17,3,20
19967,7879,76,4,5
19968,7879,141,3,0
19969,7879,47,5,10
19970,7879,133,3,10
19971,7880,196,2,0
19972,7880,6,1,20
19973,7880,141,2,15
19974,7880,49,4,15
19975,7880,8,1,10
19976,7881,132,5,10
19977,7881,95,3,0
19978,7881,105,1,20
19979,7881,18,1,15
19980,7882,181,5,10
19981,7882,157,2,20
19982,7882,45,2,5
19983,7883,181,5,15
19984,7884,25,3,20
19985,7884,189,3,10
19986,7884,66,4,0
19987,7884,125,3,20
19988,7884,78,4,0
19989,7885,20,5,15
19990,7885,135,5,0
19991,7885,24,1,20
19992,7885,7,5,0
19993,7886,196,3,5
19994,7887,64,4,0
19995,7887,98,1,20
19996,7888,115,5,15
19997,7889,48,5,25
19998,7889,45,1,15
19999,7889,74,4,15
20000,7890,159,2,25
20001,7891,57,4,15
20002,7892,111,1,0
20003,7892,174,4,20
20004,7892,179,4,0
20005,7893,105,4,15
20006,7893,97,4,25
20007,7893,27,3,15
20008,7894,28,5,15
20009,7895,31,5,5
20010,7895,12,1,15
20011,7895,137,5,5
20012,7896,125,3,20
20013,7896,126,3,10
20014,7896,81,5,15
20015,7896,22,5,0
20016,7896,41,2,15
20017,7897,154,2,10
20018,7898,181,4,15
20019,7898,78,5,25
20020,7899,136,3,0
20021,7899,140,5,10
20022,7899,23,2,15
20023,7899,57,4,5
20024,7899,20,2,15
20025,7900,159,4,20
20026,7900,52,1,0
20027,7900,126,4,5
20028,7901,81,3,10
20029,7902,108,2,15
20030,7902,146,2,10
20031,7903,124,5,25
20032,7903,69,3,0
20033,7903,180,2,5
20034,7903,63,4,15
20035,7904,11,2,15
20036,7904,27,2,15
20037,7904,102,1,0
20038,7905,58,3,5
20039,7905,49,2,0
20040,7905,154,1,15
20041,7906,180,2,20
20042,7906,120,1,0
20043,7907,9,2,25
20044,7907,61,5,20
20045,7907,78,5,0
20046,7908,61,4,5
20047,7908,103,1,0
20048,7908,21,5,0
20049,7909,30,5,25
20050,7909,109,2,5
20051,7909,105,1,25
20052,7909,192,5,0
20053,7910,180,5,10
20054,7911,177,5,25
20055,7912,142,3,0
20056,7912,133,4,15
20057,7912,195,4,15
20058,7912,125,3,20
20059,7912,163,3,0
20060,7913,56,3,25
20061,7913,156,5,10
20062,7913,160,5,5
20063,7914,118,2,5
20064,7914,54,4,15
20065,7914,108,5,5
20066,7914,43,4,20
20067,7915,142,4,5
20068,7915,32,5,25
20069,7916,72,4,0
20070,7916,191,1,0
20071,7917,100,3,0
20072,7918,166,5,5
20073,7918,90,4,5
20074,7919,174,4,20
20075,7919,109,4,15
20076,7920,74,3,15
20077,7920,83,5,20
20078,7921,145,4,0
20079,7921,64,2,10
20080,7921,112,2,10
20081,7921,142,2,15
20082,7921,196,5,25
20083,7922,96,2,5
20084,7923,50,4,20
20085,7923,181,5,15
20086,7923,189,1,15
20087,7923,73,3,0
20088,7923,59,2,10
20089,7924,126,1,15
20090,7924,118,2,15
20091,7924,97,5,0
20092,7924,101,3,15
20093,7925,47,2,0
20094,7925,88,4,0
20095,7926,91,5,20
20096,7926,129,1,25
20097,7926,57,4,10
20098,7927,199,2,5
20099,7928,190,1,25
20100,7928,60,5,5
20101,7928,194,1,0
20102,7929,7,2,15
20103,7929,180,3,5
20104,7929,28,4,20
20105,7930,169,3,25
20106,7930,137,2,25
20107,7930,195,3,5
20108,7931,47,2,20
20109,7932,145,1,25
20110,7933,30,5,25
20111,7934,69,1,0
20112,7935,35,3,5
20113,7935,9,4,10
20114,7936,50,3,15
20115,7937,70,5,25
20116,7937,32,5,15
20117,7937,187,5,10
20118,7937,33,3,15
20119,7938,56,4,25
20120,7938,149,5,15
20121,7939,193,2,20
20122,7939,142,1,10
20123,7939,44,5,10
20124,7940,2,5,25
20125,7940,200,4,10
20126,7940,102,5,15
20127,7940,81,1,20
20128,7941,160,1,5
20129,7941,200,3,15
20130,7941,44,2,5
20131,7942,57,5,20
20132,7943,116,4,15
20133,7943,148,2,20
20134,7944,160,5,0
20135,7944,101,5,5
20136,7944,17,2,5
20137,7944,94,3,0
20138,7944,117,1,20
20139,7945,32,3,20
20140,7945,172,2,0
20141,7945,100,3,20
20142,7946,164,2,25
20143,7947,119,5,0
20144,7947,136,3,0
20145,7947,121,5,0
20146,7947,168,1,20
20147,7948,162,5,25
20148,7948,66,1,10
20149,7948,127,2,5
20150,7949,25,5,15
20151,7949,158,2,20
20152,7950,26,1,5
20153,7950,32,1,5
20154,7950,89,1,20
20155,7951,82,5,5
20156,7952,191,2,15
20157,7952,155,1,20
20158,7953,94,5,10
20159,7954,111,4,20
20160,7955,70,2,15
20161,7955,41,1,25
20162,7956,116,5,20
20163,7956,40,3,0
20164,7956,119,3,5
20165,7957,43,1,25
20166,7957,198,5,0
20167,7957,81,5,5
20168,7957,163,4,5
20169,7958,69,1,0
20170,7958,169,2,25
20171,7958,60,3,15
20172,7959,73,4,10
20173,7960,54,4,10
20174,7961,41,1,25
20175,7962,88,2,20
20176,7962,10,3,0
20177,7963,69,3,20
20178,7963,4,3,15
20179,7964,8,5,5
20180,7964,139,5,20
20181,7965,54,1,10
20182,7966,150,5,15
20183,7967,93,3,20
20184,7968,92,1,5
20185,7968,20,2,20
20186,7968,103,5,20
20187,7968,40,1,5
20188,7968,93,3,5
20189,7969,12,1,5
20190,7969,22,3,0
20191,7969,127,5,0
20192,7969,23,3,15
20193,7969,22,4,25
20194,7970,196,3,25
20195,7971,179,1,5
20196,7971,21,5,10
20197,7971,129,1,5
20198,7971,34,5,5
20199,7971,32,3,5
20200,7972,125,4,20
20201,7972,21,1,20
20202,7973,73,4,20
20203,7974,65,2,10
20204,7975,28,4,20
20205,7975,55,1,0
20206,7976,141,3,15
20207,7976,89,4,25
20208,7977,68,2,5
20209,7977,46,3,25
20210,7977,95,3,10
20211,7977,66,1,25
20212,7977,156,1,5
20213,7978,87,3,10
20214,7978,185,3,5
20215,7979,48,4,5
20216,7980,103,1,20
20217,7980,63,2,20
20218,7981,79,5,20
20219,7981,52,3,20
20220,7982,150,5,10
20221,7982,29,1,0
20222,7982,117,4,0
20223,7983,32,3,15
20224,7984,115,2,15
20225,7984,81,4,20
20226,7984,49,4,5
20227,7985,183,1,20
20228,7985,189,4,25
20229,7985,125,2,10
20230,7985,158,3,25
20231,7986,3,5,10
20232,7987,182,5,5
20233,7987,98,3,15
20234,7987,98,5,15
20235,7987,10,1,15
20236,7988,79,1,20
20237,7988,98,4,15
20238,7988,47,2,5
20239,7989,69,4,5
20240,7989,147,4,20
20241,7990,29,3,0
20242,7991,182,3,5
20243,7991,7,5,25
20244,7991,20,4,25
20245,7991,189,4,25
20246,7992,141,5,25
20247,7992,191,4,25
20248,7993,1,1,20
20249,7993,54,5,0
20250,7994,161,4,0
20251,7994,127,5,15
20252,7994,27,1,15
20253,7994,184,3,20
20254,7995,92,3,10
20255,7995,22,4,20
20256,7996,48,2,25
20257,7997,134,1,5
20258,7998,153,1,10
20259,7998,36,1,10
20260,7999,183,1,20
20261,7999,6,1,15
20262,8000,80,5,5
20263,8000,135,2,15
20264,8000,23,2,25
20265,8000,133,1,5
20266,8001,36,4,25
20267,8001,74,5,0
20268,8001,127,2,25
20269,8002,175,1,10
20270,8003,107,2,15
20271,8003,79,4,10
20272,8003,50,3,25
20273,8004,52,3,15
20274,8004,106,1,10
20275,8004,67,1,0
20276,8004,96,1,5
20277,8004,94,2,20
20278,8005,65,2,5
20279,8005,134,3,0
20280,8005,193,5,10
20281,8006,149,3,15
20282,8006,56,4,20
20283,8007,15,4,10
20284,8007,94,1,10
20285,8007,162,5,20
20286,8007,103,3,25
20287,8008,114,2,0
20288,8009,119,5,20
20289,8010,139,3,0
20290,8010,76,4,15
20291,8011,38,1,5
20292,8011,46,5,15
20293,8011,104,3,0
20294,8011,111,1,15
20295,8012,106,1,0
20296,8012,164,5,25
20297,8012,50,1,25
20298,8013,100,2,15
20299,8013,5,2,0
20300,8013,71,5,5
20301,8014,17,1,5
20302,8014,57,4,20
20303,8015,163,5,20
20304,8015,24,5,20
20305,8015,43,4,25
20306,8015,125,3,15
20307,8015,152,1,25
20308,8016,98,1,5
20309,8016,186,2,0
20310,8016,146,5,0
20311,8017,87,2,0
20312,8017,85,5,10
20313,8017,97,3,15
20314,8018,10,5,5
20315,8018,61,5,10
20316,8018,91,2,5
20317,8018,139,2,5
20318,8019,129,4,10
20319,8019,68,1,10
20320,8019,26,5,5
20321,8019,146,3,15
20322,8020,111,5,10
20323,8020,176,1,20
20324,8021,73,1,20
20325,8022,79,2,15
20326,8022,181,1,15
20327,8023,194,3,5
20328,8023,141,1,20
20329,8024,50,2,15
20330,8024,80,2,10
20331,8024,7,5,5
20332,8024,75,1,0
20333,8025,195,2,0
20334,8026,139,2,0
20335,8026,16,3,25
20336,8027,13,5,20
20337,8027,153,3,15
20338,8027,35,3,20
20339,8027,160,3,10
20340,8027,196,3,25
20341,8028,87,3,5
20342,8028,24,5,0
20343,8028,95,3,20
20344,8028,176,5,20
20345,8028,22,5,20
20346,8029,92,2,25
20347,8029,80,3,25
20348,8029,75,5,10
20349,8030,199,5,0
20350,8030,7,4,5
20351,8031,122,3,20
20352,8031,90,5,0
20353,8031,105,5,15
20354,8031,3,5,10
20355,8032,26,1,0
20356,8032,193,3,10
20357,8033,168,1,25
20358,8034,122,3,0
20359,8034,85,2,5
20360,8034,92,4,5
20361,8034,92,5,0
20362,8035,190,2,0
20363,8036,196,1,0
20364,8037,190,2,25
20365,8038,184,4,10
20366,8039,46,5,20
20367,8039,75,3,10
20368,8040,135,2,15
20369,8040,83,2,5
20370,8040,197,4,5
20371,8040,58,4,25
20372,8041,17,2,15
20373,8041,185,3,0
20374,8041,155,5,20
20375,8042,175,2,15
20376,8043,157,3,20
20377,8043,178,3,0
20378,8043,109,2,10
20379,8043,148,4,15
20380,8044,150,3,15
20381,8045,20,3,0
20382,8045,12,5,0
20383,8045,18,1,5
20384,8046,36,5,10
20385,8047,143,4,20
20386,8047,62,1,15
20387,8048,71,5,5
20388,8048,123,4,15
20389,8048,141,1,0
20390,8048,62,2,10
20391,8049,123,1,15
20392,8049,57,3,15
20393,8049,84,5,15
20394,8050,9,5,25
20395,8050,142,2,5
20396,8050,55,3,0
20397,8050,105,4,0
20398,8050,152,2,10
20399,8051,166,4,15
20400,8051,59,3,15
20401,8052,82,5,20
20402,8052,24,4,0
20403,8052,188,5,15
20404,8052,42,2,25
20405,8052,128,1,20
20406,8053,57,2,10
20407,8053,48,5,0
20408,8053,146,5,15
20409,8053,107,5,0
20410,8053,113,3,20
20411,8054,115,1,15
20412,8055,95,2,15
20413,8055,154,4,0
20414,8056,40,3,25
20415,8056,193,2,5
20416,8056,184,1,5
20417,8057,183,5,5
20418,8057,24,1,0
20419,8057,172,4,0
20420,8057,80,5,0
20421,8057,32,4,15
20422,8058,145,3,10
20423,8059,171,2,15
20424,8059,103,2,0
20425,8060,157,4,10
20426,8060,11,1,10
20427,8061,197,1,0
20428,8061,22,4,10
20429,8062,90,5,0
20430,8062,116,5,15
20431,8062,199,5,5
20432,8062,33,5,10
20433,8063,182,1,10
20434,8064,5,4,0
20435,8064,40,2,25
20436,8064,22,3,25
20437,8065,39,3,0
20438,8065,182,2,0
20439,8065,62,5,20
20440,8066,123,4,5
20441,8066,28,2,15
20442,8066,90,1,0
20443,8067,116,3,10
20444,8067,11,4,25
20445,8067,59,1,5
20446,8068,40,3,10
20447,8068,161,3,0
20448,8068,32,5,15
20449,8068,44,4,5
20450,8068,26,4,25
20451,8069,45,4,5
20452,8069,4,4,10
20453,8069,165,3,0
20454,8069,187,5,10
20455,8070,149,4,5
20456,8070,130,4,5
20457,8070,109,2,25
20458,8071,14,2,15
20459,8072,25,2,20
20460,8072,103,4,25
20461,8072,179,2,10
20462,8072,47,5,5
20463,8073,29,5,15
20464,8073,195,1,25
20465,8074,74,3,0
20466,8074,182,2,15
20467,8075,180,3,0
20468,8075,59,3,15
20469,8075,97,2,5
20470,8075,191,3,15
20471,8076,90,5,25
20472,8077,77,5,5
20473,8077,54,2,0
20474,8078,112,5,15
20475,8078,94,1,5
20476,8079,144,2,25
20477,8080,5,3,5
20478,8080,128,1,0
20479,8080,172,1,20
20480,8080,102,4,15
20481,8081,179,3,5
20482,8082,106,5,25
20483,8082,187,3,25
20484,8082,189,5,20
20485,8082,48,3,20
20486,8083,89,1,20
20487,8083,28,1,0
20488,8083,104,5,25
20489,8084,147,1,0
20490,8084,11,3,20
20491,8084,64,1,15
20492,8084,131,2,25
20493,8085,7,1,15
20494,8085,45,5,20
20495,8085,133,3,25
20496,8086,117,4,10
20497,8086,78,5,25
20498,8087,55,1,25
20499,8087,119,3,25
20500,8087,92,5,25
20501,8088,80,5,10
20502,8089,145,2,25
20503,8089,56,1,5
20504,8089,142,4,0
20505,8089,67,2,10
20506,8090,32,3,20
20507,8091,126,1,25
20508,8091,154,4,20
20509,8091,114,2,25
20510,8092,40,2,10
20511,8092,130,5,0
20512,8092,75,1,20
20513,8093,42,4,10
20514,8093,21,1,25
20515,8093,158,2,0
20516,8094,80,3,5
20517,8094,24,3,25
20518,8094,119,1,5
20519,8095,197,2,20
20520,8095,178,1,0
20521,8095,69,4,25
20522,8095,66,3,15
20523,8096,200,4,20
20524,8097,160,4,10
20525,8098,75,4,10
20526,8099,3,2,25
20527,8099,6,2,15
20528,8100,182,2,15
20529,8100,106,4,5
20530,8100,149,4,10
20531,8100,158,5,20
20532,8101,79,2,5
20533,8101,176,1,15
20534,8102,142,5,10
20535,8102,116,5,0
20536,8102,136,3,0
20537,8103,81,5,25
20538,8103,124,4,5
20539,8103,117,3,25
20540,8103,163,3,20
20541,8103,30,2,0
20542,8104,169,2,0
20543,8105,1,5,0
20544,8105,72,5,0
20545,8105,104,5,15
20546,8105,83,4,10
20547,8106,188,5,5
20548,8106,39,2,0
20549,8106,2,5,10
20550,8106,67,1,15
20551,8107,144,4,10
20552,8107,96,4,10
20553,8108,168,4,15
20554,8109,122,2,20
20555,8109,17,3,10
20556,8109,72,5,15
20557,8109,35,5,20
20558,8109,46,3,25
20559,8110,110,4,5
20560,8110,186,4,10
20561,8111,192,4,15
20562,8111,153,5,10
20563,8111,127,3,0
20564,8112,129,5,5
20565,8112,69,4,5
20566,8113,29,4,10
20567,8114,162,4,0
20568,8114,14,5,5
20569,8114,25,1,20
20570,8114,191,2,5
20571,8115,122,2,5
20572,8115,62,1,25
20573,8115,121,3,10
20574,8115,195,1,5
20575,8116,73,5,5
20576,8116,127,4,25
20577,8116,114,4,20
20578,8117,164,5,10
20579,8118,24,4,0
20580,8118,123,1,20
20581,8119,110,2,20
20582,8120,116,4,10
20583,8120,3,4,20
20584,8120,35,5,20
20585,8120,62,4,15
20586,8121,119,1,5
20587,8121,164,3,0
20588,8122,160,3,0
20589,8122,37,4,10
20590,8122,176,1,20
20591,8122,114,2,5
20592,8123,137,5,15
20593,8123,179,5,15
20594,8123,172,5,15
20595,8123,19,3,20
20596,8124,44,1,15
20597,8124,186,3,5
20598,8125,50,2,0
20599,8125,143,1,20
20600,8125,29,1,15
20601,8126,109,5,0
20602,8126,158,4,25
20603,8126,80,5,15
20604,8127,3,2,20
20605,8128,173,2,5
20606,8129,39,2,10
20607,8129,147,4,25
20608,8130,43,4,20
20609,8130,4,5,25
20610,8130,64,3,25
20611,8130,125,1,20
20612,8130,3,3,5
20613,8131,157,5,15
20614,8131,12,2,0
20615,8131,64,3,20
20616,8132,64,3,5
20617,8133,64,2,0
20618,8133,83,4,20
20619,8134,188,2,0
20620,8135,163,1,0
20621,8135,47,2,0
20622,8135,10,2,25
20623,8135,140,1,20
20624,8136,166,4,20
20625,8137,18,5,5
20626,8137,109,3,20
20627,8138,32,2,5
20628,8139,192,4,10
20629,8139,13,2,5
20630,8139,16,5,5
20631,8139,88,4,20
20632,8140,23,1,0
20633,8140,165,2,15
20634,8141,45,2,0
20635,8141,33,4,15
20636,8142,179,3,25
20637,8143,61,4,5
20638,8143,79,5,25
20639,8143,113,5,10
20640,8143,131,3,15
20641,8144,32,2,20
20642,8144,114,3,20
20643,8144,156,1,15
20644,8145,101,1,15
20645,8145,111,2,10
20646,8145,91,3,5
20647,8146,7,1,0
20648,8146,122,2,20
20649,8146,153,5,5
20650,8147,24,3,15
20651,8148,32,1,20
20652,8148,32,5,20
20653,8148,52,5,0
20654,8148,56,3,5
20655,8148,169,2,0
20656,8149,84,2,0
20657,8150,110,1,0
20658,8150,136,3,25
20659,8151,191,2,5
20660,8151,63,1,25
20661,8152,41,1,0
20662,8153,78,5,15
20663,8153,197,2,10
20664,8153,75,3,15
20665,8153,37,3,20
20666,8154,116,3,0
20667,8154,31,3,0
20668,8154,126,1,10
20669,8155,179,2,10
20670,8156,102,2,20
20671,8156,42,3,0
20672,8156,93,3,0
20673,8156,144,2,10
20674,8156,111,2,0
20675,8157,191,1,10
20676,8157,162,3,0
20677,8157,104,3,20
20678,8158,138,4,15
20679,8158,117,3,15
20680,8159,131,3,15
20681,8159,168,5,20
20682,8159,13,4,5
20683,8160,96,1,10
20684,8160,93,5,5
20685,8160,190,1,20
20686,8161,20,5,10
20687,8161,174,5,20
20688,8161,41,3,5
20689,8161,17,1,25
20690,8162,6,4,0
20691,8162,35,5,20
20692,8162,61,4,0
20693,8162,187,5,10
20694,8163,100,2,5
20695,8164,179,4,10
20696,8164,84,3,20
20697,8164,81,1,20
20698,8165,35,3,5
20699,8165,26,3,25
20700,8165,138,1,20
20701,8165,112,3,10
20702,8166,161,1,25
20703,8166,102,2,10
20704,8166,17,1,10
20705,8166,17,2,5
20706,8166,120,4,10
20707,8167,25,3,10
20708,8167,1,2,5
20709,8167,30,1,25
20710,8167,16,5,0
20711,8168,31,1,20
20712,8168,35,1,10
20713,8168,39,1,0
20714,8168,4,5,0
20715,8169,189,5,15
20716,8169,89,4,25
20717,8170,131,3,10
20718,8170,98,5,5
20719,8171,79,3,15
20720,8172,132,5,15
20721,8172,32,2,15
20722,8172,113,4,15
20723,8173,47,4,0
20724,8173,182,1,25
20725,8174,109,4,20
20726,8174,129,3,5
20727,8175,114,4,20
20728,8176,49,4,0
20729,8176,100,5,20
20730,8177,80,4,5
20731,8178,47,1,15
20732,8179,165,4,20
20733,8180,53,4,15
20734,8181,67,3,10
20735,8181,192,2,25
20736,8181,7,5,20
20737,8181,170,4,5
20738,8182,57,4,25
20739,8183,81,5,15
20740,8183,139,3,15
20741,8183,120,5,15
20742,8184,185,5,0
20743,8184,63,3,0
20744,8185,139,2,5
20745,8185,78,1,0
20746,8185,148,1,5
20747,8185,22,1,5
20748,8186,112,1,0
20749,8186,87,4,20
20750,8187,133,2,25
20751,8188,173,5,10
20752,8188,10,2,15
20753,8188,78,1,20
20754,8189,175,3,0
20755,8189,139,4,5
20756,8189,15,3,15
20757,8190,193,4,25
20758,8191,163,3,20
20759,8191,5,5,20
20760,8192,192,5,5
20761,8192,90,1,15
20762,8192,104,1,20
20763,8192,110,3,15
20764,8193,128,5,25
20765,8194,39,4,20
20766,8195,16,2,25
20767,8196,127,5,10
20768,8196,26,4,10
20769,8197,85,3,5
20770,8197,145,2,25
20771,8198,65,3,20
20772,8198,148,1,10
20773,8199,59,2,15
20774,8199,71,1,10
20775,8199,165,4,5
20776,8200,136,1,5
20777,8201,37,4,10
20778,8202,118,5,15
20779,8202,79,5,15
20780,8202,97,2,5
20781,8203,196,5,10
20782,8203,200,2,25
20783,8203,71,4,10
20784,8204,158,2,25
20785,8205,138,5,5
20786,8205,119,5,15
20787,8206,50,1,0
20788,8206,29,2,5
20789,8206,74,2,10
20790,8207,79,2,10
20791,8207,160,3,10
20792,8208,160,2,15
20793,8209,182,5,10
20794,8209,107,5,10
20795,8209,108,5,5
20796,8209,58,5,15
20797,8210,189,1,5
20798,8210,27,1,15
20799,8210,156,1,5
20800,8210,87,5,20
20801,8211,22,4,15
20802,8211,89,5,20
20803,8211,23,5,10
20804,8212,117,1,15
20805,8212,19,1,20
20806,8212,95,3,10
20807,8213,67,1,25
20808,8213,172,4,10
20809,8214,49,3,20
20810,8214,109,4,20
20811,8214,18,5,5
20812,8215,159,4,5
20813,8215,198,3,0
20814,8215,103,2,15
20815,8215,178,4,5
20816,8216,40,4,15
20817,8216,189,5,20
20818,8216,19,1,25
20819,8216,102,4,0
20820,8216,130,5,20
20821,8217,61,1,0
20822,8217,113,3,0
20823,8217,7,3,5
20824,8218,51,5,5
20825,8218,105,1,20
20826,8218,105,2,5
20827,8218,107,4,20
20828,8218,135,4,0
20829,8219,145,1,0
20830,8219,183,1,20
20831,8219,21,4,25
20832,8219,64,4,0
20833,8219,6,3,5
20834,8220,196,3,25
20835,8221,173,5,5
20836,8222,143,2,10
20837,8223,13,5,0
20838,8224,54,5,5
20839,8224,24,3,20
20840,8224,189,4,5
20841,8224,172,3,0
20842,8224,16,1,5
20843,8225,43,1,25
20844,8225,185,3,10
20845,8226,122,2,5
20846,8226,122,5,0
20847,8226,178,4,0
20848,8226,196,4,0
20849,8226,72,3,25
20850,8227,163,5,5
20851,8227,46,2,5
20852,8228,121,1,5
20853,8229,152,1,20
20854,8229,94,1,25
20855,8229,139,1,25
20856,8229,125,1,25
20857,8229,3,1,10
20858,8230,156,3,10
20859,8230,158,1,20
20860,8231,141,3,20
20861,8231,121,1,25
20862,8232,55,4,5
20863,8232,32,3,0
20864,8232,133,2,20
20865,8232,92,5,10
20866,8233,108,1,15
20867,8233,195,3,0
20868,8233,150,2,5
20869,8234,198,4,25
20870,8235,86,3,5
20871,8235,17,3,10
20872,8236,15,2,15
20873,8236,116,1,5
20874,8236,100,5,25
20875,8236,172,4,0
20876,8236,147,5,10
20877,8237,156,3,0
20878,8237,55,3,0
20879,8237,57,1,15
20880,8237,56,2,15
20881,8238,198,5,20
20882,8238,52,5,5
20883,8238,152,4,25
20884,8238,60,1,10
20885,8239,68,4,0
20886,8239,95,3,25
20887,8239,97,2,15
20888,8240,187,1,5
20889,8241,118,4,0
20890,8241,41,3,5
20891,8242,129,1,10
20892,8243,41,5,20
20893,8243,118,4,0
20894,8243,133,3,15
20895,8243,193,3,15
20896,8244,21,2,15
20897,8244,86,1,10
20898,8245,8,2,15
20899,8245,15,5,5
20900,8245,100,1,5
20901,8246,49,1,0
20902,8246,125,4,10
20903,8247,9,1,5
20904,8247,136,1,25
20905,8247,118,4,5
20906,8248,24,2,0
20907,8249,37,2,15
20908,8250,112,3,5
20909,8250,88,1,5
20910,8250,80,2,15
20911,8251,114,2,20
20912,8252,6,3,0
20913,8253,56,1,5
20914,8253,35,3,15
20915,8253,25,4,10
20916,8253,185,4,25
20917,8254,157,4,15
20918,8255,24,4,0
20919,8255,53,3,15
20920,8255,150,4,15
20921,8255,22,3,10
20922,8255,102,2,5
20923,8256,133,5,10
20924,8257,177,1,10
20925,8257,199,1,5
20926,8258,156,2,15
20927,8258,94,4,10
20928,8259,114,1,0
20929,8260,159,5,10
20930,8260,138,4,25
20931,8260,152,1,0
20932,8260,53,2,25
20933,8261,90,1,15
20934,8261,121,5,25
20935,8261,102,3,25
20936,8261,171,2,5
20937,8261,200,3,20
20938,8262,19,2,25
20939,8262,93,4,15
20940,8262,142,4,15
20941,8262,19,3,5
20942,8262,120,5,15
20943,8263,57,1,15
20944,8263,17,3,15
20945,8263,70,2,15
20946,8263,154,4,20
20947,8263,51,3,10
20948,8264,90,2,15
20949,8265,188,1,0
20950,8265,81,1,5
20951,8266,140,1,0
20952,8266,27,3,25
20953,8266,89,1,15
20954,8266,61,3,0
20955,8266,162,3,10
20956,8267,85,1,5
20957,8267,52,3,5
20958,8268,47,5,25
20959,8268,108,3,5
20960,8268,139,5,5
20961,8268,31,4,10
20962,8268,18,4,0
20963,8269,88,1,15
20964,8270,67,1,25
20965,8270,93,1,15
20966,8270,46,2,20
20967,8270,168,5,10
20968,8270,75,2,20
20969,8271,114,3,25
20970,8271,129,2,20
20971,8271,189,2,25
20972,8272,5,3,25
20973,8272,39,1,15
20974,8273,181,1,0
20975,8273,64,1,10
20976,8274,40,1,0
20977,8275,99,3,5
20978,8276,199,5,0
20979,8276,60,5,0
20980,8276,84,5,10
20981,8277,159,4,0
20982,8278,164,2,20
20983,8279,73,3,10
20984,8280,126,1,25
20985,8281,81,3,20
20986,8282,170,5,25
20987,8282,162,2,25
20988,8283,91,1,15
20989,8283,119,3,0
20990,8283,13,3,10
20991,8283,105,1,15
20992,8283,97,3,20
20993,8284,118,2,25
20994,8284,69,2,5
20995,8284,172,3,20
20996,8284,47,2,20
20997,8284,133,5,5
20998,8285,92,1,25
20999,8285,5,1,0
21000,8285,78,4,5
21001,8285,105,4,0
21002,8285,176,3,10
21003,8286,167,4,20
21004,8287,162,5,15
21005,8288,59,2,0
21006,8289,110,4,15
21007,8290,25,3,0
21008,8290,71,1,15
21009,8290,183,2,15
21010,8291,156,2,5
21011,8292,42,3,10
21012,8293,49,5,20
21013,8293,58,1,25
21014,8293,90,1,0
21015,8294,121,4,25
21016,8294,178,4,5
21017,8295,26,2,0
21018,8295,66,2,15
21019,8295,43,5,10
21020,8296,117,2,15
21021,8296,82,4,20
21022,8297,179,3,15
21023,8297,156,4,5
21024,8297,92,1,25
21025,8297,48,1,20
21026,8298,165,1,5
21027,8298,75,1,10
21028,8299,168,1,15
21029,8299,41,3,5
21030,8299,38,4,0
21031,8299,153,3,20
21032,8299,51,2,20
21033,8300,32,5,0
21034,8300,198,3,15
21035,8301,106,1,5
21036,8301,192,5,25
21037,8302,169,4,20
21038,8302,6,2,5
21039,8302,32,3,20
21040,8303,153,3,0
21041,8303,181,4,15
21042,8304,92,4,10
21043,8305,122,1,5
21044,8305,62,1,15
21045,8305,41,5,5
21046,8305,173,2,20
21047,8305,137,2,0
21048,8306,179,2,5
21049,8306,87,5,25
21050,8306,92,2,0
21051,8307,139,1,0
21052,8307,152,4,20
21053,8308,122,3,0
21054,8308,126,3,20
21055,8308,199,1,20
21056,8308,95,5,25
21057,8309,153,4,5
21058,8309,94,5,20
21059,8309,171,2,25
21060,8309,72,3,25
21061,8309,28,4,15
21062,8310,191,2,20
21063,8311,165,5,25
21064,8311,18,2,25
21065,8311,192,5,10
21066,8312,10,3,5
21067,8312,91,4,5
21068,8313,33,3,15
21069,8313,74,2,5
21070,8314,101,4,10
21071,8314,200,5,25
21072,8314,6,3,10
21073,8315,44,1,25
21074,8315,175,3,25
21075,8315,182,1,20
21076,8315,117,5,15
21077,8316,82,4,15
21078,8316,4,1,0
21079,8317,168,1,20
21080,8317,94,2,20
21081,8317,18,5,25
21082,8318,74,4,25
21083,8318,81,5,10
21084,8318,2,2,25
21085,8319,17,4,0
21086,8319,71,2,25
21087,8319,121,1,20
21088,8319,26,2,10
21089,8319,99,5,25
21090,8320,95,2,10
21091,8320,160,4,5
21092,8321,173,1,15
21093,8321,106,1,15
21094,8321,127,3,0
21095,8321,192,3,20
21096,8322,60,1,10
21097,8323,118,5,0
21098,8323,184,3,25
21099,8323,36,4,0
21100,8324,102,3,10
21101,8324,156,1,0
21102,8324,58,5,20
21103,8325,29,1,15
21104,8325,160,3,10
21105,8326,97,4,20
21106,8327,94,5,15
21107,8327,21,3,15
21108,8327,162,4,20
21109,8327,23,3,15
21110,8328,198,5,25
21111,8328,1,2,5
21112,8328,64,1,10
21113,8328,43,1,15
21114,8328,145,3,25
21115,8329,140,2,25
21116,8330,40,2,0
21117,8330,120,4,15
21118,8330,188,3,20
21119,8331,170,2,0
21120,8332,174,2,10
21121,8332,127,1,5
21122,8333,99,3,20
21123,8334,6,1,15
21124,8335,80,5,15
21125,8336,54,5,15
21126,8336,135,3,5
21127,8337,154,5,25
21128,8338,12,4,15
21129,8338,147,2,10
21130,8339,193,5,0
21131,8339,156,4,15
21132,8340,137,3,25
21133,8340,40,5,5
21134,8341,62,5,0
21135,8341,45,2,5
21136,8342,85,4,5
21137,8343,15,5,15
21138,8343,92,3,20
21139,8344,125,5,0
21140,8344,101,2,20
21141,8344,191,1,25
21142,8345,104,1,15
21143,8345,59,2,20
21144,8346,24,1,20
21145,8346,132,2,5
21146,8346,46,3,25
21147,8347,165,5,25
21148,8348,167,2,5
21149,8348,112,5,20
21150,8349,53,1,5
21151,8350,131,5,5
21152,8350,171,5,20
21153,8350,63,2,0
21154,8351,69,3,0
21155,8352,133,2,10
21156,8353,79,4,10
21157,8353,66,5,15
21158,8353,138,5,25
21159,8354,109,5,5
21160,8354,155,2,20
21161,8355,37,4,25
21162,8355,126,1,25
21163,8355,50,3,20
21164,8356,142,1,25
21165,8356,80,5,25
21166,8356,199,3,10
21167,8357,45,2,10
21168,8357,176,2,5
21169,8357,191,2,20
21170,8358,152,2,15
21171,8358,124,1,0
21172,8358,50,4,20
21173,8358,6,3,25
21174,8358,44,4,0
21175,8359,85,1,10
21176,8359,121,2,10
21177,8359,22,4,20
21178,8359,71,3,15
21179,8359,169,2,0
21180,8360,65,4,20
21181,8360,43,3,15
21182,8361,200,1,15
21183,8361,83,4,5
21184,8361,45,1,0
21185,8361,56,4,10
21186,8361,91,2,0
21187,8362,176,5,25
21188,8362,26,3,15
21189,8362,152,1,20
21190,8362,21,3,20
21191,8363,195,5,5
21192,8363,145,2,25
21193,8363,9,5,5
21194,8364,42,4,0
21195,8364,113,2,10
21196,8364,66,2,5
21197,8364,61,2,25
21198,8365,188,2,10
21199,8365,162,5,5
21200,8365,115,5,0
21201,8365,99,1,0
21202,8365,89,2,5
21203,8366,15,1,10
21204,8366,88,4,5
21205,8366,173,1,5
21206,8367,49,5,25
21207,8367,195,3,25
21208,8368,9,5,20
21209,8368,35,5,0
21210,8368,19,1,25
21211,8369,86,5,15
21212,8369,176,4,20
21213,8369,144,1,15
21214,8369,37,3,5
21215,8369,146,1,20
21216,8370,114,4,5
21217,8371,68,2,5
21218,8371,13,2,15
21219,8371,127,1,5
21220,8372,38,5,10
21221,8372,23,4,0
21222,8372,183,4,25
21223,8373,106,4,25
21224,8373,118,3,20
21225,8373,95,4,15
21226,8373,1,3,20
21227,8374,171,2,5
21228,8374,25,3,25
21229,8375,109,2,5
21230,8375,183,2,15
21231,8375,63,5,0
21232,8376,45,4,15
21233,8377,39,4,25
21234,8377,153,1,15
21235,8377,44,4,5
21236,8377,30,1,25
21237,8378,109,5,0
21238,8379,169,3,25
21239,8379,80,3,25
21240,8379,74,3,25
21241,8380,69,3,25
21242,8380,37,2,15
21243,8380,161,4,10
21244,8381,101,5,5
21245,8382,28,5,20
21246,8382,127,1,5
21247,8382,90,1,15
21248,8382,96,4,10
21249,8383,59,3,25
21250,8383,65,3,0
21251,8384,150,2,5
21252,8385,3,1,5
21253,8385,43,4,0
21254,8385,129,5,25
21255,8385,163,2,0
21256,8385,186,1,15
21257,8386,21,3,5
21258,8386,76,3,25
21259,8387,117,4,0
21260,8387,118,4,0
21261,8387,185,3,10
21262,8387,137,4,10
21263,8388,160,2,10
21264,8388,162,3,15
21265,8388,14,2,15
21266,8388,8,5,5
21267,8389,2,3,20
21268,8390,43,1,5
21269,8390,53,3,15
21270,8391,2,5,10
21271,8391,123,3,20
21272,8392,195,2,10
21273,8392,146,1,20
21274,8392,143,4,10
21275,8393,186,4,10
21276,8393,200,4,10
21277,8393,148,2,15
21278,8393,179,4,0
21279,8394,165,2,5
21280,8394,160,1,20
21281,8395,148,5,25
21282,8396,67,1,10
21283,8396,123,1,25
21284,8396,132,2,10
21285,8397,44,3,0
21286,8398,18,1,10
21287,8398,141,5,20
21288,8399,138,2,20
21289,8399,142,4,5
21290,8400,67,5,0
21291,8400,105,3,15
21292,8400,170,4,15
21293,8401,105,5,10
21294,8401,176,1,20
21295,8401,57,5,0
21296,8401,19,2,15
21297,8402,105,1,25
21298,8402,29,5,5
21299,8403,68,3,0
21300,8404,158,2,5
21301,8405,91,1,10
21302,8405,94,1,5
21303,8405,15,5,0
21304,8405,173,3,10
21305,8405,47,3,5
21306,8406,30,1,15
21307,8407,16,1,10
21308,8408,187,1,5
21309,8408,167,4,20
21310,8409,7,5,15
21311,8409,42,5,0
21312,8409,9,5,0
21313,8409,199,4,5
21314,8409,1,2,5
21315,8410,123,2,0
21316,8410,112,2,10
21317,8411,199,3,5
21318,8412,110,2,20
21319,8412,150,1,5
21320,8413,190,5,10
21321,8413,139,1,0
21322,8413,169,1,5
21323,8414,148,4,15
21324,8414,65,1,15
21325,8415,34,1,25
21326,8415,87,1,10
21327,8415,137,3,5
21328,8415,55,1,25
21329,8416,82,3,0
21330,8416,146,3,10
21331,8417,105,5,20
21332,8418,22,2,0
21333,8419,27,1,0
21334,8420,135,2,0
21335,8420,136,4,20
21336,8421,154,5,0
21337,8422,61,4,5
21338,8423,164,4,0
21339,8424,56,4,0
21340,8424,111,2,5
21341,8424,59,3,20
21342,8425,63,4,15
21343,8425,40,5,5
21344,8426,147,5,25
21345,8426,161,5,15
21346,8427,69,1,25
21347,8428,137,1,5
21348,8428,182,1,20
21349,8428,85,2,10
21350,8429,76,3,15
21351,8429,136,3,15
21352,8429,153,5,0
21353,8430,191,4,5
21354,8430,119,5,25
21355,8431,7,2,25
21356,8431,117,2,10
21357,8431,20,5,20
21358,8431,178,4,10
21359,8431,97,2,5
21360,8432,87,4,15
21361,8432,63,3,5
21362,8433,21,3,5
21363,8433,99,4,15
21364,8433,73,5,25
21365,8434,113,1,0
21366,8435,170,1,10
21367,8436,123,4,5
21368,8436,5,5,25
21369,8436,94,5,5
21370,8436,69,2,0
21371,8437,81,3,25
21372,8437,129,1,20
21373,8437,101,2,20
21374,8437,34,3,10
21375,8438,52,4,10
21376,8438,146,4,10
21377,8438,29,1,15
21378,8439,95,4,5
21379,8439,102,5,5
21380,8440,34,4,20
21381,8440,80,2,0
21382,8440,153,2,5
21383,8440,166,1,5
21384,8440,110,1,10
21385,8441,122,5,15
21386,8442,157,2,15
21387,8443,13,2,5
21388,8443,127,2,20
21389,8443,84,2,10
21390,8444,56,2,5
21391,8445,189,1,10
21392,8445,120,4,5
21393,8446,157,3,10
21394,8446,96,4,5
21395,8446,144,2,15
21396,8446,30,5,15
21397,8447,122,5,15
21398,8447,127,5,5
21399,8447,126,2,10
21400,8448,146,5,20
21401,8448,73,5,20
21402,8448,98,1,0
21403,8448,128,4,10
21404,8448,168,3,15
21405,8449,39,2,25
21406,8450,32,4,0
21407,8450,76,4,15
21408,8450,68,1,20
21409,8450,139,1,10
21410,8450,8,3,20
21411,8451,51,5,20
21412,8451,31,3,15
21413,8452,41,1,25
21414,8452,131,5,10
21415,8453,26,4,20
21416,8453,90,4,10
21417,8454,135,1,25
21418,8454,27,5,15
21419,8455,57,4,20
21420,8455,169,1,15
21421,8456,102,4,25
21422,8456,146,5,5
21423,8456,171,4,0
21424,8457,198,4,25
21425,8457,52,2,25
21426,8457,163,4,0
21427,8457,78,3,20
21428,8458,182,2,20
21429,8459,22,5,25
21430,8459,119,2,5
21431,8459,84,1,10
21432,8459,83,3,15
21433,8460,5,4,25
21434,8461,13,4,15
21435,8462,68,5,0
21436,8462,57,4,20
21437,8462,19,5,20
21438,8462,80,3,20
21439,8462,158,4,0
21440,8463,118,1,10
21441,8463,197,3,25
21442,8464,71,5,5
21443,8464,32,2,10
21444,8465,171,3,25
21445,8466,149,4,25
21446,8467,91,5,25
21447,8467,149,2,10
21448,8468,51,5,10
21449,8469,145,4,0
21450,8470,45,3,10
21451,8470,88,5,5
21452,8470,48,1,25
21453,8470,78,4,5
21454,8471,165,2,20
21455,8471,121,5,25
21456,8471,32,1,15
21457,8471,34,3,25
21458,8472,155,5,25
21459,8472,60,5,0
21460,8472,56,3,0
21461,8472,130,2,5
21462,8473,165,2,5
21463,8474,59,3,20
21464,8475,21,4,25
21465,8475,99,1,0
21466,8475,120,3,15
21467,8476,75,3,5
21468,8476,158,5,5
21469,8476,3,4,0
21470,8476,18,1,10
21471,8477,194,5,15
21472,8477,83,4,20
21473,8477,46,5,25
21474,8477,81,4,20
21475,8478,125,4,10
21476,8478,84,1,15
21477,8479,27,5,0
21478,8479,174,1,5
21479,8480,96,3,25
21480,8480,184,1,20
21481,8481,77,2,5
21482,8482,51,3,10
21483,8482,149,4,5
21484,8483,126,3,25
21485,8484,95,3,15
21486,8484,116,1,15
21487,8485,16,5,0
21488,8485,183,4,0
21489,8485,124,1,20
21490,8486,191,3,15
21491,8486,8,5,10
21492,8486,199,3,15
21493,8487,125,3,20
21494,8487,6,5,25
21495,8487,80,5,5
21496,8488,176,1,0
21497,8489,52,2,20
21498,8490,87,5,0
21499,8490,120,3,10
21500,8490,179,1,0
21501,8490,144,2,5
21502,8490,73,1,0
21503,8491,182,2,10
21504,8491,109,3,0
21505,8491,97,2,10
21506,8491,157,5,25
21507,8491,163,5,0
21508,8492,167,3,0
21509,8492,156,1,25
21510,8492,36,3,0
21511,8493,26,5,0
21512,8493,37,3,10
21513,8493,21,2,15
21514,8493,181,1,15
21515,8493,120,2,15
21516,8494,135,4,15
21517,8495,47,1,25
21518,8495,127,5,5
21519,8495,162,2,10
21520,8496,139,2,10
21521,8497,105,1,0
21522,8497,100,1,15
21523,8497,57,2,25
21524,8497,132,4,25
21525,8498,24,5,0
21526,8498,133,2,20
21527,8498,120,5,5
21528,8499,49,2,15
21529,8499,131,4,25
21530,8499,105,2,15
21531,8500,120,2,0
21532,8500,102,1,25
21533,8500,50,4,25
21534,8500,31,4,20
21535,8500,34,5,15
21536,8501,3,3,15
21537,8501,120,2,5
21538,8501,125,3,5
21539,8502,135,5,5
21540,8502,198,1,20
21541,8502,89,1,20
21542,8503,120,3,20
21543,8503,157,1,10
21544,8503,130,1,20
21545,8504,143,4,0
21546,8504,163,4,20
21547,8505,18,5,0
21548,8505,196,3,25
21549,8505,135,5,5
21550,8506,66,3,5
21551,8506,67,3,10
21552,8506,105,4,25
21553,8506,125,3,5
21554,8507,24,1,20
21555,8508,47,1,20
21556,8509,27,3,5
21557,8509,174,5,25
21558,8509,5,2,0
21559,8509,137,5,15
21560,8509,124,1,20
21561,8510,25,5,0
21562,8510,105,1,20
21563,8510,30,2,15
21564,8511,143,5,15
21565,8511,87,2,20
21566,8511,188,3,5
21567,8512,34,2,15
21568,8513,7,5,15
21569,8513,89,5,5
21570,8514,120,1,25
21571,8515,54,2,15
21572,8515,124,4,20
21573,8515,94,1,20
21574,8515,78,5,0
21575,8516,147,5,20
21576,8516,108,3,25
21577,8517,134,1,20
21578,8517,31,3,20
21579,8518,127,4,20
21580,8518,21,3,15
21581,8518,96,5,20
21582,8519,118,2,15
21583,8519,92,1,15
21584,8520,6,1,15
21585,8520,181,5,5
21586,8520,134,1,20
21587,8521,187,4,10
21588,8521,154,5,5
21589,8521,163,2,25
21590,8521,4,3,15
21591,8522,88,5,20
21592,8522,111,2,20
21593,8522,64,1,5
21594,8522,79,5,15
21595,8523,170,1,25
21596,8524,160,4,25
21597,8524,47,1,15
21598,8525,135,5,25
21599,8526,17,3,15
21600,8526,154,5,10
21601,8527,200,2,0
21602,8527,168,2,15
21603,8528,75,4,5
21604,8528,143,4,20
21605,8529,132,1,20
21606,8529,27,2,15
21607,8529,192,1,20
21608,8529,172,1,15
21609,8530,145,1,0
21610,8530,113,4,10
21611,8530,133,3,0
21612,8530,167,1,0
21613,8531,116,3,0
21614,8531,112,4,15
21615,8532,169,5,5
21616,8532,76,2,15
21617,8532,158,1,5
21618,8532,94,5,0
21619,8533,20,1,0
21620,8533,72,1,10
21621,8533,44,1,5
21622,8534,131,5,5
21623,8534,146,2,15
21624,8535,85,4,0
21625,8535,103,2,0
21626,8536,55,1,10
21627,8537,195,3,0
21628,8537,73,5,20
21629,8537,164,4,10
21630,8537,101,5,15
21631,8537,26,1,25
21632,8538,83,5,20
21633,8538,17,2,5
21634,8539,126,4,15
21635,8539,122,2,15
21636,8539,184,1,10
21637,8539,117,5,25
21638,8539,112,3,10
21639,8540,178,2,0
21640,8540,84,3,20
21641,8541,56,4,10
21642,8542,103,5,25
21643,8542,174,1,15
21644,8543,194,3,15
21645,8543,199,4,10
21646,8543,16,3,20
21647,8543,1,3,10
21648,8543,4,5,5
21649,8544,49,4,20
21650,8545,38,1,10
21651,8545,174,2,15
21652,8546,11,4,10
21653,8546,79,1,15
21654,8546,36,2,0
21655,8547,50,3,15
21656,8547,138,3,5
21657,8547,134,5,10
21658,8548,65,4,15
21659,8549,185,1,25
21660,8550,99,1,10
21661,8550,135,1,10
21662,8550,120,2,10
21663,8551,140,5,10
21664,8551,68,3,10
21665,8552,143,1,5
21666,8553,80,4,0
21667,8553,172,3,15
21668,8553,12,5,20
21669,8553,34,4,5
21670,8553,146,1,20
21671,8554,146,2,20
21672,8554,8,2,0
21673,8555,194,5,20
21674,8556,28,2,10
21675,8556,94,5,25
21676,8556,25,1,25
21677,8556,174,2,20
21678,8557,15,5,20
21679,8557,136,1,25
21680,8558,60,2,25
21681,8558,92,3,5
21682,8559,130,4,25
21683,8560,77,3,10
21684,8561,157,3,15
21685,8561,200,4,25
21686,8562,172,4,25
21687,8563,23,3,5
21688,8563,85,5,10
21689,8563,125,5,5
21690,8563,78,4,0
21691,8564,148,4,10
21692,8565,24,2,10
21693,8565,19,4,20
21694,8565,80,2,10
21695,8566,86,1,20
21696,8567,36,1,5
21697,8567,16,1,20
21698,8567,90,2,5
21699,8568,139,3,0
21700,8568,188,2,10
21701,8569,118,1,10
21702,8570,43,4,15
21703,8571,63,4,15
21704,8572,135,4,0
21705,8573,150,5,20
21706,8573,3,3,10
21707,8573,11,5,5
21708,8573,159,3,15
21709,8573,47,1,15
21710,8574,108,5,10
21711,8574,52,4,20
21712,8574,158,2,5
21713,8575,43,5,20
21714,8575,176,5,15
21715,8575,134,2,5
21716,8576,99,5,15
21717,8576,12,2,15
21718,8576,120,3,25
21719,8577,129,5,0
21720,8577,55,3,5
21721,8577,141,3,20
21722,8578,8,4,15
21723,8578,92,5,10
21724,8578,82,5,0
21725,8578,15,5,10
21726,8579,55,5,25
21727,8579,131,3,25
21728,8580,155,4,0
21729,8581,76,4,0
21730,8582,184,2,25
21731,8582,73,1,10
21732,8582,35,5,10
21733,8583,18,5,0
21734,8583,73,3,20
21735,8583,159,2,20
21736,8584,116,1,25
21737,8584,138,2,25
21738,8585,181,1,15
21739,8585,144,1,20
21740,8585,104,2,15
21741,8586,110,2,25
21742,8586,166,1,5
21743,8586,181,1,5
21744,8586,11,4,0
21745,8587,192,4,20
21746,8587,92,2,0
21747,8587,91,4,25
21748,8587,7,3,15
21749,8588,149,5,15
21750,8588,59,3,25
21751,8588,36,4,20
21752,8588,16,5,0
21753,8588,18,3,20
21754,8589,159,4,10
21755,8590,76,5,10
21756,8590,22,1,20
21757,8590,147,3,15
21758,8591,86,4,5
21759,8591,182,2,20
21760,8592,114,5,5
21761,8592,56,2,5
21762,8592,89,4,20
21763,8592,149,1,25
21764,8593,194,1,15
21765,8593,27,1,15
21766,8594,39,4,10
21767,8595,96,4,5
21768,8595,153,2,0
21769,8595,36,2,0
21770,8596,15,4,20
21771,8597,76,2,15
21772,8597,157,4,5
21773,8598,113,1,10
21774,8598,105,3,20
21775,8599,126,5,5
21776,8600,118,5,15
21777,8600,60,3,20
21778,8601,175,4,10
21779,8601,179,5,5
21780,8602,54,4,5
21781,8602,9,4,5
21782,8602,116,4,15
21783,8603,162,5,20
21784,8603,47,5,5
21785,8603,144,5,0
21786,8604,40,5,20
21787,8604,81,4,5
21788,8605,62,1,25
21789,8605,21,4,10
21790,8605,111,5,10
21791,8605,15,2,5
21792,8606,105,4,20
21793,8607,104,5,20
21794,8607,18,4,20
21795,8608,19,4,25
21796,8609,68,4,20
21797,8609,75,5,15
21798,8609,25,1,5
21799,8609,83,4,15
21800,8610,61,5,15
21801,8610,34,4,15
21802,8610,77,2,10
21803,8610,117,4,10
21804,8611,158,2,20
21805,8611,173,4,5
21806,8612,21,5,5
21807,8612,88,5,5
21808,8612,190,3,20
21809,8612,20,4,25
21810,8612,27,4,0
21811,8613,180,2,15
21812,8613,107,5,0
21813,8613,133,2,5
21814,8614,157,2,10
21815,8615,91,4,15
21816,8615,77,5,5
21817,8616,165,2,20
21818,8616,45,1,15
21819,8617,114,5,5
21820,8618,140,3,15
21821,8618,51,3,20
21822,8618,168,3,0
21823,8619,82,2,20
21824,8619,142,4,10
21825,8619,92,3,0
21826,8619,4,4,0
21827,8620,19,4,5
21828,8620,144,5,10
21829,8621,175,3,20
21830,8621,193,3,0
21831,8622,63,1,5
21832,8622,74,5,5
21833,8623,119,2,15
21834,8623,26,2,25
21835,8624,143,5,5
21836,8624,42,4,10
21837,8624,55,2,25
21838,8624,171,4,25
21839,8625,42,4,0
21840,8625,48,1,10
21841,8626,112,5,0
21842,8626,188,4,15
21843,8626,77,4,15
21844,8627,170,4,5
21845,8627,162,2,10
21846,8628,89,3,20
21847,8628,80,4,15
21848,8629,50,1,20
21849,8629,79,5,5
21850,8629,10,1,5
21851,8630,38,1,10
21852,8630,38,2,5
21853,8630,68,3,25
21854,8630,63,4,10
21855,8631,4,2,25
21856,8631,26,5,0
21857,8631,61,2,10
21858,8632,65,1,5
21859,8633,59,2,25
21860,8634,46,3,25
21861,8634,84,4,15
21862,8634,143,2,5
21863,8635,125,5,5
21864,8636,123,1,20
21865,8636,102,2,20
21866,8636,190,2,20
21867,8637,139,5,10
21868,8638,35,3,25
21869,8639,147,4,15
21870,8639,188,2,0
21871,8639,21,1,5
21872,8640,45,1,20
21873,8640,27,3,10
21874,8641,40,4,20
21875,8642,194,3,0
21876,8642,4,1,20
21877,8642,177,4,20
21878,8642,78,4,20
21879,8642,123,2,15
21880,8643,193,3,15
21881,8644,23,4,20
21882,8645,193,1,10
21883,8645,180,2,25
21884,8645,163,4,25
21885,8645,90,3,15
21886,8646,71,1,0
21887,8646,182,3,0
21888,8647,96,2,10
21889,8648,68,2,5
21890,8648,101,2,10
21891,8649,14,5,5
21892,8649,111,2,15
21893,8649,152,1,5
21894,8649,98,5,0
21895,8650,117,4,15
21896,8650,61,1,25
21897,8650,58,2,15
21898,8651,31,5,25
21899,8651,65,2,20
21900,8651,186,2,5
21901,8652,117,3,25
21902,8652,3,4,25
21903,8652,11,5,15
21904,8653,5,3,10
21905,8653,43,5,15
21906,8654,104,1,5
21907,8654,66,4,0
21908,8654,170,1,15
21909,8655,63,5,15
21910,8655,53,3,10
21911,8655,167,4,5
21912,8655,25,3,10
21913,8656,162,5,5
21914,8656,7,3,0
21915,8657,200,5,15
21916,8657,24,1,15
21917,8657,168,4,15
21918,8657,46,5,0
21919,8658,157,3,0
21920,8658,72,5,5
21921,8658,116,1,0
21922,8659,174,2,20
21923,8659,9,4,5
21924,8659,32,3,25
21925,8659,118,5,0
21926,8660,80,2,20
21927,8660,68,2,10
21928,8661,189,4,15
21929,8662,168,3,0
21930,8662,56,5,25
21931,8663,184,2,25
21932,8663,74,3,10
21933,8663,42,5,5
21934,8663,65,3,10
21935,8663,105,2,15
21936,8664,174,4,10
21937,8665,121,3,10
21938,8665,3,1,15
21939,8665,43,1,20
21940,8665,80,3,0
21941,8666,61,1,5
21942,8666,6,3,10
21943,8667,155,3,5
21944,8667,29,3,0
21945,8668,3,4,15
21946,8669,176,5,10
21947,8669,58,2,5
21948,8670,15,2,0
21949,8670,161,1,0
21950,8670,187,4,25
21951,8670,84,2,5
21952,8671,40,1,0
21953,8672,59,2,5
21954,8673,4,3,25
21955,8673,43,3,10
21956,8673,185,1,10
21957,8673,147,1,15
21958,8673,29,4,20
21959,8674,48,2,5
21960,8674,167,5,25
21961,8675,58,5,20
21962,8675,34,3,5
21963,8675,95,5,0
21964,8675,101,1,20
21965,8675,197,2,0
21966,8676,50,4,10
21967,8676,143,3,0
21968,8677,190,1,15
21969,8678,92,2,20
21970,8679,160,1,25
21971,8679,170,1,25
21972,8679,111,2,15
21973,8679,30,1,15
21974,8680,23,2,5
21975,8680,43,2,5
21976,8680,184,1,15
21977,8681,129,5,20
21978,8682,94,1,25
21979,8682,31,4,5
21980,8682,38,4,0
21981,8682,94,3,25
21982,8683,159,2,15
21983,8683,105,3,0
21984,8683,101,1,5
21985,8683,92,1,0
21986,8684,132,4,20
21987,8685,122,3,10
21988,8685,112,2,10
21989,8685,112,3,5
21990,8685,35,1,5
21991,8685,133,3,5
21992,8686,171,3,10
21993,8687,5,5,15
21994,8687,70,2,10
21995,8687,78,1,15
21996,8687,140,5,25
21997,8687,167,1,0
21998,8688,125,1,25
21999,8689,156,2,0
22000,8689,6,4,0
22001,8689,65,5,0
22002,8690,196,5,5
22003,8690,185,2,20
22004,8690,107,1,25
22005,8690,68,2,25
22006,8690,15,1,25
22007,8691,147,1,0
22008,8691,107,5,10
22009,8691,192,3,15
22010,8691,61,5,10
22011,8691,16,4,0
22012,8692,112,3,20
22013,8693,29,5,20
22014,8693,150,5,25
22015,8694,118,3,5
22016,8695,27,3,15
22017,8696,117,2,5
22018,8696,142,3,5
22019,8696,193,1,5
22020,8697,46,5,0
22021,8698,10,4,15
22022,8699,158,5,10
22023,8699,122,3,20
22024,8700,63,4,15
22025,8701,167,4,10
22026,8701,117,2,0
22027,8701,93,5,15
22028,8701,198,2,0
22029,8702,177,1,10
22030,8703,124,4,0
22031,8704,110,4,5
22032,8704,105,2,5
22033,8705,36,3,20
22034,8705,42,4,5
22035,8705,31,1,10
22036,8706,134,4,20
22037,8706,50,1,20
22038,8706,33,4,25
22039,8707,10,1,10
22040,8707,90,3,0
22041,8708,23,3,25
22042,8709,83,2,20
22043,8709,81,2,0
22044,8710,161,5,5
22045,8710,78,5,15
22046,8710,169,3,25
22047,8711,126,4,25
22048,8711,159,4,25
22049,8712,63,3,25
22050,8712,32,4,5
22051,8712,28,5,0
22052,8712,86,5,15
22053,8713,180,5,5
22054,8713,2,1,20
22055,8713,112,5,15
22056,8713,42,4,10
22057,8714,32,5,25
22058,8715,67,1,20
22059,8715,118,3,5
22060,8716,112,2,15
22061,8717,22,2,0
22062,8718,61,4,0
22063,8718,77,3,20
22064,8718,184,1,20
22065,8718,52,2,5
22066,8718,118,5,20
22067,8719,81,5,10
22068,8719,19,4,15
22069,8719,167,1,5
22070,8719,197,1,25
22071,8720,86,4,20
22072,8720,193,1,0
22073,8721,161,5,10
22074,8721,26,1,20
22075,8721,114,4,25
22076,8722,106,3,20
22077,8722,103,4,0
22078,8723,194,1,20
22079,8723,107,1,10
22080,8723,10,1,10
22081,8723,82,4,20
22082,8724,24,3,15
22083,8724,164,3,5
22084,8724,165,4,15
22085,8724,185,1,10
22086,8724,35,5,25
22087,8725,53,2,15
22088,8726,73,2,15
22089,8726,200,5,5
22090,8727,47,4,15
22091,8728,77,1,0
22092,8728,153,1,10
22093,8728,27,4,15
22094,8728,45,3,15
22095,8728,183,2,5
22096,8729,1,1,20
22097,8729,5,1,20
22098,8729,12,5,25
22099,8730,71,3,20
22100,8731,98,4,15
22101,8731,93,5,5
22102,8731,158,4,15
22103,8732,128,1,10
22104,8733,192,5,25
22105,8734,101,2,20
22106,8734,113,4,20
22107,8735,79,3,15
22108,8736,73,5,10
22109,8737,32,2,25
22110,8737,89,1,25
22111,8737,118,2,0
22112,8737,124,1,15
22113,8737,144,3,5
22114,8738,90,4,5
22115,8738,53,1,20
22116,8738,130,1,0
22117,8738,48,4,25
22118,8739,194,3,0
22119,8740,24,5,0
22120,8740,159,5,0
22121,8741,83,3,20
22122,8741,174,5,10
22123,8742,160,4,5
22124,8742,168,3,10
22125,8742,49,5,15
22126,8743,164,2,0
22127,8743,73,4,15
22128,8744,5,1,25
22129,8744,130,2,20
22130,8745,186,4,5
22131,8745,150,1,0
22132,8745,1,2,15
22133,8745,171,4,10
22134,8746,119,3,15
22135,8747,131,2,0
22136,8747,36,2,15
22137,8747,167,5,25
22138,8747,119,4,10
22139,8747,198,2,0
22140,8748,30,4,15
22141,8748,11,1,25
22142,8748,153,2,10
22143,8748,93,4,10
22144,8749,112,3,5
22145,8750,184,2,5
22146,8750,10,5,0
22147,8750,46,3,15
22148,8750,31,2,5
22149,8751,51,2,25
22150,8751,99,3,15
22151,8752,112,1,0
22152,8752,71,1,25
22153,8752,192,3,20
22154,8752,123,1,10
22155,8753,168,1,5
22156,8754,147,2,5
22157,8755,78,1,20
22158,8756,109,5,15
22159,8756,191,4,10
22160,8757,48,3,10
22161,8757,149,1,10
22162,8757,102,3,0
22163,8757,111,3,0
22164,8758,93,4,0
22165,8758,167,3,5
22166,8758,122,3,20
22167,8758,193,2,5
22168,8758,40,3,10
22169,8759,88,2,20
22170,8759,166,1,0
22171,8760,98,5,10
22172,8760,106,4,15
22173,8760,125,1,10
22174,8761,4,3,25
22175,8761,117,1,20
22176,8762,135,4,15
22177,8763,133,5,5
22178,8763,162,4,10
22179,8764,131,5,10
22180,8764,24,4,25
22181,8764,43,3,5
22182,8764,175,1,5
22183,8765,50,4,15
22184,8766,27,5,0
22185,8766,174,2,5
22186,8766,130,4,15
22187,8767,153,5,20
22188,8768,45,4,10
22189,8768,50,1,25
22190,8768,44,2,15
22191,8768,33,1,15
22192,8768,172,1,5
22193,8769,116,2,5
22194,8769,100,3,15
22195,8769,41,2,5
22196,8770,85,2,5
22197,8770,192,5,5
22198,8770,166,5,5
22199,8770,135,5,5
22200,8771,74,5,10
22201,8772,182,2,20
22202,8772,122,4,0
22203,8773,61,2,20
22204,8773,150,1,10
22205,8774,130,5,0
22206,8774,38,3,5
22207,8774,190,2,25
22208,8775,159,3,5
22209,8775,129,5,15
22210,8775,99,5,20
22211,8775,158,3,25
22212,8775,95,5,25
22213,8776,28,2,5
22214,8776,70,2,5
22215,8776,198,4,10
22216,8776,127,1,15
22217,8777,180,4,5
22218,8778,10,2,5
22219,8778,125,2,5
22220,8779,22,4,20
22221,8779,182,3,25
22222,8780,169,1,25
22223,8780,139,2,15
22224,8780,5,3,25
22225,8781,136,3,20
22226,8782,181,1,25
22227,8782,57,1,5
22228,8782,12,2,20
22229,8782,140,5,20
22230,8783,105,3,10
22231,8783,154,5,15
22232,8783,106,4,20
22233,8784,32,1,15
22234,8784,46,1,5
22235,8784,107,3,15
22236,8785,9,1,20
22237,8785,184,5,15
22238,8786,123,4,5
22239,8787,176,3,15
22240,8787,199,3,10
22241,8787,144,3,25
22242,8787,143,4,25
22243,8788,162,5,20
22244,8788,149,5,10
22245,8788,129,5,15
22246,8788,15,2,20
22247,8788,181,4,20
22248,8789,12,4,25
22249,8790,198,3,25
22250,8791,95,3,15
22251,8791,102,1,20
22252,8791,111,3,20
22253,8792,65,4,10
22254,8792,194,3,0
22255,8792,96,4,15
22256,8792,187,1,25
22257,8792,182,1,20
22258,8793,127,4,10
22259,8793,162,2,15
22260,8793,165,2,20
22261,8793,150,2,10
22262,8794,175,1,25
22263,8794,178,3,15
22264,8795,142,4,25
22265,8795,68,5,0
22266,8796,7,4,5
22267,8796,200,4,25
22268,8797,139,4,5
22269,8797,187,5,15
22270,8797,151,1,0
22271,8798,10,3,15
22272,8798,156,4,10
22273,8798,140,2,10
22274,8798,191,3,0
22275,8799,30,3,5
22276,8799,61,4,15
22277,8799,107,4,20
22278,8800,183,5,0
22279,8800,110,4,5
22280,8800,36,3,5
22281,8800,158,4,15
22282,8800,42,2,20
22283,8801,122,5,5
22284,8801,21,1,0
22285,8801,83,1,5
22286,8802,63,5,0
22287,8803,132,3,10
22288,8803,180,4,15
22289,8804,94,2,5
22290,8805,65,1,10
22291,8806,71,1,0
22292,8806,32,2,25
22293,8806,144,3,0
22294,8806,126,5,25
22295,8806,104,5,0
22296,8807,69,4,15
22297,8807,7,3,25
22298,8808,145,2,25
22299,8808,140,3,15
22300,8809,18,4,20
22301,8810,182,5,0
22302,8810,80,1,5
22303,8811,53,4,25
22304,8811,142,1,0
22305,8811,67,2,25
22306,8812,93,3,10
22307,8812,15,5,25
22308,8812,86,3,10
22309,8812,87,3,20
22310,8812,151,3,5
22311,8813,168,3,20
22312,8814,137,4,10
22313,8814,185,5,25
22314,8815,175,2,10
22315,8815,68,5,20
22316,8815,52,5,5
22317,8816,179,2,20
22318,8816,56,4,10
22319,8816,103,4,10
22320,8817,141,4,10
22321,8818,178,1,5
22322,8818,183,2,10
22323,8818,146,3,0
22324,8819,67,1,10
22325,8819,121,3,20
22326,8819,199,5,10
22327,8819,182,3,20
22328,8819,101,3,0
22329,8820,49,1,5
22330,8820,136,1,0
22331,8821,184,3,25
22332,8821,29,1,10
22333,8821,54,5,10
22334,8821,197,2,15
22335,8822,11,2,20
22336,8822,76,4,15
22337,8823,95,4,10
22338,8824,163,1,20
22339,8824,46,3,15
22340,8825,91,5,10
22341,8826,17,3,0
22342,8826,130,1,5
22343,8826,37,2,5
22344,8827,181,5,0
22345,8827,155,3,15
22346,8827,95,1,5
22347,8827,42,4,0
22348,8828,155,4,10
22349,8828,107,1,20
22350,8828,54,2,15
22351,8828,115,2,5
22352,8829,129,4,10
22353,8829,113,5,25
22354,8829,97,2,20
22355,8829,189,4,0
22356,8830,46,5,10
22357,8830,6,3,10
22358,8831,88,3,5
22359,8831,61,2,25
22360,8831,190,4,5
22361,8831,155,4,0
22362,8831,48,4,20
22363,8832,103,3,20
22364,8833,29,2,25
22365,8834,59,1,25
22366,8835,102,1,25
22367,8835,74,3,5
22368,8835,185,5,25
22369,8836,113,3,15
22370,8837,29,3,10
22371,8837,129,5,20
22372,8838,193,2,10
22373,8838,71,1,5
22374,8838,111,3,25
22375,8838,37,4,25
22376,8838,24,5,15
22377,8839,68,1,10
22378,8839,94,2,15
22379,8839,50,2,15
22380,8839,136,4,0
22381,8840,41,1,25
22382,8840,65,1,25
22383,8841,33,3,0
22384,8842,61,3,10
22385,8842,120,5,15
22386,8843,72,5,20
22387,8844,131,4,0
22388,8844,159,5,0
22389,8844,158,3,0
22390,8844,25,1,25
22391,8845,24,3,10
22392,8845,4,4,0
22393,8846,103,1,10
22394,8847,12,4,5
22395,8847,182,5,0
22396,8848,156,4,0
22397,8849,165,4,0
22398,8850,70,3,20
22399,8850,75,5,5
22400,8850,38,1,5
22401,8850,121,4,10
22402,8851,65,3,25
22403,8852,27,1,20
22404,8852,148,2,10
22405,8853,135,3,5
22406,8853,34,4,10
22407,8853,31,4,10
22408,8853,124,1,20
22409,8854,188,5,5
22410,8854,21,2,25
22411,8854,132,1,25
22412,8855,173,5,25
22413,8855,86,4,0
22414,8855,99,2,0
22415,8856,11,2,0
22416,8856,25,1,5
22417,8856,50,5,25
22418,8856,198,5,15
22419,8856,1,2,10
22420,8857,195,1,10
22421,8858,94,4,20
22422,8858,87,2,25
22423,8858,104,3,25
22424,8858,39,1,25
22425,8858,54,4,20
22426,8859,17,1,25
22427,8859,81,4,20
22428,8859,155,4,0
22429,8859,93,1,20
22430,8860,199,3,0
22431,8860,115,4,15
22432,8861,159,4,20
22433,8861,183,1,15
22434,8861,136,2,15
22435,8861,79,4,25
22436,8862,80,2,20
22437,8862,187,1,5
22438,8862,108,4,25
22439,8863,37,2,0
22440,8863,11,4,20
22441,8864,28,3,10
22442,8864,97,1,15
22443,8865,168,1,0
22444,8865,88,3,25
22445,8865,132,2,15
22446,8866,41,2,0
22447,8866,5,4,25
22448,8866,159,4,25
22449,8866,129,4,20
22450,8867,73,5,20
22451,8867,163,5,0
22452,8867,196,1,25
22453,8868,171,5,25
22454,8868,103,3,15
22455,8869,123,3,5
22456,8870,141,1,15
22457,8871,82,3,5
22458,8871,8,1,25
22459,8872,80,2,20
22460,8872,198,4,20
22461,8872,150,5,20
22462,8873,88,4,25
22463,8873,151,2,20
22464,8873,175,2,10
22465,8873,32,2,20
22466,8873,31,2,20
22467,8874,29,3,0
22468,8874,94,3,10
22469,8874,111,5,0
22470,8874,41,3,20
22471,8874,164,3,0
22472,8875,32,5,20
22473,8876,170,5,0
22474,8876,96,2,20
22475,8876,174,5,5
22476,8876,151,4,5
22477,8877,54,4,0
22478,8878,31,5,10
22479,8878,117,4,15
22480,8879,152,3,0
22481,8880,41,3,0
22482,8880,124,5,25
22483,8880,142,3,5
22484,8880,56,5,20
22485,8881,46,1,25
22486,8882,198,1,10
22487,8882,182,1,20
22488,8883,43,2,10
22489,8883,186,3,0
22490,8883,183,4,10
22491,8883,69,2,5
22492,8884,163,3,0
22493,8885,108,5,15
22494,8886,9,2,20
22495,8886,26,1,15
22496,8886,125,3,25
22497,8886,173,1,5
22498,8887,38,1,20
22499,8887,178,5,5
22500,8888,66,4,0
22501,8888,119,4,5
22502,8889,110,2,5
22503,8890,116,3,20
22504,8890,36,3,15
22505,8890,31,2,20
22506,8890,83,2,20
22507,8891,63,2,0
22508,8891,26,2,5
22509,8891,13,1,20
22510,8891,34,1,25
22511,8892,184,3,20
22512,8892,27,1,25
22513,8892,172,4,15
22514,8893,153,2,20
22515,8893,23,2,15
22516,8894,15,2,20
22517,8895,27,5,15
22518,8895,30,4,0
22519,8895,136,3,15
22520,8896,100,2,10
22521,8896,127,2,25
22522,8896,179,4,25
22523,8897,85,5,25
22524,8897,21,5,0
22525,8897,133,1,10
22526,8898,199,3,20
22527,8898,88,1,25
22528,8899,8,2,0
22529,8899,13,5,5
22530,8899,113,4,5
22531,8900,29,4,10
22532,8900,5,5,15
22533,8900,84,3,15
22534,8900,55,3,0
22535,8900,5,1,5
22536,8901,73,1,20
22537,8901,69,5,20
22538,8901,78,3,25
22539,8901,137,5,25
22540,8901,195,3,25
22541,8902,113,2,0
22542,8902,146,4,20
22543,8902,131,4,20
22544,8903,83,2,5
22545,8904,145,3,15
22546,8905,134,2,5
22547,8905,115,1,0
22548,8905,171,4,10
22549,8906,177,4,15
22550,8906,57,5,10
22551,8906,54,2,25
22552,8907,23,1,10
22553,8907,188,1,5
22554,8908,9,2,15
22555,8908,78,4,15
22556,8908,78,5,20
22557,8908,142,5,10
22558,8909,158,3,15
22559,8909,39,5,15
22560,8910,96,1,10
22561,8910,60,3,5
22562,8911,132,4,25
22563,8911,107,1,20
22564,8911,40,1,0
22565,8911,45,5,25
22566,8911,150,3,15
22567,8912,35,2,20
22568,8912,50,3,10
22569,8912,52,2,25
22570,8912,107,1,25
22571,8912,169,3,5
22572,8913,102,5,25
22573,8913,132,3,15
22574,8913,12,3,5
22575,8914,2,2,25
22576,8914,193,2,20
22577,8914,92,3,10
22578,8914,17,3,20
22579,8914,17,5,0
22580,8915,74,4,25
22581,8915,146,2,25
22582,8915,34,1,15
22583,8916,1,1,20
22584,8917,12,1,0
22585,8917,189,2,15
22586,8918,128,2,25
22587,8919,6,5,15
22588,8920,18,1,10
22589,8920,18,2,10
22590,8920,168,2,20
22591,8920,54,5,25
22592,8921,127,3,15
22593,8921,187,5,10
22594,8921,153,4,5
22595,8922,64,4,10
22596,8922,93,5,5
22597,8922,43,1,10
22598,8922,49,3,5
22599,8923,97,3,20
22600,8923,58,1,25
22601,8923,39,3,5
22602,8924,156,1,20
22603,8924,171,2,0
22604,8924,95,2,25
22605,8925,113,2,10
22606,8925,115,5,0
22607,8925,129,5,0
22608,8925,45,2,10
22609,8926,187,5,10
22610,8926,148,2,15
22611,8926,8,4,25
22612,8927,128,3,10
22613,8928,36,1,20
22614,8928,71,3,10
22615,8928,69,1,25
22616,8929,51,4,0
22617,8930,15,2,15
22618,8930,146,3,25
22619,8930,117,1,25
22620,8930,197,2,20
22621,8930,40,1,15
22622,8931,53,3,5
22623,8931,68,3,20
22624,8932,21,1,15
22625,8932,107,3,15
22626,8933,159,2,15
22627,8933,13,5,0
22628,8934,8,4,10
22629,8935,60,5,10
22630,8936,158,3,0
22631,8936,34,2,15
22632,8936,111,2,5
22633,8936,125,3,0
22634,8936,65,1,25
22635,8937,103,5,25
22636,8937,79,3,15
22637,8938,88,4,0
22638,8938,92,5,25
22639,8938,119,4,0
22640,8938,196,1,15
22641,8938,150,2,10
22642,8939,26,4,10
22643,8940,189,1,5
22644,8941,104,5,5
22645,8941,18,5,25
22646,8941,48,2,5
22647,8941,174,5,20
22648,8942,87,1,5
22649,8942,183,5,25
22650,8942,56,3,5
22651,8942,22,5,10
22652,8942,88,4,15
22653,8943,94,1,25
22654,8944,85,3,15
22655,8945,53,5,25
22656,8946,170,2,10
22657,8946,196,5,10
22658,8947,54,3,20
22659,8947,171,1,15
22660,8947,37,2,0
22661,8948,167,4,10
22662,8948,3,3,0
22663,8949,172,1,25
22664,8949,166,2,20
22665,8949,13,5,10
22666,8950,124,5,5
22667,8950,175,3,5
22668,8950,200,1,10
22669,8951,17,4,15
22670,8952,136,3,5
22671,8952,99,2,15
22672,8953,62,1,5
22673,8954,57,3,10
22674,8954,50,2,15
22675,8954,35,2,0
22676,8954,82,4,0
22677,8954,48,5,20
22678,8955,66,1,10
22679,8956,198,1,20
22680,8957,26,2,15
22681,8957,25,1,5
22682,8958,53,4,5
22683,8959,149,5,5
22684,8960,1,1,15
22685,8961,5,1,10
22686,8961,195,1,10
22687,8962,58,1,10
22688,8963,66,3,25
22689,8963,115,4,25
22690,8964,35,2,25
22691,8964,179,2,5
22692,8964,41,4,25
22693,8964,190,1,20
22694,8964,17,4,5
22695,8965,30,1,20
22696,8966,13,5,10
22697,8967,95,1,5
22698,8967,96,3,20
22699,8967,43,5,25
22700,8968,121,3,15
22701,8968,162,1,10
22702,8968,82,2,15
22703,8969,80,1,0
22704,8969,60,1,0
22705,8970,186,1,25
22706,8971,56,3,25
22707,8971,150,5,25
22708,8972,39,2,15
22709,8973,163,1,10
22710,8974,156,3,15
22711,8974,181,4,20
22712,8974,107,2,25
22713,8974,85,3,25
22714,8975,172,1,5
22715,8975,104,2,10
22716,8975,10,5,20
22717,8976,109,2,5
22718,8976,6,2,15
22719,8976,200,1,25
22720,8977,71,2,0
22721,8977,9,1,20
22722,8977,35,2,10
22723,8977,91,1,5
22724,8977,184,3,20
22725,8978,24,2,20
22726,8979,133,4,25
22727,8979,56,5,10
22728,8980,76,3,0
22729,8981,70,5,5
22730,8981,27,5,20
22731,8981,87,4,0
22732,8982,99,5,25
22733,8982,123,1,25
22734,8982,161,2,10
22735,8983,67,3,5
22736,8984,58,5,5
22737,8984,132,3,10
22738,8984,94,5,5
22739,8984,169,4,5
22740,8985,119,1,10
22741,8985,140,5,5
22742,8985,175,5,25
22743,8985,105,1,0
22744,8986,134,3,0
22745,8987,48,1,15
22746,8987,127,1,25
22747,8987,196,2,0
22748,8987,90,3,10
22749,8987,200,3,25
22750,8988,145,3,0
22751,8988,103,3,10
22752,8989,32,2,10
22753,8989,142,1,25
22754,8989,77,3,10
22755,8989,67,2,5
22756,8989,13,2,10
22757,8990,6,3,0
22758,8990,32,1,25
22759,8991,56,3,20
22760,8992,157,4,15
22761,8992,41,2,10
22762,8993,90,4,20
22763,8993,192,4,20
22764,8993,187,1,25
22765,8993,177,1,10
22766,8993,73,1,10
22767,8994,113,5,20
22768,8995,79,2,20
22769,8995,46,5,5
22770,8995,156,2,20
22771,8995,85,2,20
22772,8995,122,1,5
22773,8996,127,3,0
22774,8996,171,4,15
22775,8996,165,2,15
22776,8997,150,5,0
22777,8997,144,5,25
22778,8997,25,1,20
22779,8997,28,1,15
22780,8998,104,2,25
22781,8998,99,2,25
22782,8998,122,5,20
22783,8998,47,1,0
22784,8998,25,1,20
22785,8999,24,5,10
22786,8999,5,5,5
22787,8999,197,4,20
22788,9000,84,1,5
22789,9000,72,5,20
22790,9000,42,4,5
22791,9001,70,5,5
22792,9001,162,5,25
22793,9001,80,3,15
22794,9001,169,3,25
22795,9002,53,5,20
22796,9002,70,3,20
22797,9002,184,5,25
22798,9003,122,5,0
22799,9003,74,5,0
22800,9004,3,5,0
22801,9005,89,4,10
22802,9005,77,4,5
22803,9005,107,3,0
22804,9006,155,5,25
22805,9006,105,4,25
22806,9006,76,3,10
22807,9006,165,3,25
22808,9007,58,4,25
22809,9007,200,4,0
22810,9007,13,4,15
22811,9007,3,1,15
22812,9008,115,1,0
22813,9008,131,1,25
22814,9008,47,2,10
22815,9008,176,3,25
22816,9009,107,4,10
22817,9009,144,5,0
22818,9009,46,2,25
22819,9009,140,4,0
22820,9010,152,4,5
22821,9010,117,4,20
22822,9010,119,4,15
22823,9011,196,5,10
22824,9011,29,2,5
22825,9011,29,3,15
22826,9011,28,1,20
22827,9012,177,2,5
22828,9013,72,5,10
22829,9013,103,2,15
22830,9013,15,1,10
22831,9014,177,3,25
22832,9014,106,3,25
22833,9014,25,5,20
22834,9014,170,1,20
22835,9014,19,3,15
22836,9015,80,2,20
22837,9016,183,2,0
22838,9017,27,5,5
22839,9017,27,2,5
22840,9018,16,5,0
22841,9019,197,5,25
22842,9019,14,4,15
22843,9019,114,3,15
22844,9019,129,1,5
22845,9019,156,1,15
22846,9020,164,3,15
22847,9020,32,1,5
22848,9020,132,5,0
22849,9021,171,3,25
22850,9022,16,4,5
22851,9022,107,4,10
22852,9022,196,5,0
22853,9022,114,3,25
22854,9022,93,3,10
22855,9023,106,5,0
22856,9024,87,5,10
22857,9024,113,4,20
22858,9024,106,2,10
22859,9024,132,4,15
22860,9025,175,4,5
22861,9025,189,1,10
22862,9025,187,5,15
22863,9025,176,4,25
22864,9025,25,5,25
22865,9026,15,2,5
22866,9027,8,3,5
22867,9027,187,1,15
22868,9027,79,5,0
22869,9027,129,3,20
22870,9027,180,4,20
22871,9028,67,1,10
22872,9028,131,1,0
22873,9028,133,2,0
22874,9029,38,3,20
22875,9029,178,5,15
22876,9030,108,3,15
22877,9030,24,1,5
22878,9030,42,5,20
22879,9030,142,2,5
22880,9031,57,4,0
22881,9031,105,4,25
22882,9031,151,1,0
22883,9031,122,1,0
22884,9032,189,4,15
22885,9032,182,3,20
22886,9032,7,2,25
22887,9033,27,5,20
22888,9033,197,2,10
22889,9034,46,5,0
22890,9034,55,5,0
22891,9034,105,5,10
22892,9035,24,2,0
22893,9036,156,1,0
22894,9036,126,4,20
22895,9036,58,1,0
22896,9036,9,2,0
22897,9036,163,1,0
22898,9037,44,4,15
22899,9037,153,5,5
22900,9038,81,4,0
22901,9038,29,4,15
22902,9038,179,2,0
22903,9039,174,5,15
22904,9039,106,1,5
22905,9040,134,4,25
22906,9040,147,1,25
22907,9041,97,1,0
22908,9041,128,3,5
22909,9042,155,1,25
22910,9042,100,2,20
22911,9043,137,1,10
22912,9043,83,1,0
22913,9043,82,5,15
22914,9044,33,3,10
22915,9044,170,3,20
22916,9045,8,5,25
22917,9046,124,5,0
22918,9046,19,3,20
22919,9046,131,3,20
22920,9046,6,1,10
22921,9047,14,5,0
22922,9047,152,5,0
22923,9047,36,3,0
22924,9047,58,4,10
22925,9047,77,3,0
22926,9048,95,5,0
22927,9048,172,5,0
22928,9048,28,3,10
22929,9049,171,3,10
22930,9049,163,1,10
22931,9050,159,1,25
22932,9051,51,3,15
22933,9052,145,3,15
22934,9052,117,4,10
22935,9052,104,2,15
22936,9053,123,2,5
22937,9053,127,3,10
22938,9053,199,1,25
22939,9053,120,4,15
22940,9054,62,1,10
22941,9054,156,2,0
22942,9055,87,2,0
22943,9056,22,3,0
22944,9057,35,2,5
22945,9057,29,4,25
22946,9057,55,5,25
22947,9058,56,4,25
22948,9059,76,2,25
22949,9059,131,3,10
22950,9060,21,3,5
22951,9060,168,1,15
22952,9060,50,2,25
22953,9061,122,4,5
22954,9061,27,5,0
22955,9061,147,2,25
22956,9061,52,2,20
22957,9061,21,2,20
22958,9062,175,3,0
22959,9062,56,5,5
22960,9062,196,4,10
22961,9062,42,3,25
22962,9063,17,1,15
22963,9063,161,5,0
22964,9063,189,5,25
22965,9063,118,3,15
22966,9064,119,4,25
22967,9065,119,3,10
22968,9065,99,2,25
22969,9065,2,4,0
22970,9065,166,5,0
22971,9065,21,1,0
22972,9066,159,5,10
22973,9067,140,3,0
22974,9067,148,1,25
22975,9067,28,3,25
22976,9068,52,2,25
22977,9069,37,4,15
22978,9070,166,1,5
22979,9070,79,5,10
22980,9070,116,5,25
22981,9070,130,1,0
22982,9070,68,4,5
22983,9071,172,3,10
22984,9071,123,1,5
22985,9071,162,4,15
22986,9071,120,2,20
22987,9071,2,4,25
22988,9072,44,1,0
22989,9072,154,1,0
22990,9072,89,3,15
22991,9072,97,5,0
22992,9073,125,5,15
22993,9073,140,3,5
22994,9074,162,3,10
22995,9074,54,5,25
22996,9074,102,1,0
22997,9074,104,5,10
22998,9075,113,5,0
22999,9075,80,1,10
23000,9075,122,2,10
23001,9075,200,3,20
23002,9076,151,4,10
23003,9076,191,1,20
23004,9076,102,3,10
23005,9076,51,4,10
23006,9077,125,2,20
23007,9078,66,2,15
23008,9078,98,1,0
23009,9079,154,5,10
23010,9079,138,2,25
23011,9080,62,1,10
23012,9080,174,2,20
23013,9081,141,1,25
23014,9081,180,5,5
23015,9081,116,1,15
23016,9081,91,5,25
23017,9081,148,2,25
23018,9082,126,1,25
23019,9082,20,3,15
23020,9083,199,5,5
23021,9083,75,3,5
23022,9084,180,2,15
23023,9085,189,4,10
23024,9085,182,5,10
23025,9086,42,2,5
23026,9086,62,4,0
23027,9086,167,4,25
23028,9086,132,5,15
23029,9086,193,1,10
23030,9087,21,5,10
23031,9087,73,4,15
23032,9088,74,3,10
23033,9088,51,4,0
23034,9089,167,4,10
23035,9089,43,2,0
23036,9090,137,3,0
23037,9090,148,2,5
23038,9091,6,4,10
23039,9091,99,4,0
23040,9092,165,2,15
23041,9093,63,4,15
23042,9094,21,3,20
23043,9094,156,5,25
23044,9094,24,2,20
23045,9095,23,4,20
23046,9095,198,5,20
23047,9095,141,5,0
23048,9095,174,5,20
23049,9095,62,5,0
23050,9096,108,4,25
23051,9096,163,4,15
23052,9096,46,4,0
23053,9097,106,2,0
23054,9098,150,5,15
23055,9098,175,1,15
23056,9098,197,1,0
23057,9099,33,1,0
23058,9099,69,3,25
23059,9100,174,1,10
23060,9100,23,3,20
23061,9101,155,2,5
23062,9101,177,5,20
23063,9101,174,2,0
23064,9102,70,1,10
23065,9102,91,5,10
23066,9102,170,1,10
23067,9102,51,1,25
23068,9103,118,3,15
23069,9103,3,3,20
23070,9103,169,1,20
23071,9103,180,3,15
23072,9103,80,1,15
23073,9104,89,1,10
23074,9104,111,3,20
23075,9105,71,4,10
23076,9106,24,3,5
23077,9106,34,1,5
23078,9106,26,2,25
23079,9106,147,5,25
23080,9107,15,4,25
23081,9107,82,4,0
23082,9108,105,2,15
23083,9108,93,4,15
23084,9108,19,2,5
23085,9109,154,1,25
23086,9109,121,1,0
23087,9109,48,5,10
23088,9109,87,5,5
23089,9109,64,2,5
23090,9110,131,3,0
23091,9111,103,1,0
23092,9111,148,1,5
23093,9112,61,2,25
23094,9112,122,1,25
23095,9112,114,4,15
23096,9112,98,3,0
23097,9113,110,2,10
23098,9114,36,2,0
23099,9114,161,5,15
23100,9115,134,1,0
23101,9115,149,3,10
23102,9115,67,3,20
23103,9116,139,1,20
23104,9116,175,4,5
23105,9116,192,4,0
23106,9116,47,4,0
23107,9117,46,4,5
23108,9118,148,5,5
23109,9118,51,3,0
23110,9118,67,5,5
23111,9119,100,4,15
23112,9119,119,4,5
23113,9119,192,5,20
23114,9119,86,4,5
23115,9120,112,2,15
23116,9120,13,3,15
23117,9121,18,3,0
23118,9121,143,5,5
23119,9121,57,3,0
23120,9121,162,1,0
23121,9122,149,4,25
23122,9123,43,5,25
23123,9124,183,5,5
23124,9125,136,3,5
23125,9126,86,1,20
23126,9126,124,4,5
23127,9126,155,4,25
23128,9127,25,5,25
23129,9128,30,1,5
23130,9128,57,5,20
23131,9129,42,5,0
23132,9129,128,5,20
23133,9129,72,1,20
23134,9129,120,1,0
23135,9129,184,2,25
23136,9130,75,3,0
23137,9130,149,5,0
23138,9131,123,2,20
23139,9131,62,1,15
23140,9131,148,4,25
23141,9131,183,3,25
23142,9132,107,2,15
23143,9132,189,5,20
23144,9132,140,4,15
23145,9133,172,5,0
23146,9133,147,1,25
23147,9134,129,2,10
23148,9134,174,5,25
23149,9134,9,4,15
23150,9134,100,3,5
23151,9134,61,4,5
23152,9135,185,2,0
23153,9135,24,5,25
23154,9135,159,4,10
23155,9135,113,2,10
23156,9136,193,4,25
23157,9136,119,3,25
23158,9137,199,4,20
23159,9137,132,3,0
23160,9138,185,1,15
23161,9138,46,4,0
23162,9138,174,3,20
23163,9139,29,3,5
23164,9139,181,1,5
23165,9140,133,1,5
23166,9140,46,3,25
23167,9140,19,4,10
23168,9140,194,1,20
23169,9140,71,2,5
23170,9141,21,3,0
23171,9141,87,4,10
23172,9141,69,3,10
23173,9142,5,1,20
23174,9142,140,4,0
23175,9143,200,5,0
23176,9143,141,5,0
23177,9144,191,2,10
23178,9145,198,3,0
23179,9146,86,4,15
23180,9146,124,5,0
23181,9146,84,3,10
23182,9147,157,4,0
23183,9147,29,3,10
23184,9147,149,5,20
23185,9148,169,2,15
23186,9148,9,3,20
23187,9148,143,4,10
23188,9148,198,2,5
23189,9149,50,3,25
23190,9149,107,3,25
23191,9149,94,5,10
23192,9149,166,5,20
23193,9150,72,4,10
23194,9151,85,3,25
23195,9152,67,1,5
23196,9152,185,2,15
23197,9152,5,3,20
23198,9152,75,2,10
23199,9152,40,5,5
23200,9153,64,1,25
23201,9153,82,4,0
23202,9154,178,1,10
23203,9154,46,4,5
23204,9154,125,4,5
23205,9155,133,2,0
23206,9156,38,4,10
23207,9156,7,4,15
23208,9156,91,3,20
23209,9156,196,1,5
23210,9156,160,5,10
23211,9157,180,5,25
23212,9157,113,2,25
23213,9158,3,1,0
23214,9159,2,2,5
23215,9159,196,3,0
23216,9159,74,2,5
23217,9159,52,3,5
23218,9160,95,3,25
23219,9160,114,3,10
23220,9160,28,3,25
23221,9161,36,1,5
23222,9161,62,5,5
23223,9162,59,4,20
23224,9162,4,5,10
23225,9162,98,1,20
23226,9162,180,2,25
23227,9162,107,4,10
23228,9163,192,5,25
23229,9163,73,3,25
23230,9163,127,4,20
23231,9164,79,1,10
23232,9165,141,4,15
23233,9165,169,4,10
23234,9166,28,1,25
23235,9167,22,4,0
23236,9167,28,5,0
23237,9168,45,5,20
23238,9168,128,1,15
23239,9169,155,3,10
23240,9169,88,3,25
23241,9169,72,5,0
23242,9169,35,3,10
23243,9170,63,2,5
23244,9170,43,1,25
23245,9170,161,5,15
23246,9171,116,3,10
23247,9171,103,2,20
23248,9171,97,5,5
23249,9172,76,4,5
23250,9173,24,3,0
23251,9174,136,3,5
23252,9174,29,3,10
23253,9174,19,1,0
23254,9174,154,4,25
23255,9175,54,3,5
23256,9175,4,1,0
23257,9176,100,2,5
23258,9176,63,5,25
23259,9176,139,4,0
23260,9177,15,1,15
23261,9178,152,1,0
23262,9178,193,2,0
23263,9178,159,5,10
23264,9179,16,3,10
23265,9180,36,1,10
23266,9180,177,4,0
23267,9180,140,4,25
23268,9180,173,3,0
23269,9181,140,3,0
23270,9181,159,3,10
23271,9181,128,3,15
23272,9182,135,3,15
23273,9182,64,2,15
23274,9183,90,1,20
23275,9183,133,4,25
23276,9183,166,1,0
23277,9183,80,2,20
23278,9184,170,5,5
23279,9184,34,2,5
23280,9184,189,4,10
23281,9185,118,4,25
23282,9185,39,1,25
23283,9185,59,2,10
23284,9186,129,2,20
23285,9187,158,5,0
23286,9188,25,5,5
23287,9188,125,4,20
23288,9188,119,2,5
23289,9189,72,4,0
23290,9190,29,5,5
23291,9190,6,5,10
23292,9190,68,4,25
23293,9191,3,5,10
23294,9192,96,2,5
23295,9193,84,2,15
23296,9194,30,3,15
23297,9195,106,5,10
23298,9195,43,5,5
23299,9195,186,5,20
23300,9195,141,2,0
23301,9196,198,1,10
23302,9196,76,2,5
23303,9197,73,4,0
23304,9197,81,2,10
23305,9197,57,3,10
23306,9197,172,2,25
23307,9197,150,2,15
23308,9198,144,4,5
23309,9198,39,1,0
23310,9198,198,5,10
23311,9198,18,2,25
23312,9198,61,5,25
23313,9199,56,5,20
23314,9200,50,3,5
23315,9200,176,4,20
23316,9201,183,3,10
23317,9201,64,4,10
23318,9201,136,2,10
23319,9202,76,5,5
23320,9202,75,3,25
23321,9202,154,5,25
23322,9203,106,1,20
23323,9203,80,1,5
23324,9203,133,4,25
23325,9204,186,2,0
23326,9204,119,2,0
23327,9205,13,2,15
23328,9206,158,5,20
23329,9207,65,3,0
23330,9207,98,4,10
23331,9207,82,1,10
23332,9208,117,4,20
23333,9209,84,2,10
23334,9209,76,2,10
23335,9210,100,4,10
23336,9210,142,5,25
23337,9210,12,2,5
23338,9210,40,3,20
23339,9210,97,2,10
23340,9211,101,1,10
23341,9211,121,4,25
23342,9211,132,4,25
23343,9212,37,3,20
23344,9212,193,5,5
23345,9212,108,4,15
23346,9213,96,2,20
23347,9213,51,5,5
23348,9213,4,1,5
23349,9214,173,3,10
23350,9215,101,3,15
23351,9216,158,1,25
23352,9217,26,3,5
23353,9217,72,4,10
23354,9217,120,3,0
23355,9217,16,1,10
23356,9218,105,1,15
23357,9219,28,5,10
23358,9219,97,3,20
23359,9220,113,1,25
23360,9220,113,1,15
23361,9221,141,5,20
23362,9221,105,1,20
23363,9221,96,2,5
23364,9221,58,2,20
23365,9222,110,2,25
23366,9222,57,3,25
23367,9222,15,5,0
23368,9222,4,3,15
23369,9222,43,2,20
23370,9223,133,3,25
23371,9223,8,4,10
23372,9223,11,5,10
23373,9224,61,1,0
23374,9224,99,1,10
23375,9224,138,4,20
23376,9225,50,3,15
23377,9226,47,2,10
23378,9226,118,5,25
23379,9227,103,3,15
23380,9227,149,1,0
23381,9227,158,3,15
23382,9227,142,3,20
23383,9228,147,1,0
23384,9228,56,4,20
23385,9228,109,4,5
23386,9228,105,1,20
23387,9229,52,2,5
23388,9229,28,4,5
23389,9229,104,1,5
23390,9229,55,4,15
23391,9230,131,4,10
23392,9231,108,1,25
23393,9231,136,4,5
23394,9231,194,2,25
23395,9231,67,5,25
23396,9231,114,5,10
23397,9232,143,3,5
23398,9233,184,2,20
23399,9233,185,2,5
23400,9234,110,3,15
23401,9234,126,3,10
23402,9234,61,1,0
23403,9235,81,2,15
23404,9235,136,3,25
23405,9235,66,3,0
23406,9235,48,5,25
23407,9236,121,4,5
23408,9236,75,5,5
23409,9236,12,2,15
23410,9237,87,5,15
23411,9237,81,3,5
23412,9237,161,3,0
23413,9237,38,1,5
23414,9238,45,5,0
23415,9238,67,1,5
23416,9239,116,2,5
23417,9239,151,1,25
23418,9239,70,4,15
23419,9240,20,3,15
23420,9240,88,5,15
23421,9240,89,2,10
23422,9241,101,5,5
23423,9241,166,2,20
23424,9241,159,5,5
23425,9242,140,1,5
23426,9242,100,5,5
23427,9242,59,4,10
23428,9242,40,5,0
23429,9243,133,3,15
23430,9243,96,3,25
23431,9244,7,1,15
23432,9244,46,4,5
23433,9244,116,1,25
23434,9245,44,4,25
23435,9245,63,1,25
23436,9246,178,1,5
23437,9247,113,3,20
23438,9247,86,5,15
23439,9248,103,2,10
23440,9248,59,2,25
23441,9248,188,3,10
23442,9249,182,5,20
23443,9250,96,5,15
23444,9250,123,4,25
23445,9250,165,4,0
23446,9251,174,4,0
23447,9251,95,1,5
23448,9251,30,3,25
23449,9252,44,1,20
23450,9252,126,2,10
23451,9252,193,3,15
23452,9252,119,1,0
23453,9252,98,5,0
23454,9253,92,1,20
23455,9254,160,2,25
23456,9255,28,4,20
23457,9256,159,1,15
23458,9256,11,5,25
23459,9256,26,4,0
23460,9257,65,3,10
23461,9257,125,3,15
23462,9257,24,1,20
23463,9257,39,5,25
23464,9258,2,5,25
23465,9258,21,1,5
23466,9259,111,5,5
23467,9259,169,4,25
23468,9259,106,5,20
23469,9260,37,5,10
23470,9260,7,2,20
23471,9260,174,5,5
23472,9260,4,1,5
23473,9260,135,3,10
23474,9261,61,1,25
23475,9261,62,2,0
23476,9262,77,4,25
23477,9262,25,2,25
23478,9263,46,3,5
23479,9263,154,2,25
23480,9264,102,2,15
23481,9264,78,4,15
23482,9264,148,2,15
23483,9265,6,4,0
23484,9266,67,2,25
23485,9266,90,4,0
23486,9266,43,1,10
23487,9266,127,1,15
23488,9267,109,5,15
23489,9267,8,2,5
23490,9267,193,5,10
23491,9267,66,3,10
23492,9267,12,2,5
23493,9268,123,2,25
23494,9269,49,5,15
23495,9270,40,5,5
23496,9270,19,5,0
23497,9270,26,5,10
23498,9270,40,5,20
23499,9270,120,5,5
23500,9271,111,2,20
23501,9271,30,3,5
23502,9271,36,5,20
23503,9272,42,1,10
23504,9272,166,5,15
23505,9272,124,4,5
23506,9273,129,1,0
23507,9273,58,4,20
23508,9273,66,4,10
23509,9273,171,5,25
23510,9273,181,3,0
23511,9274,16,4,20
23512,9274,35,2,15
23513,9275,99,3,0
23514,9275,148,5,0
23515,9275,28,5,0
23516,9275,139,4,20
23517,9276,30,2,15
23518,9276,174,1,15
23519,9277,4,5,15
23520,9277,187,2,25
23521,9277,11,3,0
23522,9278,19,3,20
23523,9278,98,1,15
23524,9278,132,2,15
23525,9278,170,1,20
23526,9279,81,5,10
23527,9279,145,4,25
23528,9280,129,2,0
23529,9280,66,1,5
23530,9281,123,3,20
23531,9281,39,3,25
23532,9281,117,1,10
23533,9282,137,2,0
23534,9283,86,1,25
23535,9283,69,3,10
23536,9284,194,4,15
23537,9285,126,2,20
23538,9286,80,1,25
23539,9287,157,4,15
23540,9287,4,2,0
23541,9287,34,4,5
23542,9288,122,1,0
23543,9288,107,4,20
23544,9288,89,1,15
23545,9289,142,4,0
23546,9290,38,3,20
23547,9291,4,1,0
23548,9291,14,4,20
23549,9291,27,3,10
23550,9291,100,4,15
23551,9292,98,5,10
23552,9293,193,3,5
23553,9294,143,1,0
23554,9294,94,5,10
23555,9295,175,4,15
23556,9295,115,2,0
23557,9295,12,1,0
23558,9296,151,4,5
23559,9296,5,4,10
23560,9296,4,5,20
23561,9296,121,1,5
23562,9297,172,5,20
23563,9298,185,3,20
23564,9299,102,3,0
23565,9299,86,3,5
23566,9299,32,3,0
23567,9300,100,5,20
23568,9300,76,4,10
23569,9301,182,5,0
23570,9301,125,4,5
23571,9302,29,4,5
23572,9302,12,4,5
23573,9302,115,3,25
23574,9302,63,2,20
23575,9302,38,2,0
23576,9303,18,3,10
23577,9304,161,2,15
23578,9304,68,3,25
23579,9305,18,2,25
23580,9305,195,3,10
23581,9305,53,4,25
23582,9306,77,3,25
23583,9306,72,5,25
23584,9307,156,1,5
23585,9307,75,4,20
23586,9307,91,2,0
23587,9308,36,1,20
23588,9308,172,2,15
23589,9309,78,3,20
23590,9309,120,4,0
23591,9309,21,1,0
23592,9309,78,4,10
23593,9310,125,2,25
23594,9310,7,2,0
23595,9310,124,5,10
23596,9310,191,3,20
23597,9311,26,3,20
23598,9312,133,4,5
23599,9312,46,2,20
23600,9313,197,1,25
23601,9313,102,3,5
23602,9313,15,1,25
23603,9313,154,1,10
23604,9313,192,5,0
23605,9314,117,4,25
23606,9314,110,4,0
23607,9314,65,2,15
23608,9314,71,4,0
23609,9314,96,4,20
23610,9315,2,4,15
23611,9316,72,1,0
23612,9317,41,1,25
23613,9317,176,5,15
23614,9317,197,3,5
23615,9318,55,4,10
23616,9319,183,3,10
23617,9319,100,2,10
23618,9319,67,2,5
23619,9320,102,3,25
23620,9320,7,4,5
23621,9320,10,3,10
23622,9320,24,4,15
23623,9321,167,2,20
23624,9322,75,5,10
23625,9322,88,2,10
23626,9322,165,2,25
23627,9322,85,4,25
23628,9323,186,1,0
23629,9324,60,4,20
23630,9324,26,4,25
23631,9324,33,5,20
23632,9324,196,4,10
23633,9324,10,5,15
23634,9325,92,1,15
23635,9325,46,5,20
23636,9326,83,5,5
23637,9326,54,2,25
23638,9327,157,4,10
23639,9327,191,1,5
23640,9327,152,1,0
23641,9327,101,5,15
23642,9328,68,2,15
23643,9328,75,5,15
23644,9328,119,4,5
23645,9329,22,3,20
23646,9330,108,5,5
23647,9330,39,3,0
23648,9330,137,2,0
23649,9330,142,1,5
23650,9331,31,3,0
23651,9332,94,1,20
23652,9332,71,4,10
23653,9333,187,2,20
23654,9333,133,1,0
23655,9334,180,1,15
23656,9334,64,5,5
23657,9335,153,5,5
23658,9336,13,1,5
23659,9336,167,4,15
23660,9337,106,1,5
23661,9337,54,3,5
23662,9337,176,1,10
23663,9338,117,3,20
23664,9338,71,3,25
23665,9339,18,1,5
23666,9339,70,2,15
23667,9339,14,4,0
23668,9340,125,4,25
23669,9340,164,1,5
23670,9340,18,2,0
23671,9340,65,2,15
23672,9341,111,2,5
23673,9341,86,4,25
23674,9342,58,2,15
23675,9342,190,2,25
23676,9343,192,3,25
23677,9343,157,2,25
23678,9343,102,4,15
23679,9344,91,1,5
23680,9344,22,3,0
23681,9344,3,2,0
23682,9344,1,4,15
23683,9344,114,2,0
23684,9345,11,1,15
23685,9345,50,2,15
23686,9345,45,2,25
23687,9345,70,2,25
23688,9345,189,1,5
23689,9346,3,5,10
23690,9346,164,1,5
23691,9347,73,4,10
23692,9347,23,2,15
23693,9348,87,3,5
23694,9348,103,3,25
23695,9348,71,2,15
23696,9348,151,5,20
23697,9348,129,3,10
23698,9349,1,5,5
23699,9350,120,2,25
23700,9350,163,4,15
23701,9351,159,5,20
23702,9352,90,4,0
23703,9352,147,2,10
23704,9353,128,3,0
23705,9353,28,1,0
23706,9353,71,2,5
23707,9353,1,2,0
23708,9354,87,5,10
23709,9354,197,2,15
23710,9354,86,3,10
23711,9354,54,3,20
23712,9354,41,5,15
23713,9355,92,2,20
23714,9356,113,4,10
23715,9356,37,2,25
23716,9356,57,3,0
23717,9356,173,4,10
23718,9356,195,2,20
23719,9357,118,1,0
23720,9357,195,4,25
23721,9357,19,1,25
23722,9358,192,3,5
23723,9358,53,5,5
23724,9359,168,1,10
23725,9359,172,2,10
23726,9360,55,5,25
23727,9360,131,2,25
23728,9361,131,5,10
23729,9362,51,3,5
23730,9362,108,2,0
23731,9362,24,3,15
23732,9362,120,5,10
23733,9363,8,5,25
23734,9364,3,3,25
23735,9365,145,4,20
23736,9366,5,2,25
23737,9366,118,1,5
23738,9366,188,5,0
23739,9366,121,4,20
23740,9367,64,5,10
23741,9367,26,2,25
23742,9367,50,4,0
23743,9367,168,1,0
23744,9368,54,4,20
23745,9368,166,4,20
23746,9368,54,5,0
23747,9368,101,1,20
23748,9369,200,1,0
23749,9369,191,3,10
23750,9370,35,3,15
23751,9370,79,5,20
23752,9371,192,4,15
23753,9371,123,3,20
23754,9371,132,3,10
23755,9372,65,2,0
23756,9373,52,1,15
23757,9374,14,3,25
23758,9374,134,5,10
23759,9375,57,4,15
23760,9376,193,3,10
23761,9376,125,4,15
23762,9376,192,2,5
23763,9376,15,3,0
23764,9376,49,1,10
23765,9377,29,1,0
23766,9378,192,1,0
23767,9378,4,2,10
23768,9378,53,2,10
23769,9379,138,1,5
23770,9379,157,4,5
23771,9379,175,2,0
23772,9380,121,4,15
23773,9381,57,2,0
23774,9382,16,4,25
23775,9382,32,3,15
23776,9382,131,2,25
23777,9382,129,5,0
23778,9382,148,1,5
23779,9383,92,3,10
23780,9383,197,5,5
23781,9384,13,4,5
23782,9385,183,1,15
23783,9385,63,5,25
23784,9386,43,2,5
23785,9386,10,4,10
23786,9386,17,4,15
23787,9386,145,2,10
23788,9387,194,1,0
23789,9387,126,1,25
23790,9388,191,2,20
23791,9389,200,3,20
23792,9389,109,5,0
23793,9389,125,3,15
23794,9390,195,5,25
23795,9391,17,3,10
23796,9391,48,3,5
23797,9392,199,1,25
23798,9392,64,1,20
23799,9393,59,3,25
23800,9394,19,2,10
23801,9394,133,1,20
23802,9395,136,1,25
23803,9396,30,4,15
23804,9396,68,4,0
23805,9397,163,4,20
23806,9397,179,3,10
23807,9397,14,3,20
23808,9397,164,1,10
23809,9397,189,5,20
23810,9398,166,4,5
23811,9398,95,3,10
23812,9398,42,2,25
23813,9399,60,2,15
23814,9399,79,2,10
23815,9399,51,2,10
23816,9400,37,2,5
23817,9401,33,1,15
23818,9401,151,1,15
23819,9401,136,4,0
23820,9402,15,5,25
23821,9402,87,1,20
23822,9402,6,2,25
23823,9403,4,1,20
23824,9404,104,2,0
23825,9404,42,5,10
23826,9405,20,5,10
23827,9405,65,2,20
23828,9405,32,1,20
23829,9405,137,4,5
23830,9406,105,5,20
23831,9406,44,4,15
23832,9406,176,4,5
23833,9406,102,3,20
23834,9407,76,1,20
23835,9407,187,5,5
23836,9407,104,5,10
23837,9407,99,2,5
23838,9407,122,1,10
23839,9408,77,1,0
23840,9408,177,5,20
23841,9409,84,4,10
23842,9409,159,2,0
23843,9409,179,1,10
23844,9409,46,2,5
23845,9410,135,3,25
23846,9410,67,2,20
23847,9410,160,4,5
23848,9410,183,2,10
23849,9410,200,5,0
23850,9411,69,1,15
23851,9411,194,4,15
23852,9411,73,3,0
23853,9412,113,5,15
23854,9413,69,1,20
23855,9413,117,4,15
23856,9414,119,4,10
23857,9414,126,1,25
23858,9414,189,3,5
23859,9415,33,4,25
23860,9415,42,3,10
23861,9416,152,1,0
23862,9416,159,5,5
23863,9417,98,2,5
23864,9418,5,5,0
23865,9419,64,4,10
23866,9419,160,3,15
23867,9419,180,4,25
23868,9419,87,4,5
23869,9420,156,3,25
23870,9420,74,1,20
23871,9421,166,2,15
23872,9421,16,3,0
23873,9421,68,1,25
23874,9422,115,1,15
23875,9422,187,1,5
23876,9423,36,3,20
23877,9424,175,1,15
23878,9424,154,1,15
23879,9424,16,1,5
23880,9425,69,2,25
23881,9425,71,3,20
23882,9426,129,5,10
23883,9426,114,5,25
23884,9426,83,1,25
23885,9427,103,2,0
23886,9428,174,3,20
23887,9429,98,2,20
23888,9429,90,2,5
23889,9429,180,2,5
23890,9429,22,5,0
23891,9429,103,3,25
23892,9430,69,4,15
23893,9430,185,4,15
23894,9430,145,5,5
23895,9431,155,2,10
23896,9432,11,4,10
23897,9432,165,3,5
23898,9433,30,2,0
23899,9433,42,5,10
23900,9433,62,2,5
23901,9434,137,1,5
23902,9434,200,5,5
23903,9434,68,3,25
23904,9434,41,3,10
23905,9434,165,4,15
23906,9435,39,5,20
23907,9435,150,4,20
23908,9435,142,2,0
23909,9435,97,4,25
23910,9435,41,2,10
23911,9436,90,5,25
23912,9436,105,1,10
23913,9436,133,5,10
23914,9436,190,4,15
23915,9437,137,3,0
23916,9437,176,5,20
23917,9438,76,2,10
23918,9439,30,1,0
23919,9440,155,5,5
23920,9440,152,3,20
23921,9440,133,5,10
23922,9440,104,4,25
23923,9441,150,2,5
23924,9441,124,1,20
23925,9441,161,1,25
23926,9441,141,4,15
23927,9441,2,1,10
23928,9442,184,3,0
23929,9443,122,3,15
23930,9444,110,2,15
23931,9445,145,4,25
23932,9446,25,1,5
23933,9446,140,4,20
23934,9446,44,2,5
23935,9446,41,1,15
23936,9446,75,2,20
23937,9447,36,3,15
23938,9448,123,5,20
23939,9448,139,2,25
23940,9448,175,4,15
23941,9449,162,4,15
23942,9449,12,4,10
23943,9450,11,4,20
23944,9450,19,4,10
23945,9450,8,4,5
23946,9451,138,3,25
23947,9452,167,3,5
23948,9452,79,3,5
23949,9452,78,1,10
23950,9452,26,1,15
23951,9453,113,1,10
23952,9453,152,1,25
23953,9454,62,4,0
23954,9454,140,3,15
23955,9455,180,2,0
23956,9455,24,5,15
23957,9455,26,1,10
23958,9455,163,3,0
23959,9456,192,4,15
23960,9457,34,4,25
23961,9458,36,4,10
23962,9459,159,4,0
23963,9460,109,2,10
23964,9460,14,2,5
23965,9461,38,2,0
23966,9461,67,2,5
23967,9461,51,3,10
23968,9462,137,1,25
23969,9463,170,1,10
23970,9463,158,4,0
23971,9463,151,1,25
23972,9464,78,3,15
23973,9465,134,3,5
23974,9466,133,1,10
23975,9466,170,4,20
23976,9467,72,1,25
23977,9467,20,2,5
23978,9467,34,5,5
23979,9467,69,5,10
23980,9467,29,1,20
23981,9468,52,4,0
23982,9469,138,3,20
23983,9469,47,1,0
23984,9469,138,3,15
23985,9470,88,3,10
23986,9471,55,3,5
23987,9472,109,2,25
23988,9472,95,4,25
23989,9472,184,1,25
23990,9473,50,3,15
23991,9473,40,5,25
23992,9473,40,3,10
23993,9474,97,4,20
23994,9475,54,1,25
23995,9476,35,1,0
23996,9477,170,2,15
23997,9478,147,2,0
23998,9478,70,2,15
23999,9478,121,2,25
24000,9478,76,5,0
24001,9478,2,3,5
24002,9479,78,2,0
24003,9479,53,2,25
24004,9479,147,5,15
24005,9480,35,4,25
24006,9480,120,5,5
24007,9480,74,4,20
24008,9481,22,3,25
24009,9482,88,5,5
24010,9482,27,1,0
24011,9482,40,2,20
24012,9482,188,5,5
24013,9482,197,5,15
24014,9483,7,4,10
24015,9483,192,1,20
24016,9483,22,2,5
24017,9483,133,2,25
24018,9484,187,2,25
24019,9484,70,3,20
24020,9484,33,3,10
24021,9485,192,2,10
24022,9485,164,5,0
24023,9485,145,5,10
24024,9485,98,2,15
24025,9486,64,4,25
24026,9487,83,4,5
24027,9487,105,1,5
24028,9487,29,2,15
24029,9487,39,1,0
24030,9488,126,5,15
24031,9488,76,2,10
24032,9488,71,4,25
24033,9488,117,2,20
24034,9488,162,4,25
24035,9489,183,5,25
24036,9489,84,2,25
24037,9490,37,5,15
24038,9490,58,4,5
24039,9491,182,4,20
24040,9492,35,2,0
24041,9492,189,1,5
24042,9492,116,4,20
24043,9493,140,3,20
24044,9493,33,2,5
24045,9494,92,2,10
24046,9494,37,2,15
24047,9495,80,3,15
24048,9495,197,1,25
24049,9495,174,1,0
24050,9496,64,2,5
24051,9497,84,1,5
24052,9497,24,2,10
24053,9498,26,2,10
24054,9499,135,3,20
24055,9500,199,5,25
24056,9500,14,2,15
24057,9501,161,2,25
24058,9501,105,4,15
24059,9502,128,1,20
24060,9503,164,4,20
24061,9503,168,3,5
24062,9504,9,4,20
24063,9505,190,1,5
24064,9505,165,5,5
24065,9505,133,4,0
24066,9505,5,3,5
24067,9505,2,2,25
24068,9506,24,4,10
24069,9506,64,5,5
24070,9506,171,2,0
24071,9506,197,2,0
24072,9506,107,5,0
24073,9507,56,5,20
24074,9508,170,3,5
24075,9508,48,1,20
24076,9509,133,5,10
24077,9509,94,4,20
24078,9509,74,4,0
24079,9510,100,4,0
24080,9510,89,1,0
24081,9510,99,5,15
24082,9510,179,2,15
24083,9511,57,4,10
24084,9512,173,2,0
24085,9512,189,5,0
24086,9512,107,3,0
24087,9512,62,4,15
24088,9513,166,5,25
24089,9513,123,3,10
24090,9513,15,3,5
24091,9513,22,5,10
24092,9514,10,5,15
24093,9514,119,5,10
24094,9514,155,3,20
24095,9514,57,4,20
24096,9515,189,2,10
24097,9516,165,2,10
24098,9517,49,1,20
24099,9518,3,2,0
24100,9519,182,2,0
24101,9519,169,5,5
24102,9519,83,4,15
24103,9519,164,4,25
24104,9520,62,1,15
24105,9521,172,3,10
24106,9521,62,5,25
24107,9521,110,1,15
24108,9522,53,1,5
24109,9522,30,4,5
24110,9522,145,3,20
24111,9522,30,1,20
24112,9522,160,5,15
24113,9523,23,5,10
24114,9523,140,2,5
24115,9523,44,4,20
24116,9523,53,1,15
24117,9524,139,2,0
24118,9524,13,4,15
24119,9524,92,2,5
24120,9524,95,4,25
24121,9524,122,2,5
24122,9525,75,2,20
24123,9525,53,5,20
24124,9526,143,5,5
24125,9526,67,1,20
24126,9526,31,1,0
24127,9526,191,4,0
24128,9527,159,1,10
24129,9527,89,2,0
24130,9527,159,5,15
24131,9527,90,3,5
24132,9528,25,4,10
24133,9528,60,1,10
24134,9528,163,4,15
24135,9529,98,5,20
24136,9529,96,1,25
24137,9529,168,1,25
24138,9529,8,4,5
24139,9529,92,5,0
24140,9530,7,4,10
24141,9531,14,1,25
24142,9531,41,2,15
24143,9531,99,4,10
24144,9531,194,5,5
24145,9532,117,3,20
24146,9532,45,1,15
24147,9533,63,4,15
24148,9533,21,4,0
24149,9533,130,4,20
24150,9534,147,3,15
24151,9534,89,2,20
24152,9535,152,1,10
24153,9536,55,4,25
24154,9536,114,5,25
24155,9537,35,1,15
24156,9538,22,4,10
24157,9538,104,5,20
24158,9539,119,5,15
24159,9540,196,2,15
24160,9540,113,1,15
24161,9540,39,3,0
24162,9541,49,2,10
24163,9542,170,3,25
24164,9542,88,2,15
24165,9543,106,1,15
24166,9543,121,3,10
24167,9544,109,2,5
24168,9544,160,2,5
24169,9544,122,3,25
24170,9545,44,4,15
24171,9545,158,4,10
24172,9545,135,5,15
24173,9545,2,4,10
24174,9546,200,3,20
24175,9546,19,2,5
24176,9546,14,2,25
24177,9546,57,4,25
24178,9546,180,3,25
24179,9547,95,5,15
24180,9547,101,4,15
24181,9548,4,1,15
24182,9548,44,1,20
24183,9548,140,2,0
24184,9549,146,5,5
24185,9549,158,4,5
24186,9550,23,4,10
24187,9550,183,4,15
24188,9551,129,5,20
24189,9552,131,5,25
24190,9552,170,2,25
24191,9552,172,2,15
24192,9553,92,4,25
24193,9553,102,1,0
24194,9554,135,2,25
24195,9554,21,1,25
24196,9554,86,5,15
24197,9555,130,1,10
24198,9556,57,5,25
24199,9556,193,2,10
24200,9556,81,2,10
24201,9556,199,4,0
24202,9556,163,4,20
24203,9557,84,1,0
24204,9558,87,3,0
24205,9559,45,3,5
24206,9559,5,3,10
24207,9560,119,5,10
24208,9561,117,3,25
24209,9562,130,1,15
24210,9563,62,4,0
24211,9563,113,2,20
24212,9563,98,4,0
24213,9563,113,5,10
24214,9563,90,3,20
24215,9564,54,5,25
24216,9565,178,3,10
24217,9566,80,4,15
24218,9567,36,3,5
24219,9567,53,3,10
24220,9567,66,5,10
24221,9568,69,2,5
24222,9568,150,1,25
24223,9568,35,5,15
24224,9569,146,5,10
24225,9569,40,4,25
24226,9570,123,2,15
24227,9570,146,5,5
24228,9570,157,3,5
24229,9571,147,5,20
24230,9571,127,1,5
24231,9572,76,1,5
24232,9572,49,3,20
24233,9572,128,5,5
24234,9573,169,5,20
24235,9573,66,2,15
24236,9573,94,3,15
24237,9573,28,5,10
24238,9573,157,4,5
24239,9574,10,2,20
24240,9574,156,2,10
24241,9574,145,5,5
24242,9574,66,4,20
24243,9575,100,3,20
24244,9575,139,3,0
24245,9576,188,2,20
24246,9577,58,1,25
24247,9578,162,2,15
24248,9579,184,2,20
24249,9579,98,1,5
24250,9579,119,4,5
24251,9579,13,3,10
24252,9580,110,2,20
24253,9581,145,5,20
24254,9582,155,1,15
24255,9582,24,5,25
24256,9583,191,1,10
24257,9583,135,1,0
24258,9583,50,2,15
24259,9584,185,5,15
24260,9585,69,2,0
24261,9585,24,1,10
24262,9585,58,1,20
24263,9586,178,5,25
24264,9587,17,2,0
24265,9587,178,1,20
24266,9587,5,5,25
24267,9587,140,2,15
24268,9587,187,3,20
24269,9588,119,1,5
24270,9589,187,4,5
24271,9590,89,2,15
24272,9591,194,1,15
24273,9591,120,3,0
24274,9592,27,2,20
24275,9593,109,2,25
24276,9594,127,4,5
24277,9594,200,3,20
24278,9594,200,4,10
24279,9595,13,4,5
24280,9595,109,2,15
24281,9595,30,3,0
24282,9596,118,2,10
24283,9597,39,3,25
24284,9598,7,5,5
24285,9598,67,1,15
24286,9598,145,5,10
24287,9599,25,3,5
24288,9599,89,2,5
24289,9599,178,5,10
24290,9599,76,4,10
24291,9600,29,2,25
24292,9600,144,3,0
24293,9601,123,4,10
24294,9601,26,1,20
24295,9601,71,2,25
24296,9601,134,4,15
24297,9601,63,5,5
24298,9602,73,5,15
24299,9602,115,3,5
24300,9602,41,1,20
24301,9603,197,1,0
24302,9604,114,1,20
24303,9604,119,5,0
24304,9604,175,3,15
24305,9604,32,5,25
24306,9604,200,3,0
24307,9605,124,4,5
24308,9605,79,5,0
24309,9605,35,3,0
24310,9605,108,2,15
24311,9605,189,2,15
24312,9606,14,4,20
24313,9606,93,3,0
24314,9607,86,3,10
24315,9607,180,3,10
24316,9607,93,2,15
24317,9607,50,1,5
24318,9607,51,2,5
24319,9608,133,5,10
24320,9608,21,2,20
24321,9608,138,4,25
24322,9609,106,3,25
24323,9609,162,2,10
24324,9609,80,4,10
24325,9609,131,5,10
24326,9610,180,4,25
24327,9611,8,5,5
24328,9611,24,4,15
24329,9611,108,2,25
24330,9611,46,4,25
24331,9611,23,3,20
24332,9612,18,1,25
24333,9612,26,2,15
24334,9612,125,1,0
24335,9613,123,1,20
24336,9613,94,4,25
24337,9613,27,3,15
24338,9614,46,5,0
24339,9614,170,1,0
24340,9614,142,4,25
24341,9614,172,5,15
24342,9615,184,1,20
24343,9616,191,2,0
24344,9616,138,3,0
24345,9616,17,1,5
24346,9616,162,4,25
24347,9617,76,2,20
24348,9618,31,3,15
24349,9618,182,3,0
24350,9619,131,4,25
24351,9619,15,4,20
24352,9620,187,4,15
24353,9620,79,5,10
24354,9620,77,3,0
24355,9621,193,1,15
24356,9622,12,4,25
24357,9622,165,3,20
24358,9622,54,3,25
24359,9622,157,3,25
24360,9623,99,5,5
24361,9623,115,4,15
24362,9623,93,3,10
24363,9624,179,1,20
24364,9624,57,1,15
24365,9625,154,2,15
24366,9625,90,1,5
24367,9625,177,4,25
24368,9625,147,5,10
24369,9625,134,3,25
24370,9626,79,3,15
24371,9626,172,2,25
24372,9627,176,3,10
24373,9627,111,2,10
24374,9627,112,3,10
24375,9627,138,2,10
24376,9627,56,1,10
24377,9628,45,1,20
24378,9629,184,4,25
24379,9629,121,2,5
24380,9629,115,2,5
24381,9629,134,5,15
24382,9630,37,1,0
24383,9630,19,3,10
24384,9630,107,5,0
24385,9631,88,2,10
24386,9631,67,3,10
24387,9631,117,1,25
24388,9632,193,2,5
24389,9632,173,4,5
24390,9632,4,3,5
24391,9633,41,2,10
24392,9633,39,2,10
24393,9633,143,1,5
24394,9633,86,1,25
24395,9633,81,4,25
24396,9634,189,5,5
24397,9634,105,2,5
24398,9634,142,2,0
24399,9634,118,1,15
24400,9635,120,2,0
24401,9635,171,1,0
24402,9635,118,5,0
24403,9635,99,1,0
24404,9636,172,1,25
24405,9637,156,3,20
24406,9637,56,4,0
24407,9637,183,2,20
24408,9637,81,2,0
24409,9637,33,2,25
24410,9638,25,3,20
24411,9638,48,1,10
24412,9639,100,3,10
24413,9639,136,2,15
24414,9639,106,2,20
24415,9640,153,3,15
24416,9640,5,2,0
24417,9641,60,2,20
24418,9641,36,2,20
24419,9641,34,3,0
24420,9641,151,5,10
24421,9642,192,1,10
24422,9643,62,1,15
24423,9643,68,5,0
24424,9644,63,3,10
24425,9644,4,3,20
24426,9644,195,4,5
24427,9645,66,1,25
24428,9645,129,4,20
24429,9645,190,5,15
24430,9645,105,4,15
24431,9645,64,3,10
24432,9646,95,2,20
24433,9646,14,5,10
24434,9646,114,3,0
24435,9646,188,2,10
24436,9646,115,4,20
24437,9647,127,1,25
24438,9647,53,5,25
24439,9647,191,1,10
24440,9647,147,1,25
24441,9648,165,4,15
24442,9648,191,2,20
24443,9648,162,3,15
24444,9648,64,4,15
24445,9648,121,2,15
24446,9649,43,2,20
24447,9649,45,4,25
24448,9649,68,5,20
24449,9650,99,5,5
24450,9650,2,5,10
24451,9650,184,1,15
24452,9651,114,2,25
24453,9651,10,5,0
24454,9652,19,1,20
24455,9653,29,2,25
24456,9654,51,4,10
24457,9654,49,5,20
24458,9655,41,3,20
24459,9656,57,1,5
24460,9656,188,1,0
24461,9656,135,4,20
24462,9657,113,1,10
24463,9657,68,5,25
24464,9657,96,3,20
24465,9658,181,4,25
24466,9659,102,2,5
24467,9659,183,2,20
24468,9659,126,3,15
24469,9660,156,5,0
24470,9661,167,5,5
24471,9661,8,2,0
24472,9662,95,5,10
24473,9662,198,2,10
24474,9662,106,1,10
24475,9663,39,5,5
24476,9663,142,2,0
24477,9663,19,3,20
24478,9664,192,2,10
24479,9664,122,1,0
24480,9665,84,5,20
24481,9665,13,4,5
24482,9665,135,3,25
24483,9665,171,3,15
24484,9666,134,5,10
24485,9666,19,1,20
24486,9667,124,4,5
24487,9667,153,4,0
24488,9667,60,1,25
24489,9667,185,4,25
24490,9668,101,4,15
24491,9668,178,5,20
24492,9668,167,1,5
24493,9669,197,4,15
24494,9670,89,5,20
24495,9670,140,5,5
24496,9670,174,2,20
24497,9671,121,1,15
24498,9671,169,1,20
24499,9671,119,4,15
24500,9671,138,4,10
24501,9672,173,3,20
24502,9672,102,4,5
24503,9672,156,5,20
24504,9673,17,5,0
24505,9674,85,5,25
24506,9674,199,2,15
24507,9675,155,2,10
24508,9675,56,5,25
24509,9676,59,3,20
24510,9676,77,1,0
24511,9676,152,1,20
24512,9677,53,4,15
24513,9677,116,3,10
24514,9677,114,5,20
24515,9678,167,2,25
24516,9678,145,4,20
24517,9679,58,2,0
24518,9680,170,5,5
24519,9681,57,3,5
24520,9681,45,5,25
24521,9681,99,1,0
24522,9682,146,1,25
24523,9683,178,4,25
24524,9684,91,2,5
24525,9684,194,4,5
24526,9685,179,5,25
24527,9686,149,5,25
24528,9686,60,1,25
24529,9686,133,2,15
24530,9686,108,3,25
24531,9686,17,2,15
24532,9687,121,5,25
24533,9688,163,1,25
24534,9688,82,4,25
24535,9688,90,5,5
24536,9688,16,5,20
24537,9688,86,2,0
24538,9689,48,4,20
24539,9689,3,2,5
24540,9690,33,5,15
24541,9691,28,2,10
24542,9691,22,1,5
24543,9691,19,4,15
24544,9691,7,5,15
24545,9691,32,5,20
24546,9692,14,4,25
24547,9693,144,4,15
24548,9693,27,5,25
24549,9694,139,3,20
24550,9695,138,4,25
24551,9695,109,1,10
24552,9695,195,3,10
24553,9695,91,1,10
24554,9695,160,3,10
24555,9696,193,1,0
24556,9696,117,4,10
24557,9696,127,5,25
24558,9697,75,5,15
24559,9698,196,5,20
24560,9698,115,5,25
24561,9699,57,4,20
24562,9699,126,2,20
24563,9699,118,5,25
24564,9700,129,4,10
24565,9700,98,3,5
24566,9701,171,1,15
24567,9702,21,5,20
24568,9703,68,1,10
24569,9703,111,4,15
24570,9703,68,4,15
24571,9704,18,5,15
24572,9704,24,3,0
24573,9704,59,2,10
24574,9704,157,3,15
24575,9705,126,3,15
24576,9705,172,2,10
24577,9705,85,2,20
24578,9705,191,4,10
24579,9706,48,5,15
24580,9707,132,4,10
24581,9707,121,2,5
24582,9707,97,3,5
24583,9707,92,2,10
24584,9707,126,1,25
24585,9708,62,4,25
24586,9708,155,1,25
24587,9709,83,1,25
24588,9709,25,2,10
24589,9709,103,2,10
24590,9710,178,2,0
24591,9710,65,4,0
24592,9710,175,3,5
24593,9711,166,3,20
24594,9711,158,2,0
24595,9711,123,5,0
24596,9711,1,1,5
24597,9712,54,5,0
24598,9712,93,5,0
24599,9713,7,4,15
24600,9713,140,3,10
24601,9714,180,5,0
24602,9714,31,4,20
24603,9714,17,4,5
24604,9715,9,2,20
24605,9716,35,4,25
24606,9716,173,3,20
24607,9716,106,1,5
24608,9716,74,3,0
24609,9716,59,5,20
24610,9717,189,3,5
24611,9717,12,4,25
24612,9717,132,1,5
24613,9717,108,3,5
24614,9717,52,3,15
24615,9718,16,3,0
24616,9718,144,5,0
24617,9718,83,4,20
24618,9718,43,2,0
24619,9719,191,5,5
24620,9719,122,2,20
24621,9720,6,4,0
24622,9720,96,5,0
24623,9720,10,1,15
24624,9720,161,3,0
24625,9720,188,5,10
24626,9721,177,5,0
24627,9721,188,2,25
24628,9722,175,2,5
24629,9722,11,2,5
24630,9722,121,5,15
24631,9722,63,1,0
24632,9723,75,2,25
24633,9724,20,1,15
24634,9724,123,2,10
24635,9725,178,5,25
24636,9725,130,3,25
24637,9725,159,3,10
24638,9726,5,5,20
24639,9726,2,4,0
24640,9727,88,2,10
24641,9728,18,1,10
24642,9729,13,3,15
24643,9730,165,3,10
24644,9731,198,1,0
24645,9731,117,3,0
24646,9731,146,2,0
24647,9732,105,5,15
24648,9732,13,4,10
24649,9732,39,4,15
24650,9733,164,4,5
24651,9734,7,1,20
24652,9735,9,1,5
24653,9735,99,4,20
24654,9735,169,1,5
24655,9735,122,3,25
24656,9736,100,3,10
24657,9737,147,1,20
24658,9737,127,4,5
24659,9737,119,3,15
24660,9737,25,5,5
24661,9737,134,3,10
24662,9738,187,4,5
24663,9739,121,4,15
24664,9739,140,5,15
24665,9739,56,5,0
24666,9739,21,2,0
24667,9739,66,3,15
24668,9740,118,3,5
24669,9740,169,1,10
24670,9741,120,3,25
24671,9741,117,1,5
24672,9741,48,3,5
24673,9741,110,3,25
24674,9741,174,3,25
24675,9742,134,4,25
24676,9742,109,5,25
24677,9742,97,3,15
24678,9742,105,5,5
24679,9742,102,2,15
24680,9743,200,3,0
24681,9744,197,3,0
24682,9744,46,3,15
24683,9745,115,4,25
24684,9746,88,2,10
24685,9746,137,5,5
24686,9746,135,5,20
24687,9746,4,2,10
24688,9747,182,3,0
24689,9747,72,2,15
24690,9748,142,5,10
24691,9748,48,1,15
24692,9748,103,1,10
24693,9748,159,4,20
24694,9749,172,2,15
24695,9749,37,4,15
24696,9749,69,3,25
24697,9749,94,2,15
24698,9750,64,1,20
24699,9750,37,3,5
24700,9750,89,5,25
24701,9751,13,3,10
24702,9751,38,4,25
24703,9751,19,1,10
24704,9751,52,2,20
24705,9751,121,2,10
24706,9752,96,2,25
24707,9752,157,1,15
24708,9752,6,4,20
24709,9752,122,2,10
24710,9752,137,2,15
24711,9753,59,3,0
24712,9754,12,5,10
24713,9755,90,1,10
24714,9755,15,5,0
24715,9756,56,1,20
24716,9757,33,1,20
24717,9757,20,2,20
24718,9757,163,1,10
24719,9758,72,4,10
24720,9758,72,2,5
24721,9759,110,5,10
24722,9759,119,3,15
24723,9759,175,3,15
24724,9760,85,5,15
24725,9760,71,5,10
24726,9761,183,1,0
24727,9761,138,3,5
24728,9761,187,5,15
24729,9761,53,4,15
24730,9761,55,4,20
24731,9762,127,3,20
24732,9762,118,2,25
24733,9762,91,2,15
24734,9762,155,3,0
24735,9762,156,4,25
24736,9763,8,5,0
24737,9763,139,2,15
24738,9763,44,4,10
24739,9764,76,2,10
24740,9764,94,2,20
24741,9765,118,2,15
24742,9765,126,5,25
24743,9766,145,3,20
24744,9766,137,2,5
24745,9766,176,4,5
24746,9766,101,1,20
24747,9766,70,4,20
24748,9767,200,4,20
24749,9768,25,3,15
24750,9768,64,4,0
24751,9769,117,2,0
24752,9769,95,1,15
24753,9769,27,5,5
24754,9769,4,5,0
24755,9770,137,5,5
24756,9770,65,2,15
24757,9770,127,4,20
24758,9770,167,1,0
24759,9771,120,2,25
24760,9772,128,1,25
24761,9772,195,2,5
24762,9772,137,2,20
24763,9772,27,5,0
24764,9773,134,1,10
24765,9773,103,1,20
24766,9773,161,5,0
24767,9773,85,1,10
24768,9774,54,4,15
24769,9775,80,2,15
24770,9775,184,4,10
24771,9775,176,2,0
24772,9776,90,2,5
24773,9776,149,5,10
24774,9776,117,2,0
24775,9777,199,4,0
24776,9777,21,5,0
24777,9777,44,1,0
24778,9777,137,1,5
24779,9778,83,3,25
24780,9779,129,2,25
24781,9780,54,4,25
24782,9780,56,1,25
24783,9781,26,5,15
24784,9781,65,2,10
24785,9781,158,5,5
24786,9781,154,3,5
24787,9782,127,4,10
24788,9783,98,2,25
24789,9784,124,3,10
24790,9784,12,4,20
24791,9785,34,3,15
24792,9785,64,3,10
24793,9785,79,3,15
24794,9785,82,1,10
24795,9785,111,5,5
24796,9786,155,5,20
24797,9786,101,3,20
24798,9786,89,2,5
24799,9786,185,3,10
24800,9786,186,1,5
24801,9787,88,4,15
24802,9788,159,1,0
24803,9788,145,5,5
24804,9788,113,1,20
24805,9789,173,4,10
24806,9789,167,1,5
24807,9790,185,3,20
24808,9790,114,4,0
24809,9791,111,3,0
24810,9791,137,3,20
24811,9792,169,5,25
24812,9792,82,5,10
24813,9792,24,5,0
24814,9793,68,3,5
24815,9793,128,2,25
24816,9793,19,5,5
24817,9793,181,3,5
24818,9793,136,2,25
24819,9794,72,3,10
24820,9794,34,1,0
24821,9795,110,3,10
24822,9796,107,5,0
24823,9796,176,4,5
24824,9796,100,2,5
24825,9796,152,1,25
24826,9796,35,4,10
24827,9797,118,5,10
24828,9798,38,3,5
24829,9799,165,1,5
24830,9799,196,3,0
24831,9800,25,1,0
24832,9800,127,1,10
24833,9801,130,4,5
24834,9801,160,2,15
24835,9802,175,4,0
24836,9802,135,5,5
24837,9802,113,4,10
24838,9803,160,5,20
24839,9803,104,3,5
24840,9804,43,2,0
24841,9804,36,5,20
24842,9804,148,2,15
24843,9805,115,3,15
24844,9805,172,5,25
24845,9805,184,4,5
24846,9806,28,4,5
24847,9806,117,5,0
24848,9806,67,1,0
24849,9807,45,4,20
24850,9808,72,1,0
24851,9809,182,3,15
24852,9810,119,5,10
24853,9810,94,4,5
24854,9810,24,2,10
24855,9811,17,5,0
24856,9812,59,2,5
24857,9813,98,3,5
24858,9813,13,4,25
24859,9814,39,3,0
24860,9814,161,4,10
24861,9815,146,4,15
24862,9815,68,4,15
24863,9815,59,1,0
24864,9816,116,1,5
24865,9816,87,1,25
24866,9816,134,1,25
24867,9816,28,5,20
24868,9817,144,5,20
24869,9817,115,4,20
24870,9817,155,5,0
24871,9817,140,4,5
24872,9818,186,3,5
24873,9818,24,2,20
24874,9819,167,4,5
24875,9820,25,4,15
24876,9820,118,1,10
24877,9820,180,1,25
24878,9820,1,5,5
24879,9821,174,1,0
24880,9822,4,1,20
24881,9822,52,5,5
24882,9822,157,3,25
24883,9823,66,2,5
24884,9823,174,5,20
24885,9824,106,4,0
24886,9824,66,2,10
24887,9825,79,4,0
24888,9825,167,5,15
24889,9826,119,4,0
24890,9827,144,5,15
24891,9827,138,1,0
24892,9827,163,1,0
24893,9828,115,2,15
24894,9829,191,5,20
24895,9829,102,3,20
24896,9829,18,2,10
24897,9830,85,5,15
24898,9831,177,5,20
24899,9831,143,2,20
24900,9831,108,2,20
24901,9831,119,5,10
24902,9832,102,2,5
24903,9832,160,2,20
24904,9832,147,1,10
24905,9833,152,5,0
24906,9833,35,1,25
24907,9833,29,3,20
24908,9833,34,2,10
24909,9834,40,5,25
24910,9834,159,5,0
24911,9834,22,5,25
24912,9834,70,3,0
24913,9834,44,5,25
24914,9835,75,4,5
24915,9835,1,4,5
24916,9836,5,3,25
24917,9836,43,3,0
24918,9837,185,4,10
24919,9837,69,3,25
24920,9837,98,2,15
24921,9837,134,5,5
24922,9837,68,3,10
24923,9838,41,4,15
24924,9838,130,5,20
24925,9839,89,3,5
24926,9839,178,5,5
24927,9839,60,3,5
24928,9840,42,3,5
24929,9841,46,1,10
24930,9841,18,4,20
24931,9841,131,1,0
24932,9841,93,2,10
24933,9841,148,1,10
24934,9842,55,5,10
24935,9842,124,5,20
24936,9842,138,2,20
24937,9842,143,4,20
24938,9843,165,3,10
24939,9843,126,5,25
24940,9844,121,3,5
24941,9844,197,5,25
24942,9844,140,1,0
24943,9844,176,3,20
24944,9844,197,1,5
24945,9845,122,2,20
24946,9845,53,2,20
24947,9846,12,1,25
24948,9846,123,2,0
24949,9846,53,4,20
24950,9846,197,4,0
24951,9847,172,2,0
24952,9847,51,5,25
24953,9847,169,5,0
24954,9848,103,4,5
24955,9848,67,2,10
24956,9848,181,1,20
24957,9849,12,3,25
24958,9849,70,5,15
24959,9849,68,1,20
24960,9849,200,4,25
24961,9850,81,2,0
24962,9850,130,2,10
24963,9851,142,1,25
24964,9851,158,2,5
24965,9851,48,4,25
24966,9851,143,5,0
24967,9852,134,3,20
24968,9852,71,1,10
24969,9853,98,1,15
24970,9853,134,4,10
24971,9853,199,2,5
24972,9854,80,5,25
24973,9854,154,2,5
24974,9854,51,3,20
24975,9855,101,4,25
24976,9856,107,3,10
24977,9856,51,1,10
24978,9857,20,5,0
24979,9858,148,3,25
24980,9858,141,5,15
24981,9859,100,4,15
24982,9860,103,4,10
24983,9860,30,2,15
24984,9861,121,4,5
24985,9861,107,5,5
24986,9861,146,2,25
24987,9861,200,2,15
24988,9862,34,3,0
24989,9863,166,4,10
24990,9864,177,3,20
24991,9864,104,4,5
24992,9865,115,4,20
24993,9866,22,5,5
24994,9866,33,5,20
24995,9867,92,3,5
24996,9868,143,1,20
24997,9869,131,5,5
24998,9869,119,5,15
24999,9869,134,3,10
25000,9869,89,3,0
25001,9869,155,2,5
25002,9870,52,1,25
25003,9870,97,2,15
25004,9870,9,3,0
25005,9870,198,3,10
25006,9870,149,2,25
25007,9871,12,1,10
25008,9871,59,3,15
25009,9872,59,5,5
25010,9872,164,3,5
25011,9873,180,4,25
25012,9873,166,2,20
25013,9874,45,2,20
25014,9874,110,2,20
25015,9875,139,3,20
25016,9875,86,2,10
25017,9875,155,3,20
25018,9875,198,3,0
25019,9875,50,3,5
25020,9876,151,4,15
25021,9877,71,1,10
25022,9877,98,4,10
25023,9877,28,1,20
25024,9877,20,3,15
25025,9878,142,4,0
25026,9879,84,2,10
25027,9879,168,3,25
25028,9880,178,1,25
25029,9880,188,3,5
25030,9880,155,5,15
25031,9880,33,5,5
25032,9881,82,4,15
25033,9881,111,5,10
25034,9881,11,2,25
25035,9882,172,4,0
25036,9882,70,1,25
25037,9882,182,4,20
25038,9882,178,1,15
25039,9883,49,3,20
25040,9883,102,2,5
25041,9884,51,5,20
25042,9884,137,4,0
25043,9884,77,1,15
25044,9884,17,1,25
25045,9885,41,5,25
25046,9885,140,2,0
25047,9885,126,4,15
25048,9885,174,4,20
25049,9885,84,4,10
25050,9886,188,3,25
25051,9886,124,5,5
25052,9887,152,4,0
25053,9887,194,4,5
25054,9888,96,4,25
25055,9888,188,4,0
25056,9889,106,3,0
25057,9889,67,1,10
25058,9889,56,4,10
25059,9890,163,5,0
25060,9890,76,5,0
25061,9891,122,5,25
25062,9892,28,3,10
25063,9892,41,3,25
25064,9892,17,5,25
25065,9892,154,4,0
25066,9893,75,5,15
25067,9893,120,4,20
25068,9893,36,5,20
25069,9893,98,1,5
25070,9894,23,2,15
25071,9894,22,1,20
25072,9894,31,1,15
25073,9894,83,4,25
25074,9894,40,3,5
25075,9895,120,3,0
25076,9895,42,3,20
25077,9895,138,4,0
25078,9896,39,1,20
25079,9896,81,5,25
25080,9897,174,2,15
25081,9897,154,2,10
25082,9897,107,3,25
25083,9897,170,4,10
25084,9897,21,2,5
25085,9898,24,4,10
25086,9898,51,2,15
25087,9898,52,1,20
25088,9898,86,4,20
25089,9899,85,3,0
25090,9899,63,5,20
25091,9899,121,1,5
25092,9900,12,3,25
25093,9900,57,2,5
25094,9900,143,5,0
25095,9901,192,2,25
25096,9901,24,1,10
25097,9902,152,3,0
25098,9902,61,2,25
25099,9902,72,5,25
25100,9903,160,1,0
25101,9903,85,4,25
25102,9903,48,3,25
25103,9903,105,1,5
25104,9903,6,5,15
25105,9904,55,2,5
25106,9904,178,1,15
25107,9905,70,1,15
25108,9905,193,3,15
25109,9906,88,4,0
25110,9906,104,4,5
25111,9906,35,2,15
25112,9907,187,1,25
25113,9907,84,3,20
25114,9907,79,1,0
25115,9908,50,1,5
25116,9908,60,2,5
25117,9908,156,3,20
25118,9909,169,2,25
25119,9909,128,5,25
25120,9910,132,1,20
25121,9910,26,1,10
25122,9911,81,1,20
25123,9912,38,3,0
25124,9912,151,5,0
25125,9912,126,1,10
25126,9913,106,4,20
25127,9914,84,1,15
25128,9914,63,3,20
25129,9915,45,4,5
25130,9915,95,4,25
25131,9916,191,2,0
25132,9916,8,1,20
25133,9917,82,3,25
25134,9917,10,2,25
25135,9917,178,3,20
25136,9918,6,2,20
25137,9918,1,5,20
25138,9918,81,4,15
25139,9918,52,4,5
25140,9918,169,4,0
25141,9919,123,1,25
25142,9919,148,2,0
25143,9919,181,3,0
25144,9920,109,4,10
25145,9920,6,4,10
25146,9920,23,2,5
25147,9920,107,4,20
25148,9921,172,4,5
25149,9921,172,4,25
25150,9922,73,2,10
25151,9923,20,1,5
25152,9924,167,1,20
25153,9924,7,4,5
25154,9924,71,3,0
25155,9925,71,2,25
25156,9926,117,2,20
25157,9926,25,4,25
25158,9926,132,2,15
25159,9927,47,4,25
25160,9928,14,3,10
25161,9929,127,2,25
25162,9930,25,1,25
25163,9931,21,3,20
25164,9931,54,5,0
25165,9932,7,5,20
25166,9933,5,4,15
25167,9933,1,4,10
25168,9933,127,1,20
25169,9933,135,3,0
25170,9934,178,2,25
25171,9934,97,1,0
25172,9935,92,5,25
25173,9935,163,1,5
25174,9935,136,1,5
25175,9935,69,1,0
25176,9935,150,3,0
25177,9936,83,5,20
25178,9936,31,5,10
25179,9937,106,4,20
25180,9937,97,3,0
25181,9938,105,2,15
25182,9938,189,5,20
25183,9938,89,2,10
25184,9939,35,4,15
25185,9939,154,4,5
25186,9940,20,1,15
25187,9940,169,3,10
25188,9941,60,4,5
25189,9941,196,3,15
25190,9941,52,3,10
25191,9942,8,3,0
25192,9943,16,2,5
25193,9943,151,2,10
25194,9944,200,2,25
25195,9944,58,2,10
25196,9944,93,1,20
25197,9945,115,4,20
25198,9945,124,2,25
25199,9945,95,1,5
25200,9945,81,5,0
25201,9945,83,3,5
25202,9946,86,3,25
25203,9946,90,5,15
25204,9946,113,1,0
25205,9946,72,3,20
25206,9947,117,5,20
25207,9947,86,5,25
25208,9948,36,2,10
25209,9949,193,3,10
25210,9949,51,2,20
25211,9950,13,5,25
25212,9951,146,4,15
25213,9951,155,1,0
25214,9952,42,3,20
25215,9953,19,4,0
25216,9954,84,3,25
25217,9954,69,3,15
25218,9954,70,4,10
25219,9955,87,5,20
25220,9955,99,4,20
25221,9955,119,5,15
25222,9955,152,3,20
25223,9956,50,3,20
25224,9956,171,2,0
25225,9957,158,4,20
25226,9957,37,3,20
25227,9958,183,1,10
25228,9959,179,2,10
25229,9960,147,2,10
25230,9960,198,1,5
25231,9960,44,5,0
25232,9960,148,4,10
25233,9960,24,5,15
25234,9961,61,4,15
25235,9961,53,4,15
25236,9961,147,2,10
25237,9962,75,5,20
25238,9962,64,1,15
25239,9962,5,5,0
25240,9963,162,1,10
25241,9963,153,1,5
25242,9964,69,1,5
25243,9965,164,5,0
25244,9965,70,5,25
25245,9965,190,5,10
25246,9965,120,5,5
25247,9965,32,4,20
25248,9966,119,5,25
25249,9967,35,2,5
25250,9967,2,4,10
25251,9967,40,4,10
25252,9967,130,2,25
25253,9967,35,5,0
25254,9968,110,3,25
25255,9969,42,1,10
25256,9969,50,2,15
25257,9969,39,2,0
25258,9969,71,5,25
25259,9969,74,1,15
25260,9970,152,5,20
25261,9971,58,3,5
25262,9971,3,1,25
25263,9971,119,5,15
25264,9972,133,4,5
25265,9972,10,2,5
25266,9972,25,3,5
25267,9973,173,3,25
25268,9973,86,3,0
25269,9973,158,5,5
25270,9974,33,1,25
25271,9974,162,4,15
25272,9974,46,4,5
25273,9975,171,2,10
25274,9976,15,2,5
25275,9977,81,1,15
25276,9977,46,4,0
25277,9977,135,1,20
25278,9977,136,3,15
25279,9978,167,5,25
25280,9979,184,5,15
25281,9979,154,2,20
25282,9980,138,2,20
25283,9980,183,1,5
25284,9980,85,4,5
25285,9980,103,2,5
25286,9980,184,4,15
25287,9981,41,5,25
25288,9981,97,3,10
25289,9981,135,1,15
25290,9981,74,2,10
25291,9981,189,3,0
25292,9982,103,3,20
25293,9982,98,2,25
25294,9982,79,3,25
25295,9983,185,4,25
25296,9983,139,2,5
25297,9983,104,2,10
25298,9983,155,5,0
25299,9983,79,3,5
25300,9984,16,1,10
25301,9984,50,5,15
25302,9984,107,2,15
25303,9984,78,4,15
25304,9984,79,2,20
25305,9985,4,3,15
25306,9985,80,3,10
25307,9985,145,2,5
25308,9985,175,2,5
25309,9986,112,3,25
25310,9986,168,1,20
25311,9986,10,5,5
25312,9987,117,1,5
25313,9987,2,3,0
25314,9988,22,1,15
25315,9989,19,1,5
25316,9990,138,5,10
25317,9990,25,4,20
25318,9991,118,5,25
25319,9991,25,4,20
25320,9992,106,3,15
25321,9993,35,1,20
25322,9993,20,4,5
25323,9994,35,2,5
25324,9995,24,3,25
25325,9995,97,5,15
25326,9995,78,2,5
25327,9996,36,5,0
25328,9996,34,5,5
25329,9996,27,5,10
25330,9997,76,3,15
25331,9997,146,3,5
25332,9997,200,3,20
25333,9998,47,2,25
25334,9999,97,3,20
25335,9999,120,1,0
25336,9999,173,4,0
25337,10000,77,2,0
25338,10000,120,1,20
25339,10000,167,1,10
25340,10000,39,1,25
25341,10001,197,5,10
25342,10001,19,5,0
25343,10002,132,3,15
25344,10003,143,4,5
25345,10003,28,5,0
25346,10003,54,3,5
25347,10004,13,4,20
25348,10004,45,3,15
25349,10005,88,2,5
25350,10005,112,3,25
25351,10005,140,5,20
25352,10006,169,4,25
25353,10007,106,2,0
25354,10008,153,1,0
25355,10009,32,3,5
25356,10009,125,3,15
25357,10009,158,5,20
25358,10010,112,2,25
25359,10011,125,4,25
25360,10011,1,2,10
25361,10011,146,2,25
25362,10011,195,2,20
25363,10012,38,5,20
25364,10012,160,1,20
25365,10012,87,4,10
25366,10013,72,2,0
25367,10014,74,5,0
25368,10014,93,4,0
25369,10014,132,4,5
25370,10014,86,4,10
25371,10015,92,1,10
25372,10016,65,1,25
25373,10016,11,3,10
25374,10016,45,3,5
25375,10016,118,5,10
25376,10017,143,1,20
25377,10017,43,5,25
25378,10017,95,3,10
25379,10017,86,2,25
25380,10017,67,5,20
25381,10018,115,2,20
25382,10018,36,4,15
25383,10019,151,5,10
25384,10019,74,2,0
25385,10019,37,3,20
25386,10019,68,5,10
25387,10019,92,4,5
25388,10020,64,2,10
25389,10020,92,1,25
25390,10021,148,4,10
25391,10022,54,2,10
25392,10022,189,2,10
25393,10022,187,5,10
25394,10023,188,2,0
25395,10023,164,5,25
25396,10023,108,2,10
25397,10024,120,4,25
25398,10024,190,2,10
25399,10025,42,3,0
25400,10025,54,1,25
25401,10025,94,5,20
25402,10026,103,4,15
25403,10026,113,3,15
25404,10027,159,1,20
25405,10028,193,4,15
25406,10029,51,4,5
25407,10030,35,5,20
25408,10030,130,4,5
25409,10030,91,5,10
25410,10031,34,1,5
25411,10031,49,3,5
25412,10031,80,3,5
25413,10032,42,5,20
25414,10032,26,4,5
25415,10032,75,3,0
25416,10033,18,3,25
25417,10034,128,2,25
25418,10035,37,2,5
25419,10036,186,3,20
25420,10036,57,1,10
25421,10036,82,5,25
25422,10037,141,1,20
25423,10037,25,3,0
25424,10037,196,3,25
25425,10038,152,4,25
25426,10039,137,1,5
25427,10039,69,4,25
25428,10039,19,5,10
25429,10039,124,2,10
25430,10040,134,4,5
25431,10041,57,5,20
25432,10041,81,4,25
25433,10041,172,5,10
25434,10042,44,1,0
25435,10043,105,2,0
25436,10044,93,5,20
25437,10044,197,1,25
25438,10044,10,1,15
25439,10044,92,2,25
25440,10044,138,1,15
25441,10045,119,3,5
25442,10045,140,5,15
25443,10045,123,4,20
25444,10045,159,3,10
25445,10046,25,1,0
25446,10046,117,3,15
25447,10046,25,4,10
25448,10046,114,1,5
25449,10047,73,1,10
25450,10048,33,3,15
25451,10048,147,5,25
25452,10049,177,2,25
25453,10049,155,3,15
25454,10049,32,5,15
25455,10049,122,4,10
25456,10050,91,5,25
25457,10050,65,5,10
25458,10050,140,2,5
25459,10050,177,5,0
25460,10050,157,1,10
25461,10051,57,2,0
25462,10051,137,4,10
25463,10052,52,3,15
25464,10053,3,2,5
25465,10053,106,4,20
25466,10053,48,3,25
25467,10054,67,2,10
25468,10054,115,1,25
25469,10055,109,4,10
25470,10056,122,1,15
25471,10056,157,3,15
25472,10056,167,5,15
25473,10057,14,1,15
25474,10057,119,5,10
25475,10058,1,4,15
25476,10058,67,2,0
25477,10058,85,4,15
25478,10058,63,5,20
25479,10059,96,2,15
25480,10059,4,5,5
25481,10059,53,1,25
25482,10059,14,4,10
25483,10060,187,4,25
25484,10060,33,5,5
25485,10060,98,3,0
25486,10061,177,4,0
25487,10062,79,2,10
25488,10062,39,1,10
25489,10063,104,4,10
25490,10063,26,5,20
25491,10064,38,2,25
25492,10064,43,2,15
25493,10065,19,3,25
25494,10066,183,4,15
25495,10066,151,4,0
25496,10066,74,5,25
25497,10067,92,2,5
25498,10067,88,3,0
25499,10068,119,1,20
25500,10068,200,3,0
25501,10069,144,3,5
25502,10069,192,2,5
25503,10070,180,4,10
25504,10070,48,2,0
25505,10070,156,3,5
25506,10070,28,5,25
25507,10071,45,1,25
25508,10071,10,4,20
25509,10072,80,2,25
25510,10072,110,3,20
25511,10072,20,4,0
25512,10072,165,5,15
25513,10073,116,5,20
25514,10074,11,3,25
25515,10075,55,1,10
25516,10076,60,1,0
25517,10077,69,1,0
25518,10077,146,3,15
25519,10078,156,3,20
25520,10078,7,4,10
25521,10079,39,4,15
25522,10079,70,5,15
25523,10079,98,1,5
25524,10080,170,3,0
25525,10081,185,4,15
25526,10081,181,4,5
25527,10081,9,1,15
25528,10081,6,4,15
25529,10082,178,1,25
25530,10083,31,4,5
25531,10083,72,1,0
25532,10084,43,5,10
25533,10084,106,2,0
25534,10084,113,1,5
25535,10085,66,4,20
25536,10086,46,3,20
25537,10086,15,1,20
25538,10086,164,3,0
25539,10087,107,4,15
25540,10088,124,2,0
25541,10088,96,5,5
25542,10088,133,1,5
25543,10088,9,4,15
25544,10089,24,3,15
25545,10089,26,1,15
25546,10089,98,3,10
25547,10089,111,2,0
25548,10089,69,3,20
25549,10090,165,2,20
25550,10090,197,3,15
25551,10090,7,1,0
25552,10090,176,3,10
25553,10090,134,5,0
25554,10091,164,5,25
25555,10091,142,1,10
25556,10092,86,4,20
25557,10093,16,1,5
25558,10094,50,3,5
25559,10094,135,1,10
25560,10095,111,3,25
25561,10095,143,4,10
25562,10095,196,1,20
25563,10095,67,1,10
25564,10096,44,2,25
25565,10096,38,3,15
25566,10097,181,2,20
25567,10098,133,4,25
25568,10098,36,3,5
25569,10099,102,4,10
25570,10099,53,3,25
25571,10099,169,5,0
25572,10100,185,5,15
25573,10101,9,1,5
25574,10101,125,3,5
25575,10102,144,4,0
25576,10103,24,1,20
25577,10103,160,5,15
25578,10103,28,5,0
25579,10104,113,1,20
25580,10104,112,5,25
25581,10104,25,3,0
25582,10104,144,3,5
25583,10104,100,3,10
25584,10105,83,1,15
25585,10105,182,2,25
25586,10106,41,5,25
25587,10106,134,1,20
25588,10107,115,3,0
25589,10107,118,2,0
25590,10108,34,4,10
25591,10108,60,5,25
25592,10108,130,1,0
25593,10109,185,1,25
25594,10110,80,1,10
25595,10110,9,5,15
25596,10110,56,1,0
25597,10111,18,1,10
25598,10111,141,5,10
25599,10111,193,2,10
25600,10111,100,5,0
25601,10111,20,2,0
25602,10112,53,5,5
25603,10112,55,3,25
25604,10112,171,2,10
25605,10113,23,2,0
25606,10114,171,4,10
25607,10114,30,1,5
25608,10115,166,2,20
25609,10115,69,2,25
25610,10115,184,5,25
25611,10116,107,3,5
25612,10116,14,1,20
25613,10117,92,2,20
25614,10117,98,5,5
25615,10117,7,4,20
25616,10117,36,4,10
25617,10118,62,3,20
25618,10119,30,2,25
25619,10119,78,1,10
25620,10119,131,3,10
25621,10119,189,3,10
25622,10120,186,1,25
25623,10120,42,3,25
25624,10121,191,4,0
25625,10121,121,4,25
25626,10121,192,1,0
25627,10122,72,4,5
25628,10122,17,3,10
25629,10122,93,4,25
25630,10123,151,4,20
25631,10123,17,3,25
25632,10123,162,5,25
25633,10123,21,3,25
25634,10124,1,3,20
25635,10124,190,2,20
25636,10125,103,4,25
25637,10125,146,3,0
25638,10125,16,4,5
25639,10125,91,3,10
25640,10125,35,3,5
25641,10126,17,2,0
25642,10126,139,2,0
25643,10127,149,5,25
25644,10127,101,3,5
25645,10127,43,4,20
25646,10128,141,1,5
25647,10128,129,1,15
25648,10129,151,1,10
25649,10130,93,3,10
25650,10130,156,2,0
25651,10131,134,5,0
25652,10131,142,3,15
25653,10131,178,4,25
25654,10132,76,3,20
25655,10132,143,3,20
25656,10132,137,3,0
25657,10133,2,4,15
25658,10133,142,4,0
25659,10134,134,5,15
25660,10135,136,1,15
25661,10136,189,4,25
25662,10136,112,4,25
25663,10136,59,2,0
25664,10137,102,4,10
25665,10138,152,3,15
25666,10138,153,1,15
25667,10139,94,2,15
25668,10139,86,2,20
25669,10139,56,4,5
25670,10140,81,3,20
25671,10140,158,5,0
25672,10140,99,4,25
25673,10140,171,5,15
25674,10140,162,5,5
25675,10141,97,1,25
25676,10141,3,1,0
25677,10141,120,1,5
25678,10141,86,1,15
25679,10141,97,1,15
25680,10142,34,5,15
25681,10143,86,4,10
25682,10143,74,5,5
25683,10144,175,1,10
25684,10144,66,2,20
25685,10145,107,3,25
25686,10146,21,3,0
25687,10146,191,3,5
25688,10146,85,4,5
25689,10146,27,5,0
25690,10147,153,2,10
25691,10147,79,2,25
25692,10148,100,1,15
25693,10149,193,3,25
25694,10149,67,2,20
25695,10150,129,2,15
25696,10150,104,1,5
25697,10151,22,4,25
25698,10151,87,1,25
25699,10151,152,1,20
25700,10151,188,1,0
25701,10151,162,4,0
25702,10152,4,3,0
25703,10153,13,2,25
25704,10153,111,5,10
25705,10153,53,2,0
25706,10154,49,2,5
25707,10155,87,3,15
25708,10156,5,4,10
25709,10156,12,5,25
25710,10156,76,1,20
25711,10157,79,5,20
25712,10157,88,3,15
25713,10157,155,2,25
25714,10157,170,4,10
25715,10158,73,5,25
25716,10158,59,5,5
25717,10159,13,2,5
25718,10159,101,1,25
25719,10160,183,5,5
25720,10160,90,1,20
25721,10161,26,4,10
25722,10161,103,3,25
25723,10161,60,1,15
25724,10162,34,5,10
25725,10162,134,2,5
25726,10162,136,2,10
25727,10163,200,2,0
25728,10164,185,5,5
25729,10165,107,2,20
25730,10165,34,3,15
25731,10166,77,5,5
25732,10167,192,2,20
25733,10168,158,2,10
25734,10169,154,2,10
25735,10169,185,5,20
25736,10169,118,1,0
25737,10170,66,1,15
25738,10171,61,5,25
25739,10172,116,5,25
25740,10172,1,5,25
25741,10173,113,1,5
25742,10173,178,1,15
25743,10173,69,4,25
25744,10173,145,1,10
25745,10173,133,4,20
25746,10174,157,4,0
25747,10174,6,4,0
25748,10175,150,3,15
25749,10176,26,4,5
25750,10176,40,4,20
25751,10177,142,4,20
25752,10178,103,4,25
25753,10179,176,3,20
25754,10179,29,2,15
25755,10179,162,1,25
25756,10179,77,3,5
25757,10179,47,3,15
25758,10180,147,3,10
25759,10180,121,1,5
25760,10180,132,5,15
25761,10180,91,5,0
25762,10180,14,1,10
25763,10181,80,4,15
25764,10182,43,2,5
25765,10183,137,1,20
25766,10183,58,4,20
25767,10183,99,3,0
25768,10184,133,3,25
25769,10185,134,1,0
25770,10185,159,5,10
25771,10185,139,5,10
25772,10185,78,5,0
25773,10186,156,2,25
25774,10187,89,5,15
25775,10187,38,2,20
25776,10188,88,3,0
25777,10189,112,4,20
25778,10189,39,4,25
25779,10189,55,4,5
25780,10189,167,3,5
25781,10189,114,2,25
25782,10190,73,2,5
25783,10190,71,4,25
25784,10190,182,2,10
25785,10191,96,4,25
25786,10191,10,2,0
25787,10191,33,1,20
25788,10191,4,3,15
25789,10192,135,1,5
25790,10192,135,3,5
25791,10192,70,4,0
25792,10193,116,3,10
25793,10194,76,3,20
25794,10194,20,2,25
25795,10195,130,3,0
25796,10195,74,1,15
25797,10195,185,1,20
25798,10195,136,1,10
25799,10195,120,1,15
25800,10196,163,5,15
25801,10196,32,3,15
25802,10197,58,3,10
25803,10197,40,3,25
25804,10197,70,1,15
25805,10197,13,3,5
25806,10197,187,4,20
25807,10198,38,2,0
25808,10198,115,1,15
25809,10198,190,2,0
25810,10199,152,2,0
25811,10199,93,5,0
25812,10200,104,4,10
25813,10200,146,2,10
25814,10200,164,4,15
25815,10200,113,2,10
25816,10200,149,1,20
25817,10201,182,1,0
25818,10202,72,4,15
25819,10202,151,3,25
25820,10202,169,1,15
25821,10202,170,5,25
25822,10203,99,4,15
25823,10204,117,5,0
25824,10205,122,4,15
25825,10205,65,5,25
25826,10205,172,5,15
25827,10205,109,4,25
25828,10206,160,4,15
25829,10207,130,1,25
25830,10207,79,2,15
25831,10208,191,4,5
25832,10208,111,2,5
25833,10208,59,2,10
25834,10208,20,5,20
25835,10209,48,1,20
25836,10209,19,3,25
25837,10209,76,5,25
25838,10209,155,4,10
25839,10209,150,5,25
25840,10210,125,1,0
25841,10210,131,3,0
25842,10210,1,1,5
25843,10211,114,3,10
25844,10211,26,5,15
25845,10211,56,1,20
25846,10211,86,3,25
25847,10211,162,5,10
25848,10212,176,4,25
25849,10212,93,2,20
25850,10212,99,3,0
25851,10212,85,5,10
25852,10213,32,5,10
25853,10213,86,1,25
25854,10213,94,1,15
25855,10213,35,1,0
25856,10214,52,3,5
25857,10215,13,5,0
25858,10216,184,4,0
25859,10216,64,1,5
25860,10217,3,5,10
25861,10218,110,5,5
25862,10218,104,5,25
25863,10218,110,2,0
25864,10219,31,2,0
25865,10219,35,5,5
25866,10220,92,1,0
25867,10221,87,1,10
25868,10222,87,5,20
25869,10222,188,4,20
25870,10222,116,2,15
25871,10223,200,3,5
25872,10224,2,4,15
25873,10224,183,2,10
25874,10224,22,2,25
25875,10225,118,4,25
25876,10225,23,2,20
25877,10225,107,2,10
25878,10226,17,4,25
25879,10226,29,3,25
25880,10226,14,3,10
25881,10226,105,5,10
25882,10226,185,2,20
25883,10227,98,2,20
25884,10227,62,3,10
25885,10227,93,3,10
25886,10228,64,3,10
25887,10228,51,5,15
25888,10228,152,4,15
25889,10229,42,2,5
25890,10229,179,4,10
25891,10230,21,5,25
25892,10230,20,5,5
25893,10231,69,4,25
25894,10231,10,1,5
25895,10231,84,2,20
25896,10231,66,4,20
25897,10231,176,5,10
25898,10232,168,5,15
25899,10233,193,1,25
25900,10233,162,5,20
25901,10234,83,2,20
25902,10235,113,4,5
25903,10235,35,3,5
25904,10236,140,5,25
25905,10236,164,3,0
25906,10236,122,1,20
25907,10237,7,1,15
25908,10237,66,5,15
25909,10237,165,4,0
25910,10238,89,1,15
25911,10239,40,3,20
25912,10239,157,4,15
25913,10240,76,1,10
25914,10241,182,2,20
25915,10241,188,4,20
25916,10241,71,4,0
25917,10241,56,1,0
25918,10241,135,1,5
25919,10242,3,5,25
25920,10242,27,5,10
25921,10243,190,3,0
25922,10243,71,2,0
25923,10243,170,5,0
25924,10243,43,5,15
25925,10243,157,2,20
25926,10244,123,4,25
25927,10244,193,1,10
25928,10244,95,2,10
25929,10244,154,1,10
25930,10245,165,3,25
25931,10246,15,3,5
25932,10246,72,4,0
25933,10246,125,5,25
25934,10246,133,2,15
25935,10247,170,5,15
25936,10247,10,2,15
25937,10247,159,4,15
25938,10248,58,4,25
25939,10248,188,4,15
25940,10249,40,2,15
25941,10250,68,4,25
25942,10250,133,3,25
25943,10250,50,2,15
25944,10251,37,4,15
25945,10251,4,1,10
25946,10252,160,5,20
25947,10253,1,2,0
25948,10253,186,1,5
25949,10253,166,4,10
25950,10253,76,5,20
25951,10254,49,3,20
25952,10254,18,3,20
25953,10254,168,4,5
25954,10254,12,5,20
25955,10254,84,4,25
25956,10255,142,4,0
25957,10255,55,3,25
25958,10255,166,1,10
25959,10255,84,2,0
25960,10255,124,1,5
25961,10256,6,1,25
25962,10256,162,3,10
25963,10257,141,2,25
25964,10258,12,2,25
25965,10258,14,3,5
25966,10258,167,2,5
25967,10258,99,2,10
25968,10258,102,3,10
25969,10259,62,2,15
25970,10259,126,1,0
25971,10259,27,5,10
25972,10259,176,1,10
25973,10260,20,5,10
25974,10260,134,1,5
25975,10260,71,2,0
25976,10260,34,4,10
25977,10261,186,3,25
25978,10261,117,3,15
25979,10261,187,4,25
25980,10262,181,5,5
25981,10263,113,4,0
25982,10263,103,4,15
25983,10264,26,2,20
25984,10264,141,4,20
25985,10264,170,5,15
25986,10265,185,5,20
25987,10265,67,2,5
25988,10266,138,3,10
25989,10266,92,5,25
25990,10267,162,5,20
25991,10268,157,3,10
25992,10268,184,4,20
25993,10268,109,3,25
25994,10269,194,1,10
25995,10269,145,3,25
25996,10270,184,4,20
25997,10271,10,1,0
25998,10271,68,4,15
25999,10271,79,3,15
26000,10271,128,1,20
26001,10272,32,5,5
26002,10272,54,5,5
26003,10272,17,5,5
26004,10273,74,5,20
26005,10273,75,5,15
26006,10274,100,2,25
26007,10275,178,5,20
26008,10275,133,1,10
26009,10275,2,2,15
26010,10276,196,5,10
26011,10277,188,5,10
26012,10277,125,2,20
26013,10277,69,3,10
26014,10278,55,1,0
26015,10278,94,4,15
26016,10278,106,2,10
26017,10278,197,2,5
26018,10279,119,3,0
26019,10280,162,4,15
26020,10281,177,2,0
26021,10281,196,5,0
26022,10281,145,2,0
26023,10282,173,3,15
26024,10282,131,3,10
26025,10282,37,2,5
26026,10283,74,2,10
26027,10283,6,1,25
26028,10284,57,3,20
26029,10284,137,4,15
26030,10284,177,2,5
26031,10284,36,5,15
26032,10284,200,3,5
26033,10285,11,3,0
26034,10285,63,5,15
26035,10285,114,5,10
26036,10286,13,2,25
26037,10286,3,3,25
26038,10286,184,1,0
26039,10286,82,1,20
26040,10287,80,5,15
26041,10287,113,2,10
26042,10287,78,1,5
26043,10288,185,5,20
26044,10288,138,2,20
26045,10288,62,5,25
26046,10288,44,2,5
26047,10288,10,3,0
26048,10289,73,3,20
26049,10289,26,1,5
26050,10289,115,3,20
26051,10290,162,5,15
26052,10291,95,2,10
26053,10292,54,4,0
26054,10293,97,5,15
26055,10293,112,2,20
26056,10293,159,1,15
26057,10293,153,4,20
26058,10293,60,1,5
26059,10294,7,5,20
26060,10295,135,4,20
26061,10296,107,2,25
26062,10296,115,5,5
26063,10296,41,1,5
26064,10297,8,1,15
26065,10297,46,2,15
26066,10297,166,2,20
26067,10298,71,2,10
26068,10299,162,2,0
26069,10299,187,2,0
26070,10300,110,2,25
26071,10301,82,3,5
26072,10301,130,1,0
26073,10301,200,5,5
26074,10301,33,4,0
26075,10301,180,1,20
26076,10302,179,1,10
26077,10303,190,3,25
26078,10303,69,3,25
26079,10303,151,1,10
26080,10304,29,2,25
26081,10304,122,5,20
26082,10304,58,4,10
26083,10305,35,4,20
26084,10305,29,3,5
26085,10305,187,2,10
26086,10306,63,1,5
26087,10306,56,3,20
26088,10307,149,4,15
26089,10308,5,5,15
26090,10308,95,4,15
26091,10309,175,2,10
26092,10309,90,4,0
26093,10309,132,1,5
26094,10310,27,3,20
26095,10310,173,2,20
26096,10311,16,3,10
26097,10311,195,5,25
26098,10311,155,2,25
26099,10311,123,5,20
26100,10311,64,5,5
26101,10312,32,4,0
26102,10312,44,3,25
26103,10313,68,5,15
26104,10314,71,1,0
26105,10315,17,4,25
26106,10316,126,5,25
26107,10316,102,3,5
26108,10316,191,3,5
26109,10317,180,2,15
26110,10318,83,3,25
26111,10319,190,2,10
26112,10319,107,4,10
26113,10320,8,1,5
26114,10320,71,2,20
26115,10321,128,2,25
26116,10321,46,1,5
26117,10321,44,4,0
26118,10322,26,2,5
26119,10323,130,3,25
26120,10323,117,4,20
26121,10323,153,5,0
26122,10324,21,2,25
26123,10324,125,3,15
26124,10324,149,2,5
26125,10325,68,2,10
26126,10325,45,2,25
26127,10325,71,5,15
26128,10326,48,5,25
26129,10326,120,4,5
26130,10326,185,3,15
26131,10327,75,5,5
26132,10327,133,3,0
26133,10327,107,2,15
26134,10327,3,4,20
26135,10328,62,5,5
26136,10328,14,3,5
26137,10329,47,2,15
26138,10330,92,4,15
26139,10331,104,1,15
26140,10331,146,4,10
26141,10331,199,5,15
26142,10331,51,2,10
26143,10331,154,2,20
26144,10332,25,2,20
26145,10332,158,3,0
26146,10332,145,5,10
26147,10333,40,5,20
26148,10333,127,1,5
26149,10334,177,4,20
26150,10335,103,3,10
26151,10336,126,1,20
26152,10336,25,4,10
26153,10336,180,1,25
26154,10336,156,4,0
26155,10336,75,1,10
26156,10337,93,1,5
26157,10337,133,4,5
26158,10338,76,4,10
26159,10338,76,5,20
26160,10338,158,2,25
26161,10338,8,4,0
26162,10338,39,3,5
26163,10339,39,3,0
26164,10339,116,3,5
26165,10339,101,1,10
26166,10340,130,3,10
26167,10341,109,3,15
26168,10341,55,4,0
26169,10341,186,4,5
26170,10341,99,4,20
26171,10341,135,4,0
26172,10342,105,4,0
26173,10342,198,4,0
26174,10343,59,5,5
26175,10343,14,4,25
26176,10343,110,2,25
26177,10343,181,4,10
26178,10343,161,4,15
26179,10344,134,3,15
26180,10344,76,1,25
26181,10344,30,1,25
26182,10345,196,2,0
26183,10345,143,4,0
26184,10345,53,5,5
26185,10345,54,2,20
26186,10346,84,4,25
26187,10346,135,2,10
26188,10347,9,2,0
26189,10347,49,2,15
26190,10348,42,3,15
26191,10348,144,3,0
26192,10348,148,1,5
26193,10349,101,2,20
26194,10349,163,1,0
26195,10350,32,1,5
26196,10351,124,1,20
26197,10352,11,4,20
26198,10352,162,5,0
26199,10353,147,1,25
26200,10353,15,1,10
26201,10353,39,3,5
26202,10354,24,4,5
26203,10354,68,1,20
26204,10354,146,1,20
26205,10355,123,3,10
26206,10355,159,1,20
26207,10355,93,4,25
26208,10356,72,3,20
26209,10356,33,1,10
26210,10356,124,3,25
26211,10357,185,5,10
26212,10357,21,2,5
26213,10358,132,1,10
26214,10358,47,4,5
26215,10358,13,3,0
26216,10359,173,5,0
26217,10360,163,3,5
26218,10360,35,2,15
26219,10360,27,4,5
26220,10360,109,3,5
26221,10361,84,1,10
26222,10361,63,4,25
26223,10362,186,5,5
26224,10362,47,1,0
26225,10362,199,3,5
26226,10363,165,1,25
26227,10363,130,2,15
26228,10363,76,5,0
26229,10364,16,3,10
26230,10364,57,1,20
26231,10365,76,4,20
26232,10365,76,3,0
26233,10365,152,5,10
26234,10365,72,2,10
26235,10366,132,3,25
26236,10366,37,4,10
26237,10367,131,1,25
26238,10368,68,5,0
26239,10368,28,4,25
26240,10368,20,3,20
26241,10368,161,5,5
26242,10369,135,5,20
26243,10369,102,3,15
26244,10370,102,2,15
26245,10370,170,4,5
26246,10370,53,5,10
26247,10370,61,3,0
26248,10370,39,1,20
26249,10371,125,2,15
26250,10371,109,2,10
26251,10371,3,2,5
26252,10372,115,1,15
26253,10372,162,5,5
26254,10372,23,4,10
26255,10372,90,2,5
26256,10373,26,3,10
26257,10373,63,2,25
26258,10373,23,3,20
26259,10374,11,5,0
26260,10374,76,5,5
26261,10374,45,1,5
26262,10374,148,4,20
26263,10374,121,5,10
26264,10375,46,4,0
26265,10376,154,1,15
26266,10377,41,1,0
26267,10377,59,2,25
26268,10377,92,4,15
26269,10378,84,1,25
26270,10378,175,1,15
26271,10378,74,5,5
26272,10379,106,5,5
26273,10379,148,2,15
26274,10380,140,3,25
26275,10380,168,2,5
26276,10381,78,2,25
26277,10381,15,1,20
26278,10381,199,4,5
26279,10382,20,2,20
26280,10382,12,4,5
26281,10382,123,1,15
26282,10383,139,2,10
26283,10383,13,2,20
26284,10383,150,4,0
26285,10383,110,4,0
26286,10383,196,3,25
26287,10384,66,3,25
26288,10384,162,3,25
26289,10384,179,3,0
26290,10385,176,3,15
26291,10385,32,4,0
26292,10386,93,4,10
26293,10386,1,4,20
26294,10387,167,2,20
26295,10387,182,4,15
26296,10388,9,1,15
26297,10389,38,4,25
26298,10390,51,3,15
26299,10390,14,1,5
26300,10390,4,5,25
26301,10390,182,4,10
26302,10390,104,4,20
26303,10391,174,5,15
26304,10391,75,2,5
26305,10391,74,2,10
26306,10391,46,3,5
26307,10392,66,5,15
26308,10393,109,5,25
26309,10393,115,5,0
26310,10394,28,5,15
26311,10395,91,1,20
26312,10396,30,4,15
26313,10396,118,5,25
26314,10396,184,3,0
26315,10396,49,2,5
26316,10397,67,3,5
26317,10397,159,3,5
26318,10397,56,2,0
26319,10397,43,5,25
26320,10397,30,5,20
26321,10398,139,1,5
26322,10398,139,3,5
26323,10398,91,3,0
26324,10398,18,4,25
26325,10399,177,1,15
26326,10399,198,4,10
26327,10399,123,1,15
26328,10399,49,2,5
26329,10399,64,4,20
26330,10400,93,1,25
26331,10401,86,1,15
26332,10401,76,5,25
26333,10402,37,1,0
26334,10403,14,3,20
26335,10404,174,1,25
26336,10404,37,1,0
26337,10404,70,3,15
26338,10404,98,5,5
26339,10404,135,3,25
26340,10405,141,1,10
26341,10405,147,1,20
26342,10405,181,2,5
26343,10406,194,3,5
26344,10406,123,1,0
26345,10406,94,1,20
26346,10406,12,5,20
26347,10407,113,1,15
26348,10407,18,2,25
26349,10407,85,4,25
26350,10408,171,2,15
26351,10408,86,3,5
26352,10409,65,2,0
26353,10409,193,4,5
26354,10409,37,3,10
26355,10410,189,1,10
26356,10411,51,4,10
26357,10412,26,1,25
26358,10412,43,2,20
26359,10413,118,1,0
26360,10413,92,1,5
26361,10414,65,2,10
26362,10414,9,4,15
26363,10414,115,5,25
26364,10414,17,5,10
26365,10414,68,2,20
26366,10415,175,1,25
26367,10416,19,3,0
26368,10417,122,3,25
26369,10417,48,1,25
26370,10417,151,1,10
26371,10417,24,5,20
26372,10418,108,3,5
26373,10418,50,4,25
26374,10418,156,4,5
26375,10419,5,3,15
26376,10419,101,2,25
26377,10419,64,5,20
26378,10420,81,5,5
26379,10420,180,3,0
26380,10420,121,3,15
26381,10420,193,4,0
26382,10421,60,1,5
26383,10421,121,5,10
26384,10421,61,2,15
26385,10421,14,1,5
26386,10422,72,2,20
26387,10422,47,5,15
26388,10423,22,3,20
26389,10424,43,5,0
26390,10424,166,4,10
26391,10425,42,5,20
26392,10425,149,4,20
26393,10425,102,1,25
26394,10425,164,5,25
26395,10426,94,1,5
26396,10426,136,5,15
26397,10427,4,2,5
26398,10427,196,4,5
26399,10428,108,2,15
26400,10428,82,2,25
26401,10428,186,3,20
26402,10428,73,4,20
26403,10428,112,1,5
26404,10429,52,1,10
26405,10429,13,5,25
26406,10429,191,3,25
26407,10429,74,1,5
26408,10430,98,5,10
26409,10430,27,5,5
26410,10430,60,3,5
26411,10431,139,3,15
26412,10431,169,2,25
26413,10431,147,1,25
26414,10431,120,3,25
26415,10431,39,3,0
26416,10432,176,2,15
26417,10432,128,4,15
26418,10432,199,3,20
26419,10433,84,1,25
26420,10433,59,2,15
26421,10434,109,4,10
26422,10434,53,5,10
26423,10434,71,2,25
26424,10434,109,2,25
26425,10434,21,3,10
26426,10435,64,5,10
26427,10435,58,1,10
26428,10435,32,5,25
26429,10436,129,4,0
26430,10436,31,4,25
26431,10436,13,2,5
26432,10436,188,2,20
26433,10436,178,2,0
26434,10437,141,3,5
26435,10437,121,1,5
26436,10437,3,4,10
26437,10437,41,4,5
26438,10438,176,2,20
26439,10439,131,1,20
26440,10440,161,4,25
26441,10440,136,1,15
26442,10440,91,5,5
26443,10440,134,2,20
26444,10441,33,4,5
26445,10442,47,3,0
26446,10442,173,2,20
26447,10443,102,5,25
26448,10443,36,4,15
26449,10443,6,5,5
26450,10444,196,5,20
26451,10445,3,2,10
26452,10445,149,5,10
26453,10446,33,1,10
26454,10446,119,2,15
26455,10446,70,4,15
26456,10447,22,3,0
26457,10447,36,4,5
26458,10448,44,2,5
26459,10449,67,2,0
26460,10449,183,5,10
26461,10449,92,5,0
26462,10450,5,5,10
26463,10450,194,5,10
26464,10450,132,2,10
26465,10451,61,5,10
26466,10451,121,5,20
26467,10451,28,5,10
26468,10451,117,5,10
26469,10451,191,5,20
26470,10452,63,4,20
26471,10453,186,5,5
26472,10453,117,4,5
26473,10453,110,3,25
26474,10453,16,4,15
26475,10454,68,5,5
26476,10454,150,4,25
26477,10455,40,2,20
26478,10455,16,2,15
26479,10455,2,5,25
26480,10455,65,5,25
26481,10455,182,3,10
26482,10456,177,3,25
26483,10457,68,1,10
26484,10457,158,1,0
26485,10457,103,5,20
26486,10457,198,4,15
26487,10458,135,2,0
26488,10459,65,1,10
26489,10459,164,5,10
26490,10460,195,3,20
26491,10460,53,1,20
26492,10460,34,5,5
26493,10461,117,2,0
26494,10462,38,5,10
26495,10462,88,4,20
26496,10463,75,5,5
26497,10463,11,5,10
26498,10464,42,1,25
26499,10464,100,3,20
26500,10464,50,1,10
26501,10464,161,2,20
26502,10465,157,1,0
26503,10466,5,5,25
26504,10467,22,1,25
26505,10467,150,4,15
26506,10467,99,3,0
26507,10468,113,1,25
26508,10468,160,4,10
26509,10469,111,2,20
26510,10470,69,2,20
26511,10470,34,1,15
26512,10470,81,5,0
26513,10470,53,5,0
26514,10471,32,2,20
26515,10471,69,1,5
26516,10472,130,3,25
26517,10473,188,3,25
26518,10474,56,4,5
26519,10474,167,2,15
26520,10475,52,4,15
26521,10475,57,3,5
26522,10476,12,2,10
26523,10476,75,3,10
26524,10476,52,4,15
26525,10477,88,3,10
26526,10477,171,2,15
26527,10477,5,4,20
26528,10477,194,3,25
26529,10478,79,3,20
26530,10479,183,3,20
26531,10479,112,1,0
26532,10479,68,3,20
26533,10479,168,5,10
26534,10480,3,1,15
26535,10480,1,1,25
26536,10480,10,2,5
26537,10481,95,5,10
26538,10482,99,4,10
26539,10483,106,1,5
26540,10483,38,5,15
26541,10484,126,1,10
26542,10484,177,4,25
26543,10485,74,3,5
26544,10485,159,4,25
26545,10486,115,5,5
26546,10486,74,5,20
26547,10486,69,2,10
26548,10486,138,5,0
26549,10486,102,3,5
26550,10487,136,1,15
26551,10487,115,2,10
26552,10487,83,1,5
26553,10487,8,2,10
26554,10488,105,2,15
26555,10488,12,5,5
26556,10488,91,5,5
26557,10488,177,5,20
26558,10489,70,3,0
26559,10489,154,4,5
26560,10489,124,5,10
26561,10489,108,5,25
26562,10490,75,5,10
26563,10490,64,2,0
26564,10491,199,1,10
26565,10491,6,4,20
26566,10492,40,4,0
26567,10493,103,2,10
26568,10493,156,2,5
26569,10494,48,4,15
26570,10494,186,4,15
26571,10494,83,4,15
26572,10495,188,2,15
26573,10495,161,1,0
26574,10495,133,4,5
26575,10495,177,5,0
26576,10496,39,5,15
26577,10496,27,2,25
26578,10496,86,4,25
26579,10496,154,5,15
26580,10496,72,1,25
26581,10497,185,1,15
26582,10497,61,2,10
26583,10497,96,4,20
26584,10497,94,1,5
26585,10498,198,5,20
26586,10499,78,3,25
26587,10500,147,5,0
26588,10500,47,4,0
26589,10500,13,2,10
26590,10500,71,5,25
26591,10501,135,3,15
26592,10501,83,2,5
26593,10502,116,1,20
26594,10503,90,1,25
26595,10503,165,5,15
26596,10503,180,1,20
26597,10503,96,4,0
26598,10503,177,3,0
26599,10504,79,4,20
26600,10504,67,3,5
26601,10504,78,2,0
26602,10504,34,2,0
26603,10505,198,2,5
26604,10505,28,3,0
26605,10506,118,3,0
26606,10507,62,3,20
26607,10508,35,3,15
26608,10508,139,1,5
26609,10508,15,5,10
26610,10509,33,1,10
26611,10510,151,1,25
26612,10510,197,4,20
26613,10511,74,2,20
26614,10511,158,3,20
26615,10511,126,5,15
26616,10511,81,3,10
26617,10511,144,3,15
26618,10512,31,2,5
26619,10513,100,1,5
26620,10514,160,1,0
26621,10514,93,3,15
26622,10514,98,2,0
26623,10514,99,3,15
26624,10514,3,2,5
26625,10515,169,4,0
26626,10516,145,5,20
26627,10517,11,4,15
26628,10517,60,5,25
26629,10517,177,4,15
26630,10517,149,2,5
26631,10517,106,5,25
26632,10518,34,5,0
26633,10518,128,2,5
26634,10518,37,5,20
26635,10518,163,1,5
26636,10519,179,3,25
26637,10520,178,5,20
26638,10521,76,3,0
26639,10521,96,2,10
26640,10522,63,4,0
26641,10523,65,5,10
26642,10524,89,4,15
26643,10525,64,5,10
26644,10525,58,5,15
26645,10526,69,4,10
26646,10527,68,1,0
26647,10528,50,2,20
26648,10529,190,4,5
26649,10529,112,5,0
26650,10530,27,4,25
26651,10530,96,3,15
26652,10530,175,3,5
26653,10530,18,4,5
26654,10530,163,1,20
26655,10531,1,4,20
26656,10531,106,3,0
26657,10531,63,3,15
26658,10532,179,2,0
26659,10532,161,4,15
26660,10532,49,5,5
26661,10533,79,4,15
26662,10533,96,2,25
26663,10534,195,3,5
26664,10534,130,4,25
26665,10535,184,2,0
26666,10535,106,2,0
26667,10535,95,2,25
26668,10535,148,2,25
26669,10536,31,1,0
26670,10536,157,5,15
26671,10537,64,4,20
26672,10537,30,3,25
26673,10537,118,3,20
26674,10537,165,5,25
26675,10537,37,3,25
26676,10538,159,2,15
26677,10539,182,2,5
26678,10540,144,1,10
26679,10540,172,2,10
26680,10541,164,4,5
26681,10541,44,2,20
26682,10541,81,1,5
26683,10541,38,5,20
26684,10542,151,3,25
26685,10543,62,2,15
26686,10543,146,4,5
26687,10543,129,4,15
26688,10544,180,1,5
26689,10544,168,4,25
26690,10544,128,2,5
26691,10545,40,2,5
26692,10545,27,4,25
26693,10546,124,5,15
26694,10547,193,4,15
26695,10548,157,5,25
26696,10548,196,1,5
26697,10548,17,1,15
26698,10549,69,3,10
26699,10549,25,3,5
26700,10549,145,3,25
26701,10549,32,4,25
26702,10549,76,4,5
26703,10550,177,4,5
26704,10551,157,1,20
26705,10552,170,5,5
26706,10553,175,1,25
26707,10553,21,4,10
26708,10553,130,2,15
26709,10554,20,1,10
26710,10554,177,4,15
26711,10554,40,5,5
26712,10555,7,4,5
26713,10555,59,5,10
26714,10555,119,3,20
26715,10556,68,1,15
26716,10556,21,5,5
26717,10556,91,2,20
26718,10556,41,2,10
26719,10556,199,2,20
26720,10557,40,1,10
26721,10557,29,5,5
26722,10557,180,1,0
26723,10558,67,3,5
26724,10559,62,5,10
26725,10559,154,2,0
26726,10559,70,5,10
26727,10559,10,4,10
26728,10559,164,5,0
26729,10560,193,2,25
26730,10560,68,3,15
26731,10560,116,2,0
26732,10561,172,2,10
26733,10562,137,5,20
26734,10562,119,5,0
26735,10562,26,4,0
26736,10562,75,2,20
26737,10563,89,5,15
26738,10563,19,3,20
26739,10564,170,4,20
26740,10564,137,3,25
26741,10565,164,3,25
26742,10565,138,1,5
26743,10565,6,3,5
26744,10565,23,5,25
26745,10565,142,1,20
26746,10566,150,2,15
26747,10566,96,5,20
26748,10567,85,3,5
26749,10568,61,4,25
26750,10568,52,4,0
26751,10568,164,5,0
26752,10569,37,3,25
26753,10569,36,5,20
26754,10569,197,1,5
26755,10569,125,2,5
26756,10569,47,1,0
26757,10570,55,1,0
26758,10571,189,2,20
26759,10571,152,3,10
26760,10572,36,4,10
26761,10572,200,2,10
26762,10572,83,1,20
26763,10573,114,2,15
26764,10574,64,5,25
26765,10575,186,3,0
26766,10575,99,5,25
26767,10575,116,2,0
26768,10575,33,1,5
26769,10575,195,2,20
26770,10576,38,2,25
26771,10576,164,3,25
26772,10577,127,3,10
26773,10578,95,2,0
26774,10578,194,3,20
26775,10579,116,5,5
26776,10580,143,3,10
26777,10580,89,1,20
26778,10580,101,2,15
26779,10580,103,4,20
26780,10581,100,5,25
26781,10581,74,1,0
26782,10581,53,5,5
26783,10581,148,2,20
26784,10582,25,2,20
26785,10582,6,2,5
26786,10582,3,4,25
26787,10582,70,5,5
26788,10582,39,1,0
26789,10583,91,2,25
26790,10583,83,1,10
26791,10584,154,5,10
26792,10584,43,2,20
26793,10585,150,1,0
26794,10586,183,5,0
26795,10586,39,2,0
26796,10587,124,5,0
26797,10588,121,5,5
26798,10589,69,4,5
26799,10589,106,3,15
26800,10590,36,3,25
26801,10591,127,4,20
26802,10592,62,2,5
26803,10592,39,5,0
26804,10592,113,3,0
26805,10593,47,2,10
26806,10594,182,4,10
26807,10594,181,2,15
26808,10595,140,1,5
26809,10595,48,3,15
26810,10596,146,4,25
26811,10596,78,5,15
26812,10596,129,3,10
26813,10597,65,5,20
26814,10598,61,5,10
26815,10599,145,4,0
26816,10599,4,2,10
26817,10599,150,2,15
26818,10599,113,3,25
26819,10599,117,2,0
26820,10600,50,2,10
26821,10601,76,5,25
26822,10601,36,4,0
26823,10602,89,2,5
26824,10603,191,2,15
26825,10603,27,5,5
26826,10603,107,5,0
26827,10603,75,3,10
26828,10603,165,5,0
26829,10604,34,2,10
26830,10604,63,2,10
26831,10605,169,4,20
26832,10605,103,1,25
26833,10606,45,2,15
26834,10606,190,3,0
26835,10606,58,3,10
26836,10607,54,3,25
26837,10607,7,3,20
26838,10608,39,2,15
26839,10608,20,3,10
26840,10608,3,5,25
26841,10608,128,4,25
26842,10608,28,2,25
26843,10609,181,5,10
26844,10609,64,4,5
26845,10609,36,1,10
26846,10610,123,1,15
26847,10610,34,1,15
26848,10610,145,5,25
26849,10611,135,2,5
26850,10612,174,4,0
26851,10612,132,3,25
26852,10612,184,2,0
26853,10613,127,1,5
26854,10613,79,4,15
26855,10613,82,2,0
26856,10613,48,5,15
26857,10613,189,1,15
26858,10614,151,2,25
26859,10614,121,2,15
26860,10615,26,2,25
26861,10615,61,5,0
26862,10615,178,2,0
26863,10616,73,2,0
26864,10617,183,1,5
26865,10618,41,5,0
26866,10618,185,5,10
26867,10619,78,4,25
26868,10619,138,2,15
26869,10619,92,1,10
26870,10619,189,2,15
26871,10619,113,4,0
26872,10620,137,2,25
26873,10620,21,4,25
26874,10621,70,1,25
26875,10622,125,3,10
26876,10622,174,5,15
26877,10623,190,2,25
26878,10624,182,4,0
26879,10625,197,1,25
26880,10625,37,4,25
26881,10626,183,5,25
26882,10627,10,4,0
26883,10628,62,2,15
26884,10628,161,3,25
26885,10628,92,1,15
26886,10629,91,1,25
26887,10630,107,1,10
26888,10630,59,4,5
26889,10630,81,2,5
26890,10630,130,2,5
26891,10631,96,4,0
26892,10631,37,2,25
26893,10631,109,5,25
26894,10631,44,2,20
26895,10631,83,5,20
26896,10632,21,4,15
26897,10632,39,5,20
26898,10632,132,5,20
26899,10632,87,4,25
26900,10633,92,4,5
26901,10634,153,2,15
26902,10635,36,1,0
26903,10635,18,2,0
26904,10636,67,3,20
26905,10636,181,1,10
26906,10636,191,2,15
26907,10636,60,3,20
26908,10637,20,3,5
26909,10637,26,1,5
26910,10637,70,5,5
26911,10637,61,5,10
26912,10637,198,4,0
26913,10638,167,5,0
26914,10639,34,5,25
26915,10640,158,5,20
26916,10640,19,5,15
26917,10640,80,5,0
26918,10641,48,1,0
26919,10642,1,2,5
26920,10642,140,5,5
26921,10642,175,2,0
26922,10642,104,1,20
26923,10643,122,3,5
26924,10644,57,2,0
26925,10644,79,1,20
26926,10645,35,5,0
26927,10645,20,5,20
26928,10645,171,1,10
26929,10646,104,4,25
26930,10646,84,3,20
26931,10646,23,5,15
26932,10647,162,3,20
26933,10647,157,2,20
26934,10647,83,1,15
26935,10648,45,5,15
26936,10648,30,3,0
26937,10648,23,2,25
26938,10649,186,2,10
26939,10649,27,1,10
26940,10649,96,5,25
26941,10649,85,5,15
26942,10650,140,2,5
26943,10651,92,2,20
26944,10651,2,3,15
26945,10652,94,4,10
26946,10652,40,1,25
26947,10652,157,5,15
26948,10652,54,5,10
26949,10653,32,2,0
26950,10653,149,4,10
26951,10654,42,5,25
26952,10654,14,4,15
26953,10655,141,4,25
26954,10655,7,1,20
26955,10655,24,4,20
26956,10656,138,5,10
26957,10656,51,1,25
26958,10657,5,5,0
26959,10658,78,4,5
26960,10658,103,3,10
26961,10658,143,5,10
26962,10659,9,4,5
26963,10659,78,4,15
26964,10660,55,2,20
26965,10661,187,5,5
26966,10662,111,2,5
26967,10663,181,2,10
26968,10664,69,2,20
26969,10664,90,3,25
26970,10664,179,2,20
26971,10664,160,2,20
26972,10665,68,3,20
26973,10665,39,2,10
26974,10665,112,3,15
26975,10666,42,3,10
26976,10667,184,2,10
26977,10667,195,1,0
26978,10667,179,1,15
26979,10668,129,2,10
26980,10668,165,1,10
26981,10668,154,1,5
26982,10669,88,5,0
26983,10670,13,4,25
26984,10670,15,4,5
26985,10670,116,3,25
26986,10670,179,2,10
26987,10671,65,1,0
26988,10671,125,5,15
26989,10672,183,5,20
26990,10672,200,1,5
26991,10672,20,3,5
26992,10672,74,2,0
26993,10672,86,1,20
26994,10673,160,4,5
26995,10674,167,3,10
26996,10674,104,2,15
26997,10674,37,4,15
26998,10675,161,3,20
26999,10675,72,2,10
27000,10675,1,5,0
27001,10676,45,4,0
27002,10677,161,1,25
27003,10677,23,1,20
27004,10677,111,5,0
27005,10678,198,4,15
27006,10679,152,2,5
27007,10679,136,5,0
27008,10680,174,2,15
27009,10681,144,2,25
27010,10682,9,4,25
27011,10683,1,2,15
27012,10684,74,5,5
27013,10684,164,4,25
27014,10685,106,5,10
27015,10685,175,4,5
27016,10685,35,1,20
27017,10685,174,2,0
27018,10686,152,5,10
27019,10686,90,4,20
27020,10686,74,4,20
27021,10686,147,5,25
27022,10687,109,1,10
27023,10687,92,4,15
27024,10688,48,2,20
27025,10688,37,3,25
27026,10688,156,4,20
27027,10689,157,5,10
27028,10689,47,3,20
27029,10689,2,1,0
27030,10690,161,1,10
27031,10690,32,5,0
27032,10691,45,2,15
27033,10692,100,1,10
27034,10693,68,1,0
27035,10694,126,4,0
27036,10694,27,2,25
27037,10694,30,2,10
27038,10695,128,5,15
27039,10695,96,2,20
27040,10695,56,4,10
27041,10696,138,2,20
27042,10696,125,4,0
27043,10696,193,2,5
27044,10696,190,5,10
27045,10697,7,3,20
27046,10697,59,2,0
27047,10698,84,2,20
27048,10698,77,3,10
27049,10699,91,4,25
27050,10699,157,4,25
27051,10700,96,1,25
27052,10701,189,2,0
27053,10701,24,4,5
27054,10702,193,2,25
27055,10703,156,2,10
27056,10703,157,5,15
27057,10703,49,3,10
27058,10704,131,1,5
27059,10704,106,5,0
27060,10705,118,3,0
27061,10705,3,4,10
27062,10705,95,1,0
27063,10706,88,1,25
27064,10707,177,1,20
27065,10707,9,3,20
27066,10707,36,5,10
27067,10707,178,4,0
27068,10708,70,3,5
27069,10708,17,4,0
27070,10709,140,3,0
27071,10709,131,3,10
27072,10710,10,4,0
27073,10711,96,2,0
27074,10711,13,1,25
27075,10711,178,2,0
27076,10711,26,3,25
27077,10712,83,2,25
27078,10713,35,3,10
27079,10713,21,3,5
27080,10713,87,3,0
27081,10714,92,2,20
27082,10714,98,3,15
27083,10715,24,2,15
27084,10715,90,4,25
27085,10715,113,4,15
27086,10715,108,4,0
27087,10715,10,3,20
27088,10716,79,4,20
27089,10716,200,5,25
27090,10716,59,1,20
27091,10716,78,4,20
27092,10716,13,3,15
27093,10717,72,4,25
27094,10717,73,1,20
27095,10718,100,1,15
27096,10718,123,2,15
27097,10719,37,1,15
27098,10719,184,3,0
27099,10719,185,2,5
27100,10719,2,3,25
27101,10720,162,2,10
27102,10720,154,4,25
27103,10720,115,5,0
27104,10721,73,1,25
27105,10721,24,5,25
27106,10721,137,4,0
27107,10722,126,5,5
27108,10722,24,1,5
27109,10722,27,1,20
27110,10722,139,1,10
27111,10723,133,3,25
27112,10723,135,5,25
27113,10723,137,2,0
27114,10724,115,1,25
27115,10725,62,4,25
27116,10726,126,3,10
27117,10726,53,1,0
27118,10726,91,2,0
27119,10726,39,5,5
27120,10726,38,4,10
27121,10727,193,3,25
27122,10727,139,1,0
27123,10728,98,4,20
27124,10729,39,1,20
27125,10729,128,2,5
27126,10729,185,1,5
27127,10730,139,2,15
27128,10730,122,1,10
27129,10730,61,3,25
27130,10731,93,2,25
27131,10731,29,2,25
27132,10732,154,4,5
27133,10732,83,3,25
27134,10733,139,1,25
27135,10733,74,3,0
27136,10733,144,3,5
27137,10733,65,2,20
27138,10734,196,5,25
27139,10734,45,4,20
27140,10734,37,5,5
27141,10735,13,3,5
27142,10735,125,1,5
27143,10736,155,2,25
27144,10736,77,1,10
27145,10736,90,3,25
27146,10736,78,1,10
27147,10736,184,1,5
27148,10737,154,2,25
27149,10738,62,5,0
27150,10739,156,1,20
27151,10739,23,4,20
27152,10739,192,3,0
27153,10739,182,2,0
27154,10739,107,1,25
27155,10740,71,5,20
27156,10741,110,3,25
27157,10741,118,4,20
27158,10741,82,4,5
27159,10742,148,3,25
27160,10742,37,4,20
27161,10742,45,5,0
27162,10743,1,1,20
27163,10743,138,4,25
27164,10744,21,4,5
27165,10744,102,5,10
27166,10744,142,2,10
27167,10745,5,4,5
27168,10745,161,3,0
27169,10745,143,3,20
27170,10746,200,5,25
27171,10746,200,3,15
27172,10747,25,4,25
27173,10747,191,1,15
27174,10748,118,1,15
27175,10749,76,5,0
27176,10749,118,2,0
27177,10749,117,1,20
27178,10750,31,2,25
27179,10750,16,1,0
27180,10750,44,1,25
27181,10751,39,5,10
27182,10751,136,4,10
27183,10751,117,1,5
27184,10751,54,3,0
27185,10752,4,2,20
27186,10753,128,5,20
27187,10753,175,4,20
27188,10754,34,5,10
27189,10754,160,5,15
27190,10754,49,3,15
27191,10754,58,5,0
27192,10755,138,2,20
27193,10756,115,2,5
27194,10756,104,2,15
27195,10756,191,2,0
27196,10757,93,3,10
27197,10757,19,2,0
27198,10757,97,5,25
27199,10757,104,4,15
27200,10757,93,2,10
27201,10758,107,3,0
27202,10759,199,1,25
27203,10759,150,5,25
27204,10759,40,1,5
27205,10760,198,2,0
27206,10760,162,2,25
27207,10760,86,3,20
27208,10760,122,5,15
27209,10761,180,3,0
27210,10762,59,2,25
27211,10762,74,3,25
27212,10762,145,4,15
27213,10763,41,4,20
27214,10764,119,4,5
27215,10764,14,4,25
27216,10764,121,4,5
27217,10764,128,3,10
27218,10765,68,3,20
27219,10766,95,5,5
27220,10766,65,4,15
27221,10767,133,3,5
27222,10767,140,5,0
27223,10767,42,5,20
27224,10768,96,4,5
27225,10769,187,1,5
27226,10769,104,2,5
27227,10769,145,3,20
27228,10770,89,5,0
27229,10770,72,1,10
27230,10771,60,4,25
27231,10772,199,2,5
27232,10773,126,4,20
27233,10773,90,2,5
27234,10774,51,3,5
27235,10774,114,1,10
27236,10774,11,2,20
27237,10775,10,1,0
27238,10775,69,2,15
27239,10775,150,3,5
27240,10775,19,1,10
27241,10776,133,5,20
27242,10777,123,1,20
27243,10777,149,1,20
27244,10777,111,4,25
27245,10777,161,4,15
27246,10778,63,4,5
27247,10778,194,4,25
27248,10778,188,2,10
27249,10778,175,1,25
27250,10779,169,4,15
27251,10779,6,1,15
27252,10779,65,2,25
27253,10780,149,2,15
27254,10780,56,2,5
27255,10780,5,4,5
27256,10780,172,4,20
27257,10781,191,3,5
27258,10781,6,4,15
27259,10781,160,3,5
27260,10781,148,1,0
27261,10782,148,1,0
27262,10782,146,2,10
27263,10782,54,3,25
27264,10782,115,4,15
27265,10783,97,4,5
27266,10784,174,5,15
27267,10784,52,5,10
27268,10785,178,3,15
27269,10786,12,3,10
27270,10786,141,2,20
27271,10786,5,4,5
27272,10787,110,2,5
27273,10787,138,5,0
27274,10788,27,3,10
27275,10789,78,4,10
27276,10789,180,2,5
27277,10790,147,5,25
27278,10790,108,2,0
27279,10790,42,1,20
27280,10791,189,2,0
27281,10792,56,4,0
27282,10793,12,3,15
27283,10793,180,3,5
27284,10793,196,2,5
27285,10794,135,3,25
27286,10794,35,2,25
27287,10794,42,1,15
27288,10794,189,2,20
27289,10794,27,1,10
27290,10795,17,1,5
27291,10796,56,1,5
27292,10797,168,3,15
27293,10798,181,5,25
27294,10798,16,5,15
27295,10798,185,2,25
27296,10799,191,1,10
27297,10799,54,5,25
27298,10800,36,5,0
27299,10800,63,2,15
27300,10800,159,5,10
27301,10801,187,4,5
27302,10801,161,4,15
27303,10802,54,2,25
27304,10803,200,2,15
27305,10803,83,5,5
27306,10804,61,5,20
27307,10804,29,5,5
27308,10805,183,1,25
27309,10805,141,1,25
27310,10806,118,3,0
27311,10806,14,1,25
27312,10806,44,1,20
27313,10806,69,2,10
27314,10806,139,3,20
27315,10807,117,2,0
27316,10807,87,4,5
27317,10808,75,4,0
27318,10808,142,2,15
27319,10808,99,5,15
27320,10808,33,1,10
27321,10809,15,2,25
27322,10809,182,5,25
27323,10809,15,5,0
27324,10809,171,4,15
27325,10809,49,3,10
27326,10810,87,5,20
27327,10811,67,4,20
27328,10811,108,4,10
27329,10811,196,1,10
27330,10811,83,4,0
27331,10812,19,2,25
27332,10812,193,4,0
27333,10813,176,5,15
27334,10813,116,1,5
27335,10814,151,5,25
27336,10814,162,5,25
27337,10814,26,5,10
27338,10814,2,2,5
27339,10814,103,3,15
27340,10815,147,1,15
27341,10816,18,4,0
27342,10816,94,1,0
27343,10816,185,2,20
27344,10816,15,3,15
27345,10817,64,1,25
27346,10818,37,5,25
27347,10818,87,1,0
27348,10818,196,5,25
27349,10819,47,5,10
27350,10819,124,1,5
27351,10819,27,5,15
27352,10820,76,2,10
27353,10821,70,2,25
27354,10822,8,3,15
27355,10822,5,2,5
27356,10823,126,3,15
27357,10824,34,1,0
27358,10825,8,2,20
27359,10825,194,3,0
27360,10825,130,2,15
27361,10825,197,5,20
27362,10825,17,4,10
27363,10826,176,3,25
27364,10826,22,4,10
27365,10826,199,3,5
27366,10826,183,3,25
27367,10826,116,3,20
27368,10827,65,1,25
27369,10827,92,4,15
27370,10827,64,5,10
27371,10828,75,2,15
27372,10828,122,2,5
27373,10828,45,3,5
27374,10829,37,1,5
27375,10829,117,2,25
27376,10830,189,3,20
27377,10830,133,3,0
27378,10830,70,4,20
27379,10831,67,4,20
27380,10831,36,4,25
27381,10831,65,2,15
27382,10832,161,2,20
27383,10832,152,3,5
27384,10832,129,2,0
27385,10833,58,2,25
27386,10833,138,2,10
27387,10833,50,3,5
27388,10834,87,5,0
27389,10834,110,3,5
27390,10834,33,5,20
27391,10834,75,5,5
27392,10835,115,2,5
27393,10835,158,5,15
27394,10836,122,2,10
27395,10837,67,4,0
27396,10837,10,3,0
27397,10837,79,3,20
27398,10837,160,5,20
27399,10837,107,3,15
27400,10838,3,5,20
27401,10838,23,4,0
27402,10839,61,4,10
27403,10840,158,1,0
27404,10840,181,3,0
27405,10841,171,4,25
27406,10841,36,1,15
27407,10842,196,1,0
27408,10842,115,3,0
27409,10842,97,2,5
27410,10842,199,1,15
27411,10843,56,3,5
27412,10843,34,3,5
27413,10843,112,3,5
27414,10844,186,1,15
27415,10844,51,4,5
27416,10844,132,3,15
27417,10844,108,5,15
27418,10845,174,5,10
27419,10845,187,5,5
27420,10845,106,2,0
27421,10845,12,1,10
27422,10846,152,1,20
27423,10847,102,5,25
27424,10848,8,3,20
27425,10849,168,4,20
27426,10849,101,5,15
27427,10850,37,1,0
27428,10850,113,2,25
27429,10850,177,3,0
27430,10851,82,4,15
27431,10852,78,2,10
27432,10852,89,3,15
27433,10853,101,3,0
27434,10854,166,1,25
27435,10855,18,4,5
27436,10855,12,5,5
27437,10856,170,2,10
27438,10857,96,1,25
27439,10857,61,3,5
27440,10858,30,1,10
27441,10858,1,1,0
27442,10858,130,1,20
27443,10858,3,3,20
27444,10859,29,1,15
27445,10860,2,2,5
27446,10860,122,5,10
27447,10860,199,3,10
27448,10860,50,5,15
27449,10860,167,3,5
27450,10861,109,1,0
27451,10862,171,5,25
27452,10862,20,1,5
27453,10863,143,5,20
27454,10864,6,1,25
27455,10864,40,1,20
27456,10865,125,4,10
27457,10866,200,5,20
27458,10866,134,2,25
27459,10867,64,1,5
27460,10867,11,1,20
27461,10868,38,3,5
27462,10868,158,4,10
27463,10869,74,4,10
27464,10869,29,5,10
27465,10869,116,4,20
27466,10870,58,5,5
27467,10870,7,3,25
27468,10870,154,2,0
27469,10871,65,4,0
27470,10872,78,2,5
27471,10872,87,4,20
27472,10872,140,1,10
27473,10872,12,2,0
27474,10873,42,1,25
27475,10873,107,2,0
27476,10874,173,1,15
27477,10875,149,4,25
27478,10875,116,3,5
27479,10875,178,3,10
27480,10876,113,3,15
27481,10876,28,5,10
27482,10877,54,1,15
27483,10877,48,2,15
27484,10878,183,1,10
27485,10878,106,3,25
27486,10878,59,5,20
27487,10878,37,1,25
27488,10878,60,5,5
27489,10879,141,2,15
27490,10879,135,1,10
27491,10879,10,3,25
27492,10880,129,1,20
27493,10881,109,2,20
27494,10881,132,2,0
27495,10882,10,2,20
27496,10882,83,4,10
27497,10882,149,4,10
27498,10883,36,4,15
27499,10884,57,3,20
27500,10885,105,4,25
27501,10885,141,1,5
27502,10885,34,4,15
27503,10886,125,3,10
27504,10886,79,4,10
27505,10887,186,2,15
27506,10887,27,1,25
27507,10887,170,2,0
27508,10887,52,4,20
27509,10887,24,3,25
27510,10888,78,2,20
27511,10888,28,1,10
27512,10888,132,5,0
27513,10888,141,4,10
27514,10888,29,1,15
27515,10889,19,2,10
27516,10889,92,4,25
27517,10890,9,2,0
27518,10890,118,1,5
27519,10891,113,4,0
27520,10892,44,2,0
27521,10892,46,3,0
27522,10893,89,4,10
27523,10893,165,4,10
27524,10894,170,2,5
27525,10894,64,5,10
27526,10894,152,5,10
27527,10894,170,3,5
27528,10894,119,5,5
27529,10895,20,1,25
27530,10895,167,2,25
27531,10895,17,3,25
27532,10895,91,1,25
27533,10895,139,4,10
27534,10896,101,2,10
27535,10896,183,2,0
27536,10896,198,3,25
27537,10897,108,2,5
27538,10897,49,1,15
27539,10898,80,2,5
27540,10899,1,4,10
27541,10900,197,3,20
27542,10900,77,2,15
27543,10901,83,4,20
27544,10901,37,5,20
27545,10901,134,4,5
27546,10902,182,2,10
27547,10903,85,3,25
27548,10903,119,3,20
27549,10903,78,1,20
27550,10903,122,5,10
27551,10903,110,1,5
27552,10904,150,1,25
27553,10904,9,1,15
27554,10904,179,4,10
27555,10904,129,1,5
27556,10905,143,1,25
27557,10905,164,5,5
27558,10905,94,3,0
27559,10906,4,5,25
27560,10906,53,2,5
27561,10906,125,3,5
27562,10906,45,2,25
27563,10907,75,1,25
27564,10907,166,3,15
27565,10907,56,1,10
27566,10908,124,3,10
27567,10908,57,4,15
27568,10908,18,1,0
27569,10909,126,4,0
27570,10909,48,1,15
27571,10910,15,4,0
27572,10910,157,1,20
27573,10911,143,5,20
27574,10912,122,3,5
27575,10912,153,3,25
27576,10913,137,3,0
27577,10913,129,3,10
27578,10914,142,4,20
27579,10914,21,4,10
27580,10914,125,1,0
27581,10914,99,1,5
27582,10915,92,2,10
27583,10915,161,1,15
27584,10915,143,3,10
27585,10915,13,3,5
27586,10916,155,3,25
27587,10917,153,1,10
27588,10917,47,5,0
27589,10917,110,4,25
27590,10917,62,2,10
27591,10918,79,3,5
27592,10918,136,3,0
27593,10919,156,3,20
27594,10919,99,4,0
27595,10920,109,5,25
27596,10920,7,5,10
27597,10921,110,4,0
27598,10922,43,5,10
27599,10922,69,4,25
27600,10922,23,1,15
27601,10923,9,3,5
27602,10923,104,2,0
27603,10923,103,5,20
27604,10924,96,1,5
27605,10925,173,3,15
27606,10925,141,3,15
27607,10926,54,4,0
27608,10926,172,3,25
27609,10927,138,1,15
27610,10928,50,1,5
27611,10928,45,2,15
27612,10929,174,1,25
27613,10930,129,2,0
27614,10930,29,5,0
27615,10930,19,2,0
27616,10930,143,4,10
27617,10930,24,4,15
27618,10931,134,5,15
27619,10932,51,5,0
27620,10932,46,1,20
27621,10932,132,2,0
27622,10932,17,4,20
27623,10932,62,5,25
27624,10933,164,4,15
27625,10933,160,1,5
27626,10934,9,2,10
27627,10935,172,4,5
27628,10936,179,4,20
27629,10936,184,1,10
27630,10936,37,5,15
27631,10937,143,4,15
27632,10937,12,1,15
27633,10937,165,5,25
27634,10937,50,1,25
27635,10938,180,3,15
27636,10939,183,2,0
27637,10939,118,1,15
27638,10940,73,3,15
27639,10940,63,4,20
27640,10940,182,5,5
27641,10941,158,4,10
27642,10942,99,2,10
27643,10942,182,3,25
27644,10942,188,4,20
27645,10943,175,1,20
27646,10943,57,2,20
27647,10943,55,1,25
27648,10944,147,1,0
27649,10944,73,2,15
27650,10944,147,4,10
27651,10944,88,3,0
27652,10944,4,4,15
27653,10945,7,1,25
27654,10946,181,5,15
27655,10946,152,4,15
27656,10946,189,3,20
27657,10947,192,3,5
27658,10947,91,4,15
27659,10947,49,2,20
27660,10947,17,1,20
27661,10947,117,4,25
27662,10948,146,5,10
27663,10949,179,3,25
27664,10950,146,5,25
27665,10950,122,4,5
27666,10951,180,3,5
27667,10952,152,2,0
27668,10952,23,5,5
27669,10952,105,2,15
27670,10953,41,1,15
27671,10953,48,1,15
27672,10953,152,3,15
27673,10953,78,2,10
27674,10953,87,5,25
27675,10954,4,2,10
27676,10954,135,2,0
27677,10955,45,2,5
27678,10956,56,3,5
27679,10956,99,5,5
27680,10956,134,3,25
27681,10956,61,3,25
27682,10956,33,3,25
27683,10957,168,3,10
27684,10957,95,1,5
27685,10957,119,3,20
27686,10958,163,4,0
27687,10958,189,5,0
27688,10958,110,1,5
27689,10959,197,4,15
27690,10959,67,1,0
27691,10959,55,4,25
27692,10959,172,1,0
27693,10960,63,1,10
27694,10960,66,5,25
27695,10961,162,3,0
27696,10961,74,3,10
27697,10961,143,1,20
27698,10961,140,3,15
27699,10961,70,3,0
27700,10962,114,4,20
27701,10963,194,5,10
27702,10963,129,3,15
27703,10963,14,5,15
27704,10964,9,4,10
27705,10964,124,5,5
27706,10964,128,1,5
27707,10965,2,5,10
27708,10965,77,5,0
27709,10965,147,4,15
27710,10965,3,5,25
27711,10966,87,1,20
27712,10966,47,4,25
27713,10966,60,4,15
27714,10966,175,2,25
27715,10967,51,3,15
27716,10967,130,5,25
27717,10968,170,2,25
27718,10968,146,2,10
27719,10968,79,3,5
27720,10968,50,3,15
27721,10969,82,3,15
27722,10969,91,5,25
27723,10970,182,4,25
27724,10970,136,3,20
27725,10970,132,3,5
27726,10971,170,4,20
27727,10971,122,2,20
27728,10972,38,4,20
27729,10972,127,4,15
27730,10973,138,5,5
27731,10973,84,3,5
27732,10973,146,2,10
27733,10973,118,4,5
27734,10973,74,1,0
27735,10974,154,3,15
27736,10974,95,3,5
27737,10974,78,4,5
27738,10975,161,1,10
27739,10976,29,4,10
27740,10976,146,4,15
27741,10976,57,3,15
27742,10977,97,5,0
27743,10977,121,5,0
27744,10978,55,5,20
27745,10978,174,5,15
27746,10978,135,4,10
27747,10979,86,4,5
27748,10979,185,5,25
27749,10980,1,3,0
27750,10980,103,3,25
27751,10981,18,1,25
27752,10982,27,3,20
27753,10982,77,3,10
27754,10983,180,5,20
27755,10983,63,1,20
27756,10983,149,4,20
27757,10983,64,1,25
27758,10984,38,1,20
27759,10985,29,3,15
27760,10986,178,3,15
27761,10986,193,4,25
27762,10987,116,3,15
27763,10987,30,4,20
27764,10987,104,1,15
27765,10988,8,3,0
27766,10988,17,5,20
27767,10989,15,2,5
27768,10990,34,3,20
27769,10990,115,2,15
27770,10990,111,5,15
27771,10991,173,3,10
27772,10992,191,3,15
27773,10992,122,1,0
27774,10992,189,5,5
27775,10993,115,2,5
27776,10993,67,5,25
27777,10994,16,3,5
27778,10994,185,3,0
27779,10994,99,2,25
27780,10994,167,3,25
27781,10995,57,3,10
27782,10996,116,4,10
27783,10996,103,2,20
27784,10997,170,1,20
27785,10997,165,1,5
27786,10997,165,1,5
27787,10998,83,3,10
27788,10998,115,3,25
27789,10998,98,3,0
27790,10998,55,2,25
27791,10999,78,5,0
27792,10999,137,2,0
27793,10999,176,2,20
27794,11000,118,2,10
27795,11000,68,1,0
27796,11000,177,3,10
27797,11001,49,3,5
27798,11002,125,5,5
27799,11003,153,5,15
27800,11003,93,1,5
27801,11003,46,3,10
27802,11003,188,4,10
27803,11003,178,1,15
27804,11004,63,1,20
27805,11004,177,1,20
27806,11005,53,5,15
27807,11005,130,3,5
27808,11006,40,2,5
27809,11007,86,5,10
27810,11008,35,2,0
27811,11009,3,5,0
27812,11009,192,5,5
27813,11009,166,5,5
27814,11010,136,4,25
27815,11010,16,2,10
27816,11010,25,5,15
27817,11011,39,1,5
27818,11011,5,4,25
27819,11012,56,1,10
27820,11012,47,1,10
27821,11012,74,1,0
27822,11013,95,5,5
27823,11013,134,3,20
27824,11014,117,5,0
27825,11014,9,4,20
27826,11014,38,2,20
27827,11015,16,3,15
27828,11015,160,5,10
27829,11015,52,5,20
27830,11015,110,5,20
27831,11016,3,5,0
27832,11017,129,3,25
27833,11017,94,4,5
27834,11017,192,1,0
27835,11018,60,3,15
27836,11018,30,2,0
27837,11018,184,3,10
27838,11018,48,1,25
27839,11019,160,5,25
27840,11019,75,3,10
27841,11020,4,3,25
27842,11021,20,2,0
27843,11021,94,4,0
27844,11021,160,1,25
27845,11022,174,2,0
27846,11023,136,2,10
27847,11024,188,3,0
27848,11025,22,1,5
27849,11026,74,5,20
27850,11026,132,3,0
27851,11027,150,1,25
27852,11028,37,1,25
27853,11028,131,2,0
27854,11029,97,1,20
27855,11030,126,5,20
27856,11030,152,5,15
27857,11030,199,5,0
27858,11031,57,2,10
27859,11031,90,2,15
27860,11031,158,5,20
27861,11032,155,2,25
27862,11032,18,3,20
27863,11032,77,2,5
27864,11032,114,4,5
27865,11033,43,5,15
27866,11033,69,1,5
27867,11034,94,4,10
27868,11035,50,1,10
27869,11035,56,3,25
27870,11036,193,2,15
27871,11036,58,1,10
27872,11036,196,5,20
27873,11037,184,4,25
27874,11037,163,1,20
27875,11037,15,3,10
27876,11038,33,2,25
27877,11038,104,3,15
27878,11039,124,4,20
27879,11039,24,5,10
27880,11040,123,3,10
27881,11040,123,2,5
27882,11041,107,4,5
27883,11041,88,4,5
27884,11042,3,5,25
27885,11043,159,3,10
27886,11044,199,5,10
27887,11045,2,5,25
27888,11046,73,5,25
27889,11046,35,2,15
27890,11046,165,1,15
27891,11047,167,1,0
27892,11047,17,2,15
27893,11048,101,5,25
27894,11048,46,2,20
27895,11049,7,2,25
27896,11049,68,5,25
27897,11049,9,3,10
27898,11049,27,1,20
27899,11050,169,5,5
27900,11050,133,2,5
27901,11050,100,2,5
27902,11050,140,1,25
27903,11050,134,3,20
27904,11051,81,3,10
27905,11051,177,1,20
27906,11052,126,1,15
27907,11053,123,2,20
27908,11054,88,3,0
27909,11054,115,4,15
27910,11054,63,2,20
27911,11055,68,4,25
27912,11055,125,2,15
27913,11056,150,3,10
27914,11056,172,2,5
27915,11057,144,3,10
27916,11057,123,2,20
27917,11058,59,5,15
27918,11058,142,1,20
27919,11059,61,3,10
27920,11059,148,1,20
27921,11060,100,5,20
27922,11060,173,2,25
27923,11060,173,2,15
27924,11060,141,3,10
27925,11060,99,1,10
27926,11061,44,1,10
27927,11061,60,2,10
27928,11061,15,5,15
27929,11061,130,2,20
27930,11061,64,5,5
27931,11062,153,5,25
27932,11063,53,3,0
27933,11063,173,3,25
27934,11064,87,3,0
27935,11064,161,1,5
27936,11064,173,2,5
27937,11064,8,2,15
27938,11064,57,5,10
27939,11065,152,4,20
27940,11065,89,3,25
27941,11065,114,1,5
27942,11065,177,4,25
27943,11066,67,2,0
27944,11066,184,1,25
27945,11067,96,1,5
27946,11067,165,2,10
27947,11067,58,1,10
27948,11067,56,5,25
27949,11068,92,4,0
27950,11068,158,3,20
27951,11068,131,4,5
27952,11068,67,3,5
27953,11069,109,2,5
27954,11069,163,1,0
27955,11070,105,2,0
27956,11071,124,1,10
27957,11071,172,3,10
27958,11071,132,4,15
27959,11071,39,4,10
27960,11072,162,3,25
27961,11073,197,4,15
27962,11073,133,4,10
27963,11073,114,3,15
27964,11074,127,2,25
27965,11075,105,5,15
27966,11075,139,5,0
27967,11075,16,3,5
27968,11076,64,4,10
27969,11076,146,4,5
27970,11076,121,5,0
27971,11077,80,1,5
27972,11078,180,5,25
27973,11078,16,2,0
27974,11079,182,5,25
27975,11079,182,4,15
27976,11080,139,3,10
27977,11080,73,4,10
27978,11081,200,4,20
27979,11081,21,2,15
27980,11081,38,4,10
27981,11081,187,4,10
27982,11081,190,4,0
27983,11082,74,1,10
27984,11083,102,4,0
27985,11084,192,3,10
27986,11085,93,1,10
27987,11086,130,1,10
27988,11087,74,5,15
27989,11088,31,1,5
27990,11088,189,4,20
27991,11089,113,4,25
27992,11089,102,5,5
27993,11089,101,5,20
27994,11090,186,3,25
27995,11090,183,3,5
27996,11090,45,5,5
27997,11090,136,4,0
27998,11091,60,4,0
27999,11091,62,3,5
28000,11091,200,4,5
28001,11091,135,3,15
28002,11092,69,5,5
28003,11092,196,1,15
28004,11093,53,4,0
28005,11093,124,3,20
28006,11093,82,5,5
28007,11094,184,3,25
28008,11094,138,1,0
28009,11095,84,3,5
28010,11096,77,1,15
28011,11097,197,5,20
28012,11097,51,1,0
28013,11098,126,4,25
28014,11098,109,3,10
28015,11098,81,1,10
28016,11099,48,2,20
28017,11099,134,5,25
28018,11099,26,3,15
28019,11099,65,3,10
28020,11099,59,1,5
28021,11100,136,1,0
28022,11100,85,1,5
28023,11101,79,3,20
28024,11101,193,2,20
28025,11101,80,2,25
28026,11102,66,4,5
28027,11103,77,2,15
28028,11103,4,1,0
28029,11104,119,1,5
28030,11105,89,5,10
28031,11106,139,4,25
28032,11106,130,4,0
28033,11107,66,1,20
28034,11108,99,3,20
28035,11108,159,3,25
28036,11109,192,1,10
28037,11109,65,2,25
28038,11109,195,3,20
28039,11110,79,1,0
28040,11110,168,2,10
28041,11110,94,5,15
28042,11111,33,3,10
28043,11111,46,5,5
28044,11112,108,2,15
28045,11112,185,1,15
28046,11113,194,3,20
28047,11113,193,4,20
28048,11114,173,3,20
28049,11115,111,2,25
28050,11115,145,1,15
28051,11115,117,4,15
28052,11116,34,4,0
28053,11116,41,2,15
28054,11116,179,1,15
28055,11116,122,2,20
28056,11116,62,2,20
28057,11117,20,3,10
28058,11118,25,2,5
28059,11119,79,3,5
28060,11120,111,2,0
28061,11121,9,5,5
28062,11122,132,2,20
28063,11122,85,5,0
28064,11122,176,2,0
28065,11123,190,4,10
28066,11123,2,3,0
28067,11123,178,4,5
28068,11123,169,1,0
28069,11124,137,4,5
28070,11124,32,3,15
28071,11125,28,3,20
28072,11125,158,2,25
28073,11126,111,4,0
28074,11126,175,5,0
28075,11127,187,1,0
28076,11127,47,2,15
28077,11127,52,5,10
28078,11127,120,5,25
28079,11128,4,2,25
28080,11128,135,1,0
28081,11128,46,5,20
28082,11128,181,1,5
28083,11129,80,4,5
28084,11129,156,5,25
28085,11130,131,5,10
28086,11130,137,4,25
28087,11130,54,4,20
28088,11131,41,2,15
28089,11132,134,1,25
28090,11132,178,1,25
28091,11133,99,1,20
28092,11133,32,4,5
28093,11133,162,1,0
28094,11133,29,3,25
28095,11133,109,4,10
28096,11134,192,2,0
28097,11135,85,3,20
28098,11135,181,5,0
28099,11136,186,1,10
28100,11137,108,2,15
28101,11137,84,1,0
28102,11137,147,1,15
28103,11137,100,4,0
28104,11138,73,1,5
28105,11138,110,3,0
28106,11139,97,2,10
28107,11139,113,1,5
28108,11139,103,4,20
28109,11140,31,1,5
28110,11140,18,3,20
28111,11140,65,5,25
28112,11141,97,5,15
28113,11142,89,4,15
28114,11142,196,1,0
28115,11142,72,2,5
28116,11142,96,5,5
28117,11143,98,5,5
28118,11143,197,1,10
28119,11143,53,5,5
28120,11144,19,4,25
28121,11144,141,2,0
28122,11144,85,3,20
28123,11144,123,4,20
28124,11144,34,1,5
28125,11145,49,5,5
28126,11145,38,4,5
28127,11145,28,5,15
28128,11145,85,4,5
28129,11145,50,2,5
28130,11146,95,1,0
28131,11146,92,4,5
28132,11147,67,3,15
28133,11147,71,5,25
28134,11147,178,5,15
28135,11148,195,5,15
28136,11149,23,3,0
28137,11150,189,2,25
28138,11150,9,5,10
28139,11150,113,5,20
28140,11151,39,5,20
28141,11152,183,2,25
28142,11152,167,3,25
28143,11153,75,5,20
28144,11153,178,2,15
28145,11154,90,1,20
28146,11154,81,4,15
28147,11154,121,4,25
28148,11155,120,3,10
28149,11155,30,4,5
28150,11156,138,5,20
28151,11156,87,5,15
28152,11156,170,1,10
28153,11157,125,3,15
28154,11158,30,2,10
28155,11158,176,5,5
28156,11158,69,3,10
28157,11158,42,1,0
28158,11158,151,3,5
28159,11159,84,4,25
28160,11160,132,1,5
28161,11161,20,5,0
28162,11161,105,5,5
28163,11161,41,1,15
28164,11161,89,5,10
28165,11162,74,3,5
28166,11162,17,3,25
28167,11162,196,2,25
28168,11163,80,3,5
28169,11163,66,3,5
28170,11163,79,5,20
28171,11164,166,4,5
28172,11164,4,3,10
28173,11165,99,1,0
28174,11165,50,4,20
28175,11165,118,4,5
28176,11166,154,3,15
28177,11166,103,1,25
28178,11167,199,3,20
28179,11167,12,3,5
28180,11167,199,3,10
28181,11167,90,4,5
28182,11167,131,2,15
28183,11168,64,5,0
28184,11168,98,3,20
28185,11168,82,1,5
28186,11168,39,3,10
28187,11168,189,3,20
28188,11169,124,1,15
28189,11169,62,3,15
28190,11169,163,2,20
28191,11169,148,5,25
28192,11169,162,1,20
28193,11170,199,2,25
28194,11171,156,1,20
28195,11171,8,3,20
28196,11172,46,5,0
28197,11173,123,2,0
28198,11173,71,2,15
28199,11173,84,1,5
28200,11174,93,1,10
28201,11174,179,5,25
28202,11174,99,5,5
28203,11175,145,3,5
28204,11175,129,4,15
28205,11175,88,3,20
28206,11175,189,1,15
28207,11176,55,4,10
28208,11177,66,4,15
28209,11177,168,1,25
28210,11177,57,5,5
28211,11177,189,1,10
28212,11178,86,4,25
28213,11178,112,3,5
28214,11178,63,1,0
28215,11178,184,5,0
28216,11179,39,5,5
28217,11179,138,3,5
28218,11179,167,2,0
28219,11180,144,1,5
28220,11180,23,2,0
28221,11180,91,2,20
28222,11181,97,3,0
28223,11182,141,5,20
28224,11183,158,5,0
28225,11183,72,3,0
28226,11184,36,1,0
28227,11184,32,3,0
28228,11184,110,4,20
28229,11185,7,5,25
28230,11185,170,3,10
28231,11185,89,1,15
28232,11185,157,1,10
28233,11185,155,4,5
28234,11186,178,4,20
28235,11186,18,2,5
28236,11186,20,1,25
28237,11186,3,2,25
28238,11186,156,4,5
28239,11187,193,4,25
28240,11187,30,1,10
28241,11187,164,2,25
28242,11187,72,1,15
28243,11188,112,4,10
28244,11188,172,3,5
28245,11188,110,2,25
28246,11189,55,2,5
28247,11190,197,4,0
28248,11191,141,3,15
28249,11192,110,2,15
28250,11192,186,4,0
28251,11193,93,1,20
28252,11193,36,2,10
28253,11193,122,4,25
28254,11194,53,2,5
28255,11195,137,3,0
28256,11195,152,5,20
28257,11196,106,3,5
28258,11196,133,1,20
28259,11197,168,3,5
28260,11197,30,4,20
28261,11197,200,4,5
28262,11198,81,5,25
28263,11198,58,2,5
28264,11198,143,1,15
28265,11199,132,1,20
28266,11200,61,3,10
28267,11200,183,4,25
28268,11200,154,1,5
28269,11200,22,1,15
28270,11201,59,5,10
28271,11201,35,1,5
28272,11202,129,2,10
28273,11202,25,4,5
28274,11202,85,4,20
28275,11203,35,1,5
28276,11203,126,5,25
28277,11203,4,5,15
28278,11203,139,2,5
28279,11203,172,5,15
28280,11204,186,5,15
28281,11204,95,4,15
28282,11204,37,2,10
28283,11205,27,3,15
28284,11205,117,3,15
28285,11205,111,3,20
28286,11206,155,4,0
28287,11207,24,4,25
28288,11207,6,4,5
28289,11208,14,5,5
28290,11208,100,1,10
28291,11208,110,1,25
28292,11208,31,1,25
28293,11209,36,1,25
28294,11210,115,3,20
28295,11211,75,5,25
28296,11211,127,5,10
28297,11211,159,3,25
28298,11211,196,1,10
28299,11212,25,2,25
28300,11213,55,1,5
28301,11213,63,3,25
28302,11214,42,3,0
28303,11215,21,3,25
28304,11216,81,3,0
28305,11216,62,2,20
28306,11217,130,3,25
28307,11218,133,2,10
28308,11218,73,5,10
28309,11219,101,3,0
28310,11220,4,1,10
28311,11220,31,5,25
28312,11221,182,3,25
28313,11221,141,4,0
28314,11222,81,4,0
28315,11222,163,5,0
28316,11223,31,2,0
28317,11224,160,5,20
28318,11224,64,1,20
28319,11225,185,2,15
28320,11226,194,4,5
28321,11227,38,2,25
28322,11227,189,2,25
28323,11227,31,2,25
28324,11227,83,4,5
28325,11228,48,3,15
28326,11228,200,5,25
28327,11229,101,5,10
28328,11229,126,3,25
28329,11229,199,2,0
28330,11229,79,5,0
28331,11229,170,1,10
28332,11230,32,3,15
28333,11230,178,4,0
28334,11230,27,1,20
28335,11230,13,1,15
28336,11231,10,5,5
28337,11231,92,1,20
28338,11232,87,2,15
28339,11233,138,4,10
28340,11234,16,3,5
28341,11234,154,1,10
28342,11234,144,5,25
28343,11234,67,4,15
28344,11234,41,4,25
28345,11235,163,4,0
28346,11236,11,2,5
28347,11236,10,5,25
28348,11236,100,3,5
28349,11236,146,2,20
28350,11237,114,2,10
28351,11237,34,3,25
28352,11238,186,4,5
28353,11238,136,3,5
28354,11238,117,5,15
28355,11238,161,3,25
28356,11238,121,4,10
28357,11239,92,4,15
28358,11239,166,5,0
28359,11240,77,4,0
28360,11240,198,4,0
28361,11240,80,5,10
28362,11240,77,2,25
28363,11241,94,1,0
28364,11241,182,3,20
28365,11242,123,5,0
28366,11242,191,4,5
28367,11243,123,3,5
28368,11243,166,1,10
28369,11243,41,3,20
28370,11244,71,3,5
28371,11245,25,3,20
28372,11245,123,4,15
28373,11245,166,2,15
28374,11246,52,2,15
28375,11247,22,5,20
28376,11247,123,1,0
28377,11247,180,2,10
28378,11248,69,1,25
28379,11249,112,2,15
28380,11249,49,1,0
28381,11249,67,5,20
28382,11249,6,2,10
28383,11250,10,1,20
28384,11250,87,3,5
28385,11251,147,4,20
28386,11251,93,3,10
28387,11251,95,1,25
28388,11252,120,3,20
28389,11252,136,2,15
28390,11252,100,2,0
28391,11252,144,3,25
28392,11252,173,1,0
28393,11253,165,4,20
28394,11253,133,1,10
28395,11254,49,1,10
28396,11254,87,3,20
28397,11254,78,3,25
28398,11255,96,1,0
28399,11255,119,1,5
28400,11256,96,4,20
28401,11256,64,5,20
28402,11256,162,3,20
28403,11256,120,1,25
28404,11256,42,1,5
28405,11257,187,4,15
28406,11257,49,4,15
28407,11257,173,1,5
28408,11257,174,4,20
28409,11258,109,2,10
28410,11258,113,2,15
28411,11258,168,4,10
28412,11258,47,5,10
28413,11259,4,4,15
28414,11259,193,5,25
28415,11260,6,4,15
28416,11260,97,5,20
28417,11261,142,1,20
28418,11261,141,1,20
28419,11262,140,3,10
28420,11262,28,3,10
28421,11263,55,4,25
28422,11263,69,1,0
28423,11263,162,4,15
28424,11263,169,3,20
28425,11264,55,3,0
28426,11264,53,4,25
28427,11265,169,2,10
28428,11265,172,5,25
28429,11265,30,2,0
28430,11266,145,5,15
28431,11266,106,5,25
28432,11267,71,1,20
28433,11268,162,2,10
28434,11269,169,3,0
28435,11269,89,1,10
28436,11269,102,5,0
28437,11269,157,1,10
28438,11270,47,3,5
28439,11270,138,3,10
28440,11270,133,3,20
28441,11270,194,5,15
28442,11270,141,4,5
28443,11271,56,1,5
28444,11271,116,2,5
28445,11272,19,5,5
28446,11273,3,2,5
28447,11274,46,2,25
28448,11274,162,4,0
28449,11275,78,2,20
28450,11275,113,4,10
28451,11276,198,5,20
28452,11277,18,4,5
28453,11277,14,5,0
28454,11278,38,4,25
28455,11278,57,5,20
28456,11279,86,3,25
28457,11279,130,3,10
28458,11279,22,2,25
28459,11280,19,1,0
28460,11280,111,1,15
28461,11280,132,4,25
28462,11280,100,3,5
28463,11281,122,2,20
28464,11281,19,5,10
28465,11282,160,3,10
28466,11282,112,5,20
28467,11282,177,5,20
28468,11282,136,5,10
28469,11283,116,5,25
28470,11283,165,5,10
28471,11283,191,3,5
28472,11283,154,2,0
28473,11283,129,4,0
28474,11284,65,2,5
28475,11284,80,3,25
28476,11284,137,2,25
28477,11285,102,5,10
28478,11285,136,1,10
28479,11285,72,2,10
28480,11286,187,1,10
28481,11286,15,1,25
28482,11287,30,2,5
28483,11287,121,5,5
28484,11288,138,2,10
28485,11288,21,2,10
28486,11289,23,4,5
28487,11290,136,2,25
28488,11291,62,3,15
28489,11291,138,3,5
28490,11292,76,5,15
28491,11292,27,3,25
28492,11292,26,4,25
28493,11292,195,1,15
28494,11292,20,3,20
28495,11293,57,5,15
28496,11293,11,3,5
28497,11294,55,5,0
28498,11294,82,4,5
28499,11295,100,2,15
28500,11295,84,3,10
28501,11295,200,5,5
28502,11295,60,5,20
28503,11296,26,2,15
28504,11296,86,5,0
28505,11296,75,5,10
28506,11297,81,5,25
28507,11297,123,5,20
28508,11297,154,3,10
28509,11297,39,2,25
28510,11298,90,4,0
28511,11298,197,5,0
28512,11299,164,4,20
28513,11299,114,2,10
28514,11300,112,5,20
28515,11300,135,3,0
28516,11301,79,4,10
28517,11301,113,2,15
28518,11301,149,1,20
28519,11302,172,2,25
28520,11302,47,1,0
28521,11302,49,4,0
28522,11303,42,5,15
28523,11304,116,5,25
28524,11304,83,4,0
28525,11305,16,2,15
28526,11305,86,4,5
28527,11306,9,3,20
28528,11307,43,2,20
28529,11307,163,4,20
28530,11307,149,1,25
28531,11307,183,2,25
28532,11308,30,4,15
28533,11308,149,1,20
28534,11308,154,3,0
28535,11308,63,5,10
28536,11308,104,1,25
28537,11309,132,4,15
28538,11309,90,2,15
28539,11310,48,1,0
28540,11310,134,5,15
28541,11310,8,3,15
28542,11311,24,4,0
28543,11311,168,4,20
28544,11311,28,4,5
28545,11311,79,4,15
28546,11312,34,2,20
28547,11313,185,3,25
28548,11313,150,3,20
28549,11313,161,2,25
28550,11313,186,5,20
28551,11314,71,1,10
28552,11314,28,4,20
28553,11314,80,2,10
28554,11314,174,4,25
28555,11314,101,4,5
28556,11315,138,5,15
28557,11315,24,3,0
28558,11316,143,4,5
28559,11316,170,4,25
28560,11316,98,1,15
28561,11316,138,4,10
28562,11317,51,1,0
28563,11318,89,3,5
28564,11318,58,2,5
28565,11318,97,4,10
28566,11318,64,4,20
28567,11319,124,1,10
28568,11319,59,4,25
28569,11319,164,2,25
28570,11319,151,1,15
28571,11320,117,2,0
28572,11320,90,2,5
28573,11321,19,4,20
28574,11321,171,5,25
28575,11322,65,2,15
28576,11322,119,5,10
28577,11322,99,2,10
28578,11323,71,4,15
28579,11323,68,1,10
28580,11324,80,2,5
28581,11325,55,4,20
28582,11325,198,2,10
28583,11325,176,3,15
28584,11325,71,5,10
28585,11325,152,2,0
28586,11326,35,4,0
28587,11326,76,3,25
28588,11327,172,5,0
28589,11327,94,1,25
28590,11328,178,5,0
28591,11328,60,4,25
28592,11329,91,3,25
28593,11329,33,1,15
28594,11330,71,4,25
28595,11330,9,1,25
28596,11331,72,4,25
28597,11332,47,3,25
28598,11333,61,5,5
28599,11333,176,5,15
28600,11333,130,4,25
28601,11333,169,4,25
28602,11334,147,2,20
28603,11334,32,2,15
28604,11334,35,5,20
28605,11334,134,2,25
28606,11334,58,4,0
28607,11335,82,4,15
28608,11335,57,5,15
28609,11335,144,4,20
28610,11335,112,1,10
28611,11335,198,1,0
28612,11336,200,5,0
28613,11336,137,2,10
28614,11337,102,1,5
28615,11338,136,2,20
28616,11338,92,3,10
28617,11339,17,2,0
28618,11340,183,4,20
28619,11341,151,1,25
28620,11341,195,4,15
28621,11341,62,4,0
28622,11342,156,4,10
28623,11342,73,3,25
28624,11342,101,5,15
28625,11342,114,4,0
28626,11342,154,2,20
28627,11343,42,1,25
28628,11343,34,1,25
28629,11343,117,1,20
28630,11343,194,2,10
28631,11343,61,3,10
28632,11344,143,5,20
28633,11345,66,4,25
28634,11345,159,4,20
28635,11346,180,2,15
28636,11347,2,5,5
28637,11347,200,3,15
28638,11348,3,1,25
28639,11348,198,4,25
28640,11348,41,1,0
28641,11349,9,3,15
28642,11349,99,2,15
28643,11350,153,5,0
28644,11350,193,4,25
28645,11350,96,1,10
28646,11350,79,1,15
28647,11350,32,4,20
28648,11351,77,1,0
28649,11351,57,2,15
28650,11352,144,5,0
28651,11352,23,3,0
28652,11353,16,3,15
28653,11353,104,3,20
28654,11354,46,2,0
28655,11354,42,4,10
28656,11354,38,2,15
28657,11355,127,5,0
28658,11355,31,1,20
28659,11355,119,5,20
28660,11355,102,3,20
28661,11355,181,5,15
28662,11356,187,2,0
28663,11356,33,1,10
28664,11356,164,4,5
28665,11356,114,5,25
28666,11357,11,5,0
28667,11357,82,5,15
28668,11358,32,5,0
28669,11358,134,5,5
28670,11358,114,1,25
28671,11358,65,4,10
28672,11359,168,2,20
28673,11359,119,2,15
28674,11359,67,4,10
28675,11360,139,5,0
28676,11360,115,1,15
28677,11360,126,3,10
28678,11360,56,5,5
28679,11361,78,4,20
28680,11362,141,2,20
28681,11363,16,1,10
28682,11364,173,4,10
28683,11365,1,1,5
28684,11365,156,4,25
28685,11365,33,4,15
28686,11366,183,5,20
28687,11367,13,1,25
28688,11367,160,2,20
28689,11367,184,4,15
28690,11368,23,4,25
28691,11368,82,3,15
28692,11368,61,3,10
28693,11369,15,2,20
28694,11369,66,2,25
28695,11370,88,4,25
28696,11371,151,4,10
28697,11371,42,4,0
28698,11371,120,5,25
28699,11371,29,2,5
28700,11371,140,4,15
28701,11372,182,3,15
28702,11372,107,5,5
28703,11372,28,3,15
28704,11373,112,1,10
28705,11373,86,1,20
28706,11374,191,4,25
28707,11374,69,4,15
28708,11375,55,4,25
28709,11376,163,5,15
28710,11376,89,1,20
28711,11376,112,2,20
28712,11377,29,5,15
28713,11377,59,1,0
28714,11378,55,5,15
28715,11378,10,2,15
28716,11378,156,3,10
28717,11379,53,4,15
28718,11379,111,2,15
28719,11380,156,5,20
28720,11380,111,4,25
28721,11381,45,2,20
28722,11381,104,3,0
28723,11381,174,3,20
28724,11381,137,3,20
28725,11381,106,5,25
28726,11382,98,4,5
28727,11382,77,1,5
28728,11382,17,2,10
28729,11383,13,3,10
28730,11384,68,3,10
28731,11384,67,3,15
28732,11385,22,3,25
28733,11386,187,1,20
28734,11386,170,2,15
28735,11387,138,3,25
28736,11388,50,4,5
28737,11388,42,5,20
28738,11388,32,1,15
28739,11388,65,5,5
28740,11389,83,1,5
28741,11389,67,1,10
28742,11390,119,4,5
28743,11390,184,3,0
28744,11391,149,1,25
28745,11392,139,2,15
28746,11392,172,5,5
28747,11392,199,5,0
28748,11393,90,3,20
28749,11393,188,2,0
28750,11394,176,4,5
28751,11395,83,5,5
28752,11395,29,3,20
28753,11395,171,1,0
28754,11395,14,3,5
28755,11395,171,2,5
28756,11396,141,4,10
28757,11396,55,1,20
28758,11397,184,5,15
28759,11397,135,5,10
28760,11397,119,1,25
28761,11398,177,3,10
28762,11399,143,1,20
28763,11400,184,2,10
28764,11401,106,2,20
28765,11401,1,5,0
28766,11401,171,1,10
28767,11402,39,3,0
28768,11402,94,2,5
28769,11402,69,3,5
28770,11403,200,3,15
28771,11403,193,2,10
28772,11404,103,5,5
28773,11405,109,5,25
28774,11406,141,4,0
28775,11406,23,1,20
28776,11406,79,1,10
28777,11407,131,2,0
28778,11407,197,5,25
28779,11407,170,2,25
28780,11408,179,1,10
28781,11408,56,3,25
28782,11409,38,1,5
28783,11409,93,4,10
28784,11409,50,4,15
28785,11409,87,5,5
28786,11409,198,2,20
28787,11410,120,5,20
28788,11410,64,3,15
28789,11410,190,4,0
28790,11411,188,3,0
28791,11412,189,1,15
28792,11413,137,2,10
28793,11414,23,2,15
28794,11414,153,3,25
28795,11414,24,2,10
28796,11415,180,1,10
28797,11415,174,4,25
28798,11415,74,1,20
28799,11416,55,1,20
28800,11416,171,1,0
28801,11416,175,1,5
28802,11417,190,2,10
28803,11417,186,1,25
28804,11417,27,5,10
28805,11417,146,3,20
28806,11418,46,1,15
28807,11418,199,3,10
28808,11418,147,3,5
28809,11419,7,3,0
28810,11419,162,1,15
28811,11419,196,5,10
28812,11419,17,4,5
28813,11419,11,4,5
28814,11420,183,3,15
28815,11421,197,1,25
28816,11421,131,4,0
28817,11421,31,5,20
28818,11422,22,4,20
28819,11422,73,2,0
28820,11422,1,5,0
28821,11422,93,4,10
28822,11423,72,1,5
28823,11423,23,5,10
28824,11424,97,4,25
28825,11425,170,4,20
28826,11425,134,4,0
28827,11425,32,3,0
28828,11425,69,1,20
28829,11426,2,3,0
28830,11426,52,4,10
28831,11427,186,3,25
28832,11427,196,3,25
28833,11428,48,2,5
28834,11429,19,1,25
28835,11429,66,2,5
28836,11429,73,2,0
28837,11429,123,2,10
28838,11430,34,5,10
28839,11430,17,3,0
28840,11431,89,2,0
28841,11431,171,4,25
28842,11431,195,5,25
28843,11432,51,1,0
28844,11432,57,1,10
28845,11433,122,5,0
28846,11433,2,2,20
28847,11433,107,1,25
28848,11434,144,2,10
28849,11435,193,2,15
28850,11435,112,1,10
28851,11436,165,1,5
28852,11437,6,3,15
28853,11437,17,1,15
28854,11437,177,2,5
28855,11437,159,1,10
28856,11438,99,5,25
28857,11439,179,1,0
28858,11439,96,4,10
28859,11440,146,3,0
28860,11441,120,4,20
28861,11442,18,1,15
28862,11442,94,3,0
28863,11443,116,4,15
28864,11443,18,3,10
28865,11443,66,5,5
28866,11444,59,1,5
28867,11445,149,2,5
28868,11445,35,1,15
28869,11446,95,1,15
28870,11446,90,2,10
28871,11446,10,4,0
28872,11446,18,5,5
28873,11446,117,4,0
28874,11447,199,5,25
28875,11447,91,3,20
28876,11447,3,1,15
28877,11448,90,4,20
28878,11448,29,2,25
28879,11448,39,3,0
28880,11449,175,3,10
28881,11449,104,1,10
28882,11450,72,3,5
28883,11450,149,4,5
28884,11451,94,5,0
28885,11451,171,5,10
28886,11451,127,4,20
28887,11452,46,4,20
28888,11452,146,4,5
28889,11452,25,2,20
28890,11453,91,5,25
28891,11453,5,2,0
28892,11453,57,5,10
28893,11453,145,5,0
28894,11453,15,3,20
28895,11454,116,4,10
28896,11454,37,1,5
28897,11454,76,4,25
28898,11454,93,3,25
28899,11454,18,4,25
28900,11455,46,2,0
28901,11455,193,2,0
28902,11455,31,5,25
28903,11455,9,2,15
28904,11456,111,1,20
28905,11457,114,5,0
28906,11458,159,5,10
28907,11458,101,4,10
28908,11458,100,4,15
28909,11459,157,1,5
28910,11460,138,1,0
28911,11460,22,3,20
28912,11460,168,1,10
28913,11461,32,5,5
28914,11462,97,1,5
28915,11462,123,5,5
28916,11462,192,4,10
28917,11463,175,4,25
28918,11464,5,5,5
28919,11465,149,1,15
28920,11466,158,2,5
28921,11466,124,4,15
28922,11467,34,5,5
28923,11468,92,3,20
28924,11468,119,5,0
28925,11468,200,4,0
28926,11469,179,1,25
28927,11469,165,4,10
28928,11470,88,1,25
28929,11470,168,2,0
28930,11471,77,4,25
28931,11471,124,1,15
28932,11471,112,4,5
28933,11472,87,5,5
28934,11473,61,5,25
28935,11473,53,1,5
28936,11474,113,3,5
28937,11475,93,3,5
28938,11475,84,3,15
28939,11476,89,1,20
28940,11476,64,4,20
28941,11476,187,2,15
28942,11476,179,5,25
28943,11476,70,1,20
28944,11477,197,5,0
28945,11477,40,3,25
28946,11477,18,3,25
28947,11477,60,2,20
28948,11478,63,1,0
28949,11479,23,1,20
28950,11479,31,3,25
28951,11479,126,1,0
28952,11479,53,1,0
28953,11480,2,1,0
28954,11481,130,1,15
28955,11482,98,3,25
28956,11482,37,3,0
28957,11482,192,5,25
28958,11482,7,3,25
28959,11482,183,1,5
28960,11483,9,5,20
28961,11484,29,5,0
28962,11484,186,4,15
28963,11484,102,1,5
28964,11485,131,3,0
28965,11486,95,3,25
28966,11487,92,5,0
28967,11487,150,1,25
28968,11487,129,4,5
28969,11487,45,2,5
28970,11488,152,3,15
28971,11488,127,4,15
28972,11489,171,5,15
28973,11489,78,5,15
28974,11489,199,1,10
28975,11489,65,1,10
28976,11489,127,2,5
28977,11490,123,3,20
28978,11490,89,2,0
28979,11490,46,1,25
28980,11490,132,1,25
28981,11490,52,2,10
28982,11491,132,2,5
28983,11492,189,2,20
28984,11492,176,5,5
28985,11493,21,4,15
28986,11493,171,1,5
28987,11493,114,5,10
28988,11493,154,5,0
28989,11494,13,4,5
28990,11494,79,2,5
28991,11495,176,2,20
28992,11495,189,3,20
28993,11495,107,1,20
28994,11496,150,1,5
28995,11497,113,1,15
28996,11498,13,1,5
28997,11498,4,3,25
28998,11498,132,4,10
28999,11498,52,5,0
29000,11499,132,2,15
29001,11499,5,4,15
29002,11499,200,2,10
29003,11499,86,3,25
29004,11500,144,1,10
29005,11500,144,1,0
29006,11501,11,1,5
29007,11501,151,5,0
29008,11502,92,5,0
29009,11503,46,5,20
29010,11503,129,1,10
29011,11503,33,5,25
29012,11504,78,3,15
29013,11504,41,5,25
29014,11505,30,5,25
29015,11506,47,4,15
29016,11507,37,3,5
29017,11508,175,3,0
29018,11508,72,3,20
29019,11508,193,2,10
29020,11508,80,4,25
29021,11508,28,1,5
29022,11509,172,4,20
29023,11509,146,3,15
29024,11510,123,3,5
29025,11510,142,3,20
29026,11511,30,5,25
29027,11512,28,2,20
29028,11513,14,5,0
29029,11513,111,1,0
29030,11514,53,3,15
29031,11515,67,4,10
29032,11515,158,2,25
29033,11515,148,1,5
29034,11515,86,1,10
29035,11516,149,4,5
29036,11517,195,5,10
29037,11518,139,1,5
29038,11518,177,2,0
29039,11519,107,2,0
29040,11520,94,5,15
29041,11521,82,5,0
29042,11521,51,2,0
29043,11521,38,3,5
29044,11521,56,5,25
29045,11522,18,1,20
29046,11522,167,5,20
29047,11522,191,2,15
29048,11522,70,5,15
29049,11523,184,1,0
29050,11523,171,3,20
29051,11523,186,3,15
29052,11524,15,4,25
29053,11524,77,4,15
29054,11524,121,2,0
29055,11524,136,5,0
29056,11525,156,1,5
29057,11525,109,2,5
29058,11525,2,3,10
29059,11525,39,3,10
29060,11525,53,2,10
29061,11526,70,3,0
29062,11526,159,1,20
29063,11526,168,4,10
29064,11526,108,3,15
29065,11526,70,2,5
29066,11527,32,5,25
29067,11527,9,4,20
29068,11527,6,1,15
29069,11528,31,3,5
29070,11528,133,1,15
29071,11528,25,1,25
29072,11529,132,3,15
29073,11529,31,1,15
29074,11529,13,3,10
29075,11530,173,2,5
29076,11530,186,1,5
29077,11531,198,4,25
29078,11531,69,2,5
29079,11531,121,3,5
29080,11531,25,4,0
29081,11531,119,1,10
29082,11532,55,4,0
29083,11532,79,5,15
29084,11533,73,2,15
29085,11533,7,4,10
29086,11533,83,1,25
29087,11533,13,5,15
29088,11534,177,3,10
29089,11534,125,1,10
29090,11534,61,5,20
29091,11534,85,2,15
29092,11535,68,5,5
29093,11536,185,2,0
29094,11536,102,4,0
29095,11537,125,3,0
29096,11537,71,5,25
29097,11538,159,2,10
29098,11538,106,3,15
29099,11538,17,2,0
29100,11538,37,2,25
29101,11538,64,4,15
29102,11539,46,1,0
29103,11540,118,5,0
29104,11540,136,1,20
29105,11541,27,5,25
29106,11541,181,2,25
29107,11541,64,3,0
29108,11541,101,5,20
29109,11542,127,4,5
29110,11542,118,3,20
29111,11542,34,1,20
29112,11543,132,2,0
29113,11543,76,2,0
29114,11543,120,5,15
29115,11543,40,1,15
29116,11544,97,1,25
29117,11545,198,2,15
29118,11546,143,1,0
29119,11546,50,4,15
29120,11547,183,4,5
29121,11548,31,4,25
29122,11549,152,2,25
29123,11549,51,3,25
29124,11549,165,5,10
29125,11549,10,2,25
29126,11550,127,3,10
29127,11550,116,4,20
29128,11550,85,5,0
29129,11551,27,3,20
29130,11551,76,3,5
29131,11551,30,4,15
29132,11552,28,2,25
29133,11552,171,2,5
29134,11552,33,4,20
29135,11552,191,4,20
29136,11552,200,4,25
29137,11553,34,2,0
29138,11553,111,1,10
29139,11554,17,2,0
29140,11554,109,3,5
29141,11555,43,1,15
29142,11556,159,1,15
29143,11556,27,1,0
29144,11557,112,2,0
29145,11557,65,1,15
29146,11558,155,4,5
29147,11558,131,3,20
29148,11558,63,5,20
29149,11558,144,2,5
29150,11559,53,3,0
29151,11559,171,5,15
29152,11559,95,1,10
29153,11560,56,3,15
29154,11560,30,3,0
29155,11561,31,4,5
29156,11562,30,1,15
29157,11562,55,1,10
29158,11562,195,1,25
29159,11563,78,4,20
29160,11564,34,5,20
29161,11564,34,3,10
29162,11564,182,1,0
29163,11565,101,4,10
29164,11566,195,1,5
29165,11567,35,3,25
29166,11567,142,4,10
29167,11567,7,5,5
29168,11568,152,3,5
29169,11569,86,1,15
29170,11569,73,2,5
29171,11570,14,3,15
29172,11571,107,2,10
29173,11571,90,3,15
29174,11571,52,5,15
29175,11571,73,2,25
29176,11571,30,4,10
29177,11572,16,1,10
29178,11572,170,4,20
29179,11572,151,4,15
29180,11572,164,4,5
29181,11573,163,3,20
29182,11573,143,1,15
29183,11573,193,2,20
29184,11573,64,4,20
29185,11574,98,3,10
29186,11574,104,3,0
29187,11574,33,1,5
29188,11574,63,5,20
29189,11575,152,4,0
29190,11576,157,5,25
29191,11577,132,4,0
29192,11578,50,3,10
29193,11579,135,2,15
29194,11579,17,1,20
29195,11580,100,5,10
29196,11580,159,3,0
29197,11581,49,2,15
29198,11581,186,2,0
29199,11582,155,2,5
29200,11582,104,1,0
29201,11583,168,3,15
29202,11583,157,5,10
29203,11583,176,3,20
29204,11583,88,3,25
29205,11583,154,3,0
29206,11584,131,3,25
29207,11585,30,5,0
29208,11586,5,4,0
29209,11586,174,1,0
29210,11586,50,1,5
29211,11587,103,1,15
29212,11588,52,3,10
29213,11588,188,2,0
29214,11589,179,2,0
29215,11589,23,3,15
29216,11589,133,4,20
29217,11590,59,5,10
29218,11590,155,1,20
29219,11590,195,1,10
29220,11590,144,1,15
29221,11591,4,4,5
29222,11592,107,1,15
29223,11593,118,4,5
29224,11593,178,3,20
29225,11593,44,2,0
29226,11594,161,3,15
29227,11594,178,4,0
29228,11594,75,3,10
29229,11594,163,3,10
29230,11594,12,5,10
29231,11595,137,3,15
29232,11595,124,5,5
29233,11595,192,4,5
29234,11596,83,2,0
29235,11596,99,2,25
29236,11596,72,1,15
29237,11596,61,3,15
29238,11596,10,4,25
29239,11597,91,5,15
29240,11597,44,5,20
29241,11597,130,3,20
29242,11598,117,2,20
29243,11598,107,5,5
29244,11598,67,3,25
29245,11598,71,5,5
29246,11599,114,2,0
29247,11599,42,3,5
29248,11600,125,4,0
29249,11600,2,2,20
29250,11601,141,1,0
29251,11601,21,4,25
29252,11601,40,2,10
29253,11601,192,2,10
29254,11602,54,1,5
29255,11602,93,3,10
29256,11602,163,4,20
29257,11602,163,3,20
29258,11602,74,2,10
29259,11603,34,2,10
29260,11603,139,5,15
29261,11603,197,2,5
29262,11604,112,3,10
29263,11605,8,5,15
29264,11605,13,5,10
29265,11605,147,2,10
29266,11605,30,3,20
29267,11606,157,5,0
29268,11606,97,2,5
29269,11606,139,3,20
29270,11606,58,1,5
29271,11607,47,1,15
29272,11608,11,5,5
29273,11608,116,3,25
29274,11608,107,5,0
29275,11609,54,3,0
29276,11610,155,1,15
29277,11610,157,2,0
29278,11610,120,4,20
29279,11611,159,1,25
29280,11612,90,4,0
29281,11612,31,2,25
29282,11612,125,1,20
29283,11612,130,1,15
29284,11612,147,4,10
29285,11613,19,5,5
29286,11613,13,5,10
29287,11614,30,3,25
29288,11614,11,4,0
29289,11614,24,3,25
29290,11615,9,2,20
29291,11615,188,2,10
29292,11616,183,4,0
29293,11617,3,1,0
29294,11617,115,5,15
29295,11618,39,2,25
29296,11619,117,2,20
29297,11619,155,5,20
29298,11619,184,4,5
29299,11619,90,1,20
29300,11619,159,4,15
29301,11620,70,4,5
29302,11620,126,5,0
29303,11621,79,5,5
29304,11621,4,2,15
29305,11621,60,2,5
29306,11621,191,5,5
29307,11621,63,5,10
29308,11622,101,2,25
29309,11622,175,1,25
29310,11623,138,2,20
29311,11623,167,4,0
29312,11624,65,2,20
29313,11624,4,1,20
29314,11625,177,1,25
29315,11625,103,3,15
29316,11625,132,4,0
29317,11625,70,3,10
29318,11625,56,3,5
29319,11626,4,2,10
29320,11626,53,2,10
29321,11627,47,5,10
29322,11628,138,1,15
29323,11629,82,5,15
29324,11629,78,3,10
29325,11629,63,5,5
29326,11629,63,5,0
29327,11630,144,5,15
29328,11631,192,4,25
29329,11631,51,1,10
29330,11631,31,2,10
29331,11632,153,1,10
29332,11632,34,3,20
29333,11632,126,3,5
29334,11633,178,1,15
29335,11633,122,1,20
29336,11633,179,4,0
29337,11634,96,3,20
29338,11634,158,3,5
29339,11634,138,2,20
29340,11635,81,5,25
29341,11635,7,1,20
29342,11635,106,1,0
29343,11636,183,3,0
29344,11636,106,3,10
29345,11637,34,1,20
29346,11637,50,3,20
29347,11637,162,1,20
29348,11637,125,5,25
29349,11637,185,5,10
29350,11638,172,1,5
29351,11639,19,1,0
29352,11639,155,1,20
29353,11640,145,2,20
29354,11641,35,2,10
29355,11642,102,2,10
29356,11642,3,1,25
29357,11642,15,4,0
29358,11642,151,3,5
29359,11643,108,2,25
29360,11644,183,2,10
29361,11645,33,5,0
29362,11645,158,3,25
29363,11645,178,5,20
29364,11646,39,2,15
29365,11646,52,3,25
29366,11647,44,4,15
29367,11647,105,2,15
29368,11647,14,4,15
29369,11647,121,4,25
29370,11648,77,2,15
29371,11648,132,3,20
29372,11649,128,1,10
29373,11649,142,4,0
29374,11649,57,3,20
29375,11650,140,3,5
29376,11651,38,3,0
29377,11651,79,1,25
29378,11651,54,1,5
29379,11651,78,3,5
29380,11651,190,5,20
29381,11652,129,5,20
29382,11652,150,1,10
29383,11653,163,4,25
29384,11653,161,2,25
29385,11654,61,4,15
29386,11654,111,4,10
29387,11655,180,4,15
29388,11655,118,2,15
29389,11655,58,3,0
29390,11655,15,4,0
29391,11656,173,5,10
29392,11656,12,5,10
29393,11656,43,3,15
29394,11657,159,1,25
29395,11658,45,3,10
29396,11658,130,4,25
29397,11658,194,1,25
29398,11659,80,4,10
29399,11660,191,2,0
29400,11660,45,1,20
29401,11661,31,4,20
29402,11661,86,4,5
29403,11662,38,3,25
29404,11662,38,4,20
29405,11662,112,5,25
29406,11662,31,4,5
29407,11662,49,4,10
29408,11663,96,2,15
29409,11663,143,2,5
29410,11663,115,3,15
29411,11664,36,1,20
29412,11664,194,2,0
29413,11665,106,3,5
29414,11665,127,1,25
29415,11665,145,2,25
29416,11665,16,5,15
29417,11666,110,3,25
29418,11666,182,2,25
29419,11666,108,3,10
29420,11666,193,4,0
29421,11667,14,1,10
29422,11668,180,2,15
29423,11669,66,4,10
29424,11670,30,3,20
29425,11670,129,5,20
29426,11670,81,1,5
29427,11671,192,2,10
29428,11671,143,5,10
29429,11672,28,3,0
29430,11673,65,3,5
29431,11673,143,5,15
29432,11674,15,2,0
29433,11675,127,4,25
29434,11675,4,2,0
29435,11675,148,2,0
29436,11676,57,3,10
29437,11676,123,2,0
29438,11676,97,1,15
29439,11676,74,1,20
29440,11676,8,5,5
29441,11677,109,5,25
29442,11677,89,5,15
29443,11678,1,3,15
29444,11679,66,3,15
29445,11679,102,2,20
29446,11680,107,5,0
29447,11680,4,3,0
29448,11681,140,4,10
29449,11682,90,2,20
29450,11682,198,5,0
29451,11683,162,1,5
29452,11684,101,2,20
29453,11684,140,4,10
29454,11685,62,4,5
29455,11686,45,5,20
29456,11687,119,4,15
29457,11687,113,5,10
29458,11688,153,1,25
29459,11689,156,2,25
29460,11689,108,1,5
29461,11689,48,5,20
29462,11689,104,1,5
29463,11690,155,4,0
29464,11691,40,1,25
29465,11691,23,4,25
29466,11691,80,2,20
29467,11692,163,1,20
29468,11692,24,1,10
29469,11693,72,4,5
29470,11693,130,3,20
29471,11693,56,2,25
29472,11693,43,4,20
29473,11694,56,2,0
29474,11694,94,1,10
29475,11694,161,1,15
29476,11695,73,5,20
29477,11695,69,5,25
29478,11695,19,4,0
29479,11695,74,3,10
29480,11696,68,1,10
29481,11697,175,5,15
29482,11698,167,3,15
29483,11698,113,5,5
29484,11698,35,2,0
29485,11698,29,1,5
29486,11699,118,1,25
29487,11700,43,5,10
29488,11700,78,2,15
29489,11701,111,1,0
29490,11701,109,4,20
29491,11702,114,3,25
29492,11702,140,1,10
29493,11702,100,3,10
29494,11703,188,1,5
29495,11703,113,3,25
29496,11704,55,5,5
29497,11704,92,5,20
29498,11704,83,1,20
29499,11705,187,4,5
29500,11705,48,4,25
29501,11705,70,2,5
29502,11706,103,1,20
29503,11707,96,5,5
29504,11708,192,4,5
29505,11708,74,3,10
29506,11708,103,4,0
29507,11709,133,2,0
29508,11709,112,1,20
29509,11709,176,1,15
29510,11710,79,5,15
29511,11711,188,5,15
29512,11711,15,2,25
29513,11712,104,4,25
29514,11712,45,1,10
29515,11712,97,1,20
29516,11713,8,4,25
29517,11714,21,1,20
29518,11714,78,3,15
29519,11715,144,5,0
29520,11716,79,1,15
29521,11717,76,1,25
29522,11717,106,4,25
29523,11717,93,4,20
29524,11718,122,2,15
29525,11719,75,1,20
29526,11719,86,5,0
29527,11720,65,5,20
29528,11720,58,5,5
29529,11721,183,5,5
29530,11722,36,3,20
29531,11723,198,4,5
29532,11723,117,4,20
29533,11723,48,2,25
29534,11723,127,4,15
29535,11724,87,4,15
29536,11725,121,4,20
29537,11725,42,1,5
29538,11725,137,3,5
29539,11725,39,3,20
29540,11726,32,2,25
29541,11726,145,3,10
29542,11726,162,1,0
29543,11726,14,4,0
29544,11727,69,1,10
29545,11727,19,4,15
29546,11728,11,5,25
29547,11729,2,1,25
29548,11729,133,2,15
29549,11729,138,3,0
29550,11729,137,4,20
29551,11730,117,5,5
29552,11730,36,5,15
29553,11730,23,2,0
29554,11731,60,1,5
29555,11731,183,2,5
29556,11732,70,5,0
29557,11733,186,4,15
29558,11733,128,3,20
29559,11734,124,3,0
29560,11734,163,1,5
29561,11735,54,1,10
29562,11735,119,4,20
29563,11736,98,4,15
29564,11736,101,5,5
29565,11737,47,5,10
29566,11737,65,1,15
29567,11738,140,2,20
29568,11738,53,1,10
29569,11738,21,3,0
29570,11739,124,2,10
29571,11739,82,5,5
29572,11740,130,1,5
29573,11740,125,5,10
29574,11740,149,2,0
29575,11741,200,3,5
29576,11741,8,4,15
29577,11742,147,3,20
29578,11742,52,5,10
29579,11742,44,1,10
29580,11742,90,1,20
29581,11743,14,2,20
29582,11744,161,3,15
29583,11745,109,2,20
29584,11745,49,4,10
29585,11745,9,1,15
29586,11745,78,1,15
29587,11746,179,5,20
29588,11746,6,4,15
29589,11746,132,1,5
29590,11747,73,2,10
29591,11748,43,5,0
29592,11748,62,5,25
29593,11749,103,1,15
29594,11749,186,4,20
29595,11749,122,1,0
29596,11750,29,4,20
29597,11750,4,4,20
29598,11750,83,3,25
29599,11750,138,4,15
29600,11750,26,2,25
29601,11751,102,4,20
29602,11752,43,4,25
29603,11753,3,3,5
29604,11754,158,4,0
29605,11754,102,2,5
29606,11754,73,4,5
29607,11755,18,1,0
29608,11755,62,5,5
29609,11755,164,3,5
29610,11756,75,2,0
29611,11757,156,5,15
29612,11757,177,2,5
29613,11758,158,4,15
29614,11758,17,4,15
29615,11758,81,5,0
29616,11758,57,4,20
29617,11759,126,5,10
29618,11759,195,4,0
29619,11759,148,3,0
29620,11759,145,4,5
29621,11759,139,2,5
29622,11760,92,5,20
29623,11760,78,2,25
29624,11761,104,2,5
29625,11761,139,4,20
29626,11761,158,5,20
29627,11762,52,5,10
29628,11762,75,1,0
29629,11763,195,2,15
29630,11763,149,2,0
29631,11764,193,3,10
29632,11764,84,1,5
29633,11764,49,4,0
29634,11765,70,4,15
29635,11765,52,3,10
29636,11766,84,4,0
29637,11766,82,2,20
29638,11767,151,3,10
29639,11768,130,2,25
29640,11769,28,2,20
29641,11769,15,4,5
29642,11769,4,4,5
29643,11769,33,5,0
29644,11770,173,3,15
29645,11770,146,2,5
29646,11771,165,2,0
29647,11772,183,1,25
29648,11772,50,3,10
29649,11773,90,3,0
29650,11773,33,2,25
29651,11773,10,1,15
29652,11773,96,1,0
29653,11773,132,1,0
29654,11774,6,2,5
29655,11774,134,5,20
29656,11775,45,5,5
29657,11775,46,2,25
29658,11775,113,3,25
29659,11776,52,2,10
29660,11776,62,1,5
29661,11776,173,2,0
29662,11776,106,2,20
29663,11777,62,4,25
29664,11778,48,3,10
29665,11778,159,5,0
29666,11779,164,1,0
29667,11779,36,4,25
29668,11779,19,3,25
29669,11779,20,4,10
29670,11780,117,3,0
29671,11780,99,1,20
29672,11780,46,4,25
29673,11780,142,3,15
29674,11781,55,2,20
29675,11781,79,5,20
29676,11782,199,3,20
29677,11782,144,3,10
29678,11783,188,2,25
29679,11783,138,1,5
29680,11783,178,1,10
29681,11783,162,5,0
29682,11784,169,5,0
29683,11785,101,3,0
29684,11786,14,2,25
29685,11787,12,5,15
29686,11787,4,2,0
29687,11787,10,5,20
29688,11787,135,1,0
29689,11788,3,4,5
29690,11788,173,3,10
29691,11788,135,1,10
29692,11789,78,2,10
29693,11790,138,2,5
29694,11791,38,3,25
29695,11791,95,3,15
29696,11792,169,2,10
29697,11792,80,1,15
29698,11792,86,5,25
29699,11793,75,3,15
29700,11793,136,2,0
29701,11793,171,2,15
29702,11794,13,2,20
29703,11795,37,1,5
29704,11796,179,3,25
29705,11797,144,2,0
29706,11797,32,5,0
29707,11797,107,1,25
29708,11797,179,1,10
29709,11798,121,1,10
29710,11798,145,4,5
29711,11799,108,5,10
29712,11799,24,3,0
29713,11799,152,1,25
29714,11799,81,1,10
29715,11800,100,5,25
29716,11800,143,2,25
29717,11800,197,4,15
29718,11800,82,2,10
29719,11800,80,4,25
29720,11801,52,4,5
29721,11801,155,1,20
29722,11801,199,1,10
29723,11802,54,4,10
29724,11802,198,5,15
29725,11803,57,5,20
29726,11803,127,5,25
29727,11803,196,1,15
29728,11803,94,4,25
29729,11803,39,4,25
29730,11804,59,1,0
29731,11804,78,5,5
29732,11804,110,3,20
29733,11804,119,4,20
29734,11804,71,4,15
29735,11805,62,3,15
29736,11806,25,2,20
29737,11806,83,5,0
29738,11807,32,2,15
29739,11807,178,2,10
29740,11808,179,1,20
29741,11808,19,4,5
29742,11809,89,1,10
29743,11810,173,2,0
29744,11810,151,1,20
29745,11811,154,4,10
29746,11811,136,2,5
29747,11811,195,4,15
29748,11811,27,2,15
29749,11811,96,1,15
29750,11812,167,3,25
29751,11813,81,2,5
29752,11813,15,2,0
29753,11813,100,5,25
29754,11813,64,3,10
29755,11813,91,4,10
29756,11814,133,4,15
29757,11815,113,2,5
29758,11815,132,4,25
29759,11815,171,4,5
29760,11815,178,3,10
29761,11816,91,2,5
29762,11816,147,5,25
29763,11816,126,1,0
29764,11816,42,5,25
29765,11817,161,3,10
29766,11817,183,5,20
29767,11818,191,2,20
29768,11818,102,1,25
29769,11818,155,2,25
29770,11818,117,4,5
29771,11819,52,2,25
29772,11819,124,5,20
29773,11820,90,1,20
29774,11821,160,5,20
29775,11821,137,2,5
29776,11822,82,2,15
29777,11822,142,1,10
29778,11822,175,1,0
29779,11822,153,2,20
29780,11823,119,5,10
29781,11824,190,4,15
29782,11824,45,5,25
29783,11825,178,3,20
29784,11826,140,2,10
29785,11826,12,2,5
29786,11827,54,4,25
29787,11827,10,4,15
29788,11828,194,2,15
29789,11829,64,5,15
29790,11829,61,4,10
29791,11830,178,5,5
29792,11830,175,2,15
29793,11830,163,3,10
29794,11830,126,2,0
29795,11831,118,3,5
29796,11831,191,3,5
29797,11831,44,5,10
29798,11832,115,4,20
29799,11833,87,5,0
29800,11833,35,2,10
29801,11833,17,2,25
29802,11833,153,5,25
29803,11834,72,2,10
29804,11834,29,3,0
29805,11834,22,3,0
29806,11835,73,2,0
29807,11835,1,1,10
29808,11835,28,4,20
29809,11835,59,3,5
29810,11836,3,1,5
29811,11836,178,2,25
29812,11836,177,4,15
29813,11837,129,3,10
29814,11837,131,5,25
29815,11838,93,2,20
29816,11838,108,2,25
29817,11839,48,1,25
29818,11839,178,2,10
29819,11840,190,1,10
29820,11841,5,1,10
29821,11841,149,2,5
29822,11841,48,4,25
29823,11841,116,1,15
29824,11841,115,2,0
29825,11842,153,1,5
29826,11842,95,5,25
29827,11843,98,3,0
29828,11843,136,5,5
29829,11843,188,2,25
29830,11844,121,5,5
29831,11844,116,5,25
29832,11844,55,5,15
29833,11844,96,1,0
29834,11845,113,5,5
29835,11846,198,5,0
29836,11846,107,2,5
29837,11846,154,3,15
29838,11846,109,1,20
29839,11847,90,2,15
29840,11847,19,2,5
29841,11847,91,2,0
29842,11848,136,2,15
29843,11848,134,5,0
29844,11848,66,4,5
29845,11848,127,1,15
29846,11849,195,1,25
29847,11849,189,2,25
29848,11849,190,2,5
29849,11850,165,1,25
29850,11851,65,1,0
29851,11852,115,1,20
29852,11853,79,5,15
29853,11853,19,3,20
29854,11853,157,4,5
29855,11853,118,1,15
29856,11853,109,2,5
29857,11854,153,2,20
29858,11854,198,4,0
29859,11855,2,3,5
29860,11855,97,1,15
29861,11855,17,1,10
29862,11855,121,2,15
29863,11856,142,3,5
29864,11857,68,1,5
29865,11858,193,2,5
29866,11858,125,4,0
29867,11859,170,3,25
29868,11859,180,4,15
29869,11860,169,2,15
29870,11861,123,1,10
29871,11861,135,4,25
29872,11862,86,3,25
29873,11863,53,5,20
29874,11863,129,1,10
29875,11863,167,4,15
29876,11863,179,2,25
29877,11863,170,2,15
29878,11864,168,4,5
29879,11864,12,5,10
29880,11865,57,1,15
29881,11865,160,4,20
29882,11866,60,2,25
29883,11867,30,3,10
29884,11867,23,4,25
29885,11867,70,5,0
29886,11867,134,3,20
29887,11867,131,5,0
29888,11868,162,4,20
29889,11868,151,5,10
29890,11868,136,4,0
29891,11868,103,1,10
29892,11869,153,1,25
29893,11870,141,2,0
29894,11871,96,2,5
29895,11872,13,4,20
29896,11872,59,4,15
29897,11872,164,5,15
29898,11872,107,5,10
29899,11873,88,1,0
29900,11874,110,1,20
29901,11875,103,4,20
29902,11876,153,5,20
29903,11876,200,4,0
29904,11876,109,2,20
29905,11876,195,1,15
29906,11876,182,2,20
29907,11877,117,3,15
29908,11877,50,4,10
29909,11877,7,3,15
29910,11878,95,5,0
29911,11878,110,3,5
29912,11878,31,5,25
29913,11878,11,5,0
29914,11879,61,2,5
29915,11880,121,3,25
29916,11880,62,2,25
29917,11880,116,1,0
29918,11880,84,4,5
29919,11880,48,4,25
29920,11881,40,4,10
29921,11881,181,1,15
29922,11881,193,2,10
29923,11881,185,5,10
29924,11881,82,2,0
29925,11882,103,3,10
29926,11882,12,1,20
29927,11882,41,2,15
29928,11882,180,1,0
29929,11882,69,2,15
29930,11883,190,4,25
29931,11883,199,1,25
29932,11883,76,4,10
29933,11884,64,4,25
29934,11884,190,4,25
29935,11885,194,2,15
29936,11885,137,5,10
29937,11886,125,1,10
29938,11886,151,2,20
29939,11886,172,3,5
29940,11887,112,5,0
29941,11888,198,2,0
29942,11888,191,1,0
29943,11888,130,3,20
29944,11888,175,3,10
29945,11888,88,2,5
29946,11889,197,3,0
29947,11890,79,2,20
29948,11890,84,3,25
29949,11891,9,3,10
29950,11891,108,1,15
29951,11891,161,5,20
29952,11891,77,3,20
29953,11891,44,1,25
29954,11892,34,2,25
29955,11892,64,5,10
29956,11892,32,5,20
29957,11892,79,4,10
29958,11893,59,1,0
29959,11893,8,1,20
29960,11893,99,5,5
29961,11894,133,1,25
29962,11894,183,5,0
29963,11894,77,2,5
29964,11894,121,3,5
29965,11894,35,2,5
29966,11895,63,1,20
29967,11895,167,4,5
29968,11895,71,4,5
29969,11895,30,3,10
29970,11896,14,4,25
29971,11896,185,1,15
29972,11896,173,3,15
29973,11896,145,4,10
29974,11897,53,2,20
29975,11897,198,5,0
29976,11898,137,5,25
29977,11899,179,2,20
29978,11899,54,1,0
29979,11899,62,4,15
29980,11899,28,2,25
29981,11899,101,5,25
29982,11900,184,5,5
29983,11900,133,4,20
29984,11901,64,4,20
29985,11901,150,3,20
29986,11902,165,2,25
29987,11902,124,5,0
29988,11902,156,2,0
29989,11903,154,2,10
29990,11904,41,2,0
29991,11904,94,1,20
29992,11904,72,4,0
29993,11905,19,4,15
29994,11906,34,4,15
29995,11906,98,3,25
29996,11906,116,1,25
29997,11906,47,3,5
29998,11906,4,1,5
29999,11907,160,2,5
30000,11907,40,1,10
30001,11907,83,2,5
30002,11907,129,3,10
30003,11907,4,5,10
30004,11908,158,5,5
30005,11908,84,4,5
30006,11908,169,4,15
30007,11908,103,2,10
30008,11908,123,1,15
30009,11909,146,4,25
30010,11909,181,1,25
30011,11909,56,1,10
30012,11909,45,4,0
30013,11910,122,2,10
30014,11910,157,2,20
30015,11910,187,3,0
30016,11911,112,2,20
30017,11911,162,3,10
30018,11912,43,3,25
30019,11913,10,5,5
30020,11913,121,3,25
30021,11913,64,1,0
30022,11913,101,2,20
30023,11913,123,1,20
30024,11914,26,5,10
30025,11914,4,4,25
30026,11915,136,1,5
30027,11915,14,5,0
30028,11916,96,1,10
30029,11916,127,2,25
30030,11916,182,2,10
30031,11917,92,3,25
30032,11917,135,1,20
30033,11917,4,5,5
30034,11918,120,4,20
30035,11918,165,4,15
30036,11918,114,5,15
30037,11919,93,1,20
30038,11919,90,1,25
30039,11920,199,5,0
30040,11921,103,1,25
30041,11921,198,4,5
30042,11922,191,5,10
30043,11922,12,3,5
30044,11922,49,5,20
30045,11923,102,4,15
30046,11923,78,5,20
30047,11923,114,3,15
30048,11923,1,1,5
30049,11923,109,3,0
30050,11924,28,4,0
30051,11925,105,2,10
30052,11926,3,2,0
30053,11926,195,4,10
30054,11926,142,4,0
30055,11927,11,5,5
30056,11927,13,1,10
30057,11928,119,1,15
30058,11928,87,3,20
30059,11928,16,4,0
30060,11929,31,3,0
30061,11929,61,5,10
30062,11929,131,3,15
30063,11929,133,3,25
30064,11929,60,5,0
30065,11930,18,1,0
30066,11930,95,2,10
30067,11930,194,1,0
30068,11931,15,4,10
30069,11931,99,4,15
30070,11932,89,5,20
30071,11932,120,4,25
30072,11933,150,3,20
30073,11934,136,3,5
30074,11934,4,5,15
30075,11934,38,1,20
30076,11935,127,2,5
30077,11936,114,1,20
30078,11936,73,2,0
30079,11936,82,2,15
30080,11937,1,3,25
30081,11937,137,2,20
30082,11938,2,4,25
30083,11938,26,5,0
30084,11938,65,5,5
30085,11939,190,4,5
30086,11939,20,2,10
30087,11940,139,5,15
30088,11940,133,2,5
30089,11940,23,4,15
30090,11941,61,3,25
30091,11942,184,5,0
30092,11942,159,4,5
30093,11943,174,3,20
30094,11944,47,3,25
30095,11944,74,3,5
30096,11945,128,1,20
30097,11945,105,5,20
30098,11946,106,5,25
30099,11946,151,2,5
30100,11947,48,4,5
30101,11947,23,2,15
30102,11947,190,5,0
30103,11947,94,4,15
30104,11948,38,5,5
30105,11949,70,5,5
30106,11950,21,5,0
30107,11950,106,1,5
30108,11950,186,5,5
30109,11950,106,2,15
30110,11951,92,1,10
30111,11951,84,2,15
30112,11951,24,5,5
30113,11951,33,5,15
30114,11952,56,4,20
30115,11953,73,2,10
30116,11954,77,5,15
30117,11955,101,2,15
30118,11955,51,5,10
30119,11955,110,5,25
30120,11955,24,4,20
30121,11955,14,5,20
30122,11956,78,1,10
30123,11956,125,2,15
30124,11956,175,1,15
30125,11957,40,1,0
30126,11957,105,2,5
30127,11957,200,5,15
30128,11958,138,5,25
30129,11958,56,2,25
30130,11959,64,4,10
30131,11960,173,1,0
30132,11961,156,2,15
30133,11961,141,4,15
30134,11961,15,2,5
30135,11962,174,2,15
30136,11962,85,4,25
30137,11962,21,1,5
30138,11963,113,3,0
30139,11964,97,1,10
30140,11964,159,3,15
30141,11964,168,1,20
30142,11965,91,5,25
30143,11966,118,4,10
30144,11966,50,3,15
30145,11967,195,5,15
30146,11967,119,3,0
30147,11967,25,3,5
30148,11968,116,3,20
30149,11968,21,3,5
30150,11968,59,4,10
30151,11969,96,1,10
30152,11969,168,2,5
30153,11970,182,4,20
30154,11970,105,5,25
30155,11970,151,3,20
30156,11970,130,5,10
30157,11971,155,1,0
30158,11972,154,2,0
30159,11972,24,2,25
30160,11972,25,4,10
30161,11972,4,2,10
30162,11973,44,1,0
30163,11974,47,2,10
30164,11974,169,2,0
30165,11974,31,3,20
30166,11974,116,3,10
30167,11974,117,2,15
30168,11975,89,1,5
30169,11975,179,5,20
30170,11975,190,5,25
30171,11975,141,3,20
30172,11975,200,2,25
30173,11976,175,5,25
30174,11977,122,1,5
30175,11977,133,3,15
30176,11978,75,1,5
30177,11979,70,4,5
30178,11979,178,3,0
30179,11979,151,5,15
30180,11980,30,2,0
30181,11980,128,3,15
30182,11980,169,2,15
30183,11981,11,2,10
30184,11981,2,3,5
30185,11982,60,1,10
30186,11982,74,4,20
30187,11983,88,2,15
30188,11984,76,1,5
30189,11984,49,4,15
30190,11985,52,3,25
30191,11986,33,5,25
30192,11987,57,4,10
30193,11987,88,4,20
30194,11987,186,3,20
30195,11988,147,3,5
30196,11989,79,4,5
30197,11989,10,5,15
30198,11990,59,2,25
30199,11990,126,3,20
30200,11990,39,3,0
30201,11990,72,2,10
30202,11991,199,1,15
30203,11992,52,2,10
30204,11992,6,1,20
30205,11992,135,2,15
30206,11992,4,3,25
30207,11993,15,3,25
30208,11993,194,2,10
30209,11993,118,2,25
30210,11994,110,5,25
30211,11994,106,5,15
30212,11995,181,2,15
30213,11996,76,4,10
30214,11996,141,3,20
30215,11997,128,4,0
30216,11997,19,2,25
30217,11997,148,4,20
30218,11997,199,3,5
30219,11997,44,3,10
30220,11998,139,5,10
30221,11998,80,1,10
30222,11998,156,2,15
30223,11999,15,2,10
30224,11999,70,5,5
30225,11999,130,4,0
30226,12000,124,4,0
30227,12001,38,4,20
30228,12001,171,5,25
30229,12001,49,3,0
30230,12002,109,3,0
30231,12002,51,1,15
30232,12003,173,1,0
30233,12003,23,5,10
30234,12003,181,3,25
30235,12004,29,3,25
30236,12004,102,2,5
30237,12004,150,1,10
30238,12004,98,2,25
30239,12004,104,2,0
30240,12005,62,1,10
30241,12006,93,4,20
30242,12006,46,4,5
30243,12006,145,4,10
30244,12007,156,5,15
30245,12007,146,4,0
30246,12008,158,2,0
30247,12009,85,4,5
30248,12009,25,3,20
30249,12009,124,3,15
30250,12010,76,5,20
30251,12010,33,3,15
30252,12010,10,2,15
30253,12011,83,1,10
30254,12011,192,2,0
30255,12011,137,3,25
30256,12011,145,4,15
30257,12012,56,5,20
30258,12012,96,2,15
30259,12013,107,3,5
30260,12014,23,3,15
30261,12014,150,5,0
30262,12014,60,4,10
30263,12014,143,3,10
30264,12014,133,3,25
30265,12015,63,3,20
30266,12015,140,3,20
30267,12016,132,1,25
30268,12017,121,1,5
30269,12018,56,4,0
30270,12019,148,5,10
30271,12020,131,1,5
30272,12021,192,2,5
30273,12021,183,3,20
30274,12021,177,2,5
30275,12022,33,5,0
30276,12022,110,1,20
30277,12022,2,5,0
30278,12022,153,4,10
30279,12023,148,3,25
30280,12023,70,4,25
30281,12023,179,2,20
30282,12023,44,2,0
30283,12024,165,2,15
30284,12024,22,1,20
30285,12024,194,5,20
30286,12024,170,1,0
30287,12024,161,3,0
30288,12025,193,3,20
30289,12025,147,5,0
30290,12026,124,4,25
30291,12026,139,4,0
30292,12026,197,2,20
30293,12027,159,5,5
30294,12027,49,4,15
30295,12027,19,2,15
30296,12027,121,5,0
30297,12028,84,1,20
30298,12029,60,2,0
30299,12029,73,2,25
30300,12029,21,1,15
30301,12030,85,2,25
30302,12031,145,3,15
30303,12031,191,4,10
30304,12032,144,4,10
30305,12032,85,5,10
30306,12032,132,2,10
30307,12033,186,5,20
30308,12033,168,2,5
30309,12034,166,4,15
30310,12035,33,1,10
30311,12035,147,1,5
30312,12035,16,2,20
30313,12036,38,5,20
30314,12036,154,4,25
30315,12037,22,2,10
30316,12037,34,1,15
30317,12038,198,3,10
30318,12038,18,1,15
30319,12038,190,2,20
30320,12038,11,1,20
30321,12039,166,3,15
30322,12039,123,3,0
30323,12039,169,3,5
30324,12040,74,3,25
30325,12040,49,1,5
30326,12040,73,4,20
30327,12041,94,3,0
30328,12042,56,1,5
30329,12042,32,1,0
30330,12042,7,5,5
30331,12042,3,4,10
30332,12042,163,3,0
30333,12043,116,4,25
30334,12043,101,2,0
30335,12044,114,4,10
30336,12044,29,4,10
30337,12045,120,5,25
30338,12045,155,3,15
30339,12045,95,1,25
30340,12046,149,4,15
30341,12046,62,3,5
30342,12046,167,2,10
30343,12046,37,5,20
30344,12046,30,2,10
30345,12047,19,2,5
30346,12048,161,1,0
30347,12049,92,3,0
30348,12049,185,4,10
30349,12049,32,2,15
30350,12049,63,2,5
30351,12050,72,4,20
30352,12050,140,1,5
30353,12051,169,4,20
30354,12051,155,2,20
30355,12051,44,5,0
30356,12051,102,3,10
30357,12052,116,1,0
30358,12053,198,4,25
30359,12053,111,5,25
30360,12053,20,3,10
30361,12054,146,2,0
30362,12055,124,3,25
30363,12055,143,5,15
30364,12055,135,3,0
30365,12056,161,3,5
30366,12057,111,3,0
30367,12057,9,3,25
30368,12057,91,2,20
30369,12057,89,1,25
30370,12058,54,1,0
30371,12058,151,4,10
30372,12059,19,4,5
30373,12060,84,4,5
30374,12060,143,2,25
30375,12061,109,5,10
30376,12061,152,4,25
30377,12061,105,3,5
30378,12061,77,1,5
30379,12062,71,4,5
30380,12062,122,3,20
30381,12062,60,4,20
30382,12062,61,4,5
30383,12063,1,3,5
30384,12063,94,1,0
30385,12064,129,2,20
30386,12064,175,1,25
30387,12064,146,1,0
30388,12064,82,4,5
30389,12064,166,3,0
30390,12065,137,4,15
30391,12066,174,5,10
30392,12067,107,3,25
30393,12068,190,1,0
30394,12069,155,4,15
30395,12070,23,2,10
30396,12070,77,5,25
30397,12070,55,3,0
30398,12070,187,5,25
30399,12070,59,3,15
30400,12071,33,1,20
30401,12072,1,1,25
30402,12072,41,5,5
30403,12072,41,3,0
30404,12073,93,1,15
30405,12073,69,5,15
30406,12073,173,4,10
30407,12073,45,1,5
30408,12073,121,2,5
30409,12074,92,3,0
30410,12074,127,5,10
30411,12074,81,4,25
30412,12074,29,4,10
30413,12075,105,5,15
30414,12075,134,4,15
30415,12076,147,5,0
30416,12076,58,5,10
30417,12077,25,1,10
30418,12077,140,2,10
30419,12077,35,1,5
30420,12078,40,5,15
30421,12078,83,1,10
30422,12078,156,5,0
30423,12078,54,1,10
30424,12079,58,5,15
30425,12080,158,2,20
30426,12080,183,3,10
30427,12081,134,2,5
30428,12082,60,4,25
30429,12082,120,3,15
30430,12082,39,3,15
30431,12082,31,3,20
30432,12083,20,4,5
30433,12083,126,1,0
30434,12084,196,2,10
30435,12085,194,3,10
30436,12086,70,5,0
30437,12086,128,2,0
30438,12087,27,1,10
30439,12087,135,4,15
30440,12088,91,4,0
30441,12089,83,2,10
30442,12090,194,4,5
30443,12090,180,2,10
30444,12091,35,3,0
30445,12091,20,5,15
30446,12091,21,4,10
30447,12092,3,1,20
30448,12092,184,2,25
30449,12093,114,3,10
30450,12093,10,1,15
30451,12093,72,2,5
30452,12093,30,2,0
30453,12093,51,4,20
30454,12094,29,5,20
30455,12094,32,3,20
30456,12095,86,5,0
30457,12095,46,5,15
30458,12095,131,5,10
30459,12096,134,4,20
30460,12096,194,3,20
30461,12096,128,1,10
30462,12096,87,2,15
30463,12097,14,4,10
30464,12097,7,3,20
30465,12097,14,1,25
30466,12097,94,2,20
30467,12098,49,2,0
30468,12098,25,4,0
30469,12099,157,1,20
30470,12099,18,4,5
30471,12100,169,5,25
30472,12100,81,1,25
30473,12100,12,1,0
30474,12101,116,3,25
30475,12101,110,3,10
30476,12101,106,5,5
30477,12101,36,4,10
30478,12102,4,1,20
30479,12102,112,3,15
30480,12102,92,1,20
30481,12103,101,5,0
30482,12104,183,4,20
30483,12104,89,4,10
30484,12105,35,3,5
30485,12106,101,4,25
30486,12107,87,4,20
30487,12108,85,1,20
30488,12109,102,1,0
30489,12109,111,2,25
30490,12109,20,4,5
30491,12110,107,2,25
30492,12111,53,4,5
30493,12111,93,5,0
30494,12111,145,1,25
30495,12112,36,4,15
30496,12112,10,5,5
30497,12112,139,4,25
30498,12112,105,2,20
30499,12113,185,3,25
30500,12114,106,4,0
30501,12115,172,5,25
30502,12116,16,2,20
30503,12116,148,5,15
30504,12116,128,4,5
30505,12117,197,2,25
30506,12117,167,4,5
30507,12117,88,4,15
30508,12118,187,2,15
30509,12118,94,1,0
30510,12119,174,4,10
30511,12119,182,5,15
30512,12119,87,1,0
30513,12119,57,3,10
30514,12119,89,5,0
30515,12120,159,1,10
30516,12120,61,1,20
30517,12120,118,3,20
30518,12120,176,4,0
30519,12120,44,5,10
30520,12121,157,3,15
30521,12121,83,4,15
30522,12121,4,2,5
30523,12122,59,3,0
30524,12122,128,3,10
30525,12122,192,4,25
30526,12122,105,1,10
30527,12123,3,4,5
30528,12123,93,3,15
30529,12123,88,5,20
30530,12123,44,5,20
30531,12124,8,1,10
30532,12124,84,5,20
30533,12124,130,2,20
30534,12124,150,1,15
30535,12125,101,2,15
30536,12125,43,3,0
30537,12126,18,5,25
30538,12126,94,4,15
30539,12126,4,2,10
30540,12127,75,1,10
30541,12127,127,2,20
30542,12127,160,4,15
30543,12127,34,2,15
30544,12127,167,3,0
30545,12128,16,4,5
30546,12129,115,4,20
30547,12129,188,1,10
30548,12130,108,1,0
30549,12130,159,2,10
30550,12130,65,4,25
30551,12131,119,4,10
30552,12131,21,2,20
30553,12132,160,1,0
30554,12132,88,1,5
30555,12132,13,5,10
30556,12132,11,1,20
30557,12133,104,5,0
30558,12133,116,5,0
30559,12133,46,1,25
30560,12134,32,4,20
30561,12135,140,3,15
30562,12135,89,1,15
30563,12136,174,5,5
30564,12137,54,1,15
30565,12137,166,4,15
30566,12138,67,1,10
30567,12138,188,4,0
30568,12139,179,5,5
30569,12139,8,4,15
30570,12139,186,4,20
30571,12140,66,3,25
30572,12140,125,4,0
30573,12140,147,2,20
30574,12140,30,4,5
30575,12141,163,5,10
30576,12142,165,4,25
30577,12142,193,5,5
30578,12142,175,4,5
30579,12142,72,3,15
30580,12142,43,5,5
30581,12143,42,4,15
30582,12143,199,1,20
30583,12144,75,3,10
30584,12144,91,3,5
30585,12144,189,2,25
30586,12145,7,3,10
30587,12145,169,4,15
30588,12145,10,2,20
30589,12146,116,1,15
30590,12146,139,5,5
30591,12146,159,5,25
30592,12147,91,4,15
30593,12148,70,3,0
30594,12148,50,1,25
30595,12148,83,4,5
30596,12148,170,5,15
30597,12148,111,1,20
30598,12149,53,4,5
30599,12149,31,4,25
30600,12150,80,2,10
30601,12150,11,4,0
30602,12151,34,5,25
30603,12151,53,4,25
30604,12152,112,4,5
30605,12152,34,4,0
30606,12153,76,3,25
30607,12153,148,1,0
30608,12154,21,3,20
30609,12154,46,3,15
30610,12154,108,5,5
30611,12155,4,5,15
30612,12155,159,1,0
30613,12155,122,2,25
30614,12156,146,2,25
30615,12156,134,5,15
30616,12157,154,2,5
30617,12157,195,4,25
30618,12157,4,1,20
30619,12157,121,3,0
30620,12157,115,2,15
30621,12158,17,5,10
30622,12159,4,4,20
30623,12159,194,5,0
30624,12159,163,3,25
30625,12159,37,3,20
30626,12159,117,5,10
30627,12160,82,3,5
30628,12160,122,3,15
30629,12160,101,4,25
30630,12161,186,5,15
30631,12161,62,1,5
30632,12162,7,3,20
30633,12162,145,4,15
30634,12162,130,4,10
30635,12162,72,4,5
30636,12162,61,5,25
30637,12163,1,2,15
30638,12163,191,5,10
30639,12163,197,3,0
30640,12163,27,4,0
30641,12163,29,2,0
30642,12164,108,4,10
30643,12164,30,2,0
30644,12165,137,5,10
30645,12165,50,5,25
30646,12165,67,5,15
30647,12166,5,2,10
30648,12166,100,1,0
30649,12166,56,3,5
30650,12166,78,3,25
30651,12166,46,5,10
30652,12167,158,4,10
30653,12167,145,2,0
30654,12167,8,2,25
30655,12167,103,2,20
30656,12167,9,2,20
30657,12168,35,4,15
30658,12168,107,1,0
30659,12169,15,2,15
30660,12169,8,3,20
30661,12169,124,4,20
30662,12169,197,3,25
30663,12170,70,4,10
30664,12170,98,3,5
30665,12170,116,1,0
30666,12171,143,4,10
30667,12171,197,2,10
30668,12171,73,2,10
30669,12171,182,3,25
30670,12171,129,3,15
30671,12172,18,4,20
30672,12173,71,3,5
30673,12173,130,5,5
30674,12174,182,1,0
30675,12174,142,3,5
30676,12174,149,2,25
30677,12174,29,4,15
30678,12174,32,1,0
30679,12175,28,1,5
30680,12175,136,2,5
30681,12175,94,5,15
30682,12176,90,1,15
30683,12176,132,1,0
30684,12177,197,2,20
30685,12177,23,3,25
30686,12177,177,1,0
30687,12177,31,1,25
30688,12177,168,1,15
30689,12178,85,5,10
30690,12178,99,2,15
30691,12179,54,5,15
30692,12180,4,2,10
30693,12181,93,5,15
30694,12181,87,5,20
30695,12182,96,4,15
30696,12183,162,5,25
30697,12184,39,4,0
30698,12184,142,3,10
30699,12184,79,1,0
30700,12185,29,5,5
30701,12185,118,1,25
30702,12185,24,4,10
30703,12185,142,3,0
30704,12185,70,1,15
30705,12186,124,1,25
30706,12186,172,4,5
30707,12186,143,3,5
30708,12186,159,2,15
30709,12186,174,1,25
30710,12187,88,4,0
30711,12188,5,5,15
30712,12188,80,2,20
30713,12188,28,5,5
30714,12188,59,4,10
30715,12189,84,1,15
30716,12189,24,2,10
30717,12189,162,5,20
30718,12190,25,1,15
30719,12191,112,5,20
30720,12191,23,4,25
30721,12192,16,1,15
30722,12192,42,5,5
30723,12193,194,1,25
30724,12193,158,4,15
30725,12193,195,2,20
30726,12194,80,3,0
30727,12194,133,5,5
30728,12195,108,5,20
30729,12195,156,5,20
30730,12195,55,3,5
30731,12196,146,2,15
30732,12197,63,1,5
30733,12198,195,2,10
30734,12198,159,5,20
30735,12198,146,4,5
30736,12198,195,3,5
30737,12198,178,5,10
30738,12199,140,1,0
30739,12199,28,5,0
30740,12200,70,4,15
30741,12200,146,4,5
30742,12201,186,5,20
30743,12201,56,5,0
30744,12201,162,3,5
30745,12202,11,5,5
30746,12202,33,5,15
30747,12202,78,2,0
30748,12202,66,5,5
30749,12202,188,4,25
30750,12203,58,5,10
30751,12204,31,4,10
30752,12204,177,4,5
30753,12205,198,1,5
30754,12205,36,2,10
30755,12205,62,5,10
30756,12206,116,1,25
30757,12206,128,2,20
30758,12206,111,2,20
30759,12206,161,3,0
30760,12207,73,1,25
30761,12207,69,1,0
30762,12208,180,5,5
30763,12208,106,2,20
30764,12208,155,5,25
30765,12209,143,1,0
30766,12209,98,4,0
30767,12209,13,4,20
30768,12209,102,5,10
30769,12210,19,3,5
30770,12211,111,5,10
30771,12211,75,3,0
30772,12211,118,1,0
30773,12211,71,3,15
30774,12211,28,1,20
30775,12212,37,3,10
30776,12212,179,1,10
30777,12213,109,1,20
30778,12213,137,2,20
30779,12214,159,1,0
30780,12214,189,4,25
30781,12214,6,5,10
30782,12214,91,2,10
30783,12214,4,5,5
30784,12215,89,5,15
30785,12215,128,3,0
30786,12216,200,4,20
30787,12216,59,3,15
30788,12217,143,3,20
30789,12217,22,2,25
30790,12217,75,3,20
30791,12217,127,2,15
30792,12218,86,2,5
30793,12218,74,2,20
30794,12218,153,2,25
30795,12219,95,3,10
30796,12219,158,2,0
30797,12220,122,3,0
30798,12221,131,2,0
30799,12222,37,4,5
30800,12223,56,1,20
30801,12224,115,4,0
30802,12224,101,5,5
30803,12225,66,2,15
30804,12225,145,1,20
30805,12225,33,3,0
30806,12225,94,3,25
30807,12225,138,2,20
30808,12226,198,1,10
30809,12227,93,3,15
30810,12227,34,1,15
30811,12228,162,2,20
30812,12228,192,1,15
30813,12228,58,5,15
30814,12228,37,1,10
30815,12229,44,3,15
30816,12229,175,2,20
30817,12229,93,1,5
30818,12229,148,5,25
30819,12230,194,3,0
30820,12230,17,1,25
30821,12230,75,4,15
30822,12231,21,3,10
30823,12231,176,2,10
30824,12231,46,3,15
30825,12232,10,1,25
30826,12232,89,2,20
30827,12233,97,5,20
30828,12233,118,5,0
30829,12234,145,2,5
30830,12235,46,4,5
30831,12235,163,1,25
30832,12235,15,1,0
30833,12236,129,4,20
30834,12236,65,1,0
30835,12237,140,3,15
30836,12237,135,5,5
30837,12238,198,3,5
30838,12238,105,3,20
30839,12238,143,5,15
30840,12239,99,2,5
30841,12240,8,3,25
30842,12240,164,2,15
30843,12240,130,3,25
30844,12241,146,2,15
30845,12242,120,5,0
30846,12243,61,1,20
30847,12243,157,3,15
30848,12244,78,5,15
30849,12244,86,4,15
30850,12244,26,1,15
30851,12244,92,1,10
30852,12245,43,5,5
30853,12245,41,1,10
30854,12246,23,3,20
30855,12247,169,1,15
30856,12247,167,3,15
30857,12248,15,5,0
30858,12249,136,5,10
30859,12250,113,4,15
30860,12250,63,1,5
30861,12250,144,3,0
30862,12250,101,2,10
30863,12251,53,5,5
30864,12251,46,5,15
30865,12252,163,5,25
30866,12252,47,3,5
30867,12252,44,4,15
30868,12252,94,3,20
30869,12253,15,3,25
30870,12253,132,3,10
30871,12254,74,5,5
30872,12254,179,3,5
30873,12254,78,3,10
30874,12254,5,4,0
30875,12255,178,2,5
30876,12256,15,5,10
30877,12257,18,1,15
30878,12257,100,2,5
30879,12257,48,1,20
30880,12258,15,5,25
30881,12258,128,5,0
30882,12259,127,3,20
30883,12259,137,1,10
30884,12259,126,5,25
30885,12260,158,4,15
30886,12260,188,1,25
30887,12260,86,2,0
30888,12260,2,3,15
30889,12260,21,4,25
30890,12261,126,4,15
30891,12261,131,3,20
30892,12261,71,2,25
30893,12261,89,3,25
30894,12262,22,5,20
30895,12262,49,1,5
30896,12262,30,5,25
30897,12262,69,1,25
30898,12262,117,5,25
30899,12263,51,2,25
30900,12264,113,1,15
30901,12264,108,1,0
30902,12264,88,3,0
30903,12264,34,2,0
30904,12265,142,2,25
30905,12265,138,1,10
30906,12265,135,3,10
30907,12266,198,4,0
30908,12266,159,1,5
30909,12266,139,3,20
30910,12266,113,5,15
30911,12267,117,3,20
30912,12267,187,1,5
30913,12267,142,1,0
30914,12267,57,4,10
30915,12267,54,4,15
30916,12268,24,3,10
30917,12268,27,1,25
30918,12269,8,3,20
30919,12270,40,4,15
30920,12270,168,4,25
30921,12271,41,5,0
30922,12271,175,2,15
30923,12271,56,4,25
30924,12271,197,2,5
30925,12271,86,2,15
30926,12272,106,4,25
30927,12272,72,1,5
30928,12272,179,2,20
30929,12272,181,4,20
30930,12273,61,2,25
30931,12273,153,5,15
30932,12274,107,1,25
30933,12274,15,5,5
30934,12274,114,3,10
30935,12274,149,3,15
30936,12274,125,2,15
30937,12275,162,4,15
30938,12275,11,5,10
30939,12275,125,1,15
30940,12275,66,4,20
30941,12275,171,1,15
30942,12276,121,2,20
30943,12277,90,3,10
30944,12278,47,3,0
30945,12278,132,5,0
30946,12278,99,3,20
30947,12278,179,3,0
30948,12278,139,1,15
30949,12279,74,2,25
30950,12280,200,3,5
30951,12280,63,5,10
30952,12281,75,3,5
30953,12282,38,3,5
30954,12282,138,4,0
30955,12282,157,4,0
30956,12282,92,2,20
30957,12282,135,2,10
30958,12283,18,5,25
30959,12283,31,1,25
30960,12283,12,4,25
30961,12283,19,4,0
30962,12284,163,2,15
30963,12284,89,2,25
30964,12284,76,1,25
30965,12284,37,4,25
30966,12284,78,2,0
30967,12285,125,5,10
30968,12285,178,3,5
30969,12285,88,2,5
30970,12286,18,5,5
30971,12286,131,2,0
30972,12286,2,2,25
30973,12287,98,5,25
30974,12288,171,2,20
30975,12288,137,4,20
30976,12289,90,1,25
30977,12290,62,3,5
30978,12290,103,3,0
30979,12290,55,4,15
30980,12291,152,1,15
30981,12291,182,4,20
30982,12292,167,4,5
30983,12293,50,5,10
30984,12294,108,1,5
30985,12294,42,3,0
30986,12295,32,3,0
30987,12295,9,5,20
30988,12295,136,1,15
30989,12296,184,2,25
30990,12296,20,5,15
30991,12297,20,5,20
30992,12298,64,5,5
30993,12298,135,2,20
30994,12298,140,2,15
30995,12298,70,2,5
30996,12298,161,2,25
30997,12299,188,2,25
30998,12299,1,4,0
30999,12300,1,3,5
31000,12300,12,3,25
31001,12300,121,4,15
31002,12301,41,1,15
31003,12301,196,5,5
31004,12302,178,1,0
31005,12302,38,5,10
31006,12303,124,2,25
31007,12303,135,4,25
31008,12303,73,2,0
31009,12304,184,3,20
31010,12304,1,5,5
31011,12304,108,2,0
31012,12304,128,5,5
31013,12305,58,1,5
31014,12305,48,5,20
31015,12306,185,4,25
31016,12306,170,2,20
31017,12306,36,4,20
31018,12307,19,3,5
31019,12307,81,4,15
31020,12307,148,2,25
31021,12307,93,4,20
31022,12308,180,4,10
31023,12308,151,1,10
31024,12309,151,5,5
31025,12309,150,1,10
31026,12309,190,2,0
31027,12310,97,1,0
31028,12310,3,4,25
31029,12310,72,5,5
31030,12311,84,3,15
31031,12311,151,2,15
31032,12312,58,4,25
31033,12313,20,5,15
31034,12314,153,1,20
31035,12315,56,4,5
31036,12315,17,4,0
31037,12315,133,3,0
31038,12315,64,3,10
31039,12315,157,5,20
31040,12316,136,4,10
31041,12316,183,4,10
31042,12316,77,3,20
31043,12316,147,3,20
31044,12316,50,3,0
31045,12317,94,5,15
31046,12317,120,5,0
31047,12317,38,1,20
31048,12317,38,2,5
31049,12317,79,4,20
31050,12318,70,2,15
31051,12319,44,1,15
31052,12320,169,5,10
31053,12320,114,1,0
31054,12321,21,1,25
31055,12321,191,1,15
31056,12321,83,3,25
31057,12322,11,4,10
31058,12322,90,4,5
31059,12323,178,5,0
31060,12323,111,2,15
31061,12323,174,4,25
31062,12323,56,2,10
31063,12324,99,4,0
31064,12324,152,5,20
31065,12325,65,4,20
31066,12325,139,1,5
31067,12325,180,1,15
31068,12326,112,4,10
31069,12327,144,5,10
31070,12327,91,4,5
31071,12327,32,4,10
31072,12328,169,5,0
31073,12328,160,4,20
31074,12328,34,4,0
31075,12329,182,3,25
31076,12329,99,4,15
31077,12330,166,5,15
31078,12330,184,1,5
31079,12330,126,4,10
31080,12331,97,5,10
31081,12331,172,1,20
31082,12331,30,4,25
31083,12331,122,4,15
31084,12332,160,4,0
31085,12332,114,5,0
31086,12332,78,1,5
31087,12332,92,4,5
31088,12333,165,2,25
31089,12334,151,4,5
31090,12335,86,5,15
31091,12335,156,4,0
31092,12335,161,4,5
31093,12336,67,4,15
31094,12337,142,4,20
31095,12338,52,5,5
31096,12338,132,1,0
31097,12339,192,4,15
31098,12339,198,2,0
31099,12340,165,1,10
31100,12341,147,4,0
31101,12342,100,4,25
31102,12342,166,1,20
31103,12343,55,3,20
31104,12343,66,1,0
31105,12344,174,1,10
31106,12344,193,4,20
31107,12345,37,4,5
31108,12345,56,3,15
31109,12345,168,4,15
31110,12346,58,2,5
31111,12346,166,1,15
31112,12347,17,3,0
31113,12347,154,1,5
31114,12347,107,4,0
31115,12347,99,1,5
31116,12347,150,2,25
31117,12348,159,3,10
31118,12349,53,2,5
31119,12349,85,1,15
31120,12349,50,1,25
31121,12349,64,4,10
31122,12350,191,1,10
31123,12350,85,1,20
31124,12350,8,3,0
31125,12351,111,5,20
31126,12352,46,5,15
31127,12352,73,4,25
31128,12352,28,5,0
31129,12353,85,1,25
31130,12353,36,1,0
31131,12353,3,1,20
31132,12353,170,4,5
31133,12354,183,1,0
31134,12355,36,5,20
31135,12355,128,2,5
31136,12355,31,4,15
31137,12355,156,5,20
31138,12355,69,4,0
31139,12356,162,3,10
31140,12356,26,5,10
31141,12356,150,3,20
31142,12357,155,3,20
31143,12358,60,3,5
31144,12358,110,5,0
31145,12358,45,2,10
31146,12358,172,3,10
31147,12359,68,3,0
31148,12359,37,4,0
31149,12359,62,1,15
31150,12360,7,4,25
31151,12360,86,5,5
31152,12361,1,5,0
31153,12361,129,3,5
31154,12361,167,3,10
31155,12362,41,5,10
31156,12362,200,2,0
31157,12363,96,2,25
31158,12363,64,2,20
31159,12363,82,2,5
31160,12363,196,4,25
31161,12363,186,3,20
31162,12364,110,3,10
31163,12364,145,1,20
31164,12365,166,3,20
31165,12365,125,4,10
31166,12365,57,4,0
31167,12366,16,1,0
31168,12366,54,5,20
31169,12366,89,3,25
31170,12367,167,4,20
31171,12368,190,5,5
31172,12368,101,3,10
31173,12368,88,4,10
31174,12369,147,4,10
31175,12370,127,4,15
31176,12370,81,4,5
31177,12370,185,3,25
31178,12371,152,2,20
31179,12371,89,4,15
31180,12371,160,5,15
31181,12371,31,3,0
31182,12371,9,2,25
31183,12372,135,4,15
31184,12373,174,1,25
31185,12373,45,3,15
31186,12373,42,2,10
31187,12374,133,4,15
31188,12374,20,3,10
31189,12375,128,2,25
31190,12376,130,1,10
31191,12376,122,1,15
31192,12376,43,3,20
31193,12376,196,3,20
31194,12377,74,2,5
31195,12377,49,5,20
31196,12377,146,1,20
31197,12378,91,4,5
31198,12379,85,4,25
31199,12379,70,5,5
31200,12379,37,5,5
31201,12379,19,5,25
31202,12380,97,5,25
31203,12380,39,2,20
31204,12381,56,1,5
31205,12381,183,3,5
31206,12381,180,5,0
31207,12382,30,3,25
31208,12382,139,2,20
31209,12382,27,3,5
31210,12382,150,2,10
31211,12383,108,4,0
31212,12383,170,5,5
31213,12384,24,5,10
31214,12384,121,3,15
31215,12384,183,4,20
31216,12385,172,3,0
31217,12386,53,1,0
31218,12386,57,5,25
31219,12386,132,3,0
31220,12387,75,1,0
31221,12388,146,4,25
31222,12389,121,1,15
31223,12389,142,1,0
31224,12390,108,3,5
31225,12390,30,2,0
31226,12391,21,2,10
31227,12391,180,1,10
31228,12391,90,1,15
31229,12392,12,1,25
31230,12392,197,4,10
31231,12393,108,1,5
31232,12394,121,1,10
31233,12394,194,5,10
31234,12394,27,3,25
31235,12394,87,3,25
31236,12394,143,5,20
31237,12395,132,2,20
31238,12395,152,2,5
31239,12396,69,3,15
31240,12396,152,5,10
31241,12396,3,3,0
31242,12397,72,4,20
31243,12397,75,3,25
31244,12398,60,3,25
31245,12399,174,4,5
31246,12399,173,3,15
31247,12399,107,1,15
31248,12399,144,5,10
31249,12400,99,4,15
31250,12401,5,5,5
31251,12402,137,5,5
31252,12403,55,1,10
31253,12403,8,3,15
31254,12403,54,4,25
31255,12404,189,1,10
31256,12405,182,5,20
31257,12406,107,3,15
31258,12407,200,2,15
31259,12407,98,4,25
31260,12408,3,5,0
31261,12408,83,2,25
31262,12408,171,1,0
31263,12409,81,1,15
31264,12409,61,2,10
31265,12409,185,5,15
31266,12410,79,3,0
31267,12410,74,3,5
31268,12410,162,4,10
31269,12410,132,1,5
31270,12411,152,1,5
31271,12411,56,2,15
31272,12412,137,3,15
31273,12412,96,5,10
31274,12412,160,4,0
31275,12412,70,3,10
31276,12413,2,2,10
31277,12414,198,2,20
31278,12414,82,5,20
31279,12414,181,4,15
31280,12414,69,3,15
31281,12414,7,5,10
31282,12415,53,2,0
31283,12415,31,5,5
31284,12415,142,3,25
31285,12415,163,5,10
31286,12415,139,4,20
31287,12416,148,5,10
31288,12416,150,5,10
31289,12416,125,2,5
31290,12417,10,1,20
31291,12417,193,5,15
31292,12418,179,4,25
31293,12419,106,5,25
31294,12419,106,5,0
31295,12419,16,2,15
31296,12419,71,3,0
31297,12420,99,3,0
31298,12420,56,2,5
31299,12420,125,3,0
31300,12421,73,3,5
31301,12421,186,1,5
31302,12421,123,1,10
31303,12422,74,2,15
31304,12422,135,3,0
31305,12423,39,4,20
31306,12424,105,5,0
31307,12425,38,4,10
31308,12425,145,1,15
31309,12425,106,1,5
31310,12426,17,4,10
31311,12426,36,2,25
31312,12427,180,3,5
31313,12427,121,4,15
31314,12427,177,2,5
31315,12428,123,5,5
31316,12428,38,2,5
31317,12428,84,1,5
31318,12428,137,3,10
31319,12429,95,5,25
31320,12430,180,3,5
31321,12430,19,5,20
31322,12430,37,4,5
31323,12430,25,1,15
31324,12431,33,2,0
31325,12431,158,5,10
31326,12431,159,3,20
31327,12432,111,5,25
31328,12432,1,5,25
31329,12432,61,1,0
31330,12432,170,2,5
31331,12432,178,5,0
31332,12433,190,5,25
31333,12433,145,4,20
31334,12434,68,5,20
31335,12435,11,1,0
31336,12435,127,3,20
31337,12435,52,1,20
31338,12435,186,2,10
31339,12435,76,2,5
31340,12436,112,2,5
31341,12436,62,3,25
31342,12437,84,5,0
31343,12437,31,4,0
31344,12438,142,1,5
31345,12438,194,2,20
31346,12438,28,3,15
31347,12439,29,5,15
31348,12439,29,1,25
31349,12439,150,4,25
31350,12440,197,2,10
31351,12440,45,5,10
31352,12441,24,4,25
31353,12442,23,2,15
31354,12443,154,5,20
31355,12444,167,5,15
31356,12445,62,2,15
31357,12445,117,4,20
31358,12446,104,2,5
31359,12446,114,5,10
31360,12446,185,2,10
31361,12447,11,4,15
31362,12447,141,1,15
31363,12447,66,5,25
31364,12448,73,5,0
31365,12448,128,2,0
31366,12449,95,5,10
31367,12449,197,2,10
31368,12450,43,1,20
31369,12450,123,3,25
31370,12450,156,2,25
31371,12451,150,1,0
31372,12452,38,5,0
31373,12453,35,1,5
31374,12453,165,4,20
31375,12454,94,1,25
31376,12454,76,4,15
31377,12454,42,5,25
31378,12454,18,1,20
31379,12455,96,5,15
31380,12455,92,4,15
31381,12456,10,2,5
31382,12456,176,5,10
31383,12456,113,3,10
31384,12456,102,2,0
31385,12456,192,4,5
31386,12457,74,3,20
31387,12458,61,3,20
31388,12459,7,3,25
31389,12459,12,3,10
31390,12460,79,5,25
31391,12461,14,2,5
31392,12462,57,5,15
31393,12462,155,3,0
31394,12463,51,1,0
31395,12463,87,4,20
31396,12464,128,4,15
31397,12464,104,1,25
31398,12465,77,5,25
31399,12465,152,4,0
31400,12466,97,3,0
31401,12466,107,2,0
31402,12466,178,1,10
31403,12466,172,3,10
31404,12467,61,1,20
31405,12467,78,4,20
31406,12467,16,1,10
31407,12467,9,1,10
31408,12468,35,3,20
31409,12468,179,1,25
31410,12468,40,1,0
31411,12468,122,5,15
31412,12469,91,3,0
31413,12469,53,3,10
31414,12469,84,2,15
31415,12470,94,3,25
31416,12470,21,4,15
31417,12470,82,3,15
31418,12471,38,3,0
31419,12471,90,3,25
31420,12471,115,4,15
31421,12472,107,2,15
31422,12473,131,3,25
31423,12473,68,1,10
31424,12474,129,3,20
31425,12474,180,5,25
31426,12474,143,1,10
31427,12474,43,1,10
31428,12474,109,3,0
31429,12475,29,5,0
31430,12475,175,4,15
31431,12475,34,3,0
31432,12475,194,3,10
31433,12476,149,5,15
31434,12476,164,2,10
31435,12477,160,1,0
31436,12477,68,4,0
31437,12477,5,1,5
31438,12478,100,2,15
31439,12479,31,2,0
31440,12479,134,2,25
31441,12479,183,4,10
31442,12480,187,1,10
31443,12480,15,4,25
31444,12481,46,1,0
31445,12481,44,4,10
31446,12482,15,5,0
31447,12483,87,4,10
31448,12483,163,4,0
31449,12484,116,1,20
31450,12485,23,4,5
31451,12486,115,4,0
31452,12487,174,4,5
31453,12487,79,2,25
31454,12487,142,1,20
31455,12487,40,3,15
31456,12488,153,3,25
31457,12488,4,4,0
31458,12489,142,5,0
31459,12489,53,1,20
31460,12490,64,4,5
31461,12490,73,1,25
31462,12490,50,2,15
31463,12491,135,3,5
31464,12492,28,4,25
31465,12493,7,1,25
31466,12493,155,4,25
31467,12494,189,2,20
31468,12494,120,3,10
31469,12494,128,1,25
31470,12494,14,4,10
31471,12494,118,3,5
31472,12495,190,2,15
31473,12496,124,5,15
31474,12497,115,4,15
31475,12497,123,2,15
31476,12498,58,2,15
31477,12498,98,2,5
31478,12498,5,2,15
31479,12499,126,2,10
31480,12500,114,3,20
31481,12500,69,1,5
31482,12501,108,2,5
31483,12501,126,4,0
31484,12501,123,1,0
31485,12501,101,3,25
31486,12501,97,4,10
31487,12502,141,3,10
31488,12502,7,1,15
31489,12502,17,2,10
31490,12503,126,4,20
31491,12503,9,4,10
31492,12503,190,5,20
31493,12503,19,1,0
31494,12504,36,2,15
31495,12504,143,1,25
31496,12504,184,5,15
31497,12504,143,4,5
31498,12504,155,5,15
31499,12505,104,1,10
31500,12506,113,3,25
31501,12507,177,2,10
31502,12507,108,2,10
31503,12508,24,5,25
31504,12508,12,1,25
31505,12509,90,2,0
31506,12509,11,3,25
31507,12510,88,1,15
31508,12510,123,3,10
31509,12510,140,2,15
31510,12511,72,2,20
31511,12511,72,3,15
31512,12511,46,5,5
31513,12512,121,3,20
31514,12512,191,2,25
31515,12512,1,2,10
31516,12513,29,1,0
31517,12514,171,4,5
31518,12515,198,3,25
31519,12516,42,3,10
31520,12516,131,2,25
31521,12517,168,4,5
31522,12517,120,1,0
31523,12518,92,2,20
31524,12518,63,4,10
31525,12518,119,3,0
31526,12519,128,4,25
31527,12519,154,3,0
31528,12520,120,1,5
31529,12521,200,1,25
31530,12521,173,4,10
31531,12521,85,3,15
31532,12521,51,3,10
31533,12522,82,2,20
31534,12522,86,2,5
31535,12523,101,5,5
31536,12524,170,3,25
31537,12524,25,5,10
31538,12524,122,1,15
31539,12524,106,2,10
31540,12525,149,5,10
31541,12526,138,3,0
31542,12526,112,2,20
31543,12526,6,3,0
31544,12527,115,1,15
31545,12527,179,5,5
31546,12528,107,5,10
31547,12528,42,3,5
31548,12528,79,1,25
31549,12529,27,2,0
31550,12529,103,1,25
31551,12529,91,2,20
31552,12530,158,5,5
31553,12530,100,2,10
31554,12530,190,1,15
31555,12531,121,4,10
31556,12531,96,1,5
31557,12531,61,3,15
31558,12531,173,5,10
31559,12531,134,1,20
31560,12532,53,3,5
31561,12532,101,4,25
31562,12533,135,1,25
31563,12533,3,2,0
31564,12534,111,1,5
31565,12534,150,1,0
31566,12534,83,5,25
31567,12534,136,2,20
31568,12535,176,1,5
31569,12535,127,3,20
31570,12535,68,1,25
31571,12535,16,5,5
31572,12536,24,3,0
31573,12536,44,4,5
31574,12537,95,2,10
31575,12537,61,3,25
31576,12537,108,4,5
31577,12538,184,2,20
31578,12538,73,3,10
31579,12538,149,1,10
31580,12539,130,2,20
31581,12539,43,3,0
31582,12540,186,4,15
31583,12540,164,3,10
31584,12541,38,3,10
31585,12542,85,3,20
31586,12543,30,1,5
31587,12543,81,5,20
31588,12543,112,2,0
31589,12544,96,1,15
31590,12544,37,4,15
31591,12544,98,2,20
31592,12544,39,4,0
31593,12545,30,4,25
31594,12545,193,2,25
31595,12545,189,2,0
31596,12545,127,5,25
31597,12546,98,2,0
31598,12547,29,2,25
31599,12547,189,1,0
31600,12548,30,2,15
31601,12548,13,2,5
31602,12548,45,1,15
31603,12548,52,5,15
31604,12549,190,2,15
31605,12549,36,1,10
31606,12549,107,3,25
31607,12549,128,3,20
31608,12550,46,2,25
31609,12550,195,1,20
31610,12550,109,1,0
31611,12550,164,4,15
31612,12550,141,1,25
31613,12551,24,2,5
31614,12552,87,3,20
31615,12553,45,4,0
31616,12553,81,1,0
31617,12553,58,4,5
31618,12553,17,4,15
31619,12554,10,1,10
31620,12554,119,4,5
31621,12555,164,5,25
31622,12555,186,2,15
31623,12556,39,1,0
31624,12556,188,3,20
31625,12556,44,1,20
31626,12557,157,5,15
31627,12557,19,3,20
31628,12557,83,1,15
31629,12557,20,4,25
31630,12558,114,1,25
31631,12558,129,1,25
31632,12558,111,3,5
31633,12558,87,5,20
31634,12558,152,1,0
31635,12559,127,3,25
31636,12559,132,1,5
31637,12560,117,3,10
31638,12561,105,5,20
31639,12561,39,1,25
31640,12561,84,5,0
31641,12561,128,5,5
31642,12562,181,2,25
31643,12562,159,5,20
31644,12562,76,2,10
31645,12563,159,4,25
31646,12564,87,1,10
31647,12564,136,2,5
31648,12564,116,2,15
31649,12564,28,2,5
31650,12564,164,4,0
31651,12565,66,4,15
31652,12566,135,4,15
31653,12567,31,1,5
31654,12567,120,3,25
31655,12567,19,4,20
31656,12567,160,4,25
31657,12568,170,1,20
31658,12569,60,5,0
31659,12570,117,5,5
31660,12570,111,3,20
31661,12571,108,1,5
31662,12571,144,1,15
31663,12572,131,3,20
31664,12573,116,3,10
31665,12574,187,2,10
31666,12574,131,1,20
31667,12575,39,5,0
31668,12576,183,5,15
31669,12576,71,3,15
31670,12576,92,3,5
31671,12576,85,2,25
31672,12576,107,5,25
31673,12577,46,1,5
31674,12578,25,5,15
31675,12578,62,1,20
31676,12578,150,1,15
31677,12578,93,4,15
31678,12579,178,2,25
31679,12579,42,3,5
31680,12579,17,3,15
31681,12579,99,4,15
31682,12580,3,5,15
31683,12580,87,5,15
31684,12580,90,5,5
31685,12581,89,5,15
31686,12581,126,4,5
31687,12581,152,4,5
31688,12581,188,1,20
31689,12582,106,3,10
31690,12583,160,1,15
31691,12583,30,3,20
31692,12583,99,1,20
31693,12583,83,3,25
31694,12584,16,3,10
31695,12584,112,5,0
31696,12585,22,5,20
31697,12585,58,2,25
31698,12585,61,4,10
31699,12585,66,3,20
31700,12585,72,1,25
31701,12586,82,5,15
31702,12586,83,3,25
31703,12586,126,3,5
31704,12586,45,4,5
31705,12587,82,5,15
31706,12587,196,5,10
31707,12588,122,5,25
31708,12589,40,1,10
31709,12589,93,2,5
31710,12590,42,4,25
31711,12590,192,4,20
31712,12591,69,5,15
31713,12591,82,5,20
31714,12591,158,3,10
31715,12592,42,4,15
31716,12592,175,3,5
31717,12592,84,2,0
31718,12592,194,3,10
31719,12592,194,3,0
31720,12593,54,5,25
31721,12593,69,5,20
31722,12594,99,5,20
31723,12594,183,2,20
31724,12594,161,3,5
31725,12594,105,1,0
31726,12595,112,2,15
31727,12595,170,3,25
31728,12595,132,4,5
31729,12595,188,5,15
31730,12595,57,5,5
31731,12596,94,5,25
31732,12596,48,4,0
31733,12597,191,5,15
31734,12597,139,4,25
31735,12597,69,5,20
31736,12597,125,3,25
31737,12598,113,2,0
31738,12598,34,2,5
31739,12599,142,3,25
31740,12599,185,2,15
31741,12600,128,3,20
31742,12600,73,5,0
31743,12600,100,5,25
31744,12601,79,5,5
31745,12601,195,1,0
31746,12601,22,3,20
31747,12602,122,4,5
31748,12602,160,2,5
31749,12602,121,2,20
31750,12602,94,2,10
31751,12602,127,4,20
31752,12603,133,2,10
31753,12603,89,5,15
31754,12604,147,5,0
31755,12605,96,4,15
31756,12605,154,2,0
31757,12605,172,4,15
31758,12606,189,1,25
31759,12606,35,5,10
31760,12606,158,2,25
31761,12606,119,3,0
31762,12607,37,1,25
31763,12607,26,4,0
31764,12607,178,1,15
31765,12607,150,1,25
31766,12607,122,1,10
31767,12608,150,3,10
31768,12608,176,1,5
31769,12609,141,5,10
31770,12610,108,4,15
31771,12611,105,4,5
31772,12611,179,1,5
31773,12612,48,4,10
31774,12612,157,5,15
31775,12612,115,1,0
31776,12612,99,2,25
31777,12613,71,2,15
31778,12613,177,4,0
31779,12614,86,1,5
31780,12615,175,3,10
31781,12615,111,5,5
31782,12616,61,4,15
31783,12616,144,4,20
31784,12616,69,3,25
31785,12616,121,3,10
31786,12617,62,4,0
31787,12618,80,1,15
31788,12618,51,4,5
31789,12619,88,3,0
31790,12620,180,1,5
31791,12620,83,3,5
31792,12621,97,1,5
31793,12622,58,1,20
31794,12622,43,4,25
31795,12623,62,4,15
31796,12623,139,2,10
31797,12624,42,5,5
31798,12625,163,4,0
31799,12625,126,5,10
31800,12625,58,2,10
31801,12626,200,3,20
31802,12626,141,1,10
31803,12626,100,5,25
31804,12627,128,1,10
31805,12628,134,4,10
31806,12629,65,4,25
31807,12630,175,1,0
31808,12630,170,4,25
31809,12631,101,5,15
31810,12631,58,4,0
31811,12631,54,1,10
31812,12631,196,5,25
31813,12631,162,3,0
31814,12632,13,3,5
31815,12632,7,5,20
31816,12633,100,2,20
31817,12633,43,5,15
31818,12634,163,1,20
31819,12634,179,1,25
31820,12634,129,3,20
31821,12634,182,2,10
31822,12635,27,2,20
31823,12636,124,3,0
31824,12636,184,3,0
31825,12636,124,4,25
31826,12636,180,5,5
31827,12637,113,5,20
31828,12637,184,4,5
31829,12638,165,2,20
31830,12639,189,2,0
31831,12639,157,5,25
31832,12640,187,2,15
31833,12640,98,5,25
31834,12641,78,4,25
31835,12641,57,2,10
31836,12641,40,3,10
31837,12641,70,2,0
31838,12642,148,2,15
31839,12642,133,3,15
31840,12642,61,1,15
31841,12643,78,5,5
31842,12643,41,3,20
31843,12643,122,5,5
31844,12643,45,4,25
31845,12644,53,5,25
31846,12644,156,4,0
31847,12644,40,2,10
31848,12644,97,3,20
31849,12645,156,2,15
31850,12646,89,5,10
31851,12646,173,1,20
31852,12647,35,3,10
31853,12647,93,3,15
31854,12647,196,1,5
31855,12648,34,5,10
31856,12648,188,3,0
31857,12648,51,5,25
31858,12649,179,5,10
31859,12649,165,1,15
31860,12649,16,4,5
31861,12650,16,1,5
31862,12650,117,3,0
31863,12651,81,3,15
31864,12651,133,1,5
31865,12652,130,4,25
31866,12653,80,2,5
31867,12653,156,3,15
31868,12653,2,4,20
31869,12653,12,3,10
31870,12653,3,3,15
31871,12654,154,1,5
31872,12655,24,5,0
31873,12655,165,1,10
31874,12655,15,2,10
31875,12656,37,1,20
31876,12656,19,3,15
31877,12656,75,2,25
31878,12657,183,1,10
31879,12658,118,2,0
31880,12658,157,4,20
31881,12658,69,3,15
31882,12659,10,3,25
31883,12659,67,4,5
31884,12660,109,3,5
31885,12660,12,3,15
31886,12660,176,5,5
31887,12660,200,2,10
31888,12661,45,4,25
31889,12662,104,4,15
31890,12662,187,1,20
31891,12663,91,2,20
31892,12663,2,2,10
31893,12664,169,4,0
31894,12665,43,3,25
31895,12665,166,5,10
31896,12665,98,4,0
31897,12666,171,3,25
31898,12666,103,5,25
31899,12666,152,3,10
31900,12667,74,2,25
31901,12668,51,3,20
31902,12668,168,3,5
31903,12669,98,4,25
31904,12669,154,4,10
31905,12670,67,1,25
31906,12670,135,3,0
31907,12671,88,3,10
31908,12671,105,3,5
31909,12671,172,1,25
31910,12671,10,5,10
31911,12672,101,5,25
31912,12673,134,5,20
31913,12674,109,4,0
31914,12674,186,2,20
31915,12675,12,5,25
31916,12675,2,5,5
31917,12675,57,5,25
31918,12675,63,3,0
31919,12675,130,5,25
31920,12676,123,4,25
31921,12676,21,2,10
31922,12676,76,2,25
31923,12677,63,1,5
31924,12677,183,1,20
31925,12678,144,2,15
31926,12678,190,4,0
31927,12678,120,3,5
31928,12679,92,5,0
31929,12679,93,4,15
31930,12680,140,3,10
31931,12680,161,3,5
31932,12681,140,1,20
31933,12681,146,3,10
31934,12681,195,4,25
31935,12681,191,4,20
31936,12681,183,1,25
31937,12682,26,1,10
31938,12682,121,5,25
31939,12682,100,2,5
31940,12683,86,1,0
31941,12684,62,5,0
31942,12685,60,5,0
31943,12685,177,4,20
31944,12685,105,2,10
31945,12685,172,3,20
31946,12686,45,5,10
31947,12687,114,2,25
31948,12687,192,1,5
31949,12687,199,3,25
31950,12688,163,3,15
31951,12688,17,3,0
31952,12688,126,5,15
31953,12688,123,2,15
31954,12689,124,1,25
31955,12689,200,4,10
31956,12690,87,1,25
31957,12690,166,1,0
31958,12690,95,3,0
31959,12690,168,1,25
31960,12691,3,3,20
31961,12692,168,1,5
31962,12693,148,3,15
31963,12693,164,1,10
31964,12693,124,2,25
31965,12694,164,5,10
31966,12694,4,1,0
31967,12694,36,3,10
31968,12694,58,5,15
31969,12695,94,3,0
31970,12696,126,3,0
31971,12696,158,4,15
31972,12696,66,2,5
31973,12696,110,3,25
31974,12697,118,5,20
31975,12698,69,2,15
31976,12699,84,2,25
31977,12700,176,1,25
31978,12700,7,3,10
31979,12700,103,4,5
31980,12701,177,4,10
31981,12701,99,2,10
31982,12702,25,2,10
31983,12702,54,1,10
31984,12702,156,4,15
31985,12702,14,2,0
31986,12703,48,4,25
31987,12703,165,3,15
31988,12703,162,3,25
31989,12704,53,1,0
31990,12704,13,1,5
31991,12704,138,5,5
31992,12704,85,3,0
31993,12705,158,2,20
31994,12705,113,3,5
31995,12705,161,4,25
31996,12705,104,1,5
31997,12706,53,2,10
31998,12706,141,4,15
31999,12706,111,5,0
32000,12706,123,1,0
32001,12706,128,3,25
32002,12707,12,4,15
32003,12708,68,4,5
32004,12708,65,4,0
32005,12708,101,4,15
32006,12709,36,3,0
32007,12710,125,5,15
32008,12710,164,2,5
32009,12711,131,2,0
32010,12711,192,4,15
32011,12711,168,2,15
32012,12711,93,1,5
32013,12712,22,4,15
32014,12712,20,4,10
32015,12713,134,5,25
32016,12713,155,3,10
32017,12713,34,1,0
32018,12714,30,4,15
32019,12714,12,5,0
32020,12714,68,2,20
32021,12715,82,3,15
32022,12715,28,2,0
32023,12715,162,1,0
32024,12716,12,1,25
32025,12716,113,3,20
32026,12716,57,2,0
32027,12717,148,1,15
32028,12718,170,5,15
32029,12718,196,1,20
32030,12718,146,3,10
32031,12719,156,2,0
32032,12720,138,1,0
32033,12720,200,1,15
32034,12720,197,3,15
32035,12720,164,5,15
32036,12721,40,1,10
32037,12721,57,3,10
32038,12722,35,3,10
32039,12723,48,5,0
32040,12724,111,5,5
32041,12724,110,1,5
32042,12725,161,2,15
32043,12726,22,3,5
32044,12727,154,1,5
32045,12727,118,2,25
32046,12728,158,3,10
32047,12728,19,4,0
32048,12729,141,3,5
32049,12729,2,3,0
32050,12730,198,1,25
32051,12730,118,5,25
32052,12730,77,2,10
32053,12730,149,5,15
32054,12731,84,3,0
32055,12732,172,4,20
32056,12732,84,4,25
32057,12733,17,3,20
32058,12734,87,3,20
32059,12734,110,4,20
32060,12734,38,5,25
32061,12734,19,2,20
32062,12734,83,5,25
32063,12735,46,1,10
32064,12735,172,2,20
32065,12736,88,2,0
32066,12736,157,4,0
32067,12736,123,2,5
32068,12737,142,3,20
32069,12738,184,1,15
32070,12739,110,3,5
32071,12740,46,5,25
32072,12741,50,5,10
32073,12741,63,1,5
32074,12741,44,1,25
32075,12741,3,4,25
32076,12742,159,5,20
32077,12743,10,1,0
32078,12743,199,5,0
32079,12744,186,1,15
32080,12745,169,1,10
32081,12746,13,2,10
32082,12746,156,4,15
32083,12746,120,5,25
32084,12746,173,1,0
32085,12747,100,1,25
32086,12747,80,2,15
32087,12747,99,4,15
32088,12747,19,4,0
32089,12748,149,2,10
32090,12748,187,1,0
32091,12749,45,5,25
32092,12750,48,2,10
32093,12750,34,3,25
32094,12750,192,2,5
32095,12750,42,3,25
32096,12751,70,5,5
32097,12751,139,4,15
32098,12751,17,4,25
32099,12751,77,3,15
32100,12751,8,1,10
32101,12752,130,5,20
32102,12752,168,5,25
32103,12753,46,3,25
32104,12753,159,2,0
32105,12753,131,4,5
32106,12754,113,3,15
32107,12754,30,3,5
32108,12754,38,3,15
32109,12754,126,3,15
32110,12754,187,1,5
32111,12755,29,1,0
32112,12755,149,4,15
32113,12755,108,3,0
32114,12755,116,4,10
32115,12755,169,3,0
32116,12756,46,5,25
32117,12756,41,1,20
32118,12757,27,1,10
32119,12757,28,2,5
32120,12757,169,4,20
32121,12758,73,5,10
32122,12758,86,1,15
32123,12758,116,2,10
32124,12758,2,5,15
32125,12758,110,4,15
32126,12759,107,1,20
32127,12760,169,1,10
32128,12760,101,2,10
32129,12760,125,4,20
32130,12760,40,1,25
32131,12760,101,2,25
32132,12761,77,3,20
32133,12761,10,5,15
32134,12761,81,2,25
32135,12762,18,3,5
32136,12762,104,3,5
32137,12763,116,4,10
32138,12763,39,1,10
32139,12763,21,1,20
32140,12764,102,5,5
32141,12764,183,4,15
32142,12764,138,5,0
32143,12765,48,4,15
32144,12765,79,3,5
32145,12766,23,4,10
32146,12766,58,2,15
32147,12767,31,2,20
32148,12767,8,3,25
32149,12767,101,4,15
32150,12767,89,4,0
32151,12768,4,5,15
32152,12768,25,1,10
32153,12768,36,5,5
32154,12769,15,2,15
32155,12770,67,2,20
32156,12771,127,1,15
32157,12771,170,5,25
32158,12772,56,4,0
32159,12773,164,3,0
32160,12773,187,2,10
32161,12773,21,1,10
32162,12773,3,5,15
32163,12773,22,4,10
32164,12774,157,1,20
32165,12774,119,1,15
32166,12774,171,2,5
32167,12775,13,3,25
32168,12775,150,5,5
32169,12775,44,5,5
32170,12776,91,5,10
32171,12777,153,5,15
32172,12778,35,5,10
32173,12779,153,1,25
32174,12779,73,1,20
32175,12779,55,3,15
32176,12780,158,5,25
32177,12780,20,4,25
32178,12781,184,2,0
32179,12781,126,4,0
32180,12782,140,5,5
32181,12782,198,1,5
32182,12783,121,3,5
32183,12783,65,5,15
32184,12783,39,4,15
32185,12783,9,3,25
32186,12784,144,4,20
32187,12785,109,1,0
32188,12785,110,5,25
32189,12785,21,1,5
32190,12785,57,1,20
32191,12785,156,3,25
32192,12786,147,5,5
32193,12786,183,4,20
32194,12786,24,4,20
32195,12787,108,5,15
32196,12787,141,5,5
32197,12788,1,2,0
32198,12788,6,3,10
32199,12788,112,3,0
32200,12789,36,4,5
32201,12789,92,3,10
32202,12789,63,4,0
32203,12790,181,5,10
32204,12790,198,1,15
32205,12791,166,2,0
32206,12791,169,4,10
32207,12791,198,5,5
32208,12792,18,4,0
32209,12792,155,5,20
32210,12792,112,3,20
32211,12792,103,2,5
32212,12792,105,3,15
32213,12793,105,4,5
32214,12793,141,2,0
32215,12794,68,4,0
32216,12794,95,2,20
32217,12794,137,5,15
32218,12794,170,2,25
32219,12794,160,2,20
32220,12795,33,1,5
32221,12795,89,2,5
32222,12796,27,1,25
32223,12797,180,4,20
32224,12797,170,4,10
32225,12798,71,3,15
32226,12798,183,1,10
32227,12798,188,3,25
32228,12799,103,5,0
32229,12799,59,4,5
32230,12800,26,3,20
32231,12800,8,1,15
32232,12801,191,2,10
32233,12801,110,4,15
32234,12801,135,2,20
32235,12801,193,3,20
32236,12802,24,3,15
32237,12802,92,5,15
32238,12803,51,1,20
32239,12803,175,4,15
32240,12803,112,2,5
32241,12803,161,3,5
32242,12804,36,3,0
32243,12804,70,4,20
32244,12804,149,4,20
32245,12804,170,4,5
32246,12804,174,4,20
32247,12805,128,5,25
32248,12805,50,2,10
32249,12806,72,4,10
32250,12806,115,2,20
32251,12806,156,2,25
32252,12806,1,4,10
32253,12807,126,4,20
32254,12808,196,2,0
32255,12808,125,2,25
32256,12808,89,4,15
32257,12808,194,3,0
32258,12809,52,3,5
32259,12810,182,4,5
32260,12811,163,5,25
32261,12811,84,4,0
32262,12811,116,5,10
32263,12811,47,3,5
32264,12812,52,5,25
32265,12812,4,3,5
32266,12813,186,5,10
32267,12813,108,1,0
32268,12814,49,1,5
32269,12814,83,5,0
32270,12814,193,3,10
32271,12815,169,3,5
32272,12815,181,1,0
32273,12815,44,1,15
32274,12816,155,3,25
32275,12816,108,4,5
32276,12817,92,1,15
32277,12817,129,4,5
32278,12818,147,1,5
32279,12818,128,5,20
32280,12818,113,2,20
32281,12819,183,5,15
32282,12819,194,5,25
32283,12820,36,2,20
32284,12821,187,2,25
32285,12822,38,1,20
32286,12823,123,4,15
32287,12824,112,2,20
32288,12824,73,1,15
32289,12824,68,2,5
32290,12825,138,2,0
32291,12825,40,3,10
32292,12825,112,2,5
32293,12826,118,2,25
32294,12826,50,4,5
32295,12826,199,4,20
32296,12827,25,3,20
32297,12827,95,3,10
32298,12828,4,5,15
32299,12829,124,5,25
32300,12829,69,5,0
32301,12830,194,1,15
32302,12831,173,2,0
32303,12831,69,4,25
32304,12831,49,3,25
32305,12832,154,4,10
32306,12832,13,1,15
32307,12833,23,1,5
32308,12833,85,3,0
32309,12834,38,1,10
32310,12834,151,5,10
32311,12834,110,3,25
32312,12835,14,1,10
32313,12835,197,1,15
32314,12835,197,1,5
32315,12836,9,2,5
32316,12836,192,3,5
32317,12836,77,2,5
32318,12836,141,2,15
32319,12836,43,1,15
32320,12837,41,3,0
32321,12838,143,4,5
32322,12839,64,5,0
32323,12840,42,2,20
32324,12840,156,3,20
32325,12840,153,1,10
32326,12841,8,2,0
32327,12842,145,1,10
32328,12842,142,1,10
32329,12843,157,4,0
32330,12843,172,1,25
32331,12844,90,5,25
32332,12845,59,3,15
32333,12846,97,5,10
32334,12846,63,5,10
32335,12846,111,1,25
32336,12847,139,1,15
32337,12847,29,4,5
32338,12847,63,1,15
32339,12848,190,2,0
32340,12848,105,4,0
32341,12848,148,4,10
32342,12848,75,1,5
32343,12849,181,2,5
32344,12849,4,2,20
32345,12850,75,4,25
32346,12851,14,4,15
32347,12851,51,3,25
32348,12851,91,5,10
32349,12852,84,5,15
32350,12853,39,1,0
32351,12853,26,2,0
32352,12853,85,2,25
32353,12853,78,3,0
32354,12854,117,4,10
32355,12854,111,5,20
32356,12854,33,4,25
32357,12855,40,5,0
32358,12855,171,1,25
32359,12856,82,3,15
32360,12857,65,4,0
32361,12857,65,4,10
32362,12858,81,5,10
32363,12859,85,5,25
32364,12859,140,2,25
32365,12859,152,4,20
32366,12860,40,5,25
32367,12860,168,1,20
32368,12860,165,4,10
32369,12861,156,5,10
32370,12861,14,1,20
32371,12861,63,4,25
32372,12861,119,1,25
32373,12861,56,1,15
32374,12862,30,4,25
32375,12862,28,3,5
32376,12862,64,4,15
32377,12862,66,2,15
32378,12863,36,5,20
32379,12864,73,5,10
32380,12864,14,2,5
32381,12865,196,3,0
32382,12865,63,2,25
32383,12866,60,2,10
32384,12866,46,4,10
32385,12866,72,4,0
32386,12867,162,2,10
32387,12868,181,4,20
32388,12868,171,3,25
32389,12868,55,2,10
32390,12868,27,4,0
32391,12869,143,4,10
32392,12870,68,3,10
32393,12870,51,1,10
32394,12870,44,2,0
32395,12870,82,4,15
32396,12871,159,4,20
32397,12871,128,3,0
32398,12871,27,2,0
32399,12871,26,2,20
32400,12872,21,3,20
32401,12872,139,4,5
32402,12872,25,3,25
32403,12873,11,1,25
32404,12874,159,1,10
32405,12874,68,2,10
32406,12875,96,4,5
32407,12875,194,3,25
32408,12876,29,3,20
32409,12876,147,2,15
32410,12876,23,2,10
32411,12876,158,4,5
32412,12876,161,4,20
32413,12877,6,3,25
32414,12877,23,1,0
32415,12877,23,4,10
32416,12878,181,2,0
32417,12878,102,1,10
32418,12879,3,3,10
32419,12879,30,4,0
32420,12879,2,2,10
32421,12880,46,2,20
32422,12881,33,3,20
32423,12881,111,2,20
32424,12881,153,1,25
32425,12881,190,1,15
32426,12882,163,4,5
32427,12882,17,3,15
32428,12882,97,2,20
32429,12883,116,1,15
32430,12883,13,2,25
32431,12883,146,5,25
32432,12884,62,5,15
32433,12884,149,1,5
32434,12884,159,3,10
32435,12884,133,3,15
32436,12885,130,1,10
32437,12885,113,4,10
32438,12885,126,2,25
32439,12885,52,5,20
32440,12885,33,4,20
32441,12886,111,1,0
32442,12886,111,4,20
32443,12886,9,1,20
32444,12887,146,2,25
32445,12887,153,2,15
32446,12887,105,4,5
32447,12888,151,2,20
32448,12888,42,4,10
32449,12889,155,5,10
32450,12889,151,1,5
32451,12889,63,4,15
32452,12890,169,5,25
32453,12891,66,5,10
32454,12892,27,3,5
32455,12893,57,3,25
32456,12894,93,2,5
32457,12895,49,1,0
32458,12895,24,2,25
32459,12895,97,1,20
32460,12896,11,4,10
32461,12896,125,2,5
32462,12896,118,1,5
32463,12896,127,3,10
32464,12897,10,2,20
32465,12897,197,2,20
32466,12898,150,2,15
32467,12898,142,2,10
32468,12898,23,5,10
32469,12899,165,1,10
32470,12899,4,4,10
32471,12900,196,5,25
32472,12901,64,5,5
32473,12901,161,4,20
32474,12901,26,4,0
32475,12902,164,4,15
32476,12903,106,2,10
32477,12903,158,5,5
32478,12904,146,2,10
32479,12905,131,2,25
32480,12905,68,1,10
32481,12905,137,2,0
32482,12905,15,2,0
32483,12906,44,5,25
32484,12906,91,2,0
32485,12906,65,5,15
32486,12906,72,3,10
32487,12907,59,5,15
32488,12907,56,5,10
32489,12907,98,1,10
32490,12907,149,4,0
32491,12908,100,4,10
32492,12908,58,5,10
32493,12909,163,4,10
32494,12909,126,5,10
32495,12910,83,5,25
32496,12911,153,2,10
32497,12912,197,2,5
32498,12912,73,3,20
32499,12912,198,2,0
32500,12913,70,1,5
32501,12913,165,5,15
32502,12913,36,5,0
32503,12913,177,4,15
32504,12914,20,5,0
32505,12914,55,5,20
32506,12914,127,2,5
32507,12914,32,5,15
32508,12915,186,1,0
32509,12915,138,5,0
32510,12916,158,2,20
32511,12916,174,4,10
32512,12917,12,1,0
32513,12917,67,1,20
32514,12918,52,1,5
32515,12919,16,4,0
32516,12919,103,4,25
32517,12919,191,1,5
32518,12919,41,4,15
32519,12919,153,1,10
32520,12920,140,5,20
32521,12920,137,5,10
32522,12920,29,2,0
32523,12921,60,4,15
32524,12922,124,4,15
32525,12922,159,2,0
32526,12922,27,4,10
32527,12922,2,2,20
32528,12923,90,2,20
32529,12924,151,2,0
32530,12924,184,4,10
32531,12924,4,4,10
32532,12925,56,4,10
32533,12925,144,4,0
32534,12926,189,5,10
32535,12927,82,1,20
32536,12927,112,1,5
32537,12928,19,2,15
32538,12928,47,3,20
32539,12928,12,2,15
32540,12928,86,2,10
32541,12928,183,5,25
32542,12929,144,1,25
32543,12929,142,3,25
32544,12929,97,1,0
32545,12929,113,5,20
32546,12930,86,2,0
32547,12931,143,3,10
32548,12931,160,5,25
32549,12932,169,3,20
32550,12932,37,5,10
32551,12932,109,2,15
32552,12932,168,3,25
32553,12933,68,5,10
32554,12933,94,4,10
32555,12933,165,1,25
32556,12934,120,3,25
32557,12935,119,3,25
32558,12935,21,3,20
32559,12935,197,1,25
32560,12935,155,1,0
32561,12935,198,5,20
32562,12936,158,2,0
32563,12936,102,2,20
32564,12937,142,1,15
32565,12938,30,3,25
32566,12938,143,5,20
32567,12939,175,1,25
32568,12940,22,2,20
32569,12941,170,3,5
32570,12941,3,2,10
32571,12942,164,1,15
32572,12943,177,2,15
32573,12943,6,5,25
32574,12943,172,1,5
32575,12943,187,2,15
32576,12944,163,2,10
32577,12944,132,2,15
32578,12945,163,2,10
32579,12945,174,3,25
32580,12945,92,4,25
32581,12945,80,4,15
32582,12946,172,4,25
32583,12946,187,3,20
32584,12946,41,2,5
32585,12946,27,2,20
32586,12946,161,1,25
32587,12947,92,1,0
32588,12947,54,4,25
32589,12947,176,5,5
32590,12947,188,5,25
32591,12948,65,5,5
32592,12949,32,2,15
32593,12949,62,2,5
32594,12949,138,2,0
32595,12950,128,5,10
32596,12950,110,5,20
32597,12951,134,5,5
32598,12951,171,3,20
32599,12951,123,1,25
32600,12951,32,3,10
32601,12951,95,5,10
32602,12952,21,2,15
32603,12952,64,4,25
32604,12952,88,3,25
32605,12952,120,3,25
32606,12953,182,5,25
32607,12953,102,3,15
32608,12954,142,1,15
32609,12954,198,5,5
32610,12955,15,3,10
32611,12955,55,4,5
32612,12956,3,3,20
32613,12957,141,1,0
32614,12957,157,1,25
32615,12957,30,2,20
32616,12958,106,2,0
32617,12958,4,4,10
32618,12959,19,2,10
32619,12959,127,5,10
32620,12960,63,4,5
32621,12960,70,5,5
32622,12961,136,3,0
32623,12962,32,1,15
32624,12963,192,1,0
32625,12963,165,5,0
32626,12963,47,2,15
32627,12964,163,1,15
32628,12964,57,3,0
32629,12964,112,4,0
32630,12964,115,4,0
32631,12965,200,5,5
32632,12965,30,3,25
32633,12966,88,5,20
32634,12966,14,3,20
32635,12966,188,5,5
32636,12967,159,3,10
32637,12967,95,3,0
32638,12967,101,2,5
32639,12968,56,2,10
32640,12969,125,4,10
32641,12969,139,5,25
32642,12970,196,3,10
32643,12970,86,5,0
32644,12970,117,5,20
32645,12971,110,2,20
32646,12971,128,4,5
32647,12971,39,5,15
32648,12972,89,2,5
32649,12972,142,1,0
32650,12973,156,4,10
32651,12974,108,1,0
32652,12974,91,3,15
32653,12975,6,2,0
32654,12976,74,1,15
32655,12977,182,4,5
32656,12977,189,3,25
32657,12977,144,3,5
32658,12978,155,5,25
32659,12979,114,5,10
32660,12979,85,4,20
32661,12979,114,5,25
32662,12980,2,4,15
32663,12981,94,2,5
32664,12981,37,1,0
32665,12981,87,4,0
32666,12982,80,3,25
32667,12983,14,2,5
32668,12983,11,5,5
32669,12984,157,2,0
32670,12985,50,3,20
32671,12985,34,5,15
32672,12985,23,3,15
32673,12985,107,2,0
32674,12985,166,1,15
32675,12986,7,5,20
32676,12986,128,1,20
32677,12986,84,4,0
32678,12986,159,2,20
32679,12986,81,4,10
32680,12987,122,1,20
32681,12988,8,1,25
32682,12988,85,1,10
32683,12989,103,3,5
32684,12990,65,1,15
32685,12990,3,1,10
32686,12990,141,1,0
32687,12990,3,1,25
32688,12991,6,1,10
32689,12991,64,1,10
32690,12992,190,5,25
32691,12992,184,2,10
32692,12992,24,1,5
32693,12993,145,2,20
32694,12993,39,5,5
32695,12994,156,1,15
32696,12995,179,5,5
32697,12996,167,3,25
32698,12996,125,3,25
32699,12996,187,4,15
32700,12997,7,2,10
32701,12997,48,5,5
32702,12998,59,1,5
32703,12998,36,3,25
32704,12998,169,4,15
32705,12999,77,2,5
32706,13000,97,2,5
32707,13000,145,2,0
32708,13000,45,1,20
32709,13000,153,4,5
32710,13001,56,4,15
32711,13001,190,5,0
32712,13002,164,3,0
32713,13002,118,2,10
32714,13002,176,4,25
32715,13003,183,1,10
32716,13004,25,5,10
32717,13005,113,4,25
32718,13005,21,1,5
32719,13006,154,2,5
32720,13007,156,3,10
32721,13007,165,5,15
32722,13008,42,5,0
32723,13009,123,1,5
32724,13010,163,3,5
32725,13011,159,5,0
32726,13011,183,3,25
32727,13011,21,4,20
32728,13011,145,5,15
32729,13012,199,4,15
32730,13013,177,5,25
32731,13014,36,3,25
32732,13015,152,5,10
32733,13016,1,2,5
32734,13017,121,1,10
32735,13018,69,4,25
32736,13018,25,2,0
32737,13018,104,5,15
32738,13018,92,2,20
32739,13018,101,4,10
32740,13019,178,2,10
32741,13020,60,3,25
32742,13020,182,2,5
32743,13021,33,5,20
32744,13021,21,3,15
32745,13021,174,2,5
32746,13022,45,4,5
32747,13022,195,3,0
32748,13022,166,4,25
32749,13022,130,4,20
32750,13023,68,5,25
32751,13024,103,1,20
32752,13024,83,3,10
32753,13025,80,5,15
32754,13025,95,3,10
32755,13026,54,1,15
32756,13026,81,5,5
32757,13026,200,4,15
32758,13027,170,3,20
32759,13027,3,5,0
32760,13028,135,1,20
32761,13028,27,3,20
32762,13029,33,1,10
32763,13029,72,3,0
32764,13029,23,3,25
32765,13029,5,3,20
32766,13030,64,3,15
32767,13030,58,5,25
32768,13030,48,4,25
32769,13030,84,4,0
32770,13030,100,2,20
32771,13031,71,4,25
32772,13031,138,5,0
32773,13031,88,3,10
32774,13031,189,5,5
32775,13032,48,5,5
32776,13032,94,1,0
32777,13033,86,3,5
32778,13033,121,4,15
32779,13033,16,1,15
32780,13033,104,5,5
32781,13033,150,1,10
32782,13034,186,1,10
32783,13034,181,5,25
32784,13035,159,5,10
32785,13036,155,2,5
32786,13036,160,3,20
32787,13037,147,4,25
32788,13037,92,4,25
32789,13038,87,4,25
32790,13038,88,4,0
32791,13038,110,3,25
32792,13039,36,5,5
32793,13039,188,2,0
32794,13039,17,2,5
32795,13039,56,2,25
32796,13039,128,2,15
32797,13040,107,4,0
32798,13040,195,3,20
32799,13040,158,3,25
32800,13041,149,1,15
32801,13041,129,1,10
32802,13042,193,5,25
32803,13043,14,3,0
32804,13043,4,4,15
32805,13043,58,2,0
32806,13043,146,1,0
32807,13043,154,2,5
32808,13044,173,2,20
32809,13044,26,5,0
32810,13044,84,5,5
32811,13045,90,4,25
32812,13046,137,1,5
32813,13046,31,3,0
32814,13047,133,2,15
32815,13047,164,2,5
32816,13047,72,4,20
32817,13048,85,5,15
32818,13049,119,2,10
32819,13049,15,1,25
32820,13050,106,4,10
32821,13051,104,3,5
32822,13051,55,4,15
32823,13051,13,4,10
32824,13052,121,2,10
32825,13053,66,5,0
32826,13053,74,5,25
32827,13053,191,5,15
32828,13054,117,2,25
32829,13054,157,3,25
32830,13055,93,2,10
32831,13056,73,5,15
32832,13056,135,1,5
32833,13056,25,4,10
32834,13056,72,1,0
32835,13056,118,5,0
32836,13057,154,3,10
32837,13057,119,3,0
32838,13058,39,2,5
32839,13059,15,5,0
32840,13059,133,3,15
32841,13059,100,1,5
32842,13059,145,4,20
32843,13060,130,3,0
32844,13060,156,4,5
32845,13061,99,3,15
32846,13061,107,4,5
32847,13061,38,5,25
32848,13062,127,4,5
32849,13062,45,1,10
32850,13062,129,1,10
32851,13063,117,1,20
32852,13064,92,1,5
32853,13064,125,1,15
32854,13064,57,2,10
32855,13064,65,5,5
32856,13064,169,3,10
32857,13065,180,2,20
32858,13065,37,3,25
32859,13065,159,5,5
32860,13066,125,1,10
32861,13066,47,4,20
32862,13066,179,5,5
32863,13066,58,4,20
32864,13066,157,1,25
32865,13067,52,3,10
32866,13067,9,1,5
32867,13067,128,2,0
32868,13068,160,2,25
32869,13068,124,1,0
32870,13069,110,3,20
32871,13069,64,1,0
32872,13070,6,5,5
32873,13071,121,3,0
32874,13071,117,5,5
32875,13071,94,1,5
32876,13072,10,4,20
32877,13072,86,4,10
32878,13072,173,1,20
32879,13073,70,5,25
32880,13073,108,4,25
32881,13074,156,1,0
32882,13075,43,1,5
32883,13075,179,1,5
32884,13076,125,1,0
32885,13076,180,5,5
32886,13077,136,5,10
32887,13077,39,1,25
32888,13077,93,5,15
32889,13078,195,2,10
32890,13078,182,3,15
32891,13078,64,1,5
32892,13079,85,1,15
32893,13080,80,3,10
32894,13080,11,1,15
32895,13080,185,3,25
32896,13080,67,5,0
32897,13080,186,5,25
32898,13081,43,2,20
32899,13081,18,2,0
32900,13082,10,1,25
32901,13082,95,2,15
32902,13082,102,3,25
32903,13082,200,4,15
32904,13082,45,5,15
32905,13083,194,1,10
32906,13083,2,3,10
32907,13083,174,5,25
32908,13083,86,4,20
32909,13084,171,2,25
32910,13084,16,2,0
32911,13084,133,5,25
32912,13084,47,3,20
32913,13085,176,1,10
32914,13085,141,4,5
32915,13085,84,5,15
32916,13086,130,2,15
32917,13087,108,4,10
32918,13088,45,2,5
32919,13088,163,3,25
32920,13089,92,3,15
32921,13089,65,4,10
32922,13089,150,1,20
32923,13090,117,5,10
32924,13090,9,3,20
32925,13090,197,1,10
32926,13091,122,5,5
32927,13091,88,1,20
32928,13092,152,5,0
32929,13092,187,2,25
32930,13092,130,4,15
32931,13093,68,4,25
32932,13093,165,1,15
32933,13094,93,2,20
32934,13094,1,5,10
32935,13095,155,1,25
32936,13095,72,1,20
32937,13095,85,3,15
32938,13096,199,2,15
32939,13097,148,4,0
32940,13097,134,1,0
32941,13097,176,5,15
32942,13098,1,4,0
32943,13099,55,5,10
32944,13099,181,2,0
32945,13099,74,4,25
32946,13100,119,2,5
32947,13100,148,4,10
32948,13100,177,4,20
32949,13101,102,2,5
32950,13102,77,3,25
32951,13102,171,3,25
32952,13103,141,2,20
32953,13104,151,5,10
32954,13104,111,3,0
32955,13104,149,1,5
32956,13104,60,5,5
32957,13105,98,3,5
32958,13106,102,5,15
32959,13106,4,3,5
32960,13106,59,5,20
32961,13106,175,5,20
32962,13106,30,3,5
32963,13107,199,3,20
32964,13107,2,5,10
32965,13107,67,3,25
32966,13108,196,1,10
32967,13108,106,3,25
32968,13109,133,3,5
32969,13110,132,5,25
32970,13110,73,1,0
32971,13110,93,3,10
32972,13110,168,1,20
32973,13111,119,4,15
32974,13111,71,3,20
32975,13112,158,5,0
32976,13112,42,4,0
32977,13112,35,3,25
32978,13112,89,4,5
32979,13112,40,3,20
32980,13113,167,2,15
32981,13113,187,2,10
32982,13114,160,4,0
32983,13114,83,3,25
32984,13115,19,2,10
32985,13115,195,3,0
32986,13116,131,1,15
32987,13116,107,1,15
32988,13117,126,5,15
32989,13117,130,1,0
32990,13117,5,2,10
32991,13118,39,2,5
32992,13119,111,4,10
32993,13120,196,5,15
32994,13120,160,5,15
32995,13120,185,3,20
32996,13120,39,3,15
32997,13121,83,5,25
32998,13121,108,3,10
32999,13122,107,1,0
33000,13122,18,3,10
33001,13122,140,1,10
33002,13122,82,4,0
33003,13123,11,4,20
33004,13123,4,4,15
33005,13124,160,5,25
33006,13125,172,4,25
33007,13125,154,3,15
33008,13125,167,5,5
33009,13126,148,3,0
33010,13126,49,2,10
33011,13126,152,1,15
33012,13126,178,5,10
33013,13126,51,5,20
33014,13127,38,5,0
33015,13127,132,2,0
33016,13127,65,1,15
33017,13128,133,5,25
33018,13128,93,5,20
33019,13128,58,4,15
33020,13128,56,4,15
33021,13128,42,2,10
33022,13129,55,1,15
33023,13130,40,1,25
33024,13130,163,2,0
33025,13130,18,1,15
33026,13130,115,1,0
33027,13131,61,5,0
33028,13131,16,1,5
33029,13131,65,2,25
33030,13132,65,5,25
33031,13132,66,4,0
33032,13133,48,2,20
33033,13133,40,3,10
33034,13134,42,2,5
33035,13134,106,5,15
33036,13134,159,1,25
33037,13135,165,1,10
33038,13135,184,3,10
33039,13135,96,2,25
33040,13136,123,5,25
33041,13136,80,5,25
33042,13137,159,4,20
33043,13137,148,2,0
33044,13138,82,4,20
33045,13139,131,2,0
33046,13139,112,5,0
33047,13139,137,1,25
33048,13139,74,4,25
33049,13140,84,5,0
33050,13141,2,1,15
33051,13141,192,4,20
33052,13141,44,2,5
33053,13141,200,5,15
33054,13142,49,4,5
33055,13142,112,4,10
33056,13142,60,4,15
33057,13143,83,1,5
33058,13143,199,2,10
33059,13143,10,4,15
33060,13143,138,3,10
33061,13143,95,4,5
33062,13144,170,3,10
33063,13144,175,3,5
33064,13144,25,2,25
33065,13144,102,4,0
33066,13145,123,1,0
33067,13145,129,2,15
33068,13145,102,4,15
33069,13146,164,1,25
33070,13146,152,4,20
33071,13147,62,5,0
33072,13147,25,3,25
33073,13148,127,1,15
33074,13149,182,5,20
33075,13149,62,5,0
33076,13149,56,2,0
33077,13150,186,2,15
33078,13150,66,2,10
33079,13151,53,5,10
33080,13151,132,2,25
33081,13152,66,4,15
33082,13152,116,5,15
33083,13153,34,2,20
33084,13154,118,4,10
33085,13154,31,5,5
33086,13154,188,3,5
33087,13154,93,3,5
33088,13155,155,3,20
33089,13156,119,1,20
33090,13156,191,5,20
33091,13157,25,1,25
33092,13157,157,2,20
33093,13158,120,1,5
33094,13159,134,1,20
33095,13159,188,3,10
33096,13160,92,1,15
33097,13160,47,2,10
33098,13160,58,4,25
33099,13161,5,5,10
33100,13162,80,3,5
33101,13163,90,2,25
33102,13164,182,2,20
33103,13164,75,5,15
33104,13164,191,2,25
33105,13164,151,5,25
33106,13164,179,3,25
33107,13165,127,3,5
33108,13166,137,2,10
33109,13166,92,2,10
33110,13166,16,4,0
33111,13167,83,5,15
33112,13167,156,2,20
33113,13167,139,1,25
33114,13168,44,2,0
33115,13168,95,3,5
33116,13169,170,4,5
33117,13169,107,1,0
33118,13170,148,3,15
33119,13171,154,1,10
33120,13171,184,5,10
33121,13172,145,1,20
33122,13172,70,1,20
33123,13173,90,2,25
33124,13174,116,1,10
33125,13174,90,5,10
33126,13175,152,2,20
33127,13175,106,2,15
33128,13176,8,3,5
33129,13176,12,3,15
33130,13176,86,5,5
33131,13176,130,5,20
33132,13176,9,3,25
33133,13177,164,5,15
33134,13177,109,2,15
33135,13177,18,4,15
33136,13177,166,5,15
33137,13178,13,2,20
33138,13179,20,4,15
33139,13179,90,3,5
33140,13180,62,4,15
33141,13180,113,5,5
33142,13181,115,4,0
33143,13181,65,4,20
33144,13182,200,2,5
33145,13183,54,3,0
33146,13183,72,2,10
33147,13184,178,2,25
33148,13184,69,5,5
33149,13184,177,3,0
33150,13184,138,1,10
33151,13185,158,5,10
33152,13186,67,3,20
33153,13186,87,2,20
33154,13186,60,3,20
33155,13187,126,4,10
33156,13187,131,3,0
33157,13187,18,3,0
33158,13187,52,3,0
33159,13188,15,4,0
33160,13188,141,2,15
33161,13188,109,3,25
33162,13189,105,5,25
33163,13189,11,4,10
33164,13189,178,1,0
33165,13189,111,2,20
33166,13190,86,4,10
33167,13190,117,3,20
33168,13190,83,1,10
33169,13191,54,2,10
33170,13191,197,2,15
33171,13192,16,2,5
33172,13192,193,2,10
33173,13193,36,2,15
33174,13194,44,2,25
33175,13194,13,4,15
33176,13195,96,2,25
33177,13195,92,3,15
33178,13196,45,1,5
33179,13197,61,1,25
33180,13198,152,1,0
33181,13198,100,4,15
33182,13198,152,4,20
33183,13199,96,4,25
33184,13199,105,3,20
33185,13200,126,5,0
33186,13201,167,1,25
33187,13202,40,3,0
33188,13203,170,1,10
33189,13203,97,2,5
33190,13203,91,3,25
33191,13203,170,2,20
33192,13204,63,2,10
33193,13204,150,3,10
33194,13205,200,3,0
33195,13205,194,2,0
33196,13206,2,5,10
33197,13206,95,4,5
33198,13206,36,5,15
33199,13206,33,3,0
33200,13206,171,1,25
33201,13207,143,4,15
33202,13207,200,1,5
33203,13207,20,2,25
33204,13208,166,1,20
33205,13208,102,4,15
33206,13209,56,2,5
33207,13209,188,1,25
33208,13209,70,5,20
33209,13210,76,1,25
33210,13210,140,5,15
33211,13211,159,4,15
33212,13211,69,4,25
33213,13211,126,1,20
33214,13212,107,1,5
33215,13212,191,1,15
33216,13213,130,1,20
33217,13213,170,2,5
33218,13214,195,4,15
33219,13214,145,5,10
33220,13214,166,3,15
33221,13215,161,3,20
33222,13216,161,5,15
33223,13216,9,2,5
33224,13216,174,5,15
33225,13216,177,3,5
33226,13217,119,2,25
33227,13217,38,1,20
33228,13218,75,3,20
33229,13219,97,2,20
33230,13219,73,3,10
33231,13219,48,5,20
33232,13220,175,4,10
33233,13220,134,4,15
33234,13220,117,4,20
33235,13220,115,5,15
33236,13221,76,5,15
33237,13222,198,3,10
33238,13222,183,4,15
33239,13222,171,3,10
33240,13222,178,5,0
33241,13222,85,1,20
33242,13223,188,4,0
33243,13224,55,2,10
33244,13224,164,2,25
33245,13225,142,3,5
33246,13225,92,1,0
33247,13225,173,3,10
33248,13226,71,5,15
33249,13227,193,2,10
33250,13227,31,4,10
33251,13227,110,1,20
33252,13227,177,4,15
33253,13227,181,4,5
33254,13228,12,2,10
33255,13228,10,2,10
33256,13228,191,5,15
33257,13229,163,4,0
33258,13229,148,3,0
33259,13229,14,1,10
33260,13229,195,4,20
33261,13229,56,2,25
33262,13230,46,5,25
33263,13230,178,5,0
33264,13231,25,5,5
33265,13232,109,2,10
33266,13232,51,4,5
33267,13233,159,2,15
33268,13233,84,5,20
33269,13234,135,1,10
33270,13234,59,4,5
33271,13234,97,4,20
33272,13235,23,5,25
33273,13235,180,1,0
33274,13236,9,1,0
33275,13236,188,3,25
33276,13236,166,5,10
33277,13236,180,5,20
33278,13237,78,4,15
33279,13237,150,4,5
33280,13238,195,5,15
33281,13238,148,1,15
33282,13239,141,3,20
33283,13240,118,5,15
33284,13240,20,5,25
33285,13240,175,1,10
33286,13241,195,3,15
33287,13242,59,2,20
33288,13243,52,2,10
33289,13243,133,5,10
33290,13244,122,4,0
33291,13244,126,5,25
33292,13244,160,5,25
33293,13244,198,2,15
33294,13244,199,3,10
33295,13245,145,4,25
33296,13245,76,4,20
33297,13246,63,2,5
33298,13246,194,4,20
33299,13246,199,2,20
33300,13247,90,1,0
33301,13247,6,1,10
33302,13247,178,2,10
33303,13247,121,3,0
33304,13248,68,1,20
33305,13248,145,1,0
33306,13248,122,5,25
33307,13248,45,2,20
33308,13249,75,1,15
33309,13250,41,1,25
33310,13250,154,2,5
33311,13251,85,5,15
33312,13251,32,4,0
33313,13251,91,2,15
33314,13251,53,5,20
33315,13252,70,5,5
33316,13252,93,2,5
33317,13252,28,1,10
33318,13253,192,1,15
33319,13254,137,3,5
33320,13254,44,1,25
33321,13254,104,4,0
33322,13254,179,1,10
33323,13254,16,1,10
33324,13255,33,5,15
33325,13255,9,4,15
33326,13255,135,3,20
33327,13255,198,4,10
33328,13255,50,2,10
33329,13256,100,4,25
33330,13256,125,1,10
33331,13256,185,4,20
33332,13257,188,5,0
33333,13257,158,5,5
33334,13258,170,4,25
33335,13258,142,5,5
33336,13258,3,5,15
33337,13258,64,1,10
33338,13259,121,4,10
33339,13259,118,3,10
33340,13260,200,5,0
33341,13260,164,2,5
33342,13260,81,3,25
33343,13261,114,2,15
33344,13261,56,2,15
33345,13261,193,3,15
33346,13261,71,4,0
33347,13261,47,1,0
33348,13262,54,2,0
33349,13262,155,3,10
33350,13263,106,4,20
33351,13263,157,3,0
33352,13263,13,2,20
33353,13264,132,1,5
33354,13264,50,3,10
33355,13265,76,5,0
33356,13265,112,3,5
33357,13266,195,3,15
33358,13266,170,4,5
33359,13266,111,1,0
33360,13267,49,3,20
33361,13267,60,4,25
33362,13268,55,1,15
33363,13268,169,1,10
33364,13268,19,3,0
33365,13269,13,2,10
33366,13269,20,2,10
33367,13270,8,3,15
33368,13271,175,5,0
33369,13272,20,5,0
33370,13273,62,4,0
33371,13273,130,1,25
33372,13273,40,4,5
33373,13274,122,2,25
33374,13275,175,1,0
33375,13275,103,4,25
33376,13275,195,4,5
33377,13275,133,2,5
33378,13275,94,2,0
33379,13276,95,3,10
33380,13276,38,5,10
33381,13276,13,3,25
33382,13276,141,3,0
33383,13277,73,4,5
33384,13277,122,2,0
33385,13277,119,4,0
33386,13277,63,4,10
33387,13277,134,1,0
33388,13278,28,5,25
33389,13278,4,2,0
33390,13278,88,5,0
33391,13278,40,2,20
33392,13278,162,2,5
33393,13279,93,4,0
33394,13280,50,3,15
33395,13280,129,2,10
33396,13281,86,5,0
33397,13281,183,5,20
33398,13281,140,3,5
33399,13281,153,5,5
33400,13282,194,2,5
33401,13282,192,4,15
33402,13282,193,1,15
33403,13283,67,2,25
33404,13283,120,3,0
33405,13283,58,4,5
33406,13283,21,1,0
33407,13283,63,5,10
33408,13284,64,5,25
33409,13284,174,3,20
33410,13285,97,3,25
33411,13285,44,1,5
33412,13285,177,5,0
33413,13285,139,3,5
33414,13285,156,1,5
33415,13286,66,5,5
33416,13287,191,3,0
33417,13287,76,1,25
33418,13287,112,3,25
33419,13288,132,3,10
33420,13288,62,4,0
33421,13289,11,5,5
33422,13289,61,4,5
33423,13289,51,2,0
33424,13290,6,1,5
33425,13290,193,3,15
33426,13290,189,5,0
33427,13290,125,3,5
33428,13290,75,5,15
33429,13291,55,2,5
33430,13291,187,2,15
33431,13291,49,3,20
33432,13291,88,2,5
33433,13291,53,3,20
33434,13292,155,2,15
33435,13292,122,2,20
33436,13292,163,3,20
33437,13292,98,5,25
33438,13292,177,3,15
33439,13293,161,2,10
33440,13293,45,5,25
33441,13294,76,2,25
33442,13294,98,4,20
33443,13295,39,3,20
33444,13295,24,5,5
33445,13295,32,1,0
33446,13295,168,2,0
33447,13296,161,3,20
33448,13296,162,4,0
33449,13296,130,5,5
33450,13296,11,2,15
33451,13297,135,2,0
33452,13297,138,1,25
33453,13297,187,4,5
33454,13298,22,2,10
33455,13298,149,1,20
33456,13299,40,5,0
33457,13299,9,5,10
33458,13299,106,2,25
33459,13299,108,4,5
33460,13299,2,1,25
33461,13300,191,4,20
33462,13301,45,4,5
33463,13301,75,5,5
33464,13302,174,1,0
33465,13302,24,2,0
33466,13302,39,4,0
33467,13303,85,1,15
33468,13303,76,2,5
33469,13304,134,1,5
33470,13305,3,5,20
33471,13305,7,4,5
33472,13305,115,2,25
33473,13306,66,4,5
33474,13306,147,3,5
33475,13307,63,1,15
33476,13307,186,4,15
33477,13308,27,2,15
33478,13308,151,1,15
33479,13309,169,5,15
33480,13310,172,4,5
33481,13310,63,4,10
33482,13310,165,2,0
33483,13311,35,3,5
33484,13311,36,3,20
33485,13311,182,1,20
33486,13311,61,3,20
33487,13311,126,5,10
33488,13312,146,4,20
33489,13312,12,5,25
33490,13312,104,2,5
33491,13312,143,4,20
33492,13312,81,1,10
33493,13313,116,5,0
33494,13314,127,5,5
33495,13314,11,5,15
33496,13315,45,4,5
33497,13315,146,4,20
33498,13315,80,1,15
33499,13316,163,4,0
33500,13316,199,5,25
33501,13316,5,5,20
33502,13316,200,2,20
33503,13317,68,1,0
33504,13317,152,5,0
33505,13317,196,4,25
33506,13318,40,3,25
33507,13318,191,1,5
33508,13318,70,5,5
33509,13318,148,1,10
33510,13319,160,1,10
33511,13320,53,4,0
33512,13320,72,1,25
33513,13320,199,5,10
33514,13321,34,4,15
33515,13321,177,5,0
33516,13321,74,1,10
33517,13321,167,1,0
33518,13322,38,2,20
33519,13323,167,4,0
33520,13324,163,5,5
33521,13324,149,4,5
33522,13325,18,3,10
33523,13325,122,2,15
33524,13325,1,5,15
33525,13325,82,2,15
33526,13325,138,2,20
33527,13326,130,3,0
33528,13326,166,1,20
33529,13327,9,4,15
33530,13327,179,3,5
33531,13327,103,3,10
33532,13328,134,1,15
33533,13328,55,5,5
33534,13328,90,5,25
33535,13328,54,1,25
33536,13329,162,5,10
33537,13329,89,1,5
33538,13330,179,1,25
33539,13330,24,3,15
33540,13331,146,5,15
33541,13332,48,2,5
33542,13332,113,3,15
33543,13333,83,3,5
33544,13333,41,5,0
33545,13333,89,2,20
33546,13333,167,5,25
33547,13333,139,4,20
33548,13334,54,1,20
33549,13334,139,2,5
33550,13334,183,2,10
33551,13334,148,2,20
33552,13334,156,4,20
33553,13335,57,2,15
33554,13335,195,3,5
33555,13335,173,2,25
33556,13335,119,4,20
33557,13336,194,1,5
33558,13336,189,5,25
33559,13337,109,4,0
33560,13338,197,3,20
33561,13338,87,3,5
33562,13338,132,4,10
33563,13338,14,3,5
33564,13339,18,4,20
33565,13339,13,2,0
33566,13340,145,2,20
33567,13340,71,5,20
33568,13340,130,4,25
33569,13340,196,5,10
33570,13340,195,4,0
33571,13341,159,3,15
33572,13341,183,4,5
33573,13341,115,2,25
33574,13342,113,3,5
33575,13342,94,1,25
33576,13342,35,3,10
33577,13342,184,2,0
33578,13342,165,5,25
33579,13343,56,1,15
33580,13343,71,1,20
33581,13344,80,1,20
33582,13344,119,3,20
33583,13344,170,1,10
33584,13344,154,1,5
33585,13345,82,5,5
33586,13345,162,3,10
33587,13346,99,3,0
33588,13346,164,3,0
33589,13347,194,1,10
33590,13347,57,4,20
33591,13348,67,3,15
33592,13349,55,2,5
33593,13350,15,1,0
33594,13351,61,3,5
33595,13351,120,4,10
33596,13352,122,1,15
33597,13353,94,4,25
33598,13353,142,4,5
33599,13353,50,2,25
33600,13353,95,5,20
33601,13353,170,4,15
33602,13354,68,2,0
33603,13354,121,1,15
33604,13354,20,1,25
33605,13354,120,1,5
33606,13355,119,2,0
33607,13355,186,3,15
33608,13355,94,4,10
33609,13356,80,5,25
33610,13356,46,1,20
33611,13357,46,4,10
33612,13357,93,2,20
33613,13357,189,4,20
33614,13357,187,3,15
33615,13357,196,1,20
33616,13358,179,2,0
33617,13359,54,1,15
33618,13359,162,3,5
33619,13360,161,1,0
33620,13360,112,1,5
33621,13360,57,3,0
33622,13361,5,4,10
33623,13361,3,5,15
33624,13361,15,3,10
33625,13362,194,5,25
33626,13363,138,5,25
33627,13364,100,1,5
33628,13364,136,2,20
33629,13365,141,5,0
33630,13365,199,5,10
33631,13366,141,1,5
33632,13367,66,5,5
33633,13367,197,3,20
33634,13368,137,3,20
33635,13368,3,2,0
33636,13368,96,1,5
33637,13368,182,3,20
33638,13369,155,4,25
33639,13369,91,1,25
33640,13369,139,3,0
33641,13370,86,5,10
33642,13371,73,5,10
33643,13372,144,3,10
33644,13372,142,5,15
33645,13372,200,5,25
33646,13372,21,1,15
33647,13372,131,1,15
33648,13373,69,4,0
33649,13373,104,3,25
33650,13373,197,4,25
33651,13374,101,4,25
33652,13374,112,2,25
33653,13374,14,1,0
33654,13375,100,5,5
33655,13375,143,2,0
33656,13375,41,3,10
33657,13376,90,4,20
33658,13376,50,5,25
33659,13376,136,3,10
33660,13376,85,4,0
33661,13377,161,1,10
33662,13377,40,3,25
33663,13377,192,3,10
33664,13378,160,2,25
33665,13378,62,1,0
33666,13379,57,3,10
33667,13380,87,3,25
33668,13380,160,4,25
33669,13380,189,3,15
33670,13381,192,5,20
33671,13381,105,5,10
33672,13381,66,4,5
33673,13381,8,4,20
33674,13382,79,5,15
33675,13383,5,4,15
33676,13383,39,1,10
33677,13384,107,5,5
33678,13384,46,1,10
33679,13385,76,3,15
33680,13386,188,5,10
33681,13387,133,4,0
33682,13387,34,3,10
33683,13387,198,1,25
33684,13387,37,5,25
33685,13388,1,1,15
33686,13388,136,3,25
33687,13388,198,2,20
33688,13389,154,1,20
33689,13389,75,2,5
33690,13389,127,5,15
33691,13390,163,5,5
33692,13390,55,1,0
33693,13390,122,2,25
33694,13391,126,3,5
33695,13391,22,3,25
33696,13391,102,1,25
33697,13391,187,5,0
33698,13391,15,4,15
33699,13392,114,4,20
33700,13392,49,3,5
33701,13392,110,1,25
33702,13392,55,4,10
33703,13392,77,4,0
33704,13393,178,5,5
33705,13393,189,4,5
33706,13393,119,4,15
33707,13393,194,4,5
33708,13393,94,4,5
33709,13394,157,3,0
33710,13394,106,4,5
33711,13395,109,4,5
33712,13395,62,3,25
33713,13395,32,3,0
33714,13396,180,4,25
33715,13396,76,4,25
33716,13396,4,2,25
33717,13396,187,2,5
33718,13397,171,5,15
33719,13398,19,3,10
33720,13398,96,1,25
33721,13399,103,3,0
33722,13399,116,4,15
33723,13399,133,1,15
33724,13400,175,2,5
33725,13401,50,4,10
33726,13402,127,3,5
33727,13403,90,4,5
33728,13404,132,3,20
33729,13404,171,4,5
33730,13404,199,3,5
33731,13404,141,2,0
33732,13405,123,2,15
33733,13405,85,4,10
33734,13405,47,2,15
33735,13405,36,2,10
33736,13406,104,5,25
33737,13406,150,2,5
33738,13406,196,5,20
33739,13407,76,2,20
33740,13408,119,4,20
33741,13408,169,3,20
33742,13409,16,1,0
33743,13409,38,3,5
33744,13410,178,4,0
33745,13410,120,5,5
33746,13410,97,2,0
33747,13411,101,4,15
33748,13411,29,1,5
33749,13411,187,1,25
33750,13412,31,1,25
33751,13412,156,2,10
33752,13413,164,5,0
33753,13413,104,1,25
33754,13413,107,5,5
33755,13413,149,5,10
33756,13413,21,4,10
33757,13414,36,4,5
33758,13414,143,4,15
33759,13415,9,4,5
33760,13415,116,1,25
33761,13415,106,5,10
33762,13415,34,5,15
33763,13415,87,4,15
33764,13416,130,1,5
33765,13416,138,4,25
33766,13416,17,2,20
33767,13417,151,5,0
33768,13417,186,1,20
33769,13417,179,5,0
33770,13417,186,4,25
33771,13418,192,5,20
33772,13418,98,3,0
33773,13418,40,2,25
33774,13418,56,3,0
33775,13419,57,3,0
33776,13419,23,1,15
33777,13420,54,1,0
33778,13421,150,5,20
33779,13421,152,4,0
33780,13422,188,1,5
33781,13422,161,3,15
33782,13422,169,3,20
33783,13422,107,3,10
33784,13423,128,1,0
33785,13424,124,2,20
33786,13424,167,3,5
33787,13424,107,4,20
33788,13424,1,3,0
33789,13424,99,3,25
33790,13425,188,4,0
33791,13425,121,1,5
33792,13426,111,1,5
33793,13427,44,5,0
33794,13428,93,1,10
33795,13429,92,4,15
33796,13430,158,3,0
33797,13431,182,1,25
33798,13431,114,2,5
33799,13431,151,1,15
33800,13431,1,2,15
33801,13432,182,3,15
33802,13432,65,3,25
33803,13433,31,5,0
33804,13433,106,3,5
33805,13434,183,3,0
33806,13434,105,2,0
33807,13434,160,2,20
33808,13435,94,5,25
33809,13436,81,1,10
33810,13436,102,5,20
33811,13437,2,2,0
33812,13437,49,2,0
33813,13438,29,2,20
33814,13438,183,2,0
33815,13438,55,2,5
33816,13438,195,3,15
33817,13438,184,4,25
33818,13439,120,5,20
33819,13440,31,3,0
33820,13440,152,1,0
33821,13440,114,5,0
33822,13440,105,5,10
33823,13440,84,3,20
33824,13441,106,5,20
33825,13441,20,2,25
33826,13442,80,5,5
33827,13442,179,3,15
33828,13443,27,1,25
33829,13443,72,2,10
33830,13444,66,1,25
33831,13445,160,4,15
33832,13445,177,5,5
33833,13446,59,2,15
33834,13446,166,1,20
33835,13446,167,4,25
33836,13447,198,5,25
33837,13447,193,5,15
33838,13447,87,2,10
33839,13447,30,1,10
33840,13448,11,2,25
33841,13448,5,4,20
33842,13448,45,5,0
33843,13448,193,2,15
33844,13448,134,2,20
33845,13449,146,3,10
33846,13449,164,1,15
33847,13449,21,5,10
33848,13450,65,4,10
33849,13450,195,2,20
33850,13450,66,2,20
33851,13451,89,2,5
33852,13451,190,1,15
33853,13451,186,2,0
33854,13451,21,5,15
33855,13451,80,5,20
33856,13452,14,1,15
33857,13453,89,5,20
33858,13453,67,2,15
33859,13453,120,1,15
33860,13453,46,2,5
33861,13453,10,2,0
33862,13454,51,2,5
33863,13454,13,5,20
33864,13455,25,1,0
33865,13455,169,2,20
33866,13456,144,4,5
33867,13456,78,4,0
33868,13457,9,4,10
33869,13458,94,5,5
33870,13458,67,1,0
33871,13458,14,5,5
33872,13458,110,1,20
33873,13459,103,3,5
33874,13459,102,2,5
33875,13459,76,2,5
33876,13460,136,2,0
33877,13461,183,1,20
33878,13461,163,3,20
33879,13461,177,3,0
33880,13462,123,4,20
33881,13462,106,1,5
33882,13462,184,3,20
33883,13462,187,5,15
33884,13463,148,1,10
33885,13463,141,3,10
33886,13463,91,3,0
33887,13464,46,4,10
33888,13464,7,4,20
33889,13465,136,1,0
33890,13465,25,5,25
33891,13466,42,3,20
33892,13466,34,1,0
33893,13466,63,5,15
33894,13467,17,1,25
33895,13468,187,4,10
33896,13468,96,4,5
33897,13469,52,2,25
33898,13470,142,4,0
33899,13471,141,1,0
33900,13471,96,5,5
33901,13471,17,1,20
33902,13472,125,3,20
33903,13473,190,2,25
33904,13473,7,2,25
33905,13473,6,5,5
33906,13474,7,4,25
33907,13474,125,3,25
33908,13474,56,1,20
33909,13474,19,4,10
33910,13475,117,3,5
33911,13475,10,5,20
33912,13475,139,2,20
33913,13476,154,1,15
33914,13476,183,3,5
33915,13476,120,4,15
33916,13476,51,1,25
33917,13476,71,2,20
33918,13477,180,4,10
33919,13478,136,4,10
33920,13478,139,2,0
33921,13479,145,2,5
33922,13480,107,1,25
33923,13480,40,1,5
33924,13480,49,3,0
33925,13480,8,2,10
33926,13481,145,3,10
33927,13481,100,3,0
33928,13481,98,1,15
33929,13482,168,2,5
33930,13482,104,1,5
33931,13483,25,2,25
33932,13484,126,4,15
33933,13484,113,4,10
33934,13484,33,2,20
33935,13484,10,3,25
33936,13485,75,1,5
33937,13485,178,2,25
33938,13486,192,1,25
33939,13486,115,5,25
33940,13487,196,3,5
33941,13487,20,5,10
33942,13488,56,5,25
33943,13488,90,3,15
33944,13488,176,1,20
33945,13489,198,5,25
33946,13490,98,3,15
33947,13491,184,3,10
33948,13491,156,4,5
33949,13492,124,2,0
33950,13492,131,4,5
33951,13493,25,2,5
33952,13493,186,2,15
33953,13493,7,5,15
33954,13493,79,3,15
33955,13494,107,2,15
33956,13495,185,5,10
33957,13496,31,3,10
33958,13496,172,3,20
33959,13497,22,2,15
33960,13497,169,2,10
33961,13498,66,5,10
33962,13498,109,2,20
33963,13498,169,3,15
33964,13499,42,1,10
33965,13499,8,3,15
33966,13499,63,2,20
33967,13500,7,4,0
33968,13500,95,3,20
33969,13501,193,2,15
33970,13502,117,4,20
33971,13502,73,3,5
33972,13503,166,1,10
33973,13504,149,5,10
33974,13505,164,5,20
33975,13505,191,3,25
33976,13505,119,3,25
33977,13506,134,1,25
33978,13506,32,1,5
33979,13507,107,2,0
33980,13508,9,2,15
33981,13509,85,1,15
33982,13510,10,3,25
33983,13511,192,5,5
33984,13511,197,3,15
33985,13512,106,3,20
33986,13512,52,1,0
33987,13513,13,3,5
33988,13514,179,1,10
33989,13514,84,4,20
33990,13514,47,5,10
33991,13514,178,3,20
33992,13515,157,2,25
33993,13515,189,5,15
33994,13515,29,2,25
33995,13516,188,4,15
33996,13517,199,5,20
33997,13517,23,4,10
33998,13518,45,3,15
33999,13518,50,3,20
34000,13519,50,2,5
34001,13519,119,3,10
34002,13519,135,4,15
34003,13519,198,1,0
34004,13520,39,2,20
34005,13520,22,5,5
34006,13520,77,2,25
34007,13520,32,2,5
34008,13521,180,2,15
34009,13521,81,1,20
34010,13522,113,5,25
34011,13522,62,2,5
34012,13523,4,4,5
34013,13523,9,2,0
34014,13523,135,1,25
34015,13524,188,1,15
34016,13525,32,5,25
34017,13525,150,5,10
34018,13525,42,3,25
34019,13526,159,4,5
34020,13526,24,5,5
34021,13527,162,1,25
34022,13527,36,1,10
34023,13527,41,4,20
34024,13527,143,1,15
34025,13527,56,2,25
34026,13528,167,4,5
34027,13528,81,5,15
34028,13529,28,5,0
34029,13530,155,4,25
34030,13530,185,4,25
34031,13530,114,5,20
34032,13531,130,1,25
34033,13532,177,2,20
34034,13533,77,2,25
34035,13534,41,5,5
34036,13534,159,3,0
34037,13534,105,2,10
34038,13534,186,1,5
34039,13535,100,3,10
34040,13535,115,5,10
34041,13535,143,5,5
34042,13535,185,2,10
34043,13536,11,3,5
34044,13536,170,1,20
34045,13536,61,5,10
34046,13536,42,3,10
34047,13537,81,2,10
34048,13537,176,3,20
34049,13537,8,2,20
34050,13537,71,1,20
34051,13537,195,4,10
34052,13538,171,2,5
34053,13538,150,2,25
34054,13539,124,4,20
34055,13539,54,2,25
34056,13539,4,2,10
34057,13539,43,4,0
34058,13540,179,3,15
34059,13541,133,3,5
34060,13541,50,1,0
34061,13541,108,4,20
34062,13541,1,1,25
34063,13542,60,4,10
34064,13543,27,4,20
34065,13544,162,2,10
34066,13544,112,2,0
34067,13545,76,3,25
34068,13545,177,5,15
34069,13545,57,3,0
34070,13546,169,4,0
34071,13546,55,5,5
34072,13547,182,4,20
34073,13548,115,1,25
34074,13548,132,4,5
34075,13548,32,1,20
34076,13548,179,5,25
34077,13548,59,5,15
34078,13549,129,2,20
34079,13549,112,5,20
34080,13549,167,4,15
34081,13550,168,5,5
34082,13550,190,1,25
34083,13550,199,4,25
34084,13551,124,1,20
34085,13551,117,3,20
34086,13551,88,2,0
34087,13551,176,1,0
34088,13552,5,5,15
34089,13552,120,2,20
34090,13552,184,1,10
34091,13552,45,5,15
34092,13553,62,4,10
34093,13553,47,2,20
34094,13553,118,1,15
34095,13554,102,3,15
34096,13555,37,3,0
34097,13555,46,2,15
34098,13556,35,2,0
34099,13556,136,3,0
34100,13556,82,1,0
34101,13556,198,5,0
34102,13557,137,4,5
34103,13557,48,3,25
34104,13558,156,2,25
34105,13558,82,3,10
34106,13558,77,3,25
34107,13559,99,3,15
34108,13559,101,3,10
34109,13559,125,1,0
34110,13560,171,1,10
34111,13560,183,2,0
34112,13560,93,4,15
34113,13561,42,5,10
34114,13562,121,4,15
34115,13562,53,4,25
34116,13563,163,4,20
34117,13563,44,5,20
34118,13563,179,3,0
34119,13563,105,1,10
34120,13563,32,3,10
34121,13564,146,1,0
34122,13564,63,3,25
34123,13565,157,4,5
34124,13565,17,3,10
34125,13565,4,2,25
34126,13566,148,5,10
34127,13566,36,3,0
34128,13566,133,2,20
34129,13566,67,3,5
34130,13567,125,1,20
34131,13568,7,2,0
34132,13568,71,4,0
34133,13568,136,3,25
34134,13569,146,5,0
34135,13569,189,5,10
34136,13569,60,5,10
34137,13569,23,5,15
34138,13570,114,1,15
34139,13570,92,1,0
34140,13571,132,1,5
34141,13572,101,5,25
34142,13572,165,2,0
34143,13572,86,3,5
34144,13572,52,4,15
34145,13572,117,2,15
34146,13573,184,5,20
34147,13573,149,1,15
34148,13573,158,3,0
34149,13574,3,1,5
34150,13575,163,5,25
34151,13576,64,1,25
34152,13576,53,2,5
34153,13576,36,3,5
34154,13576,84,5,10
34155,13576,38,5,10
34156,13577,113,2,5
34157,13577,173,5,25
34158,13577,77,1,10
34159,13577,122,3,20
34160,13577,139,5,15
34161,13578,106,2,5
34162,13578,59,2,15
34163,13578,71,5,10
34164,13579,135,1,5
34165,13579,132,5,25
34166,13580,179,3,0
34167,13580,130,3,20
34168,13580,60,1,25
34169,13580,157,2,15
34170,13581,78,2,10
34171,13581,185,4,0
34172,13581,153,1,10
34173,13582,166,3,20
34174,13582,122,2,10
34175,13582,155,3,0
34176,13582,196,3,15
34177,13583,102,1,20
34178,13583,184,1,10
34179,13584,30,5,15
34180,13584,137,3,25
34181,13585,7,5,25
34182,13585,188,1,25
34183,13586,193,2,25
34184,13587,161,2,20
34185,13587,149,3,0
34186,13587,195,3,0
34187,13587,12,3,0
34188,13587,175,3,20
34189,13588,98,2,0
34190,13588,37,1,0
34191,13588,107,2,15
34192,13589,169,1,15
34193,13589,104,5,5
34194,13590,177,4,15
34195,13590,180,2,0
34196,13591,171,2,15
34197,13591,62,5,15
34198,13592,36,4,20
34199,13592,159,1,25
34200,13593,178,5,10
34201,13593,124,5,0
34202,13594,31,5,5
34203,13595,67,4,15
34204,13596,102,4,10
34205,13596,14,4,15
34206,13596,129,1,0
34207,13596,32,1,15
34208,13597,43,4,5
34209,13597,41,2,10
34210,13597,66,5,10
34211,13598,199,3,0
34212,13598,51,3,5
34213,13599,147,2,5
34214,13599,95,5,15
34215,13599,63,3,5
34216,13600,9,5,25
34217,13600,156,1,5
34218,13600,119,3,20
34219,13601,25,4,20
34220,13602,86,3,5
34221,13603,10,5,25
34222,13603,92,4,15
34223,13603,99,3,25
34224,13603,150,2,20
34225,13603,170,1,25
34226,13604,125,5,5
34227,13604,158,4,25
34228,13604,98,2,25
34229,13604,117,3,10
34230,13604,57,4,20
34231,13605,54,2,15
34232,13605,161,1,20
34233,13605,99,4,5
34234,13606,109,2,20
34235,13606,127,4,15
34236,13606,92,1,10
34237,13607,99,4,15
34238,13608,159,5,20
34239,13609,145,3,10
34240,13609,17,4,25
34241,13609,84,3,0
34242,13610,152,2,25
34243,13610,86,4,0
34244,13610,7,2,5
34245,13611,15,5,20
34246,13611,120,2,20
34247,13612,9,5,5
34248,13612,127,2,25
34249,13612,129,4,25
34250,13612,106,3,0
34251,13612,163,2,25
34252,13613,130,5,5
34253,13613,19,3,10
34254,13614,33,2,5
34255,13614,140,2,20
34256,13614,163,3,25
34257,13615,189,5,5
34258,13615,171,3,5
34259,13615,84,3,0
34260,13616,70,1,5
34261,13616,59,4,15
34262,13616,38,1,15
34263,13617,99,4,5
34264,13618,89,1,0
34265,13619,74,1,5
34266,13619,178,3,0
34267,13619,89,3,25
34268,13620,173,2,10
34269,13620,102,4,25
34270,13621,128,2,25
34271,13622,158,5,20
34272,13623,161,3,10
34273,13624,167,4,5
34274,13625,55,3,5
34275,13626,5,2,25
34276,13627,30,3,0
34277,13628,177,2,5
34278,13629,14,5,10
34279,13630,116,4,25
34280,13630,108,1,0
34281,13630,154,1,15
34282,13630,159,4,15
34283,13631,18,1,25
34284,13632,64,4,10
34285,13632,194,1,25
34286,13633,152,3,10
34287,13633,101,2,20
34288,13634,67,1,25
34289,13634,99,4,5
34290,13634,162,1,25
34291,13635,119,4,5
34292,13636,119,3,15
34293,13636,163,5,5
34294,13637,190,1,20
34295,13638,79,4,10
34296,13639,33,1,5
34297,13639,150,1,0
34298,13639,6,1,20
34299,13640,17,1,20
34300,13640,104,4,20
34301,13641,37,4,5
34302,13641,62,5,20
34303,13641,46,5,25
34304,13641,161,1,0
34305,13641,62,3,25
34306,13642,104,5,5
34307,13642,96,1,25
34308,13642,111,5,10
34309,13643,43,1,0
34310,13643,82,4,10
34311,13643,96,2,15
34312,13644,44,5,0
34313,13644,46,2,15
34314,13644,63,1,0
34315,13644,94,3,25
34316,13644,153,4,5
34317,13645,15,2,20
34318,13645,95,3,5
34319,13645,146,4,10
34320,13646,27,4,0
34321,13646,53,3,0
34322,13646,127,4,25
34323,13647,13,5,5
34324,13647,38,3,25
34325,13647,60,1,5
34326,13648,59,5,25
34327,13648,25,2,5
34328,13649,71,2,0
34329,13650,195,3,5
34330,13650,23,2,20
34331,13650,78,1,20
34332,13651,160,1,25
34333,13651,42,4,5
34334,13651,96,1,25
34335,13651,66,1,5
34336,13652,60,1,0
34337,13652,29,5,0
34338,13653,194,4,0
34339,13653,140,2,15
34340,13653,4,2,0
34341,13654,33,3,20
34342,13654,68,1,0
34343,13654,177,1,0
34344,13654,152,2,10
34345,13654,198,5,20
34346,13655,59,5,20
34347,13655,96,1,25
34348,13655,82,1,0
34349,13655,58,5,25
34350,13655,47,4,20
34351,13656,167,4,10
34352,13657,36,4,0
34353,13657,128,4,10
34354,13657,76,5,10
34355,13657,139,4,5
34356,13658,132,1,10
34357,13658,178,3,25
34358,13659,52,5,10
34359,13659,142,2,0
34360,13659,151,1,20
34361,13659,42,1,20
34362,13660,147,4,5
34363,13660,200,2,20
34364,13660,117,2,15
34365,13661,157,2,0
34366,13662,35,2,20
34367,13663,43,5,20
34368,13664,187,2,25
34369,13665,166,3,0
34370,13665,126,1,0
34371,13666,180,1,15
34372,13667,110,2,20
34373,13668,47,5,20
34374,13668,92,3,20
34375,13668,34,2,5
34376,13669,1,2,5
34377,13669,73,5,20
34378,13670,40,4,25
34379,13671,49,5,10
34380,13671,92,2,20
34381,13671,27,5,0
34382,13672,17,4,15
34383,13673,126,3,5
34384,13674,92,3,15
34385,13674,115,3,10
34386,13674,183,4,10
34387,13674,46,3,10
34388,13675,136,4,10
34389,13675,191,4,15
34390,13675,93,5,25
34391,13676,81,1,0
34392,13676,37,4,15
34393,13677,104,5,20
34394,13677,37,5,0
34395,13677,121,5,0
34396,13677,113,1,5
34397,13678,171,1,5
34398,13679,23,3,0
34399,13679,154,2,0
34400,13679,74,5,0
34401,13680,4,1,5
34402,13680,110,4,25
34403,13681,98,1,15
34404,13682,148,2,15
34405,13683,159,4,15
34406,13683,9,5,0
34407,13683,123,1,5
34408,13684,199,1,25
34409,13684,30,3,20
34410,13684,33,4,25
34411,13685,192,4,15
34412,13686,77,5,15
34413,13686,133,4,10
34414,13687,99,5,10
34415,13687,49,2,15
34416,13687,26,5,25
34417,13688,24,1,5
34418,13688,186,2,20
34419,13688,187,2,25
34420,13689,151,5,10
34421,13689,120,2,5
34422,13689,188,4,0
34423,13690,96,4,20
34424,13690,57,5,0
34425,13690,9,4,15
34426,13691,166,4,20
34427,13691,82,3,25
34428,13692,176,4,15
34429,13692,22,3,10
34430,13693,167,4,0
34431,13694,89,5,10
34432,13694,132,5,5
34433,13695,55,3,20
34434,13695,146,4,15
34435,13695,66,5,0
34436,13696,66,3,10
34437,13696,98,3,10
34438,13696,104,2,20
34439,13697,42,5,10
34440,13697,66,2,0
34441,13697,34,4,0
34442,13697,195,5,25
34443,13698,125,5,20
34444,13698,104,5,10
34445,13698,185,4,10
34446,13699,137,4,5
34447,13699,43,3,0
34448,13700,141,5,20
34449,13701,12,5,20
34450,13701,118,3,15
34451,13702,121,3,15
34452,13702,61,5,25
34453,13703,27,3,25
34454,13703,150,5,0
34455,13704,188,1,15
34456,13705,99,3,5
34457,13706,55,3,5
34458,13706,181,2,0
34459,13707,146,4,15
34460,13707,163,5,10
34461,13707,160,5,5
34462,13708,78,5,20
34463,13708,186,5,0
34464,13709,173,1,10
34465,13709,144,1,5
34466,13709,16,1,15
34467,13709,76,3,10
34468,13709,49,4,15
34469,13710,62,1,25
34470,13710,106,1,25
34471,13711,177,3,5
34472,13711,192,3,0
34473,13711,119,1,0
34474,13712,177,1,5
34475,13712,128,2,5
34476,13713,66,2,5
34477,13713,61,5,0
34478,13713,86,3,15
34479,13713,142,2,25
34480,13713,112,4,10
34481,13714,161,5,10
34482,13715,97,3,0
34483,13715,138,3,5
34484,13715,165,5,10
34485,13716,81,5,15
34486,13716,73,2,20
34487,13716,43,4,10
34488,13716,77,4,25
34489,13716,126,4,15
34490,13717,111,1,5
34491,13718,185,3,15
34492,13718,76,1,25
34493,13718,104,4,10
34494,13718,118,1,5
34495,13719,108,2,20
34496,13719,105,1,10
34497,13719,88,5,10
34498,13719,149,4,15
34499,13720,13,4,5
34500,13720,169,3,5
34501,13721,186,5,25
34502,13722,146,3,15
34503,13723,92,1,25
34504,13724,173,2,10
34505,13724,106,5,15
34506,13724,173,2,10
34507,13725,145,5,5
34508,13726,126,4,20
34509,13726,122,2,5
34510,13727,4,5,20
34511,13727,21,2,15
34512,13727,122,3,15
34513,13727,138,5,25
34514,13727,73,3,0
34515,13728,136,3,15
34516,13728,146,1,15
34517,13728,36,1,20
34518,13728,153,4,5
34519,13728,130,1,20
34520,13729,105,2,20
34521,13730,96,1,0
34522,13731,104,1,20
34523,13731,83,4,0
34524,13731,71,1,20
34525,13731,160,3,10
34526,13732,5,2,25
34527,13733,2,3,5
34528,13733,71,2,5
34529,13733,142,5,0
34530,13733,88,1,20
34531,13734,33,2,15
34532,13735,122,5,25
34533,13736,175,4,5
34534,13736,8,3,0
34535,13737,21,1,25
34536,13737,18,3,0
34537,13738,96,2,5
34538,13738,107,5,20
34539,13738,18,3,0
34540,13739,194,4,10
34541,13739,70,2,0
34542,13740,24,4,20
34543,13740,137,2,15
34544,13740,5,2,25
34545,13740,138,4,15
34546,13741,178,3,5
34547,13741,10,2,0
34548,13741,75,4,0
34549,13741,126,4,20
34550,13741,195,4,20
34551,13742,21,1,10
34552,13742,155,1,5
34553,13742,12,2,10
34554,13743,95,2,5
34555,13743,198,1,20
34556,13743,141,5,25
34557,13744,149,1,5
34558,13744,165,4,20
34559,13745,56,2,10
34560,13745,191,4,5
34561,13745,99,5,15
34562,13745,6,1,0
34563,13746,172,3,25
34564,13747,171,5,5
34565,13748,105,2,25
34566,13748,14,3,15
34567,13748,57,5,0
34568,13749,104,2,0
34569,13749,46,4,10
34570,13750,21,1,0
34571,13750,87,3,20
34572,13750,115,2,10
34573,13751,28,4,10
34574,13751,104,4,0
34575,13752,2,2,20
34576,13752,130,5,5
34577,13753,108,1,5
34578,13754,161,4,10
34579,13755,159,2,5
34580,13756,49,5,5
34581,13757,32,5,10
34582,13758,162,2,10
34583,13758,200,2,15
34584,13759,104,1,0
34585,13759,126,4,5
34586,13759,49,3,0
34587,13759,137,2,15
34588,13759,58,5,20
34589,13760,108,3,10
34590,13760,41,1,20
34591,13760,118,2,0
34592,13760,67,2,10
34593,13761,115,2,10
34594,13761,53,2,10
34595,13762,146,1,0
34596,13762,6,1,10
34597,13762,93,3,5
34598,13763,171,1,25
34599,13763,16,5,15
34600,13763,167,5,20
34601,13763,36,2,10
34602,13764,46,4,5
34603,13764,78,5,0
34604,13764,8,4,15
34605,13764,34,3,20
34606,13764,194,4,10
34607,13765,197,2,5
34608,13765,157,2,10
34609,13766,67,3,0
34610,13766,96,1,20
34611,13766,79,5,0
34612,13766,2,1,5
34613,13767,83,2,15
34614,13768,109,3,15
34615,13769,75,3,25
34616,13769,153,2,5
34617,13769,140,3,10
34618,13769,66,3,15
34619,13770,198,5,15
34620,13771,193,5,5
34621,13772,78,3,15
34622,13772,138,1,0
34623,13772,195,5,5
34624,13772,69,2,15
34625,13773,16,4,20
34626,13774,58,3,15
34627,13775,2,2,20
34628,13775,12,2,15
34629,13776,152,3,5
34630,13776,196,2,0
34631,13777,92,4,15
34632,13777,123,2,25
34633,13777,45,4,10
34634,13777,52,1,20
34635,13778,116,3,15
34636,13778,150,1,0
34637,13778,149,1,25
34638,13778,139,2,0
34639,13778,55,3,0
34640,13779,22,2,0
34641,13779,124,4,25
34642,13779,101,5,5
34643,13780,185,3,25
34644,13780,145,5,15
34645,13780,34,3,25
34646,13780,51,4,20
34647,13780,194,2,5
34648,13781,95,5,15
34649,13781,56,3,20
34650,13782,117,2,0
34651,13782,25,1,15
34652,13782,1,4,20
34653,13783,40,2,0
34654,13784,192,3,15
34655,13784,36,4,5
34656,13784,7,2,5
34657,13785,144,2,5
34658,13785,23,1,0
34659,13785,120,3,20
34660,13785,170,3,5
34661,13786,43,2,5
34662,13786,29,4,25
34663,13787,36,3,10
34664,13787,187,4,10
34665,13787,67,5,0
34666,13788,116,5,5
34667,13788,11,1,15
34668,13788,161,1,10
34669,13788,190,2,15
34670,13788,22,1,10
34671,13789,158,2,20
34672,13789,114,3,15
34673,13789,143,1,0
34674,13789,128,1,5
34675,13789,91,5,0
34676,13790,2,2,0
34677,13791,54,5,10
34678,13792,160,1,25
34679,13792,123,3,20
34680,13792,47,4,5
34681,13793,94,1,10
34682,13793,194,4,10
34683,13794,130,3,15
34684,13795,55,4,15
34685,13795,165,4,25
34686,13796,136,5,15
34687,13797,30,5,0
34688,13798,178,3,5
34689,13799,30,4,10
34690,13799,134,4,15
34691,13800,165,1,10
34692,13800,34,1,20
34693,13801,64,2,25
34694,13801,30,4,0
34695,13802,48,2,15
34696,13802,74,3,25
34697,13802,163,2,20
34698,13803,49,3,0
34699,13803,38,5,0
34700,13804,114,4,15
34701,13804,33,5,0
34702,13804,88,3,0
34703,13804,75,1,15
34704,13805,125,3,0
34705,13805,88,1,10
34706,13805,6,5,0
34707,13806,159,3,15
34708,13806,106,2,5
34709,13807,33,1,25
34710,13808,4,5,25
34711,13808,79,4,0
34712,13808,198,2,20
34713,13809,200,2,5
34714,13809,91,4,15
34715,13810,50,1,25
34716,13811,134,3,0
34717,13811,199,5,15
34718,13812,123,2,0
34719,13812,198,5,0
34720,13813,172,1,15
34721,13813,160,4,0
34722,13813,137,1,20
34723,13814,171,5,25
34724,13814,165,1,20
34725,13815,32,2,25
34726,13815,73,4,15
34727,13815,64,3,5
34728,13816,148,1,0
34729,13816,173,3,25
34730,13817,102,2,20
34731,13817,158,2,20
34732,13818,3,1,20
34733,13819,18,3,0
34734,13819,95,1,15
34735,13820,150,5,20
34736,13820,31,2,25
34737,13821,64,1,0
34738,13822,59,1,10
34739,13823,103,1,20
34740,13823,71,5,10
34741,13824,178,3,20
34742,13824,192,2,0
34743,13825,138,4,10
34744,13825,182,3,0
34745,13826,111,2,0
34746,13827,164,4,15
34747,13827,64,3,5
34748,13828,3,5,20
34749,13828,6,5,25
34750,13828,80,3,5
34751,13829,109,1,25
34752,13829,87,2,0
34753,13830,64,1,5
34754,13830,12,5,20
34755,13830,168,3,15
34756,13830,123,5,5
34757,13831,140,1,0
34758,13831,139,5,25
34759,13831,191,5,10
34760,13832,140,2,0
34761,13832,183,5,15
34762,13832,195,4,0
34763,13833,51,2,10
34764,13833,105,5,5
34765,13834,175,4,10
34766,13834,146,5,10
34767,13834,158,2,25
34768,13834,198,4,10
34769,13834,81,2,10
34770,13835,33,4,25
34771,13835,41,2,10
34772,13836,144,5,0
34773,13837,13,2,5
34774,13837,23,5,5
34775,13837,158,1,10
34776,13838,124,4,20
34777,13839,184,1,15
34778,13840,23,5,0
34779,13840,32,4,5
34780,13840,119,5,20
34781,13840,66,5,20
34782,13841,163,3,25
34783,13842,143,2,0
34784,13842,128,5,0
34785,13843,163,1,10
34786,13843,23,4,20
34787,13843,76,2,25
34788,13844,44,1,10
34789,13844,102,4,0
34790,13844,73,2,15
34791,13844,103,5,20
34792,13845,179,2,20
34793,13845,34,5,25
34794,13845,15,2,20
34795,13846,13,2,0
34796,13847,135,5,0
34797,13847,10,3,10
34798,13847,41,2,20
34799,13848,54,5,5
34800,13848,137,5,10
34801,13848,54,3,0
34802,13849,180,1,25
34803,13849,143,5,25
34804,13850,143,2,15
34805,13850,56,3,0
34806,13851,86,4,25
34807,13851,10,1,15
34808,13851,190,1,20
34809,13851,6,5,10
34810,13852,134,1,5
34811,13852,101,1,5
34812,13852,46,3,25
34813,13852,68,4,0
34814,13853,94,2,25
34815,13854,162,1,20
34816,13854,72,4,15
34817,13854,150,5,5
34818,13855,61,2,20
34819,13855,191,2,0
34820,13855,24,4,10
34821,13855,125,3,20
34822,13856,157,1,5
34823,13856,110,1,10
34824,13856,180,2,15
34825,13857,55,2,10
34826,13858,28,2,25
34827,13858,127,4,10
34828,13858,152,4,5
34829,13859,186,5,15
34830,13859,177,4,20
34831,13859,19,1,10
34832,13860,155,5,25
34833,13860,26,5,25
34834,13861,32,5,25
34835,13861,31,3,10
34836,13861,57,3,5
34837,13862,61,5,25
34838,13862,69,3,10
34839,13863,170,3,10
34840,13864,152,4,5
34841,13864,138,1,10
34842,13864,121,1,15
34843,13865,15,2,10
34844,13865,64,5,0
34845,13865,60,4,25
34846,13865,131,3,5
34847,13866,139,2,20
34848,13866,128,5,5
34849,13866,189,2,25
34850,13867,149,1,20
34851,13867,157,1,5
34852,13867,182,3,20
34853,13868,78,2,15
34854,13868,177,3,15
34855,13868,73,2,15
34856,13868,175,3,20
34857,13869,174,1,10
34858,13870,120,5,5
34859,13870,89,5,20
34860,13870,4,3,0
34861,13870,193,1,15
34862,13870,190,1,25
34863,13871,51,5,0
34864,13871,110,3,20
34865,13871,66,2,10
34866,13871,131,2,20
34867,13871,134,4,25
34868,13872,92,5,15
34869,13872,145,3,5
34870,13872,10,2,5
34871,13872,167,2,15
34872,13873,22,3,15
34873,13873,166,1,25
34874,13874,82,3,20
34875,13874,171,4,5
34876,13874,17,2,20
34877,13874,160,1,15
34878,13875,175,5,15
34879,13876,67,4,0
34880,13876,71,3,20
34881,13877,84,2,15
34882,13878,127,5,5
34883,13878,129,5,0
34884,13879,131,5,0
34885,13880,19,1,10
34886,13880,128,1,20
34887,13880,59,3,10
34888,13881,81,3,0
34889,13882,133,5,15
34890,13883,49,2,5
34891,13883,200,5,10
34892,13883,164,4,25
34893,13884,79,4,5
34894,13884,17,3,15
34895,13885,172,4,25
34896,13886,14,4,25
34897,13886,191,4,0
34898,13886,199,5,20
34899,13887,22,4,0
34900,13887,194,4,20
34901,13887,144,1,10
34902,13887,136,2,0
34903,13887,98,4,10
34904,13888,23,2,15
34905,13888,198,2,0
34906,13889,195,3,5
34907,13889,166,2,5
34908,13890,156,2,10
34909,13890,40,1,15
34910,13891,46,4,5
34911,13892,57,3,0
34912,13892,31,2,5
34913,13892,148,3,20
34914,13893,150,3,5
34915,13894,149,2,10
34916,13894,28,1,15
34917,13895,56,5,20
34918,13896,133,1,10
34919,13897,144,3,20
34920,13898,83,1,20
34921,13898,38,1,25
34922,13899,56,2,15
34923,13899,129,4,5
34924,13900,189,2,5
34925,13901,141,3,0
34926,13901,119,2,10
34927,13901,68,3,10
34928,13901,17,4,5
34929,13901,46,1,25
34930,13902,32,1,10
34931,13902,93,4,0
34932,13903,147,3,10
34933,13903,98,4,20
34934,13903,43,4,25
34935,13904,86,5,25
34936,13904,194,5,15
34937,13904,6,4,20
34938,13905,190,5,25
34939,13905,53,1,0
34940,13905,186,4,25
34941,13906,50,5,15
34942,13906,36,2,25
34943,13907,61,4,10
34944,13907,190,1,5
34945,13907,138,1,10
34946,13908,133,2,10
34947,13908,39,1,0
34948,13909,30,3,15
34949,13909,124,3,25
34950,13910,58,5,10
34951,13910,113,3,0
34952,13910,87,2,25
34953,13911,169,1,20
34954,13912,94,5,10
34955,13912,71,3,10
34956,13912,118,1,20
34957,13913,18,4,0
34958,13913,99,2,20
34959,13914,122,5,20
34960,13915,100,3,10
34961,13915,102,4,0
34962,13915,115,2,25
34963,13915,80,2,0
34964,13916,45,2,0
34965,13916,12,4,5
34966,13916,150,2,15
34967,13917,182,5,25
34968,13917,186,1,10
34969,13918,10,4,15
34970,13918,184,4,15
34971,13918,139,3,15
34972,13919,24,5,10
34973,13919,67,1,20
34974,13919,193,2,15
34975,13920,95,4,10
34976,13920,73,2,5
34977,13920,12,4,25
34978,13921,41,4,20
34979,13921,97,2,25
34980,13922,6,4,25
34981,13922,148,3,15
34982,13922,9,3,5
34983,13923,29,1,5
34984,13923,28,4,25
34985,13923,131,3,15
34986,13923,157,1,0
34987,13923,169,5,20
34988,13924,158,5,15
34989,13924,106,4,5
34990,13924,193,5,25
34991,13925,129,1,15
34992,13925,200,4,25
34993,13926,140,1,10
34994,13926,153,4,15
34995,13926,98,1,15
34996,13927,149,4,0
34997,13928,139,4,10
34998,13929,156,3,20
34999,13929,76,2,10
35000,13929,172,2,5
35001,13929,166,1,5
35002,13930,105,4,5
35003,13930,130,1,25
35004,13930,5,5,15
35005,13931,74,2,10
35006,13931,159,5,20
35007,13931,168,3,20
35008,13931,21,3,25
35009,13931,35,1,15
35010,13932,101,1,25
35011,13932,1,5,25
35012,13933,48,4,20
35013,13933,144,2,0
35014,13933,196,1,10
35015,13933,97,3,0
35016,13933,33,2,20
35017,13934,177,2,20
35018,13934,160,1,20
35019,13934,31,3,20
35020,13934,181,4,15
35021,13935,108,3,15
35022,13935,99,3,10
35023,13936,62,5,5
35024,13936,20,2,5
35025,13937,195,3,25
35026,13937,68,5,10
35027,13937,175,4,25
35028,13938,154,3,5
35029,13938,190,2,0
35030,13938,61,4,25
35031,13939,182,2,25
35032,13939,191,5,25
35033,13939,26,3,25
35034,13939,172,1,10
35035,13939,148,2,0
35036,13940,104,2,20
35037,13941,143,1,20
35038,13941,134,5,20
35039,13941,18,4,15
35040,13942,19,1,10
35041,13942,158,5,15
35042,13943,45,3,20
35043,13944,52,1,20
35044,13944,169,4,20
35045,13945,89,5,25
35046,13946,112,2,5
35047,13946,178,3,0
35048,13946,198,3,20
35049,13946,20,3,10
35050,13946,102,2,15
35051,13947,25,5,25
35052,13947,160,1,5
35053,13947,83,5,5
35054,13948,84,4,5
35055,13948,182,1,25
35056,13948,44,5,15
35057,13948,53,2,25
35058,13949,177,5,15
35059,13949,22,5,25
35060,13950,142,1,20
35061,13950,85,1,10
35062,13951,164,2,5
35063,13951,92,5,25
35064,13951,108,3,25
35065,13952,123,4,25
35066,13952,44,3,25
35067,13952,145,1,25
35068,13953,109,2,15
35069,13953,81,5,0
35070,13953,155,2,0
35071,13953,181,1,5
35072,13953,136,1,20
35073,13954,7,4,5
35074,13954,49,2,20
35075,13954,170,2,25
35076,13955,138,2,20
35077,13955,108,5,15
35078,13956,177,1,15
35079,13957,189,3,20
35080,13957,79,1,15
35081,13957,95,3,20
35082,13957,52,2,10
35083,13958,121,3,25
35084,13959,50,5,15
35085,13960,62,5,15
35086,13960,190,2,0
35087,13960,154,1,5
35088,13960,124,3,0
35089,13961,30,3,10
35090,13961,57,4,5
35091,13961,172,2,10
35092,13962,110,3,0
35093,13962,68,4,10
35094,13962,47,3,20
35095,13962,163,4,20
35096,13962,70,4,20
35097,13963,22,2,20
35098,13963,162,1,10
35099,13963,118,3,25
35100,13964,62,5,10
35101,13964,111,4,20
35102,13965,143,4,25
35103,13965,114,3,25
35104,13965,77,4,15
35105,13966,72,2,10
35106,13966,187,3,0
35107,13966,3,5,15
35108,13966,168,2,20
35109,13967,61,3,20
35110,13967,79,4,10
35111,13967,87,2,15
35112,13967,28,4,5
35113,13968,59,5,5
35114,13968,191,2,10
35115,13969,146,3,10
35116,13969,50,3,5
35117,13969,90,2,0
35118,13969,89,5,0
35119,13970,87,3,0
35120,13971,36,1,25
35121,13972,197,4,15
35122,13973,162,3,20
35123,13973,21,2,20
35124,13973,117,3,15
35125,13974,74,2,10
35126,13974,165,5,25
35127,13975,87,2,25
35128,13975,32,3,25
35129,13976,137,1,20
35130,13976,16,5,20
35131,13977,139,3,0
35132,13977,174,3,10
35133,13977,153,2,15
35134,13977,189,4,25
35135,13978,151,1,5
35136,13978,90,1,20
35137,13979,194,5,20
35138,13979,19,1,15
35139,13980,158,4,25
35140,13980,56,5,25
35141,13980,83,4,20
35142,13981,172,2,5
35143,13981,93,5,15
35144,13981,121,4,20
35145,13981,85,5,15
35146,13982,14,1,10
35147,13982,146,1,25
35148,13983,89,1,5
35149,13984,166,5,5
35150,13985,153,1,15
35151,13985,186,1,5
35152,13985,23,1,15
35153,13986,190,1,0
35154,13986,125,2,10
35155,13987,44,2,0
35156,13988,157,4,15
35157,13988,155,3,10
35158,13988,163,5,20
35159,13989,19,5,15
35160,13990,137,4,25
35161,13990,89,3,10
35162,13990,28,3,10
35163,13991,23,1,15
35164,13991,118,4,0
35165,13991,110,5,0
35166,13992,36,2,20
35167,13992,32,4,5
35168,13993,120,4,0
35169,13993,121,4,25
35170,13994,112,3,15
35171,13994,124,4,15
35172,13994,78,1,25
35173,13994,128,2,10
35174,13995,79,5,20
35175,13995,2,2,15
35176,13995,12,5,15
35177,13996,102,5,15
35178,13997,28,5,5
35179,13998,148,5,0
35180,13999,9,3,5
35181,13999,62,1,5
35182,13999,31,4,15
35183,13999,22,1,5
35184,14000,44,5,5
35185,14000,141,3,25
35186,14001,147,5,5
35187,14001,136,3,5
35188,14001,60,3,25
35189,14002,57,5,10
35190,14002,97,2,25
35191,14002,153,5,15
35192,14002,139,5,15
35193,14003,53,3,15
35194,14003,23,3,10
35195,14004,49,1,5
35196,14004,63,3,10
35197,14004,125,4,10
35198,14004,128,4,10
35199,14005,45,3,25
35200,14006,90,1,15
35201,14007,148,4,0
35202,14008,125,1,20
35203,14009,27,2,5
35204,14009,114,2,0
35205,14010,136,4,0
35206,14010,21,1,25
35207,14011,92,3,20
35208,14011,53,1,25
35209,14011,44,2,20
35210,14011,115,4,20
35211,14012,135,1,10
35212,14012,177,5,20
35213,14013,192,5,0
35214,14014,146,4,5
35215,14014,195,2,25
35216,14014,168,5,20
35217,14015,153,5,20
35218,14016,95,5,25
35219,14017,89,2,20
35220,14017,63,3,5
35221,14017,17,1,5
35222,14017,68,1,15
35223,14018,112,1,0
35224,14019,150,5,10
35225,14019,50,5,5
35226,14019,48,5,15
35227,14020,195,2,25
35228,14020,6,4,25
35229,14020,63,3,25
35230,14020,180,2,10
35231,14021,63,2,25
35232,14021,7,2,0
35233,14021,83,4,20
35234,14022,103,1,15
35235,14022,196,3,25
35236,14022,71,3,0
35237,14022,131,1,0
35238,14023,108,2,15
35239,14024,92,5,15
35240,14024,33,5,0
35241,14024,136,1,25
35242,14025,170,3,0
35243,14025,53,2,10
35244,14025,66,1,20
35245,14026,102,1,15
35246,14026,182,3,20
35247,14026,106,2,25
35248,14026,166,4,25
35249,14026,120,2,10
35250,14027,12,2,10
35251,14027,58,2,5
35252,14027,46,3,25
35253,14027,36,2,25
35254,14028,184,1,5
35255,14028,92,1,5
35256,14028,15,2,15
35257,14028,73,3,5
35258,14028,65,1,5
35259,14029,16,1,5
35260,14029,146,3,25
35261,14030,157,1,10
35262,14031,188,3,10
35263,14032,182,4,10
35264,14032,88,4,5
35265,14032,45,2,20
35266,14032,160,4,15
35267,14032,25,2,25
35268,14033,139,3,10
35269,14033,126,1,0
35270,14034,173,4,5
35271,14034,188,2,10
35272,14034,61,1,20
35273,14034,128,3,0
35274,14035,182,4,5
35275,14035,99,4,0
35276,14035,140,2,20
35277,14035,71,4,20
35278,14035,173,3,10
35279,14036,146,5,10
35280,14036,150,4,0
35281,14036,116,4,0
35282,14037,3,3,5
35283,14038,15,3,5
35284,14039,167,2,5
35285,14040,79,2,10
35286,14040,101,1,5
35287,14041,89,4,25
35288,14042,28,4,25
35289,14042,164,1,15
35290,14043,43,5,0
35291,14044,178,1,20
35292,14044,129,3,0
35293,14045,160,4,25
35294,14046,77,4,5
35295,14047,85,1,5
35296,14047,97,2,0
35297,14047,199,5,25
35298,14047,183,4,15
35299,14047,170,1,15
35300,14048,113,5,10
35301,14048,16,1,10
35302,14049,6,2,25
35303,14049,69,3,5
35304,14049,151,5,15
35305,14050,150,3,20
35306,14050,175,2,10
35307,14050,53,1,5
35308,14050,172,1,10
35309,14050,100,4,20
35310,14051,174,2,0
35311,14051,54,3,15
35312,14052,166,5,15
35313,14052,91,3,15
35314,14052,76,5,0
35315,14052,93,5,15
35316,14052,52,3,25
35317,14053,15,2,0
35318,14054,176,3,25
35319,14054,26,1,20
35320,14054,192,5,25
35321,14054,60,2,10
35322,14055,27,3,25
35323,14056,4,1,25
35324,14056,185,2,0
35325,14057,88,1,25
35326,14058,164,3,15
35327,14058,188,4,5
35328,14058,116,3,5
35329,14058,148,2,0
35330,14058,32,1,0
35331,14059,28,4,20
35332,14059,49,4,20
35333,14059,9,5,0
35334,14059,9,2,0
35335,14060,184,3,15
35336,14061,143,3,15
35337,14061,35,3,0
35338,14062,184,5,5
35339,14062,156,3,15
35340,14062,163,4,10
35341,14063,157,2,25
35342,14063,69,2,0
35343,14063,171,1,10
35344,14063,38,1,25
35345,14063,25,5,25
35346,14064,86,4,5
35347,14064,120,4,5
35348,14065,107,3,25
35349,14065,16,5,15
35350,14065,28,4,0
35351,14065,170,1,5
35352,14066,149,2,15
35353,14066,171,5,25
35354,14066,21,5,15
35355,14067,154,5,0
35356,14067,168,1,10
35357,14067,181,2,25
35358,14068,36,4,10
35359,14069,179,2,25
35360,14069,153,4,10
35361,14070,182,4,25
35362,14070,34,3,20
35363,14070,155,5,10
35364,14071,33,2,20
35365,14071,166,1,5
35366,14071,110,4,0
35367,14072,65,4,15
35368,14072,169,3,15
35369,14072,130,1,10
35370,14073,143,5,5
35371,14074,111,2,15
35372,14075,28,4,5
35373,14075,186,2,15
35374,14075,119,2,5
35375,14075,47,5,0
35376,14076,152,4,25
35377,14076,113,2,10
35378,14076,188,1,25
35379,14077,139,5,0
35380,14078,95,2,0
35381,14078,116,5,0
35382,14079,160,1,0
35383,14079,89,2,5
35384,14080,179,1,5
35385,14080,92,4,25
35386,14080,155,2,25
35387,14080,171,1,10
35388,14080,78,4,5
35389,14081,68,5,5
35390,14081,110,3,0
35391,14081,156,2,15
35392,14082,108,2,20
35393,14082,172,4,15
35394,14082,97,2,20
35395,14083,181,3,5
35396,14084,159,5,5
35397,14085,19,5,15
35398,14085,53,3,5
35399,14086,93,4,5
35400,14086,195,1,5
35401,14087,53,4,25
35402,14087,92,1,10
35403,14088,28,1,0
35404,14088,123,1,25
35405,14089,185,2,10
35406,14090,166,2,0
35407,14091,169,1,0
35408,14091,84,1,10
35409,14091,179,3,25
35410,14092,121,5,15
35411,14093,167,4,10
35412,14093,182,4,0
35413,14093,64,3,20
35414,14093,198,5,20
35415,14094,82,2,5
35416,14094,195,3,0
35417,14094,40,5,10
35418,14094,9,3,25
35419,14094,110,3,0
35420,14095,33,2,0
35421,14095,144,4,15
35422,14095,77,2,0
35423,14095,200,2,0
35424,14095,184,4,0
35425,14096,7,4,10
35426,14096,57,4,25
35427,14097,62,3,5
35428,14097,24,5,0
35429,14098,156,3,15
35430,14098,83,2,10
35431,14098,37,5,20
35432,14098,128,3,25
35433,14099,109,3,25
35434,14099,169,2,10
35435,14100,124,4,5
35436,14100,54,5,15
35437,14101,156,3,25
35438,14101,93,2,5
35439,14102,189,5,20
35440,14102,171,4,15
35441,14103,138,3,5
35442,14103,34,3,5
35443,14104,60,1,20
35444,14104,73,3,5
35445,14104,74,2,5
35446,14104,100,1,20
35447,14105,1,5,10
35448,14106,99,3,0
35449,14106,29,2,25
35450,14106,113,2,15
35451,14107,47,3,25
35452,14107,151,5,5
35453,14107,150,4,10
35454,14107,42,5,10
35455,14107,195,2,5
35456,14108,41,1,15
35457,14108,106,3,15
35458,14109,43,2,10
35459,14109,72,5,15
35460,14109,37,4,0
35461,14109,126,4,20
35462,14110,83,4,25
35463,14110,44,3,10
35464,14111,101,3,10
35465,14111,124,4,15
35466,14111,4,4,10
35467,14112,80,1,20
35468,14113,45,5,15
35469,14114,166,3,5
35470,14114,68,1,5
35471,14114,164,3,0
35472,14114,12,3,10
35473,14115,96,2,10
35474,14115,108,4,20
35475,14115,68,3,20
35476,14116,117,1,10
35477,14116,26,5,10
35478,14116,150,5,10
35479,14116,85,2,0
35480,14116,177,2,5
35481,14117,124,4,15
35482,14117,164,3,10
35483,14117,124,4,5
35484,14117,130,5,10
35485,14117,29,3,10
35486,14118,120,3,15
35487,14118,155,1,0
35488,14118,133,1,10
35489,14119,198,4,20
35490,14119,6,5,10
35491,14119,7,2,15
35492,14119,134,3,20
35493,14119,115,2,15
35494,14120,160,4,25
35495,14121,71,4,10
35496,14121,66,5,25
35497,14122,112,3,25
35498,14122,162,2,20
35499,14122,137,5,20
35500,14122,141,1,20
35501,14123,148,5,10
35502,14124,39,4,5
35503,14124,7,1,25
35504,14124,197,1,25
35505,14124,40,3,25
35506,14124,147,5,15
35507,14125,128,2,15
35508,14125,37,5,5
35509,14125,158,1,0
35510,14126,16,2,15
35511,14127,7,3,25
35512,14127,172,1,10
35513,14128,107,3,0
35514,14128,69,3,25
35515,14128,115,5,20
35516,14128,51,5,0
35517,14129,123,1,15
35518,14130,27,4,20
35519,14130,82,1,10
35520,14131,26,3,0
35521,14131,188,4,0
35522,14131,189,4,0
35523,14132,65,2,25
35524,14132,92,3,25
35525,14132,189,5,25
35526,14132,117,2,15
35527,14133,61,4,25
35528,14133,42,3,5
35529,14134,68,4,5
35530,14134,136,1,15
35531,14134,157,4,5
35532,14134,172,5,10
35533,14135,83,1,25
35534,14135,91,1,25
35535,14136,177,5,20
35536,14136,89,5,5
35537,14136,177,1,25
35538,14136,99,2,25
35539,14136,122,3,10
35540,14137,33,3,15
35541,14138,17,2,15
35542,14138,141,3,15
35543,14138,124,1,10
35544,14138,83,2,20
35545,14139,2,3,20
35546,14139,12,2,25
35547,14139,36,2,5
35548,14140,132,1,15
35549,14141,42,1,20
35550,14141,148,3,15
35551,14141,118,2,15
35552,14141,195,3,5
35553,14142,28,3,15
35554,14143,63,1,5
35555,14144,196,3,15
35556,14144,55,1,20
35557,14145,47,4,25
35558,14145,32,5,5
35559,14145,194,2,20
35560,14146,86,4,0
35561,14146,87,5,5
35562,14147,147,4,0
35563,14147,179,2,25
35564,14148,36,2,5
35565,14148,125,3,15
35566,14149,84,4,0
35567,14149,13,3,0
35568,14149,64,1,10
35569,14149,85,4,15
35570,14149,119,3,0
35571,14150,174,1,5
35572,14151,34,2,20
35573,14151,183,4,25
35574,14151,82,1,25
35575,14151,12,4,5
35576,14151,84,3,20
35577,14152,167,1,5
35578,14152,175,2,15
35579,14152,5,4,15
35580,14153,41,1,10
35581,14153,149,1,0
35582,14153,28,3,25
35583,14153,34,3,10
35584,14154,173,4,15
35585,14154,165,5,25
35586,14154,105,1,0
35587,14155,47,4,0
35588,14155,85,2,0
35589,14155,171,5,0
35590,14155,174,4,20
35591,14156,54,5,10
35592,14156,81,1,15
35593,14156,151,1,5
35594,14156,162,3,15
35595,14156,129,3,15
35596,14157,164,5,5
35597,14157,77,1,0
35598,14157,34,4,25
35599,14157,115,5,20
35600,14157,144,3,5
35601,14158,123,3,0
35602,14158,49,1,0
35603,14159,73,2,0
35604,14159,25,2,25
35605,14159,151,4,0
35606,14159,14,4,15
35607,14159,58,3,15
35608,14160,3,2,20
35609,14160,104,1,15
35610,14160,161,5,5
35611,14160,29,4,20
35612,14160,141,5,15
35613,14161,197,4,20
35614,14161,150,4,0
35615,14162,195,5,0
35616,14162,195,4,25
35617,14163,3,1,25
35618,14164,19,3,15
35619,14164,173,4,15
35620,14164,107,4,0
35621,14164,112,1,15
35622,14164,25,3,10
35623,14165,122,2,20
35624,14165,6,4,20
35625,14165,88,2,20
35626,14166,196,1,15
35627,14167,84,1,0
35628,14168,156,3,5
35629,14168,109,4,5
35630,14169,129,3,25
35631,14170,86,2,0
35632,14170,108,5,20
35633,14171,91,1,20
35634,14172,48,2,0
35635,14173,176,1,20
35636,14174,179,4,25
35637,14174,85,1,25
35638,14174,98,2,25
35639,14175,13,4,20
35640,14175,171,2,20
35641,14175,60,5,15
35642,14176,189,4,5
35643,14177,146,3,5
35644,14178,137,3,0
35645,14178,92,5,20
35646,14178,105,5,25
35647,14178,100,2,25
35648,14179,186,5,10
35649,14179,1,5,0
35650,14179,142,4,10
35651,14180,36,4,10
35652,14180,59,4,15
35653,14180,23,4,10
35654,14180,2,5,25
35655,14180,192,2,0
35656,14181,71,5,15
35657,14181,38,3,5
35658,14182,29,3,10
35659,14182,184,5,15
35660,14182,120,4,10
35661,14182,34,3,20
35662,14182,145,5,0
35663,14183,2,2,5
35664,14183,165,5,25
35665,14184,98,2,5
35666,14184,38,3,0
35667,14184,158,4,5
35668,14184,94,4,15
35669,14184,42,4,20
35670,14185,183,2,15
35671,14185,5,4,0
35672,14185,192,4,20
35673,14185,34,1,25
35674,14185,120,3,10
35675,14186,30,2,20
35676,14186,170,4,20
35677,14187,109,2,15
35678,14188,52,2,15
35679,14188,82,4,25
35680,14188,186,3,15
35681,14188,99,4,5
35682,14189,166,5,5
35683,14190,47,5,25
35684,14190,32,4,10
35685,14190,136,4,25
35686,14190,109,1,0
35687,14191,153,2,10
35688,14192,193,5,20
35689,14192,127,2,10
35690,14192,131,2,0
35691,14193,157,3,25
35692,14194,53,4,25
35693,14194,132,1,10
35694,14194,61,2,20
35695,14195,31,2,0
35696,14195,3,5,10
35697,14195,103,5,20
35698,14196,107,4,10
35699,14197,128,1,20
35700,14197,148,2,15
35701,14197,44,2,0
35702,14197,197,5,0
35703,14198,10,1,0
35704,14199,106,3,0
35705,14199,8,5,5
35706,14199,136,3,0
35707,14199,134,1,15
35708,14200,145,5,5
35709,14200,131,4,0
35710,14201,117,3,0
35711,14201,109,3,5
35712,14202,53,5,10
35713,14202,85,5,25
35714,14203,66,1,25
35715,14203,178,4,0
35716,14203,152,1,15
35717,14204,32,5,15
35718,14204,167,3,10
35719,14205,88,4,20
35720,14206,167,5,20
35721,14207,106,4,20
35722,14207,34,4,15
35723,14207,35,3,15
35724,14207,171,5,25
35725,14208,44,4,15
35726,14208,32,5,15
35727,14208,44,1,10
35728,14208,99,3,20
35729,14209,74,5,15
35730,14210,159,1,5
35731,14211,159,4,10
35732,14211,4,4,25
35733,14211,57,1,0
35734,14211,185,4,10
35735,14211,107,2,20
35736,14212,161,3,10
35737,14213,111,5,5
35738,14213,180,2,0
35739,14213,190,5,15
35740,14213,106,3,0
35741,14214,138,4,15
35742,14214,31,2,10
35743,14214,33,3,0
35744,14215,59,2,15
35745,14216,54,2,0
35746,14216,145,3,5
35747,14216,45,4,5
35748,14216,99,2,20
35749,14217,120,4,20
35750,14217,35,4,10
35751,14217,186,3,5
35752,14217,165,3,15
35753,14218,39,2,0
35754,14218,87,3,5
35755,14219,47,2,10
35756,14220,155,1,15
35757,14221,75,1,25
35758,14221,148,3,10
35759,14221,51,5,5
35760,14222,21,4,15
35761,14223,80,2,10
35762,14224,141,3,20
35763,14224,163,3,15
35764,14225,177,3,25
35765,14225,161,5,20
35766,14226,55,1,5
35767,14226,135,2,20
35768,14226,172,3,15
35769,14226,131,2,0
35770,14227,14,4,5
35771,14227,50,2,10
35772,14227,143,2,15
35773,14228,195,1,20
35774,14228,75,3,25
35775,14228,18,4,0
35776,14229,191,5,0
35777,14229,47,2,10
35778,14229,103,1,25
35779,14230,18,4,5
35780,14231,3,4,10
35781,14231,4,3,5
35782,14232,61,1,0
35783,14232,59,1,15
35784,14233,168,2,0
35785,14233,50,2,5
35786,14234,136,2,15
35787,14234,24,3,25
35788,14234,164,5,25
35789,14235,174,1,15
35790,14235,150,2,15
35791,14235,190,3,20
35792,14236,14,3,5
35793,14236,132,2,10
35794,14237,40,2,10
35795,14237,43,2,20
35796,14238,68,5,0
35797,14238,15,5,20
35798,14239,32,1,25
35799,14240,65,5,10
35800,14240,126,2,5
35801,14240,112,2,10
35802,14241,123,1,20
35803,14241,82,4,0
35804,14241,45,5,20
35805,14241,116,2,5
35806,14241,180,5,15
35807,14242,33,5,20
35808,14242,82,3,5
35809,14242,97,3,15
35810,14242,49,2,10
35811,14242,59,1,25
35812,14243,30,2,20
35813,14243,5,5,25
35814,14244,88,3,15
35815,14245,16,4,10
35816,14246,47,1,0
35817,14247,110,5,0
35818,14248,151,5,10
35819,14248,192,1,5
35820,14249,14,3,20
35821,14249,29,3,20
35822,14249,70,5,15
35823,14249,28,4,0
35824,14250,137,2,15
35825,14251,167,5,5
35826,14251,174,1,5
35827,14251,151,4,15
35828,14251,179,2,10
35829,14252,165,3,5
35830,14252,182,1,15
35831,14252,51,2,0
35832,14252,160,1,5
35833,14253,83,3,20
35834,14254,137,2,25
35835,14255,41,5,20
35836,14255,115,3,10
35837,14255,185,3,10
35838,14256,61,3,0
35839,14256,105,5,25
35840,14257,38,4,25
35841,14257,195,4,15
35842,14258,198,5,5
35843,14258,175,3,0
35844,14259,128,5,10
35845,14259,179,5,15
35846,14260,43,3,25
35847,14260,65,5,0
35848,14261,175,5,5
35849,14261,28,3,20
35850,14261,121,1,20
35851,14262,31,3,5
35852,14262,144,5,25
35853,14262,44,2,5
35854,14263,140,2,25
35855,14263,144,5,20
35856,14263,48,4,0
35857,14263,180,1,0
35858,14263,17,2,10
35859,14264,85,2,15
35860,14264,181,1,20
35861,14265,86,4,20
35862,14265,142,1,15
35863,14265,12,1,0
35864,14265,47,3,0
35865,14266,163,1,15
35866,14266,32,4,20
35867,14266,10,2,5
35868,14267,144,5,0
35869,14268,46,2,0
35870,14268,117,1,25
35871,14269,13,2,25
35872,14270,116,3,0
35873,14270,99,5,10
35874,14270,133,3,5
35875,14270,161,3,15
35876,14271,185,1,10
35877,14272,79,5,0
35878,14273,138,3,0
35879,14273,162,1,20
35880,14274,8,4,20
35881,14274,93,5,15
35882,14274,85,2,0
35883,14274,173,3,20
35884,14275,164,4,0
35885,14275,169,5,25
35886,14275,157,4,25
35887,14275,168,1,5
35888,14275,126,2,25
35889,14276,147,5,25
35890,14276,121,4,0
35891,14277,69,1,0
35892,14277,1,4,20
35893,14277,63,4,10
35894,14277,190,1,5
35895,14277,199,3,15
35896,14278,118,2,25
35897,14278,80,3,5
35898,14279,21,2,15
35899,14279,3,1,25
35900,14279,7,3,20
35901,14280,13,3,10
35902,14280,142,4,15
35903,14281,120,2,25
35904,14281,155,5,10
35905,14281,41,5,15
35906,14281,120,3,15
35907,14282,143,2,10
35908,14283,68,1,10
35909,14283,57,3,20
35910,14284,155,5,15
35911,14285,92,2,0
35912,14285,69,4,25
35913,14286,43,1,20
35914,14286,14,2,0
35915,14286,86,2,10
35916,14286,120,2,10
35917,14287,200,1,20
35918,14288,45,1,5
35919,14288,25,2,20
35920,14288,107,3,0
35921,14289,61,2,25
35922,14289,75,4,5
35923,14289,109,2,15
35924,14289,187,2,20
35925,14290,187,5,15
35926,14291,97,1,10
35927,14291,158,2,5
35928,14291,78,2,10
35929,14292,134,3,20
35930,14292,21,1,20
35931,14292,63,3,0
35932,14293,173,5,20
35933,14293,75,2,0
35934,14294,107,1,20
35935,14295,122,1,25
35936,14295,170,2,20
35937,14295,138,2,25
35938,14296,192,1,25
35939,14296,14,3,20
35940,14297,126,1,0
35941,14297,78,1,0
35942,14298,56,5,5
35943,14298,108,3,15
35944,14299,93,3,0
35945,14299,97,5,0
35946,14299,69,3,0
35947,14299,175,4,0
35948,14300,185,3,10
35949,14300,116,4,10
35950,14300,61,5,0
35951,14301,20,3,15
35952,14301,22,5,10
35953,14301,46,1,20
35954,14301,133,1,0
35955,14302,64,5,0
35956,14302,110,5,15
35957,14303,83,2,10
35958,14303,83,2,15
35959,14304,105,3,15
35960,14305,168,3,15
35961,14305,82,2,25
35962,14305,21,3,0
35963,14305,5,4,10
35964,14306,143,4,5
35965,14306,161,1,10
35966,14306,183,1,10
35967,14307,172,4,0
35968,14307,8,3,5
35969,14308,169,2,15
35970,14308,179,4,10
35971,14309,79,5,15
35972,14310,52,2,15
35973,14311,150,2,10
35974,14311,19,1,20
35975,14311,179,1,15
35976,14312,180,2,5
35977,14312,122,2,0
35978,14312,138,3,5
35979,14313,54,5,0
35980,14313,8,2,15
35981,14314,168,2,15
35982,14315,28,5,20
35983,14315,47,1,15
35984,14315,176,2,25
35985,14315,170,1,10
35986,14315,61,5,15
35987,14316,183,4,15
35988,14316,187,2,25
35989,14316,120,2,15
35990,14316,9,2,25
35991,14317,140,1,15
35992,14317,57,5,10
35993,14317,44,3,5
35994,14317,38,1,25
35995,14318,119,2,10
35996,14318,18,5,15
35997,14319,30,4,5
35998,14319,80,4,0
35999,14319,59,1,15
36000,14319,53,5,10
36001,14319,135,2,20
36002,14320,15,1,15
36003,14320,63,5,25
36004,14320,13,5,25
36005,14321,134,3,25
36006,14321,177,5,25
36007,14321,116,2,20
36008,14321,45,5,20
36009,14322,117,3,20
36010,14322,125,5,10
36011,14323,179,3,20
36012,14323,20,1,0
36013,14323,199,4,25
36014,14324,161,2,25
36015,14324,6,1,5
36016,14324,123,1,15
36017,14325,92,2,15
36018,14325,148,4,10
36019,14326,135,5,15
36020,14326,25,4,20
36021,14327,196,1,0
36022,14328,68,2,20
36023,14328,75,4,5
36024,14329,69,5,20
36025,14329,174,2,0
36026,14329,127,4,20
36027,14329,27,2,20
36028,14329,140,3,5
36029,14330,44,3,20
36030,14331,122,3,10
36031,14331,73,5,20
36032,14331,51,4,10
36033,14331,82,4,15
36034,14332,106,4,20
36035,14332,123,3,0
36036,14332,70,2,0
36037,14333,123,5,15
36038,14334,64,5,20
36039,14335,170,5,0
36040,14336,134,4,15
36041,14337,98,4,0
36042,14337,20,1,10
36043,14337,65,5,10
36044,14337,120,1,5
36045,14337,136,1,10
36046,14338,93,5,5
36047,14339,189,5,5
36048,14339,98,5,10
36049,14340,189,3,20
36050,14340,87,2,20
36051,14341,11,1,20
36052,14341,191,1,10
36053,14341,78,2,0
36054,14342,107,2,5
36055,14342,60,3,15
36056,14343,125,5,0
36057,14344,40,5,25
36058,14344,148,1,25
36059,14344,193,4,5
36060,14345,53,3,10
36061,14345,160,4,5
36062,14345,169,5,15
36063,14345,139,2,5
36064,14346,3,4,0
36065,14346,79,5,10
36066,14346,91,1,5
36067,14346,117,1,5
36068,14346,17,3,5
36069,14347,127,3,0
36070,14348,72,1,0
36071,14348,7,3,0
36072,14349,2,3,15
36073,14349,174,1,5
36074,14349,79,3,20
36075,14349,24,4,0
36076,14350,109,4,5
36077,14351,161,2,25
36078,14351,20,4,15
36079,14351,135,2,5
36080,14352,57,2,25
36081,14352,120,2,20
36082,14353,31,1,0
36083,14353,84,4,15
36084,14353,119,1,20
36085,14354,179,5,10
36086,14355,173,4,10
36087,14355,16,4,5
36088,14355,101,4,10
36089,14356,83,5,10
36090,14356,44,5,20
36091,14357,162,3,15
36092,14357,137,1,0
36093,14358,19,5,15
36094,14358,70,4,5
36095,14358,105,4,0
36096,14359,17,3,5
36097,14359,167,1,25
36098,14359,38,5,0
36099,14359,173,4,25
36100,14359,1,4,5
36101,14360,34,3,0
36102,14360,4,4,5
36103,14360,25,5,5
36104,14361,155,4,20
36105,14361,69,5,20
36106,14361,192,4,20
36107,14361,28,5,15
36108,14362,102,2,25
36109,14362,105,4,10
36110,14362,139,4,20
36111,14362,50,4,25
36112,14362,159,1,10
36113,14363,177,1,5
36114,14363,44,5,15
36115,14363,36,2,25
36116,14364,80,5,25
36117,14364,109,1,15
36118,14364,32,2,25
36119,14364,158,5,25
36120,14365,159,3,25
36121,14365,115,4,25
36122,14365,68,1,5
36123,14365,163,4,0
36124,14366,149,2,15
36125,14367,164,2,5
36126,14367,154,1,25
36127,14368,3,3,25
36128,14369,91,3,20
36129,14369,194,5,10
36130,14369,52,5,20
36131,14369,7,5,10
36132,14370,158,1,25
36133,14371,65,5,25
36134,14371,45,2,15
36135,14372,117,1,10
36136,14372,28,1,0
36137,14373,38,1,25
36138,14373,111,5,10
36139,14373,197,1,25
36140,14373,7,1,10
36141,14373,141,3,5
36142,14374,80,1,10
36143,14374,32,3,5
36144,14374,199,3,15
36145,14374,178,4,10
36146,14374,78,1,20
36147,14375,200,1,25
36148,14375,156,4,20
36149,14376,114,4,15
36150,14376,37,4,5
36151,14377,126,5,5
36152,14377,53,5,5
36153,14377,166,3,20
36154,14378,94,2,15
36155,14378,116,4,15
36156,14379,126,1,5
36157,14379,24,1,20
36158,14379,107,1,25
36159,14380,9,5,10
36160,14381,130,4,20
36161,14381,17,4,10
36162,14381,138,4,5
36163,14381,98,3,20
36164,14382,36,1,0
36165,14382,13,2,5
36166,14382,135,1,20
36167,14383,33,1,10
36168,14383,82,4,15
36169,14383,125,2,5
36170,14384,45,1,0
36171,14385,190,4,15
36172,14385,140,5,25
36173,14386,80,1,10
36174,14387,127,5,5
36175,14388,124,5,5
36176,14388,67,3,25
36177,14388,63,2,10
36178,14388,61,3,10
36179,14388,1,1,0
36180,14389,170,5,10
36181,14390,103,5,20
36182,14390,199,1,5
36183,14390,195,5,25
36184,14391,6,5,0
36185,14391,198,4,20
36186,14392,162,5,5
36187,14393,149,3,25
36188,14394,175,4,25
36189,14394,180,4,5
36190,14394,11,2,15
36191,14394,119,5,20
36192,14394,191,4,0
36193,14395,31,2,10
36194,14395,84,1,15
36195,14396,38,5,10
36196,14396,13,3,10
36197,14396,198,2,5
36198,14397,101,5,20
36199,14398,50,2,25
36200,14398,73,1,20
36201,14399,165,5,0
36202,14399,189,5,0
36203,14399,157,1,5
36204,14400,161,2,10
36205,14400,78,3,15
36206,14401,181,4,20
36207,14401,97,4,20
36208,14402,189,2,5
36209,14403,79,5,25
36210,14403,83,3,15
36211,14403,66,3,25
36212,14403,162,4,20
36213,14404,173,5,10
36214,14404,39,3,20
36215,14405,156,2,0
36216,14405,112,5,25
36217,14406,10,5,5
36218,14406,176,2,10
36219,14406,86,2,5
36220,14406,174,1,20
36221,14407,21,4,10
36222,14407,139,5,20
36223,14407,173,2,5
36224,14407,158,3,15
36225,14407,72,2,15
36226,14408,127,4,0
36227,14408,116,4,20
36228,14408,104,4,5
36229,14408,35,1,15
36230,14408,125,3,5
36231,14409,182,2,25
36232,14409,146,4,25
36233,14409,71,2,25
36234,14409,57,4,25
36235,14409,175,5,10
36236,14410,182,1,15
36237,14410,56,1,0
36238,14410,93,4,15
36239,14410,153,2,15
36240,14410,182,5,15
36241,14411,82,2,20
36242,14412,149,2,5
36243,14412,180,3,5
36244,14412,173,1,25
36245,14413,65,5,10
36246,14413,143,3,25
36247,14414,48,1,20
36248,14415,106,3,15
36249,14415,75,3,25
36250,14415,11,4,0
36251,14415,178,2,20
36252,14416,37,2,5
36253,14417,191,1,5
36254,14417,48,3,25
36255,14417,65,2,5
36256,14417,9,5,10
36257,14418,97,3,5
36258,14418,77,1,10
36259,14418,103,3,20
36260,14418,199,3,10
36261,14418,197,2,0
36262,14419,115,1,5
36263,14419,130,1,0
36264,14419,34,2,0
36265,14420,118,4,10
36266,14421,72,4,0
36267,14421,12,4,25
36268,14421,44,2,25
36269,14422,155,1,0
36270,14422,199,5,25
36271,14422,79,5,25
36272,14422,80,5,5
36273,14423,100,4,5
36274,14423,174,5,15
36275,14424,167,2,0
36276,14424,2,2,20
36277,14424,172,5,15
36278,14425,148,1,20
36279,14426,19,4,0
36280,14427,179,2,25
36281,14428,87,2,5
36282,14429,140,4,10
36283,14429,30,2,25
36284,14430,196,2,20
36285,14431,109,5,0
36286,14431,23,2,20
36287,14431,12,1,20
36288,14432,142,4,5
36289,14433,140,4,10
36290,14433,34,3,5
36291,14434,76,5,25
36292,14434,13,5,15
36293,14434,134,3,10
36294,14434,104,1,5
36295,14435,194,3,10
36296,14435,134,1,0
36297,14435,182,2,20
36298,14435,8,3,5
36299,14436,33,4,0
36300,14436,98,3,25
36301,14436,110,5,10
36302,14437,63,1,5
36303,14437,154,1,20
36304,14437,105,1,25
36305,14438,50,1,5
36306,14439,73,4,25
36307,14439,45,1,10
36308,14440,94,1,25
36309,14440,179,1,10
36310,14440,8,4,10
36311,14441,10,1,0
36312,14441,116,4,10
36313,14441,128,2,15
36314,14441,49,2,15
36315,14441,134,2,5
36316,14442,37,4,20
36317,14442,123,5,15
36318,14442,53,2,0
36319,14443,55,4,20
36320,14444,50,3,0
36321,14444,2,3,0
36322,14444,90,3,20
36323,14445,30,1,10
36324,14445,78,5,5
36325,14446,77,4,20
36326,14446,162,4,10
36327,14446,25,5,0
36328,14446,114,5,0
36329,14446,14,4,20
36330,14447,139,5,0
36331,14447,113,4,0
36332,14448,12,2,25
36333,14448,33,5,5
36334,14449,182,3,5
36335,14449,176,3,15
36336,14450,36,3,10
36337,14450,44,4,0
36338,14451,199,3,10
36339,14451,112,3,15
36340,14451,170,5,25
36341,14452,31,3,15
36342,14453,33,3,20
36343,14453,177,4,15
36344,14454,120,4,25
36345,14454,76,2,15
36346,14455,47,2,20
36347,14456,53,4,5
36348,14456,129,4,15
36349,14456,187,5,20
36350,14456,141,3,15
36351,14457,80,1,20
36352,14457,101,4,25
36353,14457,183,1,25
36354,14457,60,4,0
36355,14457,149,1,0
36356,14458,4,3,20
36357,14458,96,3,20
36358,14459,141,3,5
36359,14459,32,2,0
36360,14459,37,4,5
36361,14460,150,4,20
36362,14460,196,1,15
36363,14460,44,3,0
36364,14460,6,2,20
36365,14460,121,1,0
36366,14461,41,4,20
36367,14462,40,4,10
36368,14462,71,2,25
36369,14463,139,5,25
36370,14463,65,4,5
36371,14464,123,4,5
36372,14465,31,4,5
36373,14465,195,4,0
36374,14465,71,3,15
36375,14465,200,5,20
36376,14465,58,3,10
36377,14466,12,3,20
36378,14466,197,4,20
36379,14466,199,1,5
36380,14466,91,1,10
36381,14467,88,1,15
36382,14468,89,3,25
36383,14469,191,1,0
36384,14469,118,1,20
36385,14469,21,1,20
36386,14469,63,5,10
36387,14469,200,2,5
36388,14470,22,3,0
36389,14471,161,4,15
36390,14472,106,3,25
36391,14472,154,4,15
36392,14472,133,5,10
36393,14473,50,4,0
36394,14473,41,3,15
36395,14473,119,3,25
36396,14473,141,4,10
36397,14473,88,5,20
36398,14474,177,3,10
36399,14474,12,3,20
36400,14475,180,4,0
36401,14475,114,1,10
36402,14476,30,1,25
36403,14476,169,2,0
36404,14476,50,5,15
36405,14476,177,3,25
36406,14476,96,5,5
36407,14477,16,5,10
36408,14477,5,2,10
36409,14478,182,4,0
36410,14478,18,5,25
36411,14478,101,5,10
36412,14479,49,5,25
36413,14479,130,3,5
36414,14479,190,3,25
36415,14480,124,1,20
36416,14480,151,4,25
36417,14480,48,1,0
36418,14481,113,4,5
36419,14482,7,5,5
36420,14482,74,1,15
36421,14482,196,5,10
36422,14483,88,1,5
36423,14484,117,1,5
36424,14484,141,3,5
36425,14484,158,4,0
36426,14484,69,3,0
36427,14485,85,5,5
36428,14485,16,3,15
36429,14486,140,4,25
36430,14486,161,4,20
36431,14486,41,5,10
36432,14486,47,5,25
36433,14486,131,2,25
36434,14487,13,2,10
36435,14488,30,2,15
36436,14489,149,3,0
36437,14489,83,5,5
36438,14489,83,2,25
36439,14489,107,2,0
36440,14490,100,4,15
36441,14491,158,5,5
36442,14491,46,1,25
36443,14491,131,4,10
36444,14492,164,5,20
36445,14493,177,4,0
36446,14494,124,1,15
36447,14494,136,2,25
36448,14495,1,2,15
36449,14496,114,2,20
36450,14497,78,3,20
36451,14497,34,3,25
36452,14498,198,5,15
36453,14498,61,3,20
36454,14499,90,2,5
36455,14499,71,2,0
36456,14499,96,5,20
36457,14499,117,3,20
36458,14499,122,3,20
36459,14500,177,2,20
36460,14500,99,3,25
36461,14500,70,5,25
36462,14500,44,3,20
36463,14501,101,4,0
36464,14501,113,5,15
36465,14501,9,2,5
36466,14501,38,4,0
36467,14501,20,5,20
36468,14502,178,3,5
36469,14502,34,5,20
36470,14503,101,4,10
36471,14503,140,1,25
36472,14504,13,2,15
36473,14504,55,3,10
36474,14504,196,4,0
36475,14504,46,4,5
36476,14505,34,2,20
36477,14505,190,5,25
36478,14506,96,1,25
36479,14507,84,4,0
36480,14508,144,5,5
36481,14509,90,1,15
36482,14509,86,2,10
36483,14509,150,5,5
36484,14510,179,5,15
36485,14510,145,2,10
36486,14511,23,2,5
36487,14511,117,3,15
36488,14511,137,2,0
36489,14511,62,2,20
36490,14511,174,5,25
36491,14512,77,1,5
36492,14512,132,1,10
36493,14513,94,5,10
36494,14513,121,2,25
36495,14513,111,3,10
36496,14514,192,1,10
36497,14514,97,1,5
36498,14515,26,3,10
36499,14515,113,5,15
36500,14516,76,2,15
36501,14517,24,4,0
36502,14517,79,1,5
36503,14518,36,3,10
36504,14518,86,1,0
36505,14519,185,2,25
36506,14519,139,1,25
36507,14519,107,3,25
36508,14520,162,2,25
36509,14521,23,1,0
36510,14521,180,1,0
36511,14521,118,1,20
36512,14521,100,4,15
36513,14522,146,3,10
36514,14523,135,3,0
36515,14524,42,3,0
36516,14524,129,2,5
36517,14524,138,2,5
36518,14525,188,4,0
36519,14525,131,2,10
36520,14526,141,5,25
36521,14526,129,1,15
36522,14527,74,5,5
36523,14527,59,3,25
36524,14527,48,4,0
36525,14528,113,4,5
36526,14528,144,4,20
36527,14528,184,1,0
36528,14528,37,5,0
36529,14529,28,3,20
36530,14530,168,2,20
36531,14531,190,4,0
36532,14531,177,4,15
36533,14531,97,1,5
36534,14532,108,5,10
36535,14532,191,3,0
36536,14533,172,2,20
36537,14534,31,2,15
36538,14535,156,1,20
36539,14535,24,4,10
36540,14535,141,1,5
36541,14536,175,3,10
36542,14536,147,2,20
36543,14536,81,1,25
36544,14537,177,1,10
36545,14537,75,3,5
36546,14537,158,3,10
36547,14538,138,4,10
36548,14538,162,2,10
36549,14538,187,1,15
36550,14539,142,5,25
36551,14539,200,4,10
36552,14539,149,1,15
36553,14540,193,3,0
36554,14540,123,3,15
36555,14541,5,3,10
36556,14541,188,3,5
36557,14542,156,5,15
36558,14543,48,1,25
36559,14543,78,2,5
36560,14543,166,3,15
36561,14544,30,1,15
36562,14544,160,2,0
36563,14544,138,3,0
36564,14545,83,3,5
36565,14546,177,5,10
36566,14546,28,3,0
36567,14546,172,1,20
36568,14547,182,5,20
36569,14547,78,5,10
36570,14547,107,3,5
36571,14548,71,2,20
36572,14548,20,2,10
36573,14549,96,2,5
36574,14549,113,2,15
36575,14549,47,2,20
36576,14550,175,2,25
36577,14551,128,1,10
36578,14551,174,2,0
36579,14551,59,5,25
36580,14551,30,4,5
36581,14552,49,1,20
36582,14552,50,5,10
36583,14553,93,4,5
36584,14554,118,2,0
36585,14554,66,5,0
36586,14554,193,2,5
36587,14555,71,2,15
36588,14555,9,5,20
36589,14556,48,4,5
36590,14556,160,2,10
36591,14556,164,5,10
36592,14556,47,4,0
36593,14556,166,1,0
36594,14557,195,3,5
36595,14557,19,1,25
36596,14557,37,2,0
36597,14558,195,2,0
36598,14558,41,5,25
36599,14558,122,2,10
36600,14558,152,4,25
36601,14559,172,5,0
36602,14559,190,3,10
36603,14560,161,3,15
36604,14560,96,1,15
36605,14561,134,4,20
36606,14561,84,1,25
36607,14562,23,4,0
36608,14562,169,3,0
36609,14562,70,3,0
36610,14562,23,4,5
36611,14562,178,2,25
36612,14563,185,4,25
36613,14563,36,1,5
36614,14564,16,2,20
36615,14564,57,3,10
36616,14565,164,2,0
36617,14565,133,2,0
36618,14565,23,5,0
36619,14565,166,2,15
36620,14565,161,2,0
36621,14566,189,1,0
36622,14566,172,4,20
36623,14567,172,5,25
36624,14567,70,5,0
36625,14568,143,4,0
36626,14568,124,5,20
36627,14569,155,2,5
36628,14570,54,4,15
36629,14570,138,5,0
36630,14570,12,3,15
36631,14571,197,2,0
36632,14571,165,2,5
36633,14572,106,5,15
36634,14572,50,2,10
36635,14572,27,1,25
36636,14572,7,4,25
36637,14573,180,3,15
36638,14573,178,5,10
36639,14573,91,2,0
36640,14574,118,4,5
36641,14574,148,4,0
36642,14574,103,5,20
36643,14575,183,4,5
36644,14575,14,4,25
36645,14575,95,1,15
36646,14576,77,3,15
36647,14576,156,4,15
36648,14576,31,3,15
36649,14576,115,3,0
36650,14577,102,1,0
36651,14577,138,4,25
36652,14578,39,2,20
36653,14578,139,5,20
36654,14578,196,1,15
36655,14578,80,4,25
36656,14578,134,1,15
36657,14579,154,3,0
36658,14579,194,3,20
36659,14579,25,5,25
36660,14579,92,2,10
36661,14580,116,1,25
36662,14580,86,3,25
36663,14580,79,1,0
36664,14581,134,2,20
36665,14581,187,1,10
36666,14581,95,4,5
36667,14581,133,3,25
36668,14582,173,3,10
36669,14583,19,4,5
36670,14583,191,4,25
36671,14583,40,5,20
36672,14583,51,2,5
36673,14583,128,4,5
36674,14584,17,4,20
36675,14584,148,4,15
36676,14585,184,4,15
36677,14585,155,4,25
36678,14585,68,3,15
36679,14586,86,5,10
36680,14586,15,5,15
36681,14587,190,1,20
36682,14588,185,1,20
36683,14588,18,2,5
36684,14588,31,4,15
36685,14589,46,1,0
36686,14589,72,4,5
36687,14589,15,2,20
36688,14589,124,5,20
36689,14590,139,3,20
36690,14590,50,4,20
36691,14590,99,5,15
36692,14591,126,3,15
36693,14592,3,1,10
36694,14592,64,3,0
36695,14592,60,3,10
36696,14593,78,3,15
36697,14593,107,5,20
36698,14594,4,4,5
36699,14594,196,1,15
36700,14594,72,4,25
36701,14594,32,2,25
36702,14595,169,5,0
36703,14596,178,4,10
36704,14597,155,3,5
36705,14597,14,4,20
36706,14597,186,3,5
36707,14597,89,2,15
36708,14598,106,1,20
36709,14598,123,2,10
36710,14598,15,4,25
36711,14599,150,5,25
36712,14600,57,1,5
36713,14600,46,2,0
36714,14601,60,4,10
36715,14601,80,1,25
36716,14601,156,5,0
36717,14602,70,2,20
36718,14602,177,5,5
36719,14602,186,3,15
36720,14603,26,1,20
36721,14604,39,3,20
36722,14605,94,5,5
36723,14605,52,5,10
36724,14606,10,2,20
36725,14606,199,2,15
36726,14606,160,5,10
36727,14606,124,2,25
36728,14607,141,1,0
36729,14607,112,5,0
36730,14607,116,5,15
36731,14607,85,5,15
36732,14607,51,4,20
36733,14608,26,3,25
36734,14608,161,5,5
36735,14608,41,3,25
36736,14608,98,3,15
36737,14608,147,4,5
36738,14609,129,3,10
36739,14610,80,3,15
36740,14611,85,5,10
36741,14611,74,4,15
36742,14612,163,3,10
36743,14613,4,5,15
36744,14613,41,4,0
36745,14614,80,1,10
36746,14614,78,5,25
36747,14615,84,1,5
36748,14615,189,1,10
36749,14615,66,3,0
36750,14616,58,1,20
36751,14617,152,2,25
36752,14618,177,2,5
36753,14619,27,5,15
36754,14620,26,1,10
36755,14621,22,1,20
36756,14622,110,1,5
36757,14622,58,1,25
36758,14622,85,4,10
36759,14623,129,2,20
36760,14624,7,1,25
36761,14624,7,3,10
36762,14624,66,3,25
36763,14624,66,4,0
36764,14624,117,1,10
36765,14625,113,3,5
36766,14626,102,3,25
36767,14627,102,1,20
36768,14627,6,1,20
36769,14627,23,5,5
36770,14627,165,4,5
36771,14628,89,4,25
36772,14628,72,5,25
36773,14628,22,2,15
36774,14629,153,4,15
36775,14629,9,2,25
36776,14629,96,3,25
36777,14630,191,4,0
36778,14631,72,1,0
36779,14632,170,1,5
36780,14632,195,4,15
36781,14632,164,4,25
36782,14633,123,2,25
36783,14633,156,4,25
36784,14633,59,4,0
36785,14633,99,2,20
36786,14634,168,5,15
36787,14634,155,4,5
36788,14634,75,4,5
36789,14635,162,3,25
36790,14635,26,5,10
36791,14635,200,1,25
36792,14635,116,4,5
36793,14636,107,4,0
36794,14636,20,5,10
36795,14636,100,1,10
36796,14636,128,4,25
36797,14637,54,3,15
36798,14637,72,5,0
36799,14637,22,4,5
36800,14637,111,5,20
36801,14638,181,5,25
36802,14639,111,3,20
36803,14639,102,5,0
36804,14640,44,2,20
36805,14640,71,2,0
36806,14641,26,4,5
36807,14642,20,3,10
36808,14643,141,4,15
36809,14644,9,5,25
36810,14644,60,4,0
36811,14644,69,2,0
36812,14644,77,1,10
36813,14645,28,4,20
36814,14646,8,3,20
36815,14647,108,2,20
36816,14647,129,5,20
36817,14647,143,4,25
36818,14647,164,1,0
36819,14648,11,4,15
36820,14648,112,2,5
36821,14649,14,1,15
36822,14649,23,1,25
36823,14649,154,5,25
36824,14649,78,3,15
36825,14650,186,1,10
36826,14650,95,4,0
36827,14650,128,2,5
36828,14651,26,5,15
36829,14651,187,5,0
36830,14652,166,1,25
36831,14652,28,5,20
36832,14652,172,5,5
36833,14653,170,4,15
36834,14653,131,3,15
36835,14654,117,2,20
36836,14654,168,4,0
36837,14655,7,1,5
36838,14655,44,2,20
36839,14655,194,1,5
36840,14656,157,5,20
36841,14656,3,2,15
36842,14657,90,4,0
36843,14658,195,4,0
36844,14658,55,1,25
36845,14658,46,2,15
36846,14658,60,5,0
36847,14658,55,5,25
36848,14659,138,3,25
36849,14659,189,5,10
36850,14660,160,5,10
36851,14661,149,1,5
36852,14661,132,2,10
36853,14661,136,5,5
36854,14661,43,4,0
36855,14662,44,5,10
36856,14662,140,4,15
36857,14662,31,3,0
36858,14662,6,4,15
36859,14663,156,4,0
36860,14664,82,5,20
36861,14664,193,2,5
36862,14665,161,3,5
36863,14665,154,5,20
36864,14665,5,5,20
36865,14665,173,3,0
36866,14666,72,4,5
36867,14666,116,4,5
36868,14666,11,2,20
36869,14667,139,3,20
36870,14668,63,4,25
36871,14668,160,5,25
36872,14668,104,3,10
36873,14668,116,5,20
36874,14668,78,2,15
36875,14669,33,3,20
36876,14669,9,1,0
36877,14669,101,5,15
36878,14669,145,4,25
36879,14670,119,3,10
36880,14670,161,3,5
36881,14670,146,3,15
36882,14670,170,1,0
36883,14671,88,2,15
36884,14671,43,2,15
36885,14671,37,3,5
36886,14672,147,3,5
36887,14672,14,3,0
36888,14672,132,3,5
36889,14672,158,4,25
36890,14673,102,1,5
36891,14673,91,5,15
36892,14673,132,2,10
36893,14674,173,3,5
36894,14674,186,2,10
36895,14675,37,4,15
36896,14676,177,2,25
36897,14676,129,2,15
36898,14676,92,1,20
36899,14676,183,3,5
36900,14676,161,4,10
36901,14677,12,1,10
36902,14678,60,1,15
36903,14678,179,5,0
36904,14678,32,5,10
36905,14679,30,3,25
36906,14679,196,5,20
36907,14679,162,2,20
36908,14680,169,1,0
36909,14681,197,5,10
36910,14681,111,2,5
36911,14681,24,1,0
36912,14682,128,3,10
36913,14682,176,2,25
36914,14682,32,3,15
36915,14682,112,3,5
36916,14683,9,4,15
36917,14683,113,5,25
36918,14683,159,5,25
36919,14684,121,5,10
36920,14684,84,5,25
36921,14684,53,2,5
36922,14685,157,2,15
36923,14685,182,2,15
36924,14685,160,5,5
36925,14686,163,4,25
36926,14686,83,3,25
36927,14686,26,2,15
36928,14686,169,5,15
36929,14686,168,4,15
36930,14687,89,1,25
36931,14687,200,2,10
36932,14687,20,5,10
36933,14688,23,5,5
36934,14688,138,5,0
36935,14688,45,4,0
36936,14688,188,1,10
36937,14689,191,2,5
36938,14689,112,3,15
36939,14690,177,3,25
36940,14691,174,3,20
36941,14691,25,4,20
36942,14691,73,3,25
36943,14691,71,5,0
36944,14691,110,2,5
36945,14692,68,2,5
36946,14692,32,4,25
36947,14692,123,3,5
36948,14693,196,5,15
36949,14693,85,3,10
36950,14693,189,4,20
36951,14693,125,3,20
36952,14694,173,4,20
36953,14694,2,2,10
36954,14694,185,3,0
36955,14695,135,3,25
36956,14695,86,4,5
36957,14696,59,4,15
36958,14696,114,4,20
36959,14696,146,4,25
36960,14696,50,2,25
36961,14696,177,5,10
36962,14697,153,3,5
36963,14697,200,1,15
36964,14697,159,2,25
36965,14698,109,1,0
36966,14698,88,4,5
36967,14699,60,2,20
36968,14700,131,1,0
36969,14700,59,3,0
36970,14700,19,1,10
36971,14701,28,2,0
36972,14702,172,1,15
36973,14703,78,4,0
36974,14703,51,3,10
36975,14703,171,4,15
36976,14703,162,1,10
36977,14704,13,4,10
36978,14705,12,4,10
36979,14705,27,3,10
36980,14706,89,3,15
36981,14707,190,5,10
36982,14707,40,3,25
36983,14707,165,1,0
36984,14708,17,4,25
36985,14708,28,1,0
36986,14708,39,2,10
36987,14709,38,3,25
36988,14710,22,2,15
36989,14711,177,1,0
36990,14711,176,3,25
36991,14712,94,4,20
36992,14712,45,4,15
36993,14712,194,3,0
36994,14712,12,4,5
36995,14712,69,1,10
36996,14713,7,5,10
36997,14713,122,4,0
36998,14714,7,4,10
36999,14715,49,3,0
37000,14716,113,5,15
37001,14717,12,5,5
37002,14717,97,4,5
37003,14718,8,2,25
37004,14719,63,2,25
37005,14719,108,3,5
37006,14719,67,5,10
37007,14719,147,2,25
37008,14720,49,5,5
37009,14721,94,5,0
37010,14721,106,1,10
37011,14721,165,5,5
37012,14722,92,2,5
37013,14722,182,3,10
37014,14723,113,4,20
37015,14723,75,1,5
37016,14723,31,4,10
37017,14723,95,2,20
37018,14724,51,4,20
37019,14724,34,1,20
37020,14724,158,5,10
37021,14725,8,3,25
37022,14725,6,3,5
37023,14725,79,3,0
37024,14725,200,4,10
37025,14725,85,5,0
37026,14726,42,3,10
37027,14726,143,3,5
37028,14726,73,3,25
37029,14726,165,4,0
37030,14727,102,5,10
37031,14727,7,5,10
37032,14727,145,2,20
37033,14728,154,3,0
37034,14728,184,5,15
37035,14728,182,4,25
37036,14728,189,5,5
37037,14729,79,3,25
37038,14729,89,4,5
37039,14730,171,3,20
37040,14731,132,3,20
37041,14731,115,3,0
37042,14731,124,2,20
37043,14732,111,3,5
37044,14732,88,5,25
37045,14732,77,3,25
37046,14733,80,5,20
37047,14734,72,4,25
37048,14735,85,1,5
37049,14735,96,4,15
37050,14735,145,4,0
37051,14735,128,1,15
37052,14736,59,2,25
37053,14736,108,4,15
37054,14736,120,3,15
37055,14737,77,2,5
37056,14737,85,3,5
37057,14737,61,3,15
37058,14737,123,3,10
37059,14738,64,5,25
37060,14739,114,4,20
37061,14740,102,3,20
37062,14741,197,5,25
37063,14741,40,1,20
37064,14741,16,5,25
37065,14741,18,3,0
37066,14741,64,3,25
37067,14742,140,2,15
37068,14742,87,4,20
37069,14742,196,5,0
37070,14742,186,5,25
37071,14742,20,4,0
37072,14743,84,4,0
37073,14743,157,3,10
37074,14743,126,5,10
37075,14743,27,1,15
37076,14744,148,1,10
37077,14744,134,1,20
37078,14745,184,2,25
37079,14745,86,5,10
37080,14745,54,5,0
37081,14746,98,1,5
37082,14747,187,4,25
37083,14747,115,5,5
37084,14747,18,3,15
37085,14747,115,3,20
37086,14748,187,5,0
37087,14748,1,5,10
37088,14748,168,5,20
37089,14749,200,4,25
37090,14749,131,5,20
37091,14749,120,1,20
37092,14750,89,2,20
37093,14751,179,5,15
37094,14751,64,4,10
37095,14751,104,3,0
37096,14751,97,5,0
37097,14752,103,2,10
37098,14752,74,3,25
37099,14752,69,2,15
37100,14752,164,1,15
37101,14752,139,2,15
37102,14753,30,5,20
37103,14753,170,2,25
37104,14754,116,3,10
37105,14754,48,1,15
37106,14755,144,3,5
37107,14755,106,3,0
37108,14755,99,5,0
37109,14756,3,4,5
37110,14756,126,2,10
37111,14756,87,5,5
37112,14757,41,2,25
37113,14757,149,4,5
37114,14757,90,1,20
37115,14757,122,1,0
37116,14757,19,4,15
37117,14758,90,4,20
37118,14759,128,1,10
37119,14759,8,2,0
37120,14759,101,5,25
37121,14759,7,3,5
37122,14759,22,5,5
37123,14760,15,3,15
37124,14760,98,1,0
37125,14760,162,4,20
37126,14760,85,1,0
37127,14761,140,3,5
37128,14761,103,4,20
37129,14761,60,2,5
37130,14762,34,4,0
37131,14762,8,5,15
37132,14762,132,5,20
37133,14762,17,1,25
37134,14762,124,3,15
37135,14763,165,2,15
37136,14764,57,2,10
37137,14764,68,3,20
37138,14765,156,5,0
37139,14765,136,3,5
37140,14765,51,3,15
37141,14766,98,2,25
37142,14766,36,2,0
37143,14766,157,3,5
37144,14767,198,1,20
37145,14767,183,4,15
37146,14768,102,2,0
37147,14768,196,3,25
37148,14768,73,3,20
37149,14768,28,2,10
37150,14769,67,5,15
37151,14769,41,4,10
37152,14769,160,4,5
37153,14769,86,5,20
37154,14770,105,2,20
37155,14771,116,3,15
37156,14772,109,2,15
37157,14773,141,4,10
37158,14773,62,4,20
37159,14773,84,1,0
37160,14773,195,5,10
37161,14773,87,5,20
37162,14774,104,1,5
37163,14775,53,1,5
37164,14776,33,5,15
37165,14776,87,5,15
37166,14777,19,2,20
37167,14777,139,4,25
37168,14777,84,2,0
37169,14777,20,2,15
37170,14777,55,3,5
37171,14778,92,4,0
37172,14779,11,3,10
37173,14779,23,2,15
37174,14779,130,4,0
37175,14779,22,3,15
37176,14779,74,2,25
37177,14780,52,5,15
37178,14780,34,3,20
37179,14780,152,1,20
37180,14781,28,2,0
37181,14781,144,1,0
37182,14781,11,2,0
37183,14782,96,3,15
37184,14783,87,3,5
37185,14783,170,3,5
37186,14784,14,4,5
37187,14785,16,1,25
37188,14786,189,5,10
37189,14786,104,4,10
37190,14786,197,3,15
37191,14786,135,3,5
37192,14787,2,4,15
37193,14787,162,5,0
37194,14787,81,3,25
37195,14788,1,5,20
37196,14789,80,1,5
37197,14789,102,5,0
37198,14789,160,1,5
37199,14790,139,1,0
37200,14791,92,1,25
37201,14791,146,3,25
37202,14792,55,2,5
37203,14792,186,5,25
37204,14792,198,1,20
37205,14793,124,2,25
37206,14793,186,3,5
37207,14794,144,1,15
37208,14794,153,4,25
37209,14794,104,4,15
37210,14794,8,1,10
37211,14794,65,3,0
37212,14795,180,4,0
37213,14795,132,3,25
37214,14796,194,5,10
37215,14796,155,3,5
37216,14797,1,1,5
37217,14798,44,3,15
37218,14799,106,4,25
37219,14799,189,4,15
37220,14799,150,2,15
37221,14799,85,2,10
37222,14799,91,5,10
37223,14800,81,5,0
37224,14800,69,2,15
37225,14800,38,3,25
37226,14801,27,4,15
37227,14802,77,3,20
37228,14802,110,1,15
37229,14803,90,1,10
37230,14803,169,5,10
37231,14803,50,1,25
37232,14803,133,2,20
37233,14803,186,4,20
37234,14804,32,2,15
37235,14804,172,5,25
37236,14804,86,4,0
37237,14804,79,2,20
37238,14805,37,4,15
37239,14805,140,5,10
37240,14806,62,2,20
37241,14806,181,1,5
37242,14807,139,4,25
37243,14807,17,1,10
37244,14807,80,1,15
37245,14808,199,2,20
37246,14808,88,4,10
37247,14809,71,3,5
37248,14809,99,3,5
37249,14810,160,1,15
37250,14810,15,5,20
37251,14810,170,4,20
37252,14811,8,2,5
37253,14811,73,4,15
37254,14811,119,1,20
37255,14812,181,1,0
37256,14812,189,1,20
37257,14813,23,4,20
37258,14814,135,3,0
37259,14815,165,2,20
37260,14816,197,1,15
37261,14816,20,3,25
37262,14816,117,1,5
37263,14817,197,4,15
37264,14818,13,5,5
37265,14818,67,2,5
37266,14819,112,2,20
37267,14819,39,5,5
37268,14819,168,3,25
37269,14820,113,5,15
37270,14821,23,5,20
37271,14821,190,5,15
37272,14821,189,1,0
37273,14822,171,3,5
37274,14822,86,3,25
37275,14823,136,4,20
37276,14824,132,2,25
37277,14824,196,3,0
37278,14824,187,3,5
37279,14825,101,4,10
37280,14825,127,4,25
37281,14826,54,2,5
37282,14826,182,4,0
37283,14826,110,5,25
37284,14827,22,3,5
37285,14828,185,5,25
37286,14828,74,2,25
37287,14828,58,5,15
37288,14829,45,4,20
37289,14829,139,3,25
37290,14829,18,5,10
37291,14829,137,3,25
37292,14830,165,4,10
37293,14831,125,1,0
37294,14831,61,3,10
37295,14832,186,5,5
37296,14832,100,2,10
37297,14833,68,5,10
37298,14834,120,5,20
37299,14834,141,4,5
37300,14834,36,4,25
37301,14834,177,1,15
37302,14834,141,5,20
37303,14835,159,4,5
37304,14836,67,3,10
37305,14837,86,1,5
37306,14837,76,2,10
37307,14838,135,5,20
37308,14839,190,2,20
37309,14840,72,1,0
37310,14840,50,2,5
37311,14841,134,3,10
37312,14841,56,3,20
37313,14841,138,3,15
37314,14842,170,1,20
37315,14842,168,3,15
37316,14842,153,4,5
37317,14842,123,1,20
37318,14843,192,1,5
37319,14843,69,4,10
37320,14843,188,1,5
37321,14844,65,3,0
37322,14844,141,5,5
37323,14844,9,4,0
37324,14845,62,4,5
37325,14845,188,2,20
37326,14845,148,5,0
37327,14845,171,3,20
37328,14845,125,2,0
37329,14846,156,3,5
37330,14847,70,5,10
37331,14848,106,1,15
37332,14848,59,4,20
37333,14848,147,5,15
37334,14848,70,2,0
37335,14848,112,1,25
37336,14849,86,3,25
37337,14850,132,5,25
37338,14851,168,2,25
37339,14852,56,4,0
37340,14852,41,2,25
37341,14852,149,5,20
37342,14853,51,2,15
37343,14854,98,1,25
37344,14855,32,5,15
37345,14856,108,2,0
37346,14857,185,1,5
37347,14857,199,5,15
37348,14857,153,2,10
37349,14858,140,5,10
37350,14858,97,4,25
37351,14858,10,1,0
37352,14859,176,5,10
37353,14860,51,1,15
37354,14861,42,5,25
37355,14861,88,2,20
37356,14861,130,5,20
37357,14861,10,3,25
37358,14862,127,5,5
37359,14862,9,2,25
37360,14862,63,4,5
37361,14863,38,1,20
37362,14864,135,5,20
37363,14864,6,2,20
37364,14865,126,4,10
37365,14865,77,1,10
37366,14866,120,1,15
37367,14866,87,4,0
37368,14866,49,4,15
37369,14867,79,2,5
37370,14867,134,4,15
37371,14868,86,5,0
37372,14868,41,1,15
37373,14868,57,3,20
37374,14868,153,1,10
37375,14868,117,2,25
37376,14869,98,5,25
37377,14869,49,3,25
37378,14870,195,4,0
37379,14870,167,3,0
37380,14871,195,4,15
37381,14871,61,4,0
37382,14871,79,5,20
37383,14872,122,4,25
37384,14872,81,5,0
37385,14872,43,1,5
37386,14872,5,4,25
37387,14872,21,5,15
37388,14873,197,5,5
37389,14873,171,4,0
37390,14874,90,1,20
37391,14875,102,3,5
37392,14875,33,1,0
37393,14875,21,4,5
37394,14875,133,4,0
37395,14875,50,4,25
37396,14876,128,3,20
37397,14876,9,3,0
37398,14876,185,3,15
37399,14877,28,3,15
37400,14878,98,2,10
37401,14878,58,3,25
37402,14879,69,1,5
37403,14879,6,2,5
37404,14879,137,5,15
37405,14880,39,5,25
37406,14880,65,1,10
37407,14881,171,1,0
37408,14882,34,5,25
37409,14882,197,3,20
37410,14882,46,1,5
37411,14882,55,5,25
37412,14883,19,4,10
37413,14883,170,3,0
37414,14883,96,5,0
37415,14884,90,4,20
37416,14885,162,4,10
37417,14885,132,1,15
37418,14886,41,4,25
37419,14886,30,1,15
37420,14886,117,5,15
37421,14886,190,4,10
37422,14887,12,3,20
37423,14888,115,4,10
37424,14888,26,3,15
37425,14888,193,3,25
37426,14888,132,5,25
37427,14889,145,3,25
37428,14890,31,3,15
37429,14890,183,1,15
37430,14891,103,2,20
37431,14892,152,5,20
37432,14893,25,3,15
37433,14893,94,5,25
37434,14893,96,4,25
37435,14893,94,4,0
37436,14894,71,4,25
37437,14895,123,5,25
37438,14895,47,4,0
37439,14895,79,5,20
37440,14896,7,5,10
37441,14896,188,1,20
37442,14896,144,2,25
37443,14897,118,1,0
37444,14897,15,2,15
37445,14898,25,2,0
37446,14898,46,3,20
37447,14898,131,1,20
37448,14898,111,5,15
37449,14898,14,3,0
37450,14899,24,1,15
37451,14899,35,5,20
37452,14900,173,4,25
37453,14900,44,5,0
37454,14900,158,3,0
37455,14900,150,1,25
37456,14901,2,2,0
37457,14901,77,5,25
37458,14901,182,1,0
37459,14901,160,3,25
37460,14902,122,4,0
37461,14903,63,4,20
37462,14904,112,5,10
37463,14905,146,2,5
37464,14905,53,1,5
37465,14906,15,1,0
37466,14906,122,3,25
37467,14907,114,4,10
37468,14907,129,4,20
37469,14907,79,2,0
37470,14907,64,1,20
37471,14908,124,1,5
37472,14908,169,1,15
37473,14908,57,5,15
37474,14908,104,5,25
37475,14909,136,5,0
37476,14909,100,2,5
37477,14909,55,3,10
37478,14910,19,5,5
37479,14910,84,3,5
37480,14910,65,4,5
37481,14910,49,1,0
37482,14910,60,1,5
37483,14911,62,2,15
37484,14911,62,3,20
37485,14911,117,5,10
37486,14912,115,4,5
37487,14913,87,5,0
37488,14913,137,5,0
37489,14913,33,1,0
37490,14913,116,1,25
37491,14913,133,1,20
37492,14914,157,2,25
37493,14914,56,4,15
37494,14915,6,1,0
37495,14916,81,1,10
37496,14917,25,4,20
37497,14917,31,1,20
37498,14918,183,5,5
37499,14918,112,5,25
37500,14919,43,1,5
37501,14919,20,1,10
37502,14919,69,2,0
37503,14920,189,3,25
37504,14920,39,1,20
37505,14921,130,1,0
37506,14922,175,2,25
37507,14922,186,3,10
37508,14922,80,2,15
37509,14923,64,2,15
37510,14923,38,3,5
37511,14923,189,5,15
37512,14923,117,1,10
37513,14924,134,5,5
37514,14924,165,4,15
37515,14925,32,2,20
37516,14926,189,4,15
37517,14926,57,2,10
37518,14926,111,2,25
37519,14927,164,3,5
37520,14927,190,3,10
37521,14927,178,5,0
37522,14928,51,3,5
37523,14929,91,1,10
37524,14929,28,3,15
37525,14930,165,4,10
37526,14930,41,4,0
37527,14930,47,5,15
37528,14930,139,4,5
37529,14931,93,2,10
37530,14932,95,3,0
37531,14932,54,5,5
37532,14933,85,4,5
37533,14934,162,1,20
37534,14934,185,1,15
37535,14934,59,3,20
37536,14934,169,1,5
37537,14934,85,3,10
37538,14935,8,4,25
37539,14935,140,5,25
37540,14936,164,4,0
37541,14936,28,5,25
37542,14937,199,1,5
37543,14937,173,1,0
37544,14937,29,4,25
37545,14938,9,5,10
37546,14939,77,5,15
37547,14939,50,5,15
37548,14940,54,4,5
37549,14940,124,1,10
37550,14941,18,1,5
37551,14941,33,4,25
37552,14942,62,3,10
37553,14942,160,4,20
37554,14942,7,3,0
37555,14943,66,3,25
37556,14944,149,3,25
37557,14944,158,3,5
37558,14944,97,2,10
37559,14945,160,4,0
37560,14946,153,3,20
37561,14946,46,4,25
37562,14946,113,4,25
37563,14947,88,5,10
37564,14948,18,3,20
37565,14949,24,2,5
37566,14949,4,3,20
37567,14950,152,5,10
37568,14950,60,4,5
37569,14951,24,3,0
37570,14951,140,1,20
37571,14951,195,5,15
37572,14951,67,3,25
37573,14951,156,1,10
37574,14952,26,1,0
37575,14952,68,2,0
37576,14952,159,5,25
37577,14953,142,1,20
37578,14954,144,3,15
37579,14955,168,4,20
37580,14955,129,1,20
37581,14955,27,4,25
37582,14955,199,2,0
37583,14956,38,2,0
37584,14956,52,3,25
37585,14956,176,1,5
37586,14957,68,5,10
37587,14957,14,1,25
37588,14958,164,5,0
37589,14958,54,1,20
37590,14958,166,2,10
37591,14958,77,2,0
37592,14958,199,2,0
37593,14959,49,2,15
37594,14959,154,5,0
37595,14959,59,4,20
37596,14959,155,1,15
37597,14959,190,3,20
37598,14960,82,4,5
37599,14960,60,3,0
37600,14960,152,5,5
37601,14961,85,1,25
37602,14962,49,1,5
37603,14962,175,1,0
37604,14963,168,1,20
37605,14963,75,2,10
37606,14963,52,4,20
37607,14964,162,4,10
37608,14964,122,3,25
37609,14964,118,1,10
37610,14964,97,1,20
37611,14964,181,2,25
37612,14965,72,1,20
37613,14966,5,1,5
37614,14966,134,2,10
37615,14966,39,2,10
37616,14966,189,1,5
37617,14967,166,2,5
37618,14967,169,4,15
37619,14967,181,2,10
37620,14967,92,3,0
37621,14968,38,4,25
37622,14968,52,4,25
37623,14969,109,3,20
37624,14969,185,2,25
37625,14969,116,3,0
37626,14970,171,4,20
37627,14970,187,3,5
37628,14971,89,4,20
37629,14971,86,2,15
37630,14972,48,3,15
37631,14972,154,3,20
37632,14973,161,3,20
37633,14973,5,5,0
37634,14974,155,3,10
37635,14975,116,3,15
37636,14975,97,3,0
37637,14975,24,5,0
37638,14976,192,5,10
37639,14976,122,2,20
37640,14977,120,1,25
37641,14977,148,5,10
37642,14978,135,2,10
37643,14979,141,3,0
37644,14979,44,5,10
37645,14980,14,5,20
37646,14981,18,5,25
37647,14981,71,3,10
37648,14981,78,4,5
37649,14982,34,2,20
37650,14982,97,3,20
37651,14982,132,5,5
37652,14983,165,1,0
37653,14984,161,2,20
37654,14984,50,3,25
37655,14985,1,2,5
37656,14986,116,3,5
37657,14986,192,3,0
37658,14987,129,2,0
37659,14987,44,1,10
37660,14988,9,5,25
37661,14988,175,4,25
37662,14989,92,5,10
37663,14990,185,3,15
37664,14990,73,3,10
37665,14990,23,1,25
37666,14990,62,5,0
37667,14991,118,2,15
37668,14991,2,2,10
37669,14992,122,2,15
37670,14993,146,3,20
37671,14994,92,5,10
37672,14994,107,4,15
37673,14995,114,4,20
37674,14996,116,2,5
37675,14996,38,3,10
37676,14996,124,5,20
37677,14997,74,3,15
37678,14998,145,4,15
37679,14998,58,1,25
37680,14999,162,5,5
37681,14999,15,2,25
37682,14999,181,1,5
37683,15000,179,1,15
37684,15000,73,2,10
37685,15000,34,4,5
37686,15000,184,2,25
37687,15000,57,3,25
