review_id,order_id,product_id,rating,review_text,review_date
1,7260,50,5,Best purchase ever!,2023-05-08
2,2124,78,5,Best purchase ever!,2023-04-09
3,4417,57,4,Good quality,2022-11-02
4,6589,53,4,Good quality,2021-04-22
5,9801,130,5,Best purchase ever!,2022-10-17
6,9463,158,4,Satisfied with purchase,2023-08-03
7,6779,193,4,Nice product,2022-11-11
8,6746,10,2,Could be better,2022-05-27
9,13095,155,2,Below expectations,2023-08-26
10,13653,140,5,Best purchase ever!,2022-03-31
11,2838,131,5,Highly recommend!,2023-01-04
12,6643,156,1,Terrible,2022-12-04
13,6028,38,4,Works well,2023-03-20
14,7157,192,1,Waste of money,2021-02-12
15,8061,22,5,Love it!,2023-08-04
16,2252,164,2,Below expectations,2022-05-24
17,13135,96,4,Satisfied with purchase,2023-11-24
18,1777,116,4,Good quality,2021-01-14
19,3454,22,4,Satisfied with purchase,2022-04-13
20,13612,9,3,Average product,2023-09-13
21,1978,63,4,Works well,2021-10-02
22,12272,181,4,Good quality,2021-02-10
23,4433,133,3,,2021-03-10
24,5789,140,5,Excellent product!,2022-07-17
25,8938,119,4,Satisfied with purchase,2022-10-09
26,5045,108,5,Excellent product!,2023-03-21
27,13982,14,4,Works well,2021-10-05
28,5355,18,3,Average product,2023-09-16
29,10023,108,1,Poor quality,2023-11-04
30,9182,64,4,Good quality,2021-03-17
31,2367,159,5,Best purchase ever!,2021-03-28
32,3842,122,2,Below expectations,2022-01-11
33,4249,157,5,,2022-05-13
34,14355,173,4,Satisfied with purchase,2021-05-04
35,114,167,3,Not bad,2022-10-29
36,4649,68,5,Best purchase ever!,2022-05-19
37,14155,47,5,Excellent product!,2023-07-02
38,10753,175,1,Terrible,2022-07-14
39,10336,180,5,Highly recommend!,2023-03-19
40,5458,173,3,Not bad,2021-02-13
41,1851,146,5,Love it!,2021-01-16
42,11127,120,3,Decent,2021-08-13
43,14460,150,4,Good quality,2021-09-20
44,9242,59,3,Average product,2023-05-16
45,1796,33,5,Love it!,2023-05-19
46,1644,167,5,Love it!,2021-12-31
47,1879,188,5,Highly recommend!,2023-04-05
48,13043,58,5,Highly recommend!,2022-01-28
49,1074,70,2,Could be better,2023-12-17
50,12501,126,4,Nice product,2023-04-09
51,6132,168,5,Love it!,2021-08-22
52,2721,70,4,Satisfied with purchase,2023-10-12
53,6014,123,5,Highly recommend!,2021-10-16
54,2280,53,1,Poor quality,2022-09-04
55,8159,13,5,Excellent product!,2022-02-22
56,5019,167,2,Below expectations,2023-03-06
57,8914,17,2,Disappointed,2021-07-20
58,8573,159,4,Good quality,2022-03-06
59,6487,32,5,Love it!,2023-09-13
60,7826,127,2,,2023-02-03
61,13333,167,5,Love it!,2021-07-23
62,14174,85,3,Average product,2022-05-14
63,1367,41,1,Poor quality,2021-12-27
64,9853,199,4,,2023-12-22
65,3704,45,5,Best purchase ever!,2023-03-31
66,12416,150,5,Love it!,2023-06-22
67,3854,144,3,Average product,2022-07-10
68,3788,139,5,Best purchase ever!,2023-03-21
69,141,199,2,Below expectations,2023-10-22
70,7042,149,5,Best purchase ever!,2022-04-03
71,2590,26,1,Terrible,2021-06-06
72,12737,142,4,Good quality,2021-02-03
73,3394,106,5,Excellent product!,2023-10-17
74,11382,98,2,Not great,2023-12-03
75,10435,58,4,Works well,2022-09-15
76,5834,5,5,Excellent product!,2021-01-12
77,10894,64,3,Decent,2022-07-25
78,8993,192,5,Best purchase ever!,2021-06-07
79,9737,127,3,Not bad,2021-07-26
80,6065,73,4,Good quality,2021-04-28
81,9419,160,5,Love it!,2021-06-21
82,13506,32,5,Highly recommend!,2023-11-08
83,12590,42,3,Decent,2021-12-03
84,1519,135,3,Not bad,2021-10-07
85,2701,89,4,Good quality,2022-07-07
86,14907,114,4,Good quality,2023-01-07
87,8315,175,2,Not great,2022-09-20
88,11985,52,4,Works well,2022-08-26
89,14758,90,4,Good quality,2023-11-16
90,8502,89,2,Disappointed,2022-01-05
91,12135,89,5,Love it!,2022-01-14
92,4849,168,4,Good quality,2022-10-29
93,11830,163,4,Good quality,2023-09-29
94,8086,78,4,Nice product,2021-12-14
95,10208,191,4,Satisfied with purchase,2023-10-15
96,14558,122,3,Average product,2021-01-05
97,4711,90,4,Works well,2022-06-08
98,549,111,5,Excellent product!,2022-05-21
99,12881,33,4,Nice product,2023-01-04
100,14781,144,4,Works well,2022-10-03
101,14923,189,5,Excellent product!,2021-10-28
102,10280,162,4,Satisfied with purchase,2023-02-10
103,5973,177,3,It's okay,2023-01-20
104,9467,72,4,,2022-10-03
105,2268,141,5,Highly recommend!,2023-11-10
106,6448,82,5,Highly recommend!,2023-02-12
107,7770,192,4,Nice product,2023-04-04
108,3671,98,4,Good quality,2022-01-09
109,4940,120,5,Highly recommend!,2022-04-28
110,972,105,4,,2021-08-13
111,8966,13,5,Highly recommend!,2022-08-02
112,2710,97,4,,2022-08-22
113,5850,69,5,Highly recommend!,2021-11-08
114,6372,162,2,Could be better,2022-06-29
115,10581,148,3,Average product,2021-04-10
116,9943,16,3,Average product,2022-12-29
117,13582,155,5,Excellent product!,2021-11-22
118,10793,196,5,Excellent product!,2022-02-11
119,3291,39,5,Excellent product!,2021-09-03
120,10794,42,5,Highly recommend!,2022-06-21
121,12727,118,5,Love it!,2022-03-20
122,13130,18,3,Not bad,2021-01-26
123,14277,190,3,Decent,2021-01-24
124,14845,171,1,Terrible,2022-03-22
125,6258,178,3,,2021-12-25
126,1142,41,5,Highly recommend!,2022-06-28
127,8583,159,5,Highly recommend!,2021-02-28
128,1273,69,4,Satisfied with purchase,2022-09-27
129,4820,95,3,It's okay,2023-03-20
130,6538,80,1,Waste of money,2021-08-23
131,13480,107,3,Not bad,2021-06-14
132,8541,56,2,Below expectations,2021-07-28
133,2179,63,5,Excellent product!,2022-06-15
134,11778,48,2,Disappointed,2021-10-31
135,8284,133,5,Love it!,2021-04-13
136,10436,31,4,Nice product,2023-11-13
137,13607,99,4,Nice product,2021-09-24
138,12257,18,4,Satisfied with purchase,2022-02-25
139,7135,108,2,Could be better,2021-04-09
140,6671,178,5,Highly recommend!,2021-07-25
141,5206,7,5,Excellent product!,2021-09-12
142,4689,14,3,Not bad,2022-11-25
143,3487,65,2,Disappointed,2022-03-24
144,8361,56,2,Below expectations,2022-05-03
145,8368,9,5,Excellent product!,2022-02-27
146,4216,138,4,Nice product,2022-06-16
147,5054,145,4,Nice product,2022-01-03
148,7792,67,3,Decent,2023-09-15
149,4816,72,4,Satisfied with purchase,2023-12-02
150,7589,12,3,Not bad,2023-12-14
151,4868,186,1,Poor quality,2022-05-01
152,6521,9,4,Satisfied with purchase,2021-11-01
153,5047,89,5,Highly recommend!,2022-06-22
154,4433,17,5,Highly recommend!,2023-10-11
155,6457,103,5,Highly recommend!,2023-10-11
156,9332,94,4,Nice product,2023-10-22
157,1227,193,1,Do not buy,2022-05-20
158,1893,161,4,Good quality,2021-12-01
159,13903,147,1,Do not buy,2021-10-24
160,4094,55,5,Love it!,2021-05-03
161,2987,57,4,Satisfied with purchase,2023-09-14
162,9406,105,1,Do not buy,2022-11-30
163,1714,187,5,Highly recommend!,2023-04-18
164,8611,158,4,Good quality,2023-10-29
165,6871,168,2,Could be better,2023-05-06
166,11142,89,5,Excellent product!,2023-03-09
167,5043,163,3,Not bad,2021-04-24
168,11280,132,3,It's okay,2021-08-01
169,2244,147,2,Disappointed,2022-03-23
170,4506,159,5,Excellent product!,2022-01-12
171,1668,153,3,It's okay,2021-03-16
172,10329,47,5,Highly recommend!,2022-10-20
173,5690,113,4,Works well,2021-04-15
174,1300,157,4,Nice product,2023-03-20
175,1813,28,5,,2021-09-26
176,10733,65,3,Not bad,2022-05-30
177,1968,91,5,Highly recommend!,2022-03-21
178,6109,192,3,,2021-04-09
179,5503,167,3,Average product,2023-09-03
180,2772,178,2,Not great,2021-12-01
181,7554,47,5,Excellent product!,2022-09-05
182,3796,148,4,Satisfied with purchase,2023-04-13
183,11471,112,5,Best purchase ever!,2021-03-04
184,4358,132,2,Below expectations,2023-01-21
185,5746,6,4,Satisfied with purchase,2021-03-07
186,3762,130,4,Good quality,2021-05-10
187,6000,147,5,Love it!,2021-06-24
188,5481,187,5,Love it!,2022-05-23
189,3496,33,5,Excellent product!,2022-04-27
190,2974,44,4,Satisfied with purchase,2021-10-27
191,1581,19,5,Best purchase ever!,2021-04-02
192,2822,59,3,Decent,2021-03-18
193,1452,66,5,Highly recommend!,2023-06-29
194,10067,88,5,Love it!,2022-10-10
195,4931,169,4,Works well,2022-09-09
196,4885,114,1,Waste of money,2023-10-10
197,7171,166,3,It's okay,2022-01-03
198,7629,121,4,Nice product,2021-06-09
199,11525,109,2,Below expectations,2021-02-06
200,14023,108,4,Satisfied with purchase,2023-08-31
201,1712,138,4,Good quality,2021-04-13
202,7145,116,5,Love it!,2022-07-24
203,13603,170,4,Satisfied with purchase,2021-12-08
204,930,189,4,Satisfied with purchase,2021-09-27
205,4861,30,4,Nice product,2022-05-16
206,6186,21,4,Nice product,2023-01-22
207,3818,163,4,Works well,2023-10-23
208,1334,10,3,Average product,2023-03-06
209,4278,29,4,Works well,2021-06-29
210,6051,74,4,Nice product,2023-06-30
211,4309,124,4,Satisfied with purchase,2022-05-07
212,1338,181,4,Works well,2021-11-28
213,9980,183,3,It's okay,2021-05-23
214,2796,91,4,Good quality,2021-05-25
215,2816,7,1,Waste of money,2023-04-22
216,10211,26,4,Good quality,2022-07-28
217,3096,75,3,Not bad,2021-06-03
218,10198,38,5,Best purchase ever!,2022-06-25
219,4755,76,5,Highly recommend!,2022-01-01
220,582,126,3,Not bad,2021-04-13
221,1249,7,3,Average product,2022-01-09
222,1516,16,5,Best purchase ever!,2022-01-23
223,2810,126,5,Best purchase ever!,2021-01-20
224,1317,39,4,Works well,2021-09-10
225,13860,26,3,,2021-09-07
226,14249,28,4,Good quality,2021-12-10
227,794,107,5,Highly recommend!,2021-10-30
228,2295,80,4,Works well,2023-03-27
229,5721,189,4,Good quality,2023-04-29
230,8105,104,5,Highly recommend!,2023-08-18
231,3941,77,1,Poor quality,2022-03-10
232,3870,126,5,Best purchase ever!,2023-10-04
233,5473,168,5,Best purchase ever!,2022-10-30
234,13789,114,4,Satisfied with purchase,2021-06-09
235,11304,83,4,Works well,2022-09-30
236,12772,56,5,Love it!,2023-01-17
237,1702,137,5,Highly recommend!,2021-07-16
238,9074,102,5,Love it!,2023-01-12
239,3858,38,3,Average product,2023-06-04
240,1770,153,1,Terrible,2021-03-21
241,3644,157,4,Nice product,2023-05-16
242,4065,71,2,Below expectations,2022-02-02
243,7749,47,4,Nice product,2022-04-14
244,2415,44,4,Good quality,2022-09-25
245,8194,39,4,Good quality,2023-12-21
246,8363,9,4,,2022-09-15
247,465,73,2,Disappointed,2023-12-05
248,510,142,3,Decent,2022-07-09
249,4122,14,4,Works well,2022-08-10
250,9481,22,3,Average product,2021-01-23
251,8045,20,3,Average product,2021-07-16
252,7106,139,4,Good quality,2023-09-01
253,5457,132,5,Highly recommend!,2023-10-23
254,6166,2,3,Average product,2022-07-27
255,6413,162,5,Love it!,2023-07-24
256,14901,77,5,Love it!,2023-02-19
257,2166,83,4,Satisfied with purchase,2022-04-15
258,311,53,5,Love it!,2022-09-28
259,7197,157,5,Love it!,2022-02-02
260,9562,130,5,Excellent product!,2023-11-13
261,13901,46,2,Not great,2021-08-23
262,1175,5,4,Good quality,2021-08-26
263,8610,34,5,Love it!,2021-09-07
264,1252,111,2,Disappointed,2023-12-21
265,8665,43,2,Could be better,2022-12-07
266,12706,111,4,Works well,2022-07-10
267,2182,198,1,Do not buy,2022-09-26
268,6213,169,4,Good quality,2021-09-24
269,12356,162,4,Nice product,2021-06-01
270,12278,47,5,Best purchase ever!,2022-09-01
271,2518,75,2,Disappointed,2021-04-15
272,5562,59,4,Works well,2023-04-25
273,1171,131,5,Excellent product!,2022-11-26
274,8429,136,5,Excellent product!,2021-12-01
275,2632,85,5,Love it!,2021-09-04
276,11647,14,5,Best purchase ever!,2022-09-11
277,10782,54,2,Below expectations,2023-05-22
278,5510,172,3,Not bad,2021-10-19
279,12007,146,2,Not great,2022-03-27
280,12060,84,5,Excellent product!,2023-06-29
281,12794,68,5,Love it!,2022-01-05
282,3429,172,4,Nice product,2022-08-30
283,10165,107,3,Decent,2023-06-19
284,220,148,2,Disappointed,2022-07-08
285,9380,121,4,Works well,2023-05-06
286,9889,106,2,Below expectations,2023-11-05
287,7872,28,3,,2023-06-02
288,12118,94,4,Satisfied with purchase,2023-06-13
289,6295,11,2,Below expectations,2023-05-15
290,2430,59,5,Highly recommend!,2022-02-02
291,12466,97,3,It's okay,2023-01-21
292,1681,141,5,Highly recommend!,2022-06-21
293,2477,113,4,Works well,2022-10-18
294,5803,47,3,Decent,2021-02-04
295,8337,154,5,Highly recommend!,2022-11-10
296,2634,63,4,Good quality,2022-10-14
297,5258,65,3,It's okay,2022-12-08
298,3132,88,3,Average product,2023-05-11
299,12680,140,2,Disappointed,2021-07-21
300,9595,13,4,,2022-09-09
301,6898,180,4,Good quality,2022-08-11
302,7547,161,4,Good quality,2023-03-24
303,8587,91,5,Highly recommend!,2022-10-05
304,14241,180,2,Could be better,2022-09-09
305,11754,73,1,Do not buy,2021-02-15
306,12129,188,5,Best purchase ever!,2021-07-04
307,5432,39,2,Not great,2023-01-31
308,3970,178,2,Disappointed,2022-05-20
309,6271,44,4,Satisfied with purchase,2023-10-05
310,5844,195,4,Works well,2023-01-30
311,5472,21,4,Satisfied with purchase,2022-02-07
312,2562,90,3,It's okay,2022-03-08
313,3002,46,5,Excellent product!,2023-02-20
314,6330,167,3,It's okay,2021-11-21
315,3727,36,4,Nice product,2022-06-28
316,9764,94,1,Terrible,2023-02-13
317,1817,124,5,Excellent product!,2022-08-27
318,10525,58,3,Not bad,2022-12-01
319,3326,6,4,Good quality,2023-03-10
320,6727,54,4,Nice product,2023-02-19
321,5851,60,4,,2023-10-30
322,10563,89,3,It's okay,2021-02-28
323,8701,93,4,Good quality,2023-03-12
324,12120,61,4,Satisfied with purchase,2022-03-19
325,8755,78,4,Satisfied with purchase,2022-06-07
326,13777,123,4,Nice product,2021-10-14
327,13874,160,4,Good quality,2022-06-19
328,7107,9,5,Love it!,2021-12-06
329,1592,76,3,Not bad,2022-12-10
330,5132,123,5,Love it!,2021-07-13
331,9076,51,5,Highly recommend!,2022-12-30
332,11974,116,5,Excellent product!,2023-01-20
333,7898,78,5,Love it!,2021-10-04
334,2179,30,4,Satisfied with purchase,2021-09-29
335,12864,14,1,Terrible,2022-12-27
336,2633,170,4,Satisfied with purchase,2021-09-16
337,14940,54,5,Best purchase ever!,2022-05-28
338,7707,147,3,Average product,2022-10-19
339,5415,44,5,Excellent product!,2022-07-25
340,2058,134,2,Could be better,2021-10-25
341,5326,29,4,Satisfied with purchase,2021-10-10
342,11819,52,2,Not great,2021-05-11
343,13679,74,4,Works well,2023-11-10
344,8285,105,5,Love it!,2022-05-19
345,14075,28,4,Nice product,2022-04-02
346,2581,55,3,It's okay,2021-02-02
347,6066,49,4,Good quality,2021-01-02
348,9452,78,5,Highly recommend!,2021-07-21
349,10965,3,3,,2023-03-10
350,310,87,4,Good quality,2022-09-03
351,9269,49,4,Good quality,2021-07-26
352,9466,133,4,Works well,2021-11-28
353,2657,181,2,Could be better,2021-06-13
354,4313,187,5,Best purchase ever!,2021-03-25
355,6224,60,5,Excellent product!,2021-11-27
356,3527,76,2,Disappointed,2021-06-02
357,13340,130,4,Good quality,2022-04-30
358,10005,88,5,Excellent product!,2023-04-19
359,5124,53,2,Not great,2021-06-18
360,2375,102,5,Highly recommend!,2021-02-16
361,1416,93,4,Nice product,2021-04-25
362,12064,175,4,Good quality,2022-01-21
363,5106,105,4,Nice product,2022-11-25
364,13451,190,4,Works well,2021-06-06
365,5892,78,4,Good quality,2023-02-12
366,2677,150,5,Best purchase ever!,2021-06-13
367,7560,161,4,Satisfied with purchase,2022-01-11
368,13988,157,2,Not great,2021-05-29
369,142,139,3,It's okay,2021-08-13
370,14071,33,5,Love it!,2022-07-23
371,10589,69,4,Works well,2023-05-25
372,438,107,4,Works well,2021-01-11
373,4940,71,4,Good quality,2021-04-24
374,1957,200,5,Love it!,2021-12-15
375,9362,108,5,Love it!,2021-04-20
376,5427,83,5,Excellent product!,2023-03-02
377,4940,177,2,Not great,2022-08-03
378,5285,193,3,Decent,2021-07-01
379,12532,101,5,Love it!,2023-03-01
380,11220,31,5,,2022-06-24
381,11735,119,5,,2023-09-09
382,1285,124,4,,2023-04-25
383,3501,34,2,Below expectations,2021-04-16
384,10014,86,2,Could be better,2023-08-23
385,3505,15,5,Best purchase ever!,2022-12-27
386,2613,145,3,Decent,2021-04-15
387,10466,5,4,Works well,2023-06-17
388,10518,163,5,Best purchase ever!,2023-10-16
389,7657,144,4,Works well,2021-05-22
390,6606,178,1,Poor quality,2021-09-03
391,3206,120,4,Good quality,2022-05-22
392,3111,105,5,Best purchase ever!,2022-08-17
393,4383,8,4,Nice product,2021-05-22
394,7639,17,4,Good quality,2023-11-04
395,14536,175,4,Works well,2023-02-17
396,7101,105,3,Decent,2021-01-07
397,6181,102,2,Below expectations,2021-06-12
398,5282,104,1,Poor quality,2021-09-03
399,13214,166,4,Satisfied with purchase,2022-04-18
400,8532,76,4,Nice product,2023-04-07
401,4504,110,4,Nice product,2022-08-20
402,7814,173,2,,2021-12-27
403,12707,12,4,Satisfied with purchase,2023-05-19
404,11476,64,3,Not bad,2022-11-05
405,4390,145,5,Best purchase ever!,2023-09-15
406,4390,156,4,Works well,2023-08-21
407,572,194,2,,2021-10-17
408,1204,84,3,Not bad,2021-05-24
409,12891,66,3,It's okay,2021-10-20
410,6999,138,5,Excellent product!,2022-08-24
411,4596,86,4,Good quality,2022-12-08
412,3244,124,4,Nice product,2021-05-01
413,5274,113,4,Satisfied with purchase,2021-11-12
414,8315,182,4,Works well,2022-07-08
415,3032,112,5,Love it!,2022-12-14
416,9822,157,5,Excellent product!,2023-12-28
417,6323,186,5,Excellent product!,2022-02-07
418,4804,87,5,Excellent product!,2022-07-16
419,9720,188,3,It's okay,2021-02-07
420,10699,157,5,Highly recommend!,2023-07-26
421,2853,128,3,Not bad,2022-02-09
422,4313,52,5,Highly recommend!,2022-12-15
423,14199,8,4,Nice product,2022-05-17
424,3199,146,4,Good quality,2023-03-29
425,1102,108,1,Waste of money,2023-03-03
426,11482,183,4,,2021-05-13
427,7555,171,4,Works well,2021-05-17
428,5267,187,2,,2021-02-28
429,2550,5,4,Works well,2023-01-21
430,3994,103,4,Works well,2021-12-19
431,7996,48,3,Not bad,2022-10-04
432,8114,25,5,Love it!,2022-04-11
433,4628,71,5,Highly recommend!,2021-11-02
434,401,173,2,Disappointed,2021-03-04
435,10253,1,4,Works well,2022-02-11
436,8004,106,4,Nice product,2022-01-20
437,1426,139,5,Love it!,2023-11-20
438,4510,194,4,Good quality,2023-04-06
439,11240,77,3,Average product,2022-05-01
440,1076,52,4,Works well,2022-05-01
441,4370,24,4,Works well,2023-10-22
442,6641,182,3,Not bad,2021-12-06
443,10540,172,4,Works well,2021-03-14
444,7274,37,4,Good quality,2023-04-20
445,3019,116,2,Not great,2021-10-13
446,3388,25,4,Works well,2023-02-03
447,5267,70,3,Average product,2021-10-25
448,390,145,3,Not bad,2022-07-05
449,1912,127,3,Decent,2022-11-17
450,12203,58,5,Love it!,2022-10-05
451,1749,41,4,Satisfied with purchase,2021-12-31
452,12018,56,3,Average product,2023-09-20
453,8097,160,3,Average product,2021-10-10
454,3102,148,3,Not bad,2023-12-17
455,4299,36,5,Best purchase ever!,2023-01-26
456,11818,117,4,Good quality,2021-06-01
457,13777,45,5,Excellent product!,2022-04-24
458,5433,8,5,Best purchase ever!,2022-07-30
459,258,19,4,Good quality,2021-07-02
460,14478,182,2,Not great,2022-06-17
461,8081,179,5,Excellent product!,2023-08-31
462,3885,123,4,Nice product,2021-12-29
463,12966,188,2,Not great,2021-02-11
464,2214,195,4,Nice product,2022-04-07
465,8913,12,4,Nice product,2022-10-06
466,8533,44,4,Nice product,2021-09-05
467,11240,198,4,Works well,2021-03-12
468,6932,192,5,Excellent product!,2022-01-25
469,9542,170,2,Below expectations,2022-11-26
470,11813,91,4,Satisfied with purchase,2023-06-24
471,4206,47,1,Do not buy,2023-04-12
472,2527,43,4,,2023-02-24
473,12677,183,3,Average product,2021-07-17
474,926,30,3,Average product,2021-05-31
475,7997,134,3,Decent,2021-09-12
476,6842,46,5,Excellent product!,2022-09-27
477,11930,194,4,Nice product,2022-08-31
478,4883,149,4,Satisfied with purchase,2023-05-17
479,6154,56,1,Do not buy,2023-10-07
480,151,25,5,Highly recommend!,2023-10-22
481,711,95,1,Do not buy,2022-11-16
482,12185,29,5,Best purchase ever!,2021-10-29
483,6046,6,5,Love it!,2021-01-07
484,6454,185,2,Not great,2023-11-15
485,14652,28,4,Good quality,2022-03-30
486,6987,66,1,Terrible,2022-04-11
487,8269,88,3,Average product,2021-05-30
488,13246,199,3,Decent,2023-02-22
489,9373,52,5,Love it!,2021-07-24
490,4676,104,4,Satisfied with purchase,2023-12-19
491,8285,92,1,Waste of money,2021-05-03
492,3180,140,2,Could be better,2023-10-19
493,2777,72,3,It's okay,2021-06-10
494,2914,69,5,Highly recommend!,2023-01-27
495,12317,94,4,,2021-08-11
496,12699,84,4,Satisfied with purchase,2022-08-16
497,7426,73,5,Best purchase ever!,2022-10-10
498,9834,40,4,Nice product,2023-01-19
499,13440,152,5,Highly recommend!,2021-02-17
500,11783,162,3,Decent,2022-10-29
501,9548,44,5,Love it!,2022-04-15
502,2363,34,5,Highly recommend!,2021-07-11
503,14405,112,4,Satisfied with purchase,2021-11-16
504,11956,175,4,Satisfied with purchase,2021-06-20
505,21,138,4,Nice product,2021-09-19
506,3648,84,4,Satisfied with purchase,2022-11-15
507,2862,21,3,Decent,2021-06-16
508,9861,200,3,Decent,2022-04-10
509,2131,48,4,Good quality,2021-12-04
510,10809,182,4,Good quality,2022-02-13
511,9076,151,3,Not bad,2021-12-18
512,4737,180,2,Not great,2021-08-02
513,10695,96,5,Best purchase ever!,2023-07-21
514,12360,86,4,Works well,2021-03-24
515,12,184,3,Average product,2023-11-18
516,3040,193,5,Excellent product!,2021-11-19
517,2976,93,3,Decent,2022-09-12
518,11738,53,4,Nice product,2022-03-17
519,13864,121,4,Nice product,2023-06-18
520,3510,137,2,Disappointed,2022-06-23
521,10646,104,4,Satisfied with purchase,2023-10-09
522,2024,37,4,Nice product,2023-05-21
523,7443,166,5,Highly recommend!,2022-02-13
524,2101,3,5,Excellent product!,2022-07-20
525,4959,44,5,Best purchase ever!,2022-07-11
526,6311,72,3,Not bad,2021-08-04
527,11805,62,3,Decent,2023-01-04
528,13657,76,3,It's okay,2023-03-14
529,6715,43,5,Highly recommend!,2021-01-02
530,2773,119,4,Good quality,2023-05-05
531,14862,127,5,Highly recommend!,2022-05-22
532,11633,122,4,Satisfied with purchase,2021-08-25
533,1950,83,4,Satisfied with purchase,2023-03-21
534,14554,66,5,Excellent product!,2022-04-04
535,14805,140,4,Nice product,2021-01-06
536,9543,121,5,Love it!,2023-05-07
537,12212,37,4,Satisfied with purchase,2022-10-16
538,14956,176,4,Works well,2023-07-16
539,9917,10,3,It's okay,2021-11-28
540,5846,104,5,Best purchase ever!,2023-07-11
541,10244,95,3,Decent,2023-10-25
542,13654,68,5,Love it!,2022-07-11
543,10374,11,4,,2022-03-02
544,6644,34,4,Nice product,2021-07-14
545,6879,65,4,Nice product,2022-01-04
546,14676,177,4,Good quality,2023-03-12
547,14439,73,4,Satisfied with purchase,2021-02-22
548,5726,83,4,Satisfied with purchase,2022-10-27
549,582,76,3,It's okay,2023-02-20
550,322,104,5,Excellent product!,2023-07-02
551,14134,68,4,Good quality,2023-05-08
552,4951,171,5,Highly recommend!,2022-08-03
553,8327,21,5,Highly recommend!,2021-10-25
554,6991,100,5,Highly recommend!,2023-01-23
555,8721,161,4,Satisfied with purchase,2021-02-03
556,11981,2,3,Not bad,2023-10-17
557,1769,39,4,Satisfied with purchase,2023-10-08
558,1036,60,2,Not great,2023-02-03
559,12697,118,4,Satisfied with purchase,2022-07-10
560,10882,83,4,Works well,2022-04-25
561,4043,188,4,,2021-09-10
562,14564,57,3,Average product,2022-04-26
563,10967,130,4,Good quality,2022-09-06
564,11992,52,5,Best purchase ever!,2021-12-17
565,4621,78,2,Not great,2023-08-21
566,539,196,4,Works well,2023-09-22
567,4086,67,5,Love it!,2023-05-25
568,8072,179,5,,2023-06-01
569,11114,173,2,Could be better,2023-10-15
570,14319,80,4,Good quality,2022-08-12
571,395,105,3,Decent,2022-08-12
572,14973,161,2,Disappointed,2022-02-19
573,8420,135,5,Highly recommend!,2022-07-01
574,55,26,5,Best purchase ever!,2023-11-14
575,10331,104,4,,2021-01-27
576,7661,191,2,Could be better,2023-01-19
577,8426,161,2,Disappointed,2021-09-09
578,14829,139,4,Satisfied with purchase,2021-09-15
579,9488,76,5,Highly recommend!,2022-09-13
580,8864,28,3,It's okay,2021-07-09
581,11699,118,4,Satisfied with purchase,2021-10-21
582,3584,166,4,Nice product,2021-12-30
583,8954,82,3,Decent,2022-04-22
584,6616,142,4,Satisfied with purchase,2022-05-21
585,11486,95,4,Satisfied with purchase,2022-10-02
586,5614,104,3,Average product,2022-01-14
587,10514,99,3,Decent,2023-02-23
588,3562,150,4,Works well,2023-12-24
589,12792,103,2,Disappointed,2023-10-09
590,6931,74,5,Love it!,2021-11-24
591,8357,191,5,Best purchase ever!,2022-04-21
592,5952,83,2,Not great,2023-11-28
593,13745,191,5,Highly recommend!,2021-07-16
594,4421,136,5,Best purchase ever!,2022-01-15
595,7031,43,2,Below expectations,2022-08-29
596,14712,194,1,Do not buy,2023-11-01
597,3080,38,5,Love it!,2023-05-17
598,9902,61,2,Disappointed,2021-09-01
599,9818,24,3,Decent,2021-10-13
600,2422,10,4,Works well,2023-05-08
601,11800,82,3,Decent,2023-01-09
602,13136,80,4,Works well,2021-09-04
603,3028,163,5,Highly recommend!,2023-07-11
604,499,133,5,Highly recommend!,2023-01-04
605,1426,117,3,It's okay,2021-11-05
606,4853,115,5,Love it!,2022-06-28
607,7166,164,5,Love it!,2022-04-14
608,6733,84,5,Excellent product!,2021-03-15
609,13859,177,3,Average product,2023-02-22
610,8941,48,2,Below expectations,2023-11-17
611,6488,141,4,,2022-11-26
612,12859,152,5,Highly recommend!,2023-01-12
613,14115,108,4,Satisfied with purchase,2023-08-08
614,13589,169,4,,2022-12-21
615,12412,160,4,Nice product,2021-03-26
616,12802,92,5,Best purchase ever!,2021-09-07
617,11911,162,5,Excellent product!,2021-02-23
618,14742,87,5,Excellent product!,2022-09-29
619,8,151,4,Works well,2023-03-29
620,11695,19,4,Satisfied with purchase,2021-06-12
621,4884,128,2,Below expectations,2022-01-27
622,10522,63,3,Decent,2022-02-04
623,13912,94,4,Nice product,2023-10-08
624,4274,84,4,Works well,2021-01-27
625,6319,16,2,Could be better,2021-11-04
626,11702,100,4,Works well,2021-12-01
627,61,149,3,Decent,2021-10-22
628,12913,177,5,Best purchase ever!,2021-11-22
629,13360,112,3,It's okay,2023-08-04
630,11439,96,3,It's okay,2022-10-03
631,6389,113,4,Satisfied with purchase,2021-05-04
632,13655,59,5,Best purchase ever!,2021-05-04
633,14315,47,2,Disappointed,2022-12-17
634,2875,56,5,Love it!,2022-10-26
635,10061,177,2,,2022-06-24
636,8057,172,3,Not bad,2021-09-27
637,2778,130,3,,2023-01-30
638,9775,184,3,It's okay,2023-10-21
639,12073,45,5,Excellent product!,2022-02-12
640,11437,6,4,Nice product,2022-12-14
641,7437,113,5,Highly recommend!,2021-10-09
642,9629,134,3,Not bad,2022-07-23
643,5132,42,4,Works well,2023-07-09
644,5745,200,4,,2023-08-23
645,6072,171,4,,2022-08-19
646,2276,47,4,Satisfied with purchase,2022-10-29
647,3319,52,4,Nice product,2021-03-22
648,3841,76,5,Love it!,2023-04-13
649,8540,178,4,Satisfied with purchase,2023-11-22
650,3962,61,2,Not great,2023-08-11
651,3999,19,3,Not bad,2021-02-18
652,5875,125,4,Good quality,2022-10-01
653,2358,145,5,Excellent product!,2023-06-06
654,5562,193,4,,2023-12-25
655,13368,137,2,Not great,2021-10-12
656,6778,106,4,Nice product,2022-12-12
657,5392,162,4,Good quality,2023-04-15
658,8632,65,4,Satisfied with purchase,2021-06-01
659,5019,1,3,Decent,2021-03-16
660,13716,126,4,Satisfied with purchase,2021-03-21
661,6833,177,1,Do not buy,2023-01-07
662,13260,200,5,Excellent product!,2021-07-04
663,10785,178,3,Decent,2022-02-14
664,1476,6,5,Highly recommend!,2021-06-26
665,128,11,4,Satisfied with purchase,2022-07-12
666,5067,140,2,Below expectations,2022-08-25
667,3195,135,5,Love it!,2023-01-13
668,14116,177,4,Works well,2022-08-12
669,7436,146,4,Nice product,2022-08-11
670,4755,138,4,Works well,2021-05-08
671,842,67,4,Satisfied with purchase,2022-06-17
672,5859,66,4,Works well,2023-05-19
673,8518,21,3,It's okay,2023-10-13
674,10372,90,3,Average product,2022-01-20
675,11381,137,5,Excellent product!,2022-01-17
676,4485,28,3,Decent,2023-09-06
677,14486,41,4,Nice product,2022-02-12
678,7753,188,5,Highly recommend!,2023-10-16
679,8937,79,5,Highly recommend!,2023-04-07
680,4620,65,5,Excellent product!,2021-10-20
681,2414,104,5,Highly recommend!,2021-04-14
682,775,170,1,Waste of money,2022-09-13
683,8109,35,3,Average product,2023-01-04
684,5954,30,5,,2021-05-25
685,2050,103,5,Best purchase ever!,2023-08-02
686,1251,104,4,Good quality,2022-02-26
687,6049,191,4,Satisfied with purchase,2022-04-24
688,6985,81,4,Satisfied with purchase,2022-01-03
689,14787,162,5,Excellent product!,2022-04-07
690,3397,66,4,Nice product,2021-01-04
691,1802,185,4,Works well,2023-10-05
692,7779,53,3,It's okay,2023-05-27
693,5492,74,4,Satisfied with purchase,2022-10-18
694,4799,26,2,,2023-06-13
695,5931,64,1,Poor quality,2023-03-24
696,13513,13,4,Works well,2021-10-18
697,848,77,4,Nice product,2021-02-14
698,8102,136,3,,2021-02-02
699,250,97,3,Decent,2021-09-15
700,7358,170,4,Satisfied with purchase,2022-04-12
701,11872,107,4,Satisfied with purchase,2023-05-16
702,5254,195,5,Best purchase ever!,2022-02-25
703,3941,111,3,Not bad,2022-11-29
704,12877,23,5,Best purchase ever!,2023-08-23
705,14010,136,3,Decent,2023-01-14
706,4358,33,3,Decent,2023-06-14
707,11972,25,4,Satisfied with purchase,2022-07-29
708,249,190,5,Excellent product!,2023-03-06
709,14946,113,3,Not bad,2022-06-06
710,2289,200,3,Average product,2021-10-09
711,11984,49,4,Good quality,2022-05-17
712,11798,121,3,It's okay,2021-10-07
713,6133,71,4,Good quality,2021-01-18
714,3607,37,4,Good quality,2023-12-07
715,3248,107,2,Could be better,2022-05-03
716,7495,197,3,It's okay,2021-02-15
717,9219,97,4,Works well,2023-04-25
718,400,44,2,Below expectations,2023-07-13
719,5179,186,4,Nice product,2023-02-22
720,8094,80,5,Love it!,2021-05-18
721,10688,48,4,Nice product,2023-09-27
722,9129,72,4,Works well,2022-02-05
723,4571,14,3,Not bad,2023-04-16
724,13948,84,1,Waste of money,2022-08-20
725,3794,48,2,Below expectations,2022-08-02
726,14249,70,4,Satisfied with purchase,2021-10-20
727,493,141,4,Good quality,2021-07-11
728,4038,95,5,Highly recommend!,2022-10-12
729,8828,54,4,Works well,2023-08-21
730,12331,122,5,Best purchase ever!,2021-06-29
731,8346,24,3,It's okay,2023-10-29
732,5490,153,4,,2023-05-22
733,2395,1,4,Satisfied with purchase,2022-12-02
734,14242,59,5,Love it!,2021-07-28
735,10173,178,4,Good quality,2021-06-07
736,171,140,2,Not great,2021-03-08
737,4256,94,4,Good quality,2022-09-25
738,5479,79,1,Waste of money,2022-01-23
739,8567,90,3,Decent,2022-05-05
740,4882,86,4,Good quality,2023-12-15
741,2837,17,4,Satisfied with purchase,2023-07-18
742,2654,130,3,It's okay,2022-05-15
743,4275,179,5,Best purchase ever!,2022-07-04
744,4888,132,5,Highly recommend!,2022-05-05
745,11482,37,4,Nice product,2023-09-05
746,13802,163,2,,2023-06-09
747,3265,145,3,Average product,2022-11-19
748,493,39,1,Waste of money,2021-07-29
749,579,146,4,Nice product,2021-10-26
750,743,8,5,Excellent product!,2021-03-06
751,7011,196,3,Average product,2023-08-13
752,2425,126,4,Nice product,2022-09-27
753,13248,145,5,Love it!,2022-09-20
754,3341,97,4,Satisfied with purchase,2023-06-24
755,8890,31,5,Excellent product!,2022-07-21
756,13474,19,1,Waste of money,2023-11-03
757,494,167,4,Works well,2022-09-17
758,803,15,2,Disappointed,2023-04-07
759,6532,190,1,Waste of money,2022-01-08
760,12636,184,3,Decent,2021-02-03
761,13251,32,1,Poor quality,2021-10-21
762,10690,161,3,Decent,2021-08-20
763,9101,177,3,Decent,2022-08-02
764,272,92,5,Highly recommend!,2023-02-09
765,11084,192,2,Not great,2023-05-18
766,10404,70,5,Highly recommend!,2022-10-23
767,3806,192,4,,2022-08-22
768,13562,121,4,Works well,2021-07-30
769,13487,196,1,Waste of money,2021-03-29
770,11397,184,1,Terrible,2022-11-12
771,2836,94,3,Not bad,2021-03-10
772,4863,22,4,Works well,2022-11-19
773,14620,26,4,Works well,2022-08-09
774,14201,117,4,Nice product,2023-08-23
775,7595,1,4,Satisfied with purchase,2022-04-10
776,6092,72,3,Not bad,2022-07-05
777,7744,134,5,Excellent product!,2021-06-04
778,5286,15,4,Satisfied with purchase,2022-11-25
779,7310,39,3,Not bad,2023-06-11
780,10390,104,2,Not great,2022-02-19
781,12440,197,4,Nice product,2022-05-10
782,10356,124,3,Not bad,2022-01-25
783,9501,161,4,Satisfied with purchase,2022-11-10
784,5813,172,4,Works well,2022-10-04
785,14834,141,3,,2022-06-23
786,4045,123,5,Highly recommend!,2021-04-07
787,11446,117,4,Satisfied with purchase,2021-09-24
788,3853,103,1,Terrible,2022-09-23
789,9874,45,4,Works well,2022-05-17
790,261,77,3,It's okay,2022-08-05
791,1059,21,5,Love it!,2022-03-05
792,2546,149,4,Good quality,2022-10-22
793,4899,58,2,Below expectations,2023-05-13
794,6230,51,4,Satisfied with purchase,2022-01-05
795,5000,28,4,Good quality,2021-02-04
796,934,121,4,Satisfied with purchase,2022-11-17
797,12700,176,4,Satisfied with purchase,2021-12-02
798,4358,84,4,Good quality,2022-10-11
799,9590,89,4,Satisfied with purchase,2023-08-04
800,8167,30,3,It's okay,2021-05-30
801,35,42,1,Terrible,2023-12-07
802,3988,118,2,Disappointed,2023-01-30
803,3330,155,5,Best purchase ever!,2023-06-05
804,1400,100,3,Not bad,2021-05-31
805,1553,70,5,Best purchase ever!,2021-04-28
806,3061,187,4,Good quality,2022-10-02
807,6154,34,5,Highly recommend!,2022-08-13
808,9081,116,2,Disappointed,2022-09-03
809,12419,16,5,Love it!,2023-05-13
810,14589,46,5,Excellent product!,2021-03-18
811,3433,4,5,Love it!,2022-06-30
812,5326,122,3,It's okay,2021-11-28
813,11348,198,5,Best purchase ever!,2021-01-25
814,60,140,2,Could be better,2021-07-18
815,7381,29,3,,2022-04-30
816,2400,141,3,It's okay,2022-04-03
817,951,138,5,Love it!,2023-03-09
818,8217,113,3,Decent,2021-08-03
819,12594,105,2,Below expectations,2021-07-12
820,6801,157,4,Works well,2021-12-20
821,11901,150,3,Decent,2023-03-26
822,9332,71,5,Love it!,2021-07-24
823,6348,187,4,Good quality,2023-05-20
824,4321,172,3,Decent,2021-12-28
825,8636,102,2,Not great,2021-01-07
826,10264,26,3,Not bad,2021-10-04
827,8543,194,3,Decent,2021-05-14
828,938,3,3,Not bad,2023-09-30
829,1829,73,1,Poor quality,2023-11-18
830,3994,145,1,Poor quality,2021-05-02
831,10562,119,5,,2023-04-19
832,5599,35,5,Highly recommend!,2021-03-20
833,2640,59,5,Best purchase ever!,2021-12-01
834,8226,178,5,Highly recommend!,2022-07-26
835,2049,182,2,Could be better,2023-04-03
836,9065,2,2,Disappointed,2023-12-29
837,7284,133,3,Not bad,2022-09-29
838,5897,49,4,Nice product,2023-04-09
839,6162,49,5,Love it!,2023-06-27
840,13154,188,5,Highly recommend!,2022-08-13
841,1828,109,5,Love it!,2022-12-06
842,4075,67,3,Decent,2021-03-03
843,4965,28,5,Highly recommend!,2021-06-17
844,6221,113,4,Satisfied with purchase,2022-09-05
845,9126,86,2,Below expectations,2021-01-23
846,14457,183,3,It's okay,2021-10-25
847,9119,100,5,Highly recommend!,2022-05-07
848,8182,57,5,Excellent product!,2021-09-06
849,773,43,5,Highly recommend!,2023-12-30
850,14388,1,4,Nice product,2021-01-05
851,3040,44,5,,2021-09-11
852,9709,83,1,Terrible,2023-04-08
853,12112,36,2,Disappointed,2022-01-13
854,9949,193,4,Satisfied with purchase,2022-11-17
855,4104,7,5,Excellent product!,2022-08-08
856,9718,144,1,Terrible,2022-05-25
857,6888,111,4,Nice product,2022-09-19
858,8751,99,3,It's okay,2023-10-16
859,13576,84,4,Works well,2023-01-03
860,5538,70,3,Decent,2022-04-09
861,882,90,4,Nice product,2023-09-28
862,2831,31,2,Disappointed,2022-09-09
863,13655,47,5,Love it!,2021-06-25
864,9327,157,4,Works well,2021-12-08
865,3132,43,5,Excellent product!,2021-01-18
866,3575,69,4,Good quality,2021-07-07
867,7463,1,4,Satisfied with purchase,2021-03-18
868,8579,55,3,Not bad,2021-06-09
869,6398,146,5,Love it!,2022-09-18
870,2229,30,4,Works well,2021-03-14
871,14446,14,4,Good quality,2023-09-20
872,8886,9,4,Nice product,2022-03-15
873,6999,154,4,Good quality,2023-10-28
874,9077,125,4,Satisfied with purchase,2023-12-23
875,4085,182,2,Below expectations,2022-08-25
876,75,118,5,Highly recommend!,2021-08-15
877,9466,170,3,Not bad,2022-04-26
878,3281,153,3,Decent,2021-01-13
879,10615,61,3,Decent,2021-03-25
880,12350,191,4,Works well,2022-08-29
881,7448,55,3,It's okay,2023-07-12
882,14125,128,5,Excellent product!,2021-11-04
883,11126,111,5,Highly recommend!,2022-03-19
884,939,118,5,Highly recommend!,2021-10-02
885,4315,9,5,Highly recommend!,2023-09-13
886,129,112,1,Do not buy,2022-03-05
887,12672,101,2,Not great,2023-11-02
888,4695,22,5,Excellent product!,2021-08-24
889,8471,121,4,Satisfied with purchase,2021-12-16
890,6645,196,5,Excellent product!,2022-10-13
891,3750,76,5,Excellent product!,2022-03-07
892,4762,126,3,Decent,2021-01-12
893,7301,188,3,Decent,2022-12-28
894,13792,160,5,Love it!,2023-12-15
895,9793,68,4,Works well,2022-03-15
896,12268,27,4,Works well,2021-10-30
897,14696,177,4,Good quality,2023-06-28
898,14008,125,5,Best purchase ever!,2021-05-24
899,1080,173,4,Nice product,2022-07-29
900,14880,39,4,Good quality,2021-01-22
901,4518,169,4,Satisfied with purchase,2021-06-29
902,7337,158,5,Excellent product!,2022-03-13
903,7773,123,4,,2022-12-17
904,6050,49,5,Love it!,2023-05-23
905,6215,139,4,Works well,2023-03-10
906,3847,16,4,Satisfied with purchase,2022-11-09
907,6512,89,4,Good quality,2021-12-18
908,14942,62,4,Good quality,2021-11-23
909,409,176,4,Works well,2023-07-26
910,3327,162,3,Not bad,2023-04-19
911,12689,124,3,Decent,2023-08-21
912,4336,63,5,Best purchase ever!,2021-06-16
913,4243,151,4,Nice product,2023-11-11
914,3409,12,4,Good quality,2022-10-17
915,5712,21,5,Excellent product!,2024-01-01
916,5612,49,3,Decent,2023-07-24
917,6392,51,4,Works well,2023-07-10
918,10379,148,5,Highly recommend!,2023-05-04
919,12160,101,5,Love it!,2021-04-16
920,2618,159,4,Nice product,2022-10-17
921,9421,166,4,,2022-09-03
922,13259,118,4,Nice product,2023-05-27
923,698,129,5,Excellent product!,2021-11-29
924,13126,178,5,Excellent product!,2023-10-05
925,6146,99,4,Nice product,2023-11-23
926,10813,176,2,Below expectations,2021-10-23
927,7093,6,4,Good quality,2023-02-17
928,7456,125,1,Waste of money,2023-03-07
929,5762,97,4,Good quality,2023-08-05
930,3652,39,5,Best purchase ever!,2022-04-10
931,8884,163,4,,2023-03-22
932,12625,163,3,It's okay,2021-01-30
933,6721,13,4,Satisfied with purchase,2023-02-05
934,1308,183,4,Good quality,2021-08-02
935,8130,4,2,Not great,2022-09-19
936,14607,85,3,Decent,2021-06-16
937,10959,67,4,Good quality,2022-03-17
938,850,10,3,Average product,2023-07-18
939,6110,194,1,Do not buy,2021-02-28
940,12271,197,2,Could be better,2023-06-14
941,12871,26,2,,2022-01-02
942,13560,183,4,Nice product,2021-10-14
943,3779,50,1,Terrible,2021-10-22
944,10434,109,4,Good quality,2022-12-06
945,11613,19,2,,2021-09-02
946,4626,161,5,Highly recommend!,2022-12-03
947,12549,190,5,Best purchase ever!,2022-12-23
948,3002,22,4,Nice product,2021-11-11
949,3998,155,5,Love it!,2021-08-02
950,911,106,5,Love it!,2021-08-15
951,14860,51,5,Excellent product!,2022-08-12
952,7632,89,4,Works well,2023-12-14
953,5798,63,4,Nice product,2022-09-17
954,13286,66,3,Average product,2022-05-23
955,14001,136,2,Below expectations,2021-10-20
956,8254,157,5,Love it!,2021-10-17
957,5459,15,2,Disappointed,2023-08-15
958,7301,85,3,Decent,2021-07-07
959,1207,178,4,Satisfied with purchase,2021-01-08
960,5071,110,2,Not great,2023-09-04
961,9691,32,5,Excellent product!,2021-06-25
962,9093,63,1,,2021-12-30
963,13783,40,5,Excellent product!,2022-11-01
964,9190,6,5,Excellent product!,2022-09-19
965,3024,187,4,Nice product,2022-03-06
966,5745,106,4,,2023-04-22
967,5801,114,4,Satisfied with purchase,2022-05-02
968,14011,53,2,Disappointed,2022-01-15
969,1752,90,3,Decent,2022-04-26
970,4095,59,4,Satisfied with purchase,2021-05-15
971,9558,87,3,Not bad,2023-08-27
972,6876,154,1,Terrible,2023-12-09
973,111,70,4,Nice product,2023-02-08
974,2980,13,4,Satisfied with purchase,2021-11-11
975,5305,22,3,Decent,2022-06-15
976,9997,200,5,Highly recommend!,2021-10-01
977,14886,117,5,Highly recommend!,2023-11-27
978,9971,3,4,Good quality,2022-02-24
979,2773,81,5,Love it!,2023-08-05
980,4375,37,4,,2022-09-01
981,3579,25,5,Excellent product!,2021-04-20
982,7008,6,3,Average product,2023-01-26
983,13828,3,5,Excellent product!,2022-09-19
984,13039,188,4,Good quality,2022-11-27
985,2354,63,4,Good quality,2023-06-01
986,9716,35,2,Not great,2023-12-31
987,4857,191,5,Love it!,2021-05-20
988,1754,6,4,Satisfied with purchase,2023-05-18
989,2221,116,3,Not bad,2021-04-20
990,5641,90,3,Decent,2023-03-02
991,14875,102,5,Love it!,2023-10-01
992,9830,85,4,Works well,2022-03-04
993,5181,198,3,Average product,2021-02-25
994,13522,62,3,Not bad,2022-09-08
995,3191,43,4,Good quality,2021-10-31
996,12097,14,5,Love it!,2021-07-30
997,14501,113,4,Nice product,2022-05-06
998,13603,92,3,Not bad,2021-11-28
999,246,30,5,Excellent product!,2021-03-18
1000,5150,17,4,Nice product,2021-03-23
1001,11863,53,4,Nice product,2023-12-26
1002,5436,70,2,Disappointed,2023-06-06
1003,6485,130,5,Highly recommend!,2023-05-25
1004,12119,87,5,Highly recommend!,2021-04-26
1005,12051,169,5,Excellent product!,2022-08-19
1006,9301,182,1,Poor quality,2021-04-23
1007,12337,142,4,Satisfied with purchase,2023-10-06
1008,6861,99,4,Good quality,2023-05-26
1009,10731,93,5,Love it!,2021-02-12
1010,8236,172,5,Best purchase ever!,2021-08-11
1011,9399,79,5,Love it!,2022-09-15
1012,8203,71,2,Below expectations,2021-02-26
1013,7760,164,5,Highly recommend!,2023-12-03
1014,5054,186,5,Love it!,2023-10-09
1015,2740,164,4,Good quality,2022-04-01
1016,7130,191,5,Love it!,2022-03-15
1017,6926,174,5,Best purchase ever!,2023-03-27
1018,3696,176,4,Satisfied with purchase,2022-04-18
1019,1935,126,5,Excellent product!,2023-04-05
1020,3773,164,5,Excellent product!,2022-05-04
1021,7317,4,4,Satisfied with purchase,2022-02-08
1022,7665,38,3,Decent,2021-12-09
1023,14754,116,4,Nice product,2021-04-28
1024,1758,22,4,Good quality,2023-10-17
1025,5795,180,4,Nice product,2022-07-06
1026,7823,50,4,Works well,2022-07-01
1027,6064,42,5,Excellent product!,2021-10-05
1028,11305,16,5,Love it!,2021-11-19
1029,9985,4,5,Excellent product!,2023-11-06
1030,2211,191,3,It's okay,2023-01-15
1031,11146,95,5,Excellent product!,2021-03-18
1032,4287,35,5,Love it!,2023-10-08
1033,9631,88,5,Highly recommend!,2023-12-22
1034,4692,142,4,Good quality,2022-06-26
1035,3874,184,4,Good quality,2021-01-16
1036,4143,58,4,Good quality,2022-10-29
1037,7870,145,3,It's okay,2023-04-06
1038,7992,191,5,Love it!,2021-08-01
1039,4172,45,4,Works well,2021-12-15
1040,4006,70,3,Not bad,2023-02-17
1041,7528,194,4,Works well,2022-12-09
1042,13325,138,4,Nice product,2023-11-22
1043,24,49,5,Highly recommend!,2022-06-17
1044,5227,47,1,Do not buy,2023-01-03
1045,11229,79,5,Excellent product!,2021-06-24
1046,4720,182,4,Nice product,2023-08-19
1047,8198,148,4,Satisfied with purchase,2023-01-05
1048,372,69,4,Nice product,2021-09-06
1049,1200,7,5,Excellent product!,2023-08-10
1050,3926,167,4,Works well,2023-07-28
1051,6077,173,5,Best purchase ever!,2022-11-14
1052,13514,47,5,Highly recommend!,2021-06-13
1053,6749,119,5,Highly recommend!,2022-04-30
1054,9411,69,5,Highly recommend!,2021-01-28
1055,11726,162,2,Below expectations,2021-12-06
1056,8357,45,4,Nice product,2023-03-01
1057,12655,15,4,Nice product,2022-12-19
1058,10438,176,3,Not bad,2022-06-01
1059,10787,138,4,Satisfied with purchase,2022-05-04
1060,12602,122,3,Not bad,2023-05-13
1061,3742,99,3,Decent,2022-06-20
1062,13020,60,1,Do not buy,2022-01-04
1063,10231,66,3,Average product,2022-05-31
1064,13090,197,4,Nice product,2021-08-03
1065,4816,40,4,Good quality,2023-10-13
1066,10637,70,4,Works well,2021-10-24
1067,2670,33,3,Decent,2021-03-13
1068,6147,173,4,Satisfied with purchase,2021-12-18
1069,13755,159,2,,2023-08-05
1070,963,166,3,Not bad,2023-08-11
1071,2258,39,4,Good quality,2023-09-16
1072,480,66,4,Satisfied with purchase,2022-12-04
1073,5174,150,5,Best purchase ever!,2022-11-28
1074,35,119,5,Best purchase ever!,2022-02-08
1075,5490,92,4,Satisfied with purchase,2022-12-11
1076,8284,118,4,Satisfied with purchase,2021-10-31
1077,188,38,5,Best purchase ever!,2021-04-23
1078,10999,78,4,Satisfied with purchase,2022-04-22
1079,4749,128,2,Could be better,2023-12-02
1080,9652,19,4,Nice product,2021-05-08
1081,5974,193,4,Good quality,2022-08-20
1082,7585,96,4,Nice product,2022-05-09
1083,10564,137,2,Not great,2022-10-03
1084,7460,166,5,Excellent product!,2023-09-16
1085,800,21,4,Good quality,2023-12-10
1086,6936,93,5,Highly recommend!,2021-05-13
1087,8831,48,5,Love it!,2023-03-10
1088,3513,22,3,Decent,2022-04-14
1089,14578,134,5,Excellent product!,2022-07-12
1090,982,186,3,Average product,2021-04-08
1091,9573,94,2,Disappointed,2022-10-11
1092,11245,123,4,Satisfied with purchase,2023-10-03
1093,7244,180,2,Disappointed,2023-01-30
1094,12074,127,1,Waste of money,2022-08-04
1095,1057,42,3,Not bad,2022-09-14
1096,6148,190,3,Average product,2023-07-05
1097,14134,136,5,Excellent product!,2023-04-07
1098,11881,193,4,Works well,2022-12-24
1099,855,125,5,,2022-08-09
1100,4790,5,2,Could be better,2021-12-16
1101,6239,187,4,Works well,2021-01-05
1102,14446,25,5,Excellent product!,2021-04-08
1103,10152,4,3,It's okay,2022-12-06
1104,9631,67,2,Not great,2023-10-21
1105,1879,115,4,Satisfied with purchase,2021-06-12
1106,904,135,4,Good quality,2022-01-24
1107,1285,40,3,Not bad,2022-08-01
1108,9714,180,3,Decent,2022-02-18
1109,4938,200,5,Highly recommend!,2023-03-06
1110,11687,119,5,Excellent product!,2021-03-22
1111,1655,47,4,Good quality,2022-06-28
1112,8255,150,4,Satisfied with purchase,2023-05-05
1113,4390,27,2,Not great,2022-07-20
1114,13080,67,2,Could be better,2022-09-11
1115,8776,127,4,Good quality,2023-04-30
1116,14803,90,5,Excellent product!,2023-07-24
1117,11297,123,5,Love it!,2023-04-26
1118,9750,64,4,Good quality,2022-11-28
1119,11343,117,3,Not bad,2023-07-16
1120,9187,158,2,Disappointed,2022-05-24
1121,5648,65,5,Highly recommend!,2022-02-13
1122,12811,84,3,It's okay,2022-07-12
1123,1463,14,3,Not bad,2023-12-26
1124,6146,187,5,Love it!,2023-10-28
1125,13417,151,5,Excellent product!,2021-07-21
1126,1865,200,4,Works well,2023-01-14
1127,4261,145,2,Could be better,2022-05-31
1128,5463,96,3,Average product,2021-11-08
1129,9500,14,5,Excellent product!,2021-07-06
1130,4205,139,3,It's okay,2022-07-10
1131,3652,16,4,Good quality,2022-11-18
1132,3718,26,5,Love it!,2021-08-12
1133,907,183,3,It's okay,2021-11-30
1134,1318,105,3,It's okay,2021-06-02
1135,2115,130,4,Nice product,2021-10-10
1136,10209,76,4,Satisfied with purchase,2021-07-24
1137,11036,58,4,,2023-12-27
1138,14644,60,3,It's okay,2021-12-22
1139,14148,36,4,Good quality,2021-01-07
1140,3501,17,5,Love it!,2021-01-01
1141,14440,8,4,Satisfied with purchase,2023-05-23
1142,4521,153,3,Decent,2022-01-27
1143,886,30,4,Satisfied with purchase,2023-04-22
1144,4489,170,5,Best purchase ever!,2022-04-10
1145,2736,58,3,Average product,2021-07-22
1146,2382,21,3,Average product,2022-09-27
1147,7732,71,4,Good quality,2021-07-15
1148,13510,10,4,Works well,2023-10-23
1149,1310,151,4,Satisfied with purchase,2022-05-22
1150,13046,137,2,Disappointed,2022-05-23
1151,1781,1,3,Not bad,2022-08-04
1152,9753,59,2,Below expectations,2022-06-15
1153,11256,42,5,Excellent product!,2023-11-29
1154,12550,195,4,Satisfied with purchase,2022-03-12
1155,12125,101,5,Excellent product!,2022-07-08
1156,4597,133,5,Best purchase ever!,2022-11-09
1157,9169,88,2,Not great,2021-07-23
1158,13962,68,4,Works well,2021-06-27
1159,9500,199,4,Nice product,2021-08-08
1160,12741,44,4,Satisfied with purchase,2023-09-01
1161,4075,145,2,Disappointed,2023-11-29
1162,6471,146,5,Highly recommend!,2021-12-15
1163,3860,23,5,Excellent product!,2022-01-14
1164,11136,186,1,Poor quality,2022-12-06
1165,3008,176,3,It's okay,2022-10-25
1166,4475,45,5,Love it!,2022-03-06
1167,4965,37,3,Not bad,2021-05-06
1168,10727,193,4,Nice product,2022-03-08
1169,12770,67,4,,2023-04-24
1170,8253,35,2,Below expectations,2023-05-27
1171,10835,115,4,Nice product,2023-05-09
1172,7840,86,3,Decent,2021-03-03
1173,1898,7,3,Decent,2022-06-02
1174,8989,13,2,Not great,2021-10-09
1175,13267,49,3,Not bad,2023-06-06
1176,9732,13,4,Satisfied with purchase,2022-08-08
1177,5373,59,5,Best purchase ever!,2023-03-28
1178,14132,189,4,Nice product,2023-11-01
1179,4308,76,4,Good quality,2021-10-22
1180,962,136,5,Love it!,2021-06-08
1181,2556,31,3,,2023-03-16
1182,2964,31,5,,2023-02-27
1183,8942,56,3,Not bad,2022-07-14
1184,9376,192,3,It's okay,2021-03-01
1185,4616,176,4,Nice product,2022-11-02
1186,194,4,2,Could be better,2022-03-07
1187,5898,136,3,Average product,2023-08-10
1188,13048,85,4,Satisfied with purchase,2022-05-02
1189,7041,44,4,Satisfied with purchase,2021-11-08
1190,14294,107,4,Good quality,2021-10-11
1191,2153,46,2,Disappointed,2021-01-30
1192,4447,79,3,Average product,2023-07-12
1193,4501,137,5,Highly recommend!,2022-06-24
1194,7427,71,4,Good quality,2022-02-03
1195,13835,41,1,Do not buy,2023-12-28
1196,8424,111,4,Satisfied with purchase,2023-10-23
1197,6470,48,2,Disappointed,2023-09-19
1198,1540,2,2,Below expectations,2023-05-12
1199,5231,110,5,Best purchase ever!,2022-12-12
1200,3766,58,5,Excellent product!,2021-08-25
1201,7449,107,4,Works well,2022-02-11
1202,13775,12,4,Nice product,2023-07-13
1203,13758,162,4,Nice product,2023-02-12
1204,11177,57,5,Best purchase ever!,2021-07-26
1205,10562,75,4,Works well,2022-05-30
1206,14135,83,5,Best purchase ever!,2023-01-01
1207,2955,7,3,Average product,2021-10-12
1208,3914,78,2,,2023-05-25
1209,3615,39,5,Love it!,2021-02-21
1210,1924,160,4,Works well,2023-07-01
1211,1134,112,4,Nice product,2021-10-12
1212,286,87,3,Not bad,2023-06-10
1213,2086,14,2,Disappointed,2023-09-28
1214,4383,16,5,Highly recommend!,2022-08-11
1215,1601,30,2,Disappointed,2023-11-04
1216,6921,152,4,Works well,2021-01-14
1217,10613,189,5,Best purchase ever!,2023-07-06
1218,11130,54,4,Nice product,2021-06-23
1219,11700,43,4,Works well,2023-09-11
1220,1659,199,3,Decent,2023-09-03
1221,1438,186,4,Works well,2022-07-04
1222,11236,11,1,Terrible,2021-08-05
1223,6504,123,2,Not great,2022-09-03
1224,776,166,5,Excellent product!,2023-03-30
1225,2636,17,5,Excellent product!,2021-08-21
1226,4681,131,2,Below expectations,2023-04-24
1227,12368,190,5,Love it!,2022-11-09
1228,358,167,2,Below expectations,2022-01-06
1229,400,123,4,Satisfied with purchase,2023-02-07
1230,6660,132,3,Average product,2023-01-03
1231,6011,106,2,Could be better,2021-07-13
1232,9721,177,5,Love it!,2023-07-31
1233,4738,82,4,Satisfied with purchase,2023-05-03
1234,9920,109,3,Not bad,2023-03-15
1235,10569,197,3,Decent,2023-02-03
1236,11746,179,3,Not bad,2022-05-22
1237,14533,172,5,Best purchase ever!,2023-12-31
1238,11695,74,4,Works well,2023-01-21
1239,2781,26,4,Satisfied with purchase,2021-01-07
1240,8364,113,5,Excellent product!,2021-05-28
1241,7904,102,4,Satisfied with purchase,2023-04-19
1242,11224,64,3,Average product,2022-04-19
1243,385,120,3,It's okay,2023-04-19
1244,8189,15,3,Not bad,2022-06-14
1245,3694,72,4,Nice product,2023-10-13
1246,13146,164,5,Excellent product!,2023-07-17
1247,2567,10,3,,2022-02-07
1248,4597,61,4,,2023-02-24
1249,165,23,5,Highly recommend!,2023-11-27
1250,2066,140,5,Best purchase ever!,2023-04-08
1251,7452,108,5,Best purchase ever!,2021-08-25
1252,3908,106,4,Satisfied with purchase,2021-11-30
1253,323,171,5,Love it!,2021-05-15
1254,12920,140,5,Best purchase ever!,2023-08-12
1255,7456,146,1,Do not buy,2023-12-29
1256,14241,45,4,Satisfied with purchase,2023-02-24
1257,3065,3,4,Satisfied with purchase,2023-11-29
1258,11309,132,4,Satisfied with purchase,2022-12-30
1259,6171,45,5,Love it!,2021-07-20
1260,12477,68,3,It's okay,2023-11-16
1261,12782,198,3,Not bad,2021-10-19
1262,13738,18,4,Satisfied with purchase,2022-02-06
1263,11625,132,3,Decent,2022-11-20
1264,11684,101,3,It's okay,2023-07-10
1265,933,37,3,It's okay,2021-06-28
1266,710,68,4,Nice product,2022-06-13
1267,2024,142,5,Love it!,2023-04-13
1268,645,73,2,Could be better,2022-07-10
1269,6793,99,5,Love it!,2021-04-24
1270,10216,184,3,Not bad,2023-02-03
1271,907,198,2,Disappointed,2023-04-10
1272,4567,162,4,Nice product,2022-11-25
1273,10719,184,4,Nice product,2021-02-28
1274,3875,164,5,Excellent product!,2021-06-12
1275,5826,128,4,Good quality,2022-10-12
1276,10703,157,5,,2021-11-27
1277,11578,50,1,,2021-03-15
1278,12070,23,5,Excellent product!,2023-05-25
1279,5714,155,5,Best purchase ever!,2023-06-20
1280,9006,155,5,Excellent product!,2022-12-04
1281,12259,126,3,It's okay,2022-12-17
1282,7813,186,3,Decent,2022-07-04
1283,8019,68,5,Excellent product!,2021-05-08
1284,13866,189,4,Nice product,2021-03-11
1285,11802,198,3,Average product,2023-01-01
1286,13091,122,5,Best purchase ever!,2022-01-07
1287,14207,106,4,,2023-08-07
1288,8373,95,4,Nice product,2021-09-11
1289,2036,77,2,Not great,2022-12-14
1290,4407,83,4,Works well,2023-07-24
1291,6671,65,4,Nice product,2021-01-01
1292,11841,5,2,Could be better,2023-12-20
1293,7118,42,5,Highly recommend!,2021-11-13
1294,14401,97,2,Not great,2022-09-12
1295,415,185,2,Below expectations,2021-05-13
1296,11989,79,4,Good quality,2022-09-01
1297,859,189,5,Love it!,2021-11-30
1298,7112,88,4,Works well,2022-09-19
1299,7632,55,3,It's okay,2021-11-17
1300,8093,158,5,Love it!,2021-02-11
1301,2173,154,4,Works well,2023-08-07
1302,12600,128,5,Love it!,2022-05-29
1303,7704,100,2,Not great,2021-01-18
1304,1317,80,5,Love it!,2023-03-30
1305,2849,137,3,Not bad,2023-04-29
1306,7839,191,5,Best purchase ever!,2022-10-01
1307,5611,56,5,Best purchase ever!,2022-05-26
1308,8103,30,4,Works well,2021-11-05
1309,3840,113,1,Terrible,2021-02-15
1310,13733,142,4,Satisfied with purchase,2023-08-01
1311,5794,82,4,Good quality,2022-09-12
1312,13338,197,5,Highly recommend!,2023-05-27
1313,12482,15,5,Best purchase ever!,2023-09-19
1314,9754,12,5,,2023-12-29
1315,8426,147,3,It's okay,2021-09-07
1316,6637,102,4,Good quality,2022-03-29
1317,7381,12,4,Nice product,2021-05-31
1318,7941,160,5,Love it!,2022-09-23
1319,10125,146,4,Works well,2021-12-30
1320,699,146,5,Highly recommend!,2022-05-13
1321,7560,76,3,It's okay,2021-06-24
1322,3646,77,5,Highly recommend!,2021-04-25
1323,12345,56,2,Not great,2022-10-30
1324,6642,197,4,Nice product,2023-07-22
1325,4324,56,4,Good quality,2021-07-28
1326,747,162,4,Good quality,2023-02-10
1327,3785,23,4,Nice product,2021-03-17
1328,5112,100,5,Love it!,2023-02-17
1329,12353,170,3,It's okay,2023-05-28
1330,10559,154,5,Love it!,2021-08-18
1331,1727,38,4,Good quality,2023-10-07
1332,8967,95,4,,2023-07-29
1333,11916,96,4,Nice product,2023-10-23
1334,4846,76,4,Good quality,2021-02-07
1335,12144,75,5,Best purchase ever!,2022-04-02
1336,8219,183,4,Good quality,2022-01-23
1337,14442,123,2,,2022-09-30
1338,6421,119,3,Decent,2022-07-14
1339,1744,152,5,Excellent product!,2023-03-16
1340,2148,143,4,Satisfied with purchase,2021-11-18
1341,6258,35,5,Excellent product!,2023-04-21
1342,5804,148,5,Best purchase ever!,2023-06-02
1343,5724,71,4,Good quality,2022-11-26
1344,1324,68,4,,2022-05-19
1345,4098,148,2,Not great,2023-09-26
1346,3239,69,3,It's okay,2022-09-23
1347,1631,15,4,Works well,2022-12-26
1348,7314,92,2,Disappointed,2023-02-24
1349,13327,103,2,,2021-10-08
1350,214,188,4,Satisfied with purchase,2021-11-04
1351,1745,54,4,Nice product,2022-10-23
1352,3492,122,5,Love it!,2022-09-08
1353,11856,142,1,Poor quality,2023-02-05
1354,2193,75,5,Best purchase ever!,2022-02-04
1355,11827,54,3,,2021-06-13
1356,6281,44,5,Best purchase ever!,2021-12-22
1357,1277,182,3,,2021-06-04
1358,13910,87,4,Nice product,2021-04-10
1359,9352,147,3,Decent,2021-09-13
1360,14941,18,4,Works well,2023-12-30
1361,10496,72,3,Average product,2023-10-24
1362,1989,200,4,Satisfied with purchase,2021-02-28
1363,14244,88,5,Highly recommend!,2021-07-26
1364,167,177,4,Nice product,2023-04-24
1365,202,31,3,It's okay,2022-10-17
1366,2893,74,5,Love it!,2022-01-29
1367,2745,157,2,Could be better,2021-01-17
1368,3395,94,5,Love it!,2022-01-15
1369,8928,69,4,Good quality,2021-10-10
1370,14509,90,4,Works well,2023-02-05
1371,14476,169,4,Satisfied with purchase,2023-03-24
1372,13095,72,4,Works well,2022-07-05
1373,12462,155,4,Works well,2022-09-19
1374,12647,93,3,Average product,2021-02-02
1375,2037,109,5,Best purchase ever!,2023-04-04
1376,10718,100,1,Poor quality,2021-03-21
1377,9559,5,4,Nice product,2021-11-10
1378,6111,28,3,Decent,2023-05-13
1379,4612,128,4,Works well,2021-07-24
1380,10471,32,5,Best purchase ever!,2023-05-20
1381,13719,149,4,Nice product,2022-02-26
1382,12920,137,3,Decent,2023-05-02
1383,967,172,4,Nice product,2023-06-18
1384,3115,125,3,It's okay,2022-06-09
1385,4912,113,4,Nice product,2022-04-10
1386,850,86,5,Best purchase ever!,2023-04-17
1387,12476,164,4,Satisfied with purchase,2022-04-12
1388,1322,25,5,Excellent product!,2021-01-16
1389,2743,85,3,Decent,2021-12-27
1390,11765,70,1,,2022-11-08
1391,8491,97,4,Good quality,2021-11-16
1392,9043,137,5,Excellent product!,2023-04-10
1393,779,129,3,Average product,2023-07-23
1394,9796,35,3,Decent,2023-02-03
1395,1035,187,2,Not great,2023-12-17
1396,6205,34,3,Average product,2021-01-18
1397,4316,75,5,Love it!,2023-07-22
1398,1575,97,4,Good quality,2021-07-04
1399,8139,192,2,Below expectations,2022-06-22
1400,7275,96,5,Love it!,2023-05-19
1401,5289,25,4,Satisfied with purchase,2021-06-04
1402,5667,16,3,Average product,2023-05-02
1403,3420,159,1,Waste of money,2021-05-02
1404,2059,200,4,Satisfied with purchase,2023-11-29
1405,13859,19,3,Not bad,2021-01-27
1406,2443,138,3,Decent,2022-06-15
1407,1461,164,4,Nice product,2021-09-18
1408,7667,14,4,Satisfied with purchase,2021-11-05
1409,13698,104,4,Nice product,2023-08-07
1410,7885,24,5,Highly recommend!,2021-11-19
1411,6286,84,4,Nice product,2022-03-22
1412,6168,45,4,,2021-12-29
1413,3326,83,4,Nice product,2023-09-23
1414,1739,174,5,Highly recommend!,2022-09-22
1415,4414,77,4,Good quality,2022-07-11
1416,13064,169,4,Nice product,2023-01-25
1417,12241,146,4,Works well,2023-07-29
1418,8499,49,5,Excellent product!,2022-08-19
1419,13569,146,4,Nice product,2022-03-16
1420,1879,47,4,Works well,2022-03-24
1421,9397,163,4,Good quality,2023-07-10
1422,3623,17,4,Works well,2023-07-05
1423,10954,4,1,Terrible,2023-04-29
1424,4057,155,4,Satisfied with purchase,2021-06-13
1425,10464,100,3,Not bad,2023-09-15
1426,5203,86,5,Love it!,2022-11-11
1427,6526,49,4,Nice product,2022-02-13
1428,3257,170,4,Satisfied with purchase,2022-08-25
1429,5637,133,2,Below expectations,2021-05-13
1430,1291,157,5,Love it!,2023-11-23
1431,5709,112,3,Not bad,2022-09-02
1432,6592,154,3,It's okay,2021-07-27
1433,4090,184,4,Nice product,2023-01-08
1434,9060,21,1,Poor quality,2021-02-17
1435,2918,161,5,Excellent product!,2022-12-02
1436,3014,168,4,Good quality,2021-01-25
1437,2355,58,5,Best purchase ever!,2021-06-03
1438,8834,59,5,Love it!,2021-08-31
1439,7660,100,1,Waste of money,2023-03-06
1440,6672,158,4,Nice product,2023-06-06
1441,7030,12,5,Excellent product!,2021-12-03
1442,7565,191,4,Nice product,2022-12-20
1443,7713,109,5,Best purchase ever!,2022-05-24
1444,10831,65,4,Nice product,2021-09-28
1445,13750,87,5,,2022-04-06
1446,14484,69,2,Not great,2022-03-03
1447,8068,40,5,Best purchase ever!,2023-05-24
1448,212,25,4,Works well,2022-06-26
1449,7226,83,4,Satisfied with purchase,2021-10-03
1450,13511,197,4,Works well,2021-03-06
1451,154,101,5,Best purchase ever!,2021-01-30
1452,8095,69,3,Not bad,2021-05-05
1453,427,163,3,It's okay,2021-10-18
1454,3786,157,3,Not bad,2023-01-04
1455,4458,69,3,It's okay,2021-10-24
1456,1148,169,4,Good quality,2021-12-04
1457,5838,111,5,Love it!,2021-03-22
1458,7291,157,3,It's okay,2021-07-06
1459,1572,60,4,Nice product,2023-10-25
1460,12193,194,5,Excellent product!,2022-02-16
1461,3377,16,4,Nice product,2023-02-20
1462,13384,107,4,Works well,2021-10-25
1463,1004,125,2,Below expectations,2022-04-16
1464,8731,93,3,Not bad,2023-04-08
1465,9989,19,3,Average product,2023-09-16
1466,10310,27,4,Good quality,2021-10-13
1467,13823,103,3,Not bad,2021-07-29
1468,11523,171,4,Good quality,2023-05-13
1469,5636,162,4,Nice product,2021-09-25
1470,5890,162,2,Not great,2021-04-23
1471,8752,71,5,Love it!,2022-04-08
1472,13252,93,4,Satisfied with purchase,2023-08-05
1473,891,29,4,,2023-04-13
1474,5087,1,4,,2021-09-13
1475,155,36,5,Highly recommend!,2021-12-07
1476,7245,69,5,Highly recommend!,2021-05-21
1477,13717,111,1,Do not buy,2021-01-19
1478,5892,135,4,Good quality,2023-03-06
1479,279,26,4,Good quality,2021-07-29
1480,12881,153,5,Love it!,2021-02-02
1481,8143,61,5,Highly recommend!,2023-03-19
1482,8011,104,5,Highly recommend!,2021-03-25
1483,3823,113,5,Excellent product!,2023-05-16
1484,9951,146,2,,2021-09-11
1485,11493,21,3,It's okay,2021-04-09
1486,4742,85,5,Highly recommend!,2021-04-08
1487,2649,54,1,Do not buy,2022-09-26
1488,14637,54,4,Satisfied with purchase,2023-11-23
1489,4572,196,4,Satisfied with purchase,2023-12-28
1490,10240,76,3,Decent,2022-08-19
1491,13713,112,5,Excellent product!,2022-01-15
1492,3677,98,5,Love it!,2023-07-28
1493,2442,164,5,Excellent product!,2022-12-18
1494,14834,141,5,Highly recommend!,2023-06-16
1495,12266,113,4,Satisfied with purchase,2022-06-08
1496,1568,10,5,Highly recommend!,2023-01-16
1497,2969,176,4,Works well,2022-10-03
1498,11546,50,5,Best purchase ever!,2022-03-30
1499,3923,59,5,Best purchase ever!,2021-07-02
1500,10243,71,3,Decent,2021-08-25
1501,12754,30,4,Works well,2023-10-16
1502,643,76,5,Best purchase ever!,2022-02-02
1503,2820,56,4,Satisfied with purchase,2023-12-25
1504,3714,83,4,Nice product,2022-08-13
1505,13840,66,4,Nice product,2022-10-21
1506,2175,172,5,Love it!,2022-07-31
1507,1515,182,4,Nice product,2021-04-22
1508,11498,52,1,Waste of money,2022-10-20
1509,9062,56,3,Decent,2022-01-17
1510,9436,105,5,Love it!,2021-11-05
1511,13,119,3,Average product,2021-07-07
1512,12040,73,5,Highly recommend!,2021-09-27
1513,859,192,4,Good quality,2023-12-27
1514,10958,110,1,Waste of money,2023-02-15
1515,12364,145,3,It's okay,2023-08-17
1516,11487,150,4,Satisfied with purchase,2023-04-05
1517,10517,149,3,Average product,2022-03-18
1518,8470,48,5,Best purchase ever!,2023-12-23
1519,4118,87,5,Best purchase ever!,2021-03-24
1520,4340,8,3,It's okay,2021-04-15
1521,2352,37,5,Best purchase ever!,2023-11-14
1522,7704,42,5,Love it!,2022-12-02
1523,14252,51,5,Excellent product!,2022-11-10
1524,2470,48,5,Best purchase ever!,2022-05-05
1525,4687,73,4,Nice product,2022-06-21
1526,8590,22,4,Works well,2023-08-05
1527,10734,37,1,Terrible,2021-09-21
1528,11844,121,3,It's okay,2021-04-09
1529,11477,40,5,Best purchase ever!,2021-11-25
1530,6680,125,2,Disappointed,2022-05-16
1531,2805,25,1,Terrible,2023-04-15
1532,1612,15,5,Love it!,2021-01-31
1533,13278,4,4,Good quality,2021-11-03
1534,10432,128,4,Works well,2023-09-03
1535,12730,118,3,Average product,2021-11-24
1536,6618,198,5,,2021-12-03
1537,91,77,5,,2023-05-28
1538,2705,12,4,Satisfied with purchase,2023-11-26
1539,7295,140,4,Nice product,2021-03-14
1540,935,174,3,Decent,2023-12-02
1541,14749,120,2,Not great,2021-04-30
1542,12428,38,3,Average product,2021-11-28
1543,14843,192,5,Excellent product!,2023-07-09
1544,11071,39,5,Excellent product!,2022-07-03
1545,2675,183,4,Satisfied with purchase,2021-08-02
1546,142,83,5,Highly recommend!,2022-06-12
1547,14504,196,3,Decent,2022-12-24
1548,12527,179,4,Good quality,2023-04-23
1549,9022,196,3,,2021-03-09
1550,7204,112,3,Average product,2023-02-03
1551,2350,4,4,Nice product,2022-01-08
1552,9149,50,3,Decent,2022-09-23
1553,9040,147,3,It's okay,2023-04-14
1554,2303,88,4,Good quality,2021-05-18
1555,7301,138,4,Nice product,2023-11-03
1556,9877,98,5,Love it!,2023-10-14
1557,13114,83,5,Best purchase ever!,2023-08-31
1558,13542,60,4,,2022-11-11
1559,10750,44,4,Good quality,2023-02-20
1560,11017,129,3,Decent,2023-02-18
1561,5770,23,4,Works well,2023-12-25
1562,6198,105,3,Not bad,2022-11-13
1563,1804,131,4,,2023-12-08
1564,14444,2,1,Waste of money,2022-05-31
1565,14955,27,4,Nice product,2022-12-17
1566,63,70,5,Best purchase ever!,2021-09-14
1567,5773,29,3,Not bad,2021-07-10
1568,4198,72,5,Excellent product!,2022-08-10
1569,8181,67,3,Average product,2022-06-27
1570,13808,79,5,Best purchase ever!,2021-04-09
1571,5931,94,5,Excellent product!,2021-11-10
1572,4705,115,4,Good quality,2022-09-10
1573,13480,8,1,Do not buy,2023-02-10
1574,7895,12,2,Disappointed,2022-10-28
1575,13283,21,4,Good quality,2023-08-13
1576,3409,176,5,Highly recommend!,2021-03-24
1577,517,89,4,Satisfied with purchase,2023-06-06
1578,4392,133,5,Love it!,2022-07-22
1579,8895,27,3,Average product,2022-10-25
1580,25,134,5,Excellent product!,2023-10-07
1581,1998,188,3,Average product,2022-08-15
1582,14139,36,2,Not great,2023-06-22
1583,10414,115,4,Satisfied with purchase,2021-11-03
1584,10646,84,4,Good quality,2023-01-29
1585,11107,66,4,Nice product,2021-04-25
1586,14708,28,4,Nice product,2023-01-07
1587,10354,24,4,Works well,2022-11-24
1588,7271,146,4,Works well,2022-02-01
1589,10396,30,5,Excellent product!,2023-04-24
1590,10553,21,4,,2023-11-21
1591,11378,10,5,Excellent product!,2022-12-20
1592,8536,55,4,Nice product,2023-05-17
1593,8328,43,5,Best purchase ever!,2022-07-17
1594,6296,111,3,Not bad,2022-03-19
1595,3635,28,4,Nice product,2023-06-16
1596,13742,12,5,Love it!,2021-12-11
1597,3375,2,3,Average product,2023-11-24
1598,14872,122,5,Best purchase ever!,2021-03-09
1599,13535,143,5,Love it!,2022-10-28
1600,415,138,4,Satisfied with purchase,2023-06-03
1601,8239,68,4,Satisfied with purchase,2022-10-21
1602,7757,49,2,Below expectations,2023-04-25
1603,864,178,4,,2022-01-09
1604,3620,14,5,Highly recommend!,2023-03-09
1605,5953,8,5,Best purchase ever!,2022-11-19
1606,11522,18,3,Decent,2023-05-27
1607,8545,38,1,Do not buy,2023-09-11
1608,5207,112,2,Below expectations,2021-04-02
1609,12889,63,4,Works well,2021-08-11
1610,9885,140,5,Love it!,2023-09-21
1611,6702,6,1,Waste of money,2023-06-27
1612,1379,70,3,Decent,2023-11-11
1613,10268,157,5,Highly recommend!,2023-08-14
1614,3252,121,4,Good quality,2022-11-29
1615,1653,124,4,Nice product,2021-10-15
1616,14888,115,2,Below expectations,2022-03-20
1617,8953,62,4,Works well,2023-08-07
1618,8260,159,4,Works well,2021-02-04
1619,10282,37,4,,2021-06-11
1620,14990,62,5,Love it!,2021-01-02
1621,11521,56,5,Love it!,2022-06-30
1622,3181,87,4,Nice product,2023-01-24
1623,5343,165,1,Poor quality,2022-01-17
1624,14322,125,5,Highly recommend!,2023-07-21
1625,3244,171,4,Good quality,2021-12-24
1626,4848,55,3,It's okay,2023-04-05
1627,9885,174,4,Good quality,2022-12-24
1628,5739,117,4,Works well,2021-01-28
1629,11623,138,4,Good quality,2022-11-25
1630,3770,138,2,Not great,2022-10-25
1631,14217,120,1,Waste of money,2023-10-26
1632,9358,53,4,Satisfied with purchase,2021-06-23
1633,6231,113,2,Not great,2023-12-07
1634,2756,115,5,Best purchase ever!,2022-04-22
1635,10436,13,2,Below expectations,2022-02-22
1636,11148,195,4,Satisfied with purchase,2021-01-15
1637,2568,129,5,Excellent product!,2022-05-23
1638,9034,46,5,Best purchase ever!,2023-07-25
1639,10532,49,5,Best purchase ever!,2022-08-01
1640,4231,150,4,Satisfied with purchase,2023-09-19
1641,13144,175,3,It's okay,2022-04-28
1642,6431,141,3,It's okay,2023-07-14
1643,1879,163,4,Nice product,2021-11-19
1644,5454,109,4,Nice product,2021-06-01
1645,7188,73,5,Best purchase ever!,2022-12-23
1646,2195,29,4,Satisfied with purchase,2022-03-08
1647,1085,194,5,Excellent product!,2021-03-23
1648,12100,81,4,Satisfied with purchase,2022-03-04
1649,5014,108,2,Not great,2023-08-06
1650,1497,113,5,Excellent product!,2022-03-07
1651,12795,89,4,Nice product,2021-08-05
1652,13403,90,2,Could be better,2023-12-24
1653,10937,143,4,Good quality,2022-09-09
1654,5874,103,5,Excellent product!,2022-11-25
1655,14660,160,5,Highly recommend!,2021-10-23
1656,3378,72,2,Disappointed,2023-12-25
1657,6338,9,5,,2023-06-13
1658,5914,168,1,Terrible,2022-02-23
1659,14850,132,4,Satisfied with purchase,2023-09-25
1660,6933,40,2,Below expectations,2022-06-13
1661,11689,104,4,Nice product,2022-11-24
1662,5929,165,3,Decent,2022-05-09
1663,8738,53,5,Best purchase ever!,2022-11-25
1664,9688,90,4,Good quality,2022-04-30
1665,14298,56,4,,2023-03-31
1666,2619,152,5,Best purchase ever!,2022-03-29
1667,1777,92,3,It's okay,2021-02-09
1668,1754,113,5,Excellent product!,2022-10-23
1669,3845,108,2,Not great,2023-09-11
1670,14644,77,5,Love it!,2023-06-17
1671,3867,30,2,Below expectations,2021-06-11
1672,10815,147,3,It's okay,2021-10-06
1673,7276,36,5,Excellent product!,2021-08-05
1674,493,150,4,Works well,2021-04-13
1675,3032,99,3,Decent,2022-05-25
1676,7781,148,4,Nice product,2023-08-27
1677,9507,56,5,Best purchase ever!,2023-06-03
1678,6429,94,4,Good quality,2021-02-12
1679,1478,87,3,It's okay,2023-10-24
1680,2163,67,3,,2021-07-17
1681,6582,56,4,Nice product,2022-10-15
1682,3697,32,5,Excellent product!,2023-07-29
1683,11484,102,5,Best purchase ever!,2023-03-24
1684,11745,109,1,Terrible,2023-09-03
1685,7233,20,2,Could be better,2023-10-29
1686,12301,41,4,Satisfied with purchase,2023-04-19
1687,4070,96,3,Not bad,2023-12-01
1688,9645,129,4,Satisfied with purchase,2021-04-09
1689,8715,67,5,Excellent product!,2022-03-16
1690,13977,189,2,Below expectations,2022-10-22
1691,650,58,4,Nice product,2023-09-06
1692,1322,38,5,Highly recommend!,2023-02-07
1693,11723,198,2,Disappointed,2023-01-20
1694,13418,40,4,,2022-06-20
1695,11109,192,5,Highly recommend!,2023-01-13
1696,8090,32,3,Not bad,2022-09-01
1697,621,173,2,Below expectations,2021-02-09
1698,13953,81,2,,2023-09-10
1699,1153,98,5,Best purchase ever!,2022-04-27
1700,6756,26,4,Satisfied with purchase,2022-07-10
1701,13393,178,4,Satisfied with purchase,2022-04-24
1702,218,113,2,Not great,2023-08-17
1703,6890,28,2,Not great,2023-11-24
1704,9080,174,4,Works well,2022-12-03
1705,169,12,4,Works well,2022-11-25
1706,12231,176,5,Highly recommend!,2023-04-16
1707,8201,37,5,Love it!,2023-06-13
1708,8106,188,5,Best purchase ever!,2022-01-19
1709,12432,61,5,Best purchase ever!,2021-10-15
1710,2784,200,5,Excellent product!,2023-11-19
1711,3682,56,4,Good quality,2021-03-15
1712,6057,73,3,Average product,2022-08-29
1713,4058,87,4,Satisfied with purchase,2022-02-10
1714,1128,5,3,Not bad,2021-07-15
1715,1752,72,3,Average product,2021-01-09
1716,1196,49,4,Works well,2022-05-28
1717,4672,100,4,Good quality,2022-09-07
1718,1164,124,4,Nice product,2021-06-17
1719,12371,89,5,Highly recommend!,2022-03-02
1720,312,124,4,Nice product,2022-01-21
1721,5892,148,5,Highly recommend!,2023-08-08
1722,11231,92,3,Average product,2023-06-29
1723,4593,134,3,Decent,2023-09-06
1724,4819,185,2,Disappointed,2022-08-24
1725,5824,110,4,Good quality,2022-02-24
1726,9952,42,1,Terrible,2022-10-23
1727,10963,194,4,Good quality,2023-06-06
1728,5337,88,3,Average product,2023-08-30
1729,6712,42,5,Highly recommend!,2023-02-16
1730,14779,11,1,Terrible,2021-01-27
1731,11663,143,3,It's okay,2023-06-27
1732,7354,65,5,Highly recommend!,2023-02-20
1733,12789,92,2,Not great,2022-12-28
1734,12895,97,5,Excellent product!,2021-12-02
1735,11353,104,3,Decent,2021-02-03
1736,4438,44,1,Waste of money,2022-09-30
1737,9345,70,5,Love it!,2021-09-27
1738,968,179,4,Good quality,2022-05-20
1739,13677,113,4,Nice product,2021-07-10
1740,5613,23,4,Works well,2023-11-16
1741,13082,45,4,Works well,2021-10-31
1742,5440,80,5,Excellent product!,2023-07-04
1743,12412,96,4,Satisfied with purchase,2021-05-22
1744,774,34,3,Average product,2021-02-20
1745,14686,163,4,Works well,2021-03-02
1746,7998,153,2,Below expectations,2022-05-11
1747,1628,3,4,Good quality,2021-12-24
1748,10613,79,3,Decent,2022-06-02
1749,12342,166,4,Nice product,2022-02-13
1750,8958,53,4,Works well,2022-11-23
1751,14151,12,3,Not bad,2022-03-13
1752,10340,130,1,Terrible,2023-06-17
1753,9634,118,5,,2022-06-19
1754,7223,24,5,Excellent product!,2021-08-13
1755,8317,18,5,Highly recommend!,2023-03-09
1756,8130,125,5,Best purchase ever!,2023-11-26
1757,6549,45,5,Excellent product!,2022-10-02
1758,2828,141,3,Not bad,2022-11-29
1759,12245,41,2,Not great,2023-12-15
1760,4195,105,4,Good quality,2021-05-27
1761,3643,73,4,Good quality,2023-05-26
1762,7724,101,3,Average product,2021-10-17
1763,4755,167,4,Nice product,2022-03-21
1764,12834,151,2,Below expectations,2023-06-13
1765,6150,28,4,Satisfied with purchase,2022-06-06
1766,982,23,5,Highly recommend!,2022-04-09
1767,9190,29,4,Nice product,2021-07-09
1768,744,150,4,Good quality,2022-08-04
1769,6716,42,4,Works well,2021-06-23
1770,11872,13,3,Average product,2022-05-29
1771,14879,137,5,Highly recommend!,2021-12-20
1772,13925,129,5,Excellent product!,2022-04-26
1773,6637,31,4,,2023-12-20
1774,9869,119,5,Love it!,2023-03-06
1775,11177,168,1,Terrible,2023-06-22
1776,13122,140,3,Decent,2022-10-05
1777,11909,56,2,Not great,2021-04-12
1778,10757,93,4,Satisfied with purchase,2023-02-20
1779,9337,176,3,Not bad,2021-11-29
1780,5874,4,5,Excellent product!,2023-05-06
1781,10517,106,4,Satisfied with purchase,2021-11-17
1782,5540,60,4,Works well,2023-04-12
1783,3877,27,2,Below expectations,2022-06-25
1784,5317,150,3,It's okay,2022-11-17
1785,10173,133,5,Highly recommend!,2023-01-19
1786,14452,31,3,It's okay,2023-09-11
1787,2230,183,4,Nice product,2023-06-03
1788,10920,7,5,Love it!,2022-04-11
1789,4253,26,5,,2021-04-13
1790,8156,144,1,Poor quality,2023-09-29
1791,1546,191,5,Love it!,2023-09-08
1792,4792,198,3,It's okay,2022-06-27
1793,13888,23,4,Good quality,2023-08-23
1794,14696,59,4,Nice product,2021-11-02
1795,14835,159,4,Works well,2023-05-25
1796,8172,32,4,Works well,2021-01-05
1797,7655,34,5,Best purchase ever!,2022-09-13
1798,1454,9,4,Works well,2023-02-02
1799,1811,66,3,It's okay,2023-05-26
1800,984,98,5,Highly recommend!,2022-11-16
1801,4400,73,4,Satisfied with purchase,2021-01-08
1802,3731,10,2,Could be better,2022-09-30
1803,1254,177,5,Love it!,2021-10-05
1804,2648,96,1,Do not buy,2022-08-28
1805,11167,199,4,Satisfied with purchase,2023-11-18
1806,87,40,5,Highly recommend!,2022-12-07
1807,9946,90,4,Satisfied with purchase,2023-12-28
1808,10103,24,3,Average product,2021-06-06
1809,7752,110,5,Love it!,2023-08-14
1810,7870,90,5,Best purchase ever!,2022-06-07
1811,2108,161,3,Not bad,2022-11-09
1812,7314,181,2,Not great,2021-05-26
1813,12877,23,5,Highly recommend!,2023-02-18
1814,12425,38,1,Waste of money,2021-01-24
1815,6601,137,4,Works well,2023-11-04
1816,10631,109,5,Highly recommend!,2021-07-10
1817,2819,93,3,It's okay,2022-02-22
1818,10308,95,5,Excellent product!,2023-12-27
1819,13491,184,4,Satisfied with purchase,2023-04-27
1820,10625,37,3,Average product,2023-05-22
1821,6026,108,2,Disappointed,2021-11-05
1822,12475,34,4,Good quality,2022-08-22
1823,875,57,4,Works well,2022-12-25
1824,6099,124,4,Satisfied with purchase,2022-03-07
1825,8049,123,4,Works well,2023-10-18
1826,10622,174,4,Nice product,2022-03-09
1827,8850,70,4,Nice product,2022-07-10
1828,13404,141,3,Decent,2023-04-12
1829,9147,149,4,Good quality,2022-04-19
1830,895,50,5,Highly recommend!,2022-07-22
1831,12544,98,1,Poor quality,2023-04-17
1832,6774,22,5,Love it!,2021-03-29
1833,4248,61,5,Highly recommend!,2022-03-20
1834,2156,175,3,Decent,2023-06-23
1835,12167,145,4,Works well,2021-12-16
1836,7961,41,4,Nice product,2021-11-11
1837,11959,64,5,Excellent product!,2021-07-28
1838,6302,90,2,Disappointed,2022-12-24
1839,5196,21,3,Average product,2023-03-28
1840,3763,99,4,Good quality,2021-02-23
1841,4028,115,2,Disappointed,2021-03-01
1842,8593,27,5,Love it!,2022-11-07
1843,14905,146,5,Highly recommend!,2021-11-18
1844,6107,165,2,,2023-09-19
1845,8946,196,4,Nice product,2021-07-11
1846,11574,33,4,Works well,2022-09-09
1847,14802,110,4,Good quality,2021-10-20
1848,10039,124,4,Nice product,2022-10-18
1849,3684,161,1,Poor quality,2023-08-22
1850,761,83,2,Below expectations,2023-12-12
1851,7561,136,5,Best purchase ever!,2022-01-20
1852,2080,97,5,Love it!,2021-06-09
1853,5291,55,1,Waste of money,2023-06-30
1854,8689,65,1,Poor quality,2021-12-24
1855,4030,149,5,Love it!,2023-04-25
1856,14348,72,4,Satisfied with purchase,2021-01-11
1857,9063,17,4,Satisfied with purchase,2022-04-27
1858,6707,64,5,Best purchase ever!,2021-01-22
1859,12766,58,5,Highly recommend!,2022-03-19
1860,9211,101,4,Nice product,2022-03-20
1861,11316,138,5,Best purchase ever!,2023-11-07
1862,12051,102,4,Satisfied with purchase,2023-02-02
1863,10324,125,4,Satisfied with purchase,2022-07-05
1864,13578,59,1,Terrible,2023-05-17
1865,7710,29,5,Love it!,2022-06-22
1866,14975,116,5,,2021-08-17
1867,6439,112,5,Best purchase ever!,2021-03-08
1868,4539,173,5,Highly recommend!,2021-10-31
1869,14503,101,1,Do not buy,2023-02-04
1870,5770,172,5,Love it!,2022-08-14
1871,9627,112,5,Highly recommend!,2021-09-14
1872,5133,80,2,Below expectations,2023-02-05
1873,2587,34,1,,2021-04-12
1874,5454,54,1,Do not buy,2022-02-10
1875,3751,37,2,Could be better,2023-10-05
1876,5015,146,5,Excellent product!,2022-08-28
1877,3527,49,4,Good quality,2021-03-17
1878,5529,47,4,Nice product,2022-08-24
1879,8644,23,4,Nice product,2022-08-23
1880,14502,34,4,Satisfied with purchase,2022-07-06
1881,8723,82,3,It's okay,2023-07-09
1882,2970,77,5,Excellent product!,2022-03-21
1883,13711,177,4,Nice product,2023-07-21
1884,7454,65,4,Satisfied with purchase,2021-09-14
1885,14990,185,3,Decent,2021-07-15
1886,7023,120,3,Average product,2022-10-05
1887,9585,58,4,Works well,2023-06-04
1888,7363,175,4,Works well,2023-04-10
1889,11081,190,4,Works well,2023-06-03
1890,9344,22,5,Highly recommend!,2023-10-12
1891,5732,127,3,Average product,2023-12-03
1892,4732,38,4,Nice product,2023-02-18
1893,14921,130,3,Average product,2022-10-29
1894,305,55,2,Disappointed,2023-08-29
1895,13569,60,5,Excellent product!,2023-06-13
1896,12965,200,5,Excellent product!,2022-04-06
1897,10022,187,4,Nice product,2022-09-25
1898,14753,30,1,Waste of money,2023-07-23
1899,7421,143,5,Highly recommend!,2022-01-15
1900,3916,109,2,Disappointed,2023-10-31
1901,10104,144,2,Below expectations,2022-02-24
1902,1271,42,2,Not great,2021-11-11
1903,11625,70,2,Below expectations,2023-02-04
1904,13484,126,4,Nice product,2023-06-18
1905,8882,198,2,Not great,2022-12-08
1906,1545,54,4,Satisfied with purchase,2022-08-08
1907,10726,91,5,Love it!,2023-04-06
1908,2442,112,4,Satisfied with purchase,2022-08-18
1909,14665,154,4,Satisfied with purchase,2021-08-21
1910,9765,126,4,Good quality,2023-02-25
1911,6174,43,5,Highly recommend!,2021-01-09
1912,14711,176,5,Excellent product!,2021-09-23
1913,14743,27,3,,2021-01-04
1914,12790,198,4,Good quality,2022-11-21
1915,12261,126,5,Love it!,2022-09-23
1916,503,105,1,Terrible,2023-05-01
1917,9772,195,3,,2021-09-18
1918,2908,188,3,It's okay,2022-06-06
1919,13473,7,4,Nice product,2021-12-28
1920,10305,35,3,Average product,2021-06-12
1921,9307,75,3,It's okay,2023-04-03
1922,14417,65,4,Nice product,2021-11-04
1923,8413,169,2,Not great,2021-08-07
1924,5867,92,3,Not bad,2021-02-12
1925,8955,66,3,It's okay,2023-11-15
1926,10433,59,4,Satisfied with purchase,2021-09-05
1927,14606,124,5,Love it!,2022-08-04
1928,5885,186,5,Highly recommend!,2021-07-29
1929,5237,4,3,Not bad,2022-04-06
1930,14286,43,5,Love it!,2021-08-29
1931,13373,69,5,Highly recommend!,2022-09-27
1932,12853,26,4,Good quality,2022-11-19
1933,7367,102,5,Excellent product!,2023-01-25
1934,9278,170,4,Good quality,2022-01-14
1935,7695,157,4,Works well,2023-08-01
1936,9233,184,4,Nice product,2022-06-20
1937,14447,113,3,Decent,2023-03-17
1938,9545,2,2,Disappointed,2022-10-18
1939,7462,150,3,Not bad,2022-02-18
1940,8952,136,5,Best purchase ever!,2021-02-23
1941,4361,51,5,Love it!,2021-11-08
1942,4748,67,5,Love it!,2021-03-29
1943,3614,2,3,Average product,2023-11-24
1944,14341,78,5,Love it!,2021-11-15
1945,13913,18,3,Not bad,2022-02-18
1946,2602,157,5,Love it!,2021-07-08
1947,7940,81,3,Average product,2023-11-26
1948,11625,177,4,Nice product,2022-09-14
1949,6857,98,5,Love it!,2021-02-16
1950,7051,31,2,Not great,2022-10-24
1951,1405,38,3,Decent,2021-12-28
1952,13470,142,4,Good quality,2021-11-12
1953,12609,141,4,Works well,2021-08-25
1954,3215,36,5,Love it!,2023-05-11
1955,10961,143,4,Nice product,2022-07-11
1956,5960,28,3,Average product,2021-07-03
1957,7900,52,5,Highly recommend!,2023-10-23
1958,1551,16,5,Best purchase ever!,2022-03-22
1959,11966,118,4,Satisfied with purchase,2023-10-09
1960,7461,93,4,Good quality,2023-08-05
1961,11142,196,5,Highly recommend!,2022-06-06
1962,7078,132,4,Nice product,2021-07-06
1963,435,62,3,Decent,2021-03-26
1964,4075,154,2,Could be better,2023-03-04
1965,12557,20,4,Nice product,2021-07-28
1966,6027,172,5,Highly recommend!,2022-03-01
1967,2866,139,4,Works well,2022-06-24
1968,3369,71,4,Good quality,2021-06-28
1969,5129,56,4,Good quality,2021-01-24
1970,3011,176,4,Works well,2021-10-11
1971,2329,109,5,Best purchase ever!,2022-02-21
1972,13039,17,3,Not bad,2023-07-26
1973,7807,52,4,Works well,2022-06-18
1974,11999,130,5,Highly recommend!,2022-11-15
1975,14634,155,3,It's okay,2023-04-11
1976,14839,190,3,,2022-12-17
1977,6117,37,5,Love it!,2021-05-31
1978,8532,94,5,Excellent product!,2023-07-02
1979,5059,89,4,Works well,2023-10-02
1980,7988,98,4,Good quality,2021-05-08
1981,8719,19,4,Satisfied with purchase,2023-06-12
1982,4033,189,5,Best purchase ever!,2022-11-29
1983,5003,124,5,Love it!,2022-03-07
1984,13847,41,4,Good quality,2021-03-06
1985,1435,76,3,It's okay,2022-06-09
1986,7576,121,5,,2023-08-03
1987,10994,16,4,Satisfied with purchase,2023-09-16
1988,10107,118,3,Not bad,2023-12-16
1989,5001,173,5,Excellent product!,2022-11-01
1990,5608,15,2,Could be better,2023-09-13
1991,11907,129,4,Good quality,2023-02-17
1992,104,93,5,Excellent product!,2021-04-24
1993,2619,22,5,Highly recommend!,2021-08-21
1994,4723,36,2,,2023-08-03
1995,10554,177,4,Works well,2023-03-05
1996,7661,104,5,Best purchase ever!,2023-07-28
1997,3866,120,4,Good quality,2023-07-08
1998,2295,193,3,,2021-06-01
1999,3750,131,4,Nice product,2021-02-01
2000,985,51,5,Best purchase ever!,2023-08-23
2001,5505,112,5,Best purchase ever!,2021-06-21
2002,2407,183,5,Excellent product!,2023-05-23
2003,11553,34,3,Not bad,2022-01-23
2004,9985,145,3,It's okay,2021-12-16
2005,3357,43,4,Works well,2021-01-16
2006,8401,19,3,Not bad,2022-01-23
2007,13830,64,3,It's okay,2023-08-23
2008,11185,7,3,Decent,2022-10-15
2009,3017,18,2,Could be better,2021-12-07
2010,9121,18,4,Satisfied with purchase,2023-10-10
2011,320,79,3,Average product,2022-11-06
2012,14744,148,5,Highly recommend!,2023-06-04
2013,9340,18,4,Satisfied with purchase,2022-03-28
2014,13291,55,4,,2022-10-16
2015,14666,11,5,Love it!,2022-04-04
2016,2445,25,5,Love it!,2023-04-20
2017,994,89,5,Love it!,2021-05-06
2018,14799,150,5,Love it!,2023-09-03
2019,8524,47,5,Highly recommend!,2021-08-30
2020,1961,51,5,Best purchase ever!,2021-08-29
2021,11175,189,5,Excellent product!,2022-11-27
2022,10965,147,4,Satisfied with purchase,2021-04-28
2023,13087,108,3,Not bad,2023-01-13
2024,13834,158,5,Excellent product!,2023-04-06
2025,1720,119,5,Highly recommend!,2023-02-07
2026,8438,52,4,Works well,2021-10-20
2027,12678,144,5,Best purchase ever!,2022-04-02
2028,9918,52,5,Excellent product!,2022-03-03
2029,13916,45,4,,2022-10-07
2030,5511,7,4,Works well,2021-02-12
2031,11961,156,5,,2021-02-08
2032,7720,67,4,Works well,2021-07-09
2033,13762,6,5,Highly recommend!,2022-02-13
2034,14724,51,5,,2023-12-12
2035,800,125,3,Not bad,2023-05-24
2036,9767,200,5,Best purchase ever!,2022-12-26
2037,1607,25,5,Best purchase ever!,2023-12-08
2038,3726,14,5,Best purchase ever!,2021-10-09
2039,5678,128,4,Works well,2021-09-04
2040,11021,160,3,Decent,2022-09-23
2041,10270,184,3,,2021-01-31
2042,2874,131,2,Below expectations,2023-10-07
2043,4529,25,5,Best purchase ever!,2023-01-03
2044,7653,169,5,Love it!,2021-01-02
2045,2256,82,3,Not bad,2022-11-27
2046,13296,162,3,It's okay,2022-02-07
2047,14421,44,3,Decent,2023-11-16
2048,13392,114,4,Works well,2023-01-17
2049,13981,93,4,Good quality,2021-01-19
2050,7747,178,2,Below expectations,2023-12-09
2051,489,32,2,Below expectations,2023-10-17
2052,620,131,3,Average product,2023-07-19
2053,6740,14,4,Works well,2023-09-16
2054,12518,63,4,Satisfied with purchase,2022-01-12
2055,378,30,4,Works well,2021-11-30
2056,12804,149,4,Satisfied with purchase,2022-06-26
2057,7473,26,5,Love it!,2023-07-04
2058,3006,69,5,Excellent product!,2023-09-10
2059,7836,46,4,,2023-01-02
2060,771,31,4,Good quality,2022-06-07
2061,6857,45,4,Nice product,2021-08-05
2062,3645,155,3,Average product,2022-03-12
2063,14099,109,5,,2021-01-10
2064,12883,146,4,Satisfied with purchase,2021-07-01
2065,4999,134,4,Good quality,2021-04-12
2066,11865,57,3,It's okay,2023-04-20
2067,2970,198,3,Decent,2022-02-22
2068,5878,59,5,Love it!,2021-04-10
2069,14460,6,2,Not great,2023-12-21
2070,3843,102,3,Decent,2022-12-24
2071,4968,112,4,Good quality,2021-08-27
2072,8730,71,3,It's okay,2022-09-08
2073,12453,35,4,Satisfied with purchase,2022-10-06
2074,11110,79,5,Excellent product!,2023-10-29
2075,7528,115,4,Works well,2022-06-18
2076,5524,120,4,Satisfied with purchase,2022-05-06
2077,11635,81,4,Satisfied with purchase,2021-01-01
2078,4343,143,5,Excellent product!,2022-10-15
2079,5791,114,5,Love it!,2023-02-03
2080,5456,199,4,Good quality,2023-10-22
2081,7692,51,3,,2023-04-27
2082,4100,200,2,Not great,2021-10-04
2083,10617,183,4,Works well,2023-07-28
2084,14614,80,5,Love it!,2022-01-21
2085,524,93,2,Not great,2022-07-20
2086,6961,87,5,Best purchase ever!,2021-10-05
2087,14940,124,5,Excellent product!,2023-12-16
2088,14559,172,3,Not bad,2023-11-24
2089,11345,66,4,Nice product,2022-11-04
2090,9499,135,2,Not great,2023-12-06
2091,1127,115,1,Waste of money,2022-07-04
2092,2802,46,4,Works well,2021-01-25
2093,3942,190,3,Average product,2022-03-09
2094,11616,183,5,Best purchase ever!,2021-10-01
2095,13014,36,3,Average product,2022-02-25
2096,14866,87,5,Excellent product!,2021-01-30
2097,5153,117,3,Not bad,2021-07-16
2098,1863,10,4,Satisfied with purchase,2022-03-30
2099,2223,113,5,Excellent product!,2022-03-11
2100,1617,5,3,Decent,2023-03-15
2101,7781,4,3,Decent,2023-02-01
2102,9790,185,5,Highly recommend!,2021-02-10
2103,12259,137,3,Decent,2023-07-25
2104,10777,149,2,Below expectations,2023-11-18
2105,9203,133,5,Excellent product!,2021-11-24
2106,11738,140,3,Decent,2022-01-10
2107,4494,37,5,Excellent product!,2021-03-02
2108,5961,167,3,It's okay,2021-03-13
2109,8984,94,4,Works well,2022-12-26
2110,5779,108,5,,2022-03-09
2111,1794,39,2,Could be better,2022-06-21
2112,14162,195,5,Excellent product!,2022-01-03
2113,8895,30,2,Could be better,2021-03-03
2114,4153,91,3,Not bad,2023-06-10
2115,5109,167,4,Nice product,2022-07-22
2116,14076,188,3,It's okay,2021-09-06
2117,2205,11,4,Nice product,2021-02-01
2118,8772,122,4,Works well,2021-02-12
2119,5759,200,3,Not bad,2021-07-08
2120,8583,18,4,Good quality,2022-07-27
2121,8468,51,4,Good quality,2022-06-10
2122,14035,140,3,Not bad,2023-04-03
2123,227,18,2,Disappointed,2023-03-12
2124,8528,143,3,,2022-07-18
2125,146,64,4,Works well,2022-02-02
2126,7238,179,3,It's okay,2021-06-14
2127,6507,88,3,Not bad,2023-07-03
2128,664,75,5,Highly recommend!,2021-09-16
2129,11666,193,5,Highly recommend!,2023-08-06
2130,4686,94,4,Satisfied with purchase,2021-11-09
2131,4627,62,5,Love it!,2021-10-12
2132,759,60,2,Below expectations,2021-05-01
2133,1132,168,5,Excellent product!,2022-01-18
2134,2631,182,3,Average product,2023-07-31
2135,9482,88,5,Excellent product!,2022-07-10
2136,6117,111,4,Satisfied with purchase,2023-06-28
2137,252,150,4,Works well,2022-11-20
2138,6478,44,2,Below expectations,2023-02-11
2139,9371,132,4,,2023-06-13
2140,6424,73,2,Disappointed,2021-07-13
2141,12922,27,5,Love it!,2023-05-25
2142,9401,151,4,Works well,2021-08-12
2143,6793,155,3,It's okay,2021-03-23
2144,14486,47,3,It's okay,2021-10-12
2145,13716,73,2,Not great,2022-01-04
2146,5857,67,5,Best purchase ever!,2023-09-10
2147,8472,60,5,Excellent product!,2023-12-22
2148,3710,150,4,Good quality,2021-08-28
2149,8185,139,5,Excellent product!,2023-04-14
2150,9461,67,4,Satisfied with purchase,2021-10-08
2151,821,128,4,Satisfied with purchase,2023-10-26
2152,13488,56,4,Good quality,2022-10-24
2153,10207,130,5,Excellent product!,2021-07-17
2154,944,34,5,Excellent product!,2022-04-26
2155,9746,137,5,Excellent product!,2022-03-30
2156,11278,38,2,Below expectations,2021-04-28
2157,11532,55,4,Satisfied with purchase,2021-02-01
2158,8306,179,3,Decent,2023-10-05
2159,5606,38,3,Average product,2021-10-27
2160,3133,96,5,Excellent product!,2023-04-25
2161,3499,62,5,Highly recommend!,2022-08-16
2162,4868,110,4,Satisfied with purchase,2021-09-07
2163,13905,190,3,Not bad,2022-08-29
2164,3906,2,5,Best purchase ever!,2023-11-25
2165,8317,94,2,Below expectations,2021-09-07
2166,5353,113,5,Love it!,2023-06-17
2167,338,157,3,Decent,2022-09-08
2168,5296,181,4,Good quality,2022-07-27
2169,14372,117,5,Excellent product!,2022-05-21
2170,2306,94,1,Poor quality,2022-11-09
2171,13559,99,4,Works well,2022-11-17
2172,6502,159,4,Satisfied with purchase,2023-07-18
2173,8827,155,3,It's okay,2021-01-04
2174,9376,193,5,Love it!,2023-10-04
2175,5909,56,4,Satisfied with purchase,2021-12-30
2176,5154,134,4,Nice product,2022-11-05
2177,1858,3,4,Works well,2022-04-08
2178,14810,160,5,Highly recommend!,2022-02-05
2179,12305,58,3,Decent,2021-02-08
2180,11308,30,3,Average product,2022-07-07
2181,6866,25,1,Terrible,2022-05-28
2182,1665,37,5,Excellent product!,2022-01-01
2183,3183,194,1,Waste of money,2021-12-22
2184,6503,89,4,Good quality,2022-04-11
2185,1756,181,4,Good quality,2023-04-21
2186,1459,126,5,,2022-05-14
2187,2158,188,2,Not great,2021-11-27
2188,717,180,3,It's okay,2021-02-02
2189,7171,91,5,Love it!,2021-07-23
2190,6184,96,5,Excellent product!,2021-03-21
2191,4023,10,5,Excellent product!,2021-08-19
2192,7108,15,3,Decent,2021-05-15
2193,17,67,2,Disappointed,2022-12-09
2194,3089,146,4,Satisfied with purchase,2023-08-15
2195,5242,132,1,Waste of money,2021-03-08
2196,12856,82,4,Works well,2023-02-11
2197,13730,96,5,Highly recommend!,2021-09-01
2198,1425,132,5,Love it!,2021-10-13
2199,8899,113,1,Terrible,2022-12-10
2200,8361,45,1,Waste of money,2022-03-08
2201,10950,146,4,Good quality,2021-05-29
2202,5253,163,2,Could be better,2022-01-12
2203,5610,80,4,Good quality,2023-12-07
2204,6467,69,4,Nice product,2023-08-21
2205,101,7,3,Decent,2022-04-23
2206,3088,15,4,Nice product,2022-04-15
2207,9755,15,2,Could be better,2022-08-19
2208,14251,179,5,Highly recommend!,2021-03-21
2209,7046,179,5,Love it!,2022-02-25
2210,13222,198,4,Satisfied with purchase,2022-10-22
2211,915,62,4,Satisfied with purchase,2022-04-01
2212,349,47,4,Satisfied with purchase,2023-08-01
2213,1936,119,3,Decent,2021-11-09
2214,6600,94,3,,2022-09-12
2215,4652,12,4,Satisfied with purchase,2023-02-11
2216,6790,102,4,Nice product,2022-06-23
2217,1536,10,4,Nice product,2023-01-04
2218,9405,65,5,Highly recommend!,2022-06-01
2219,4807,42,1,Do not buy,2023-08-11
2220,6270,37,5,Best purchase ever!,2023-04-24
2221,10463,11,5,Love it!,2023-02-05
2222,12039,169,5,Highly recommend!,2023-09-19
2223,14351,135,4,Nice product,2021-09-01
2224,11151,39,3,It's okay,2021-04-12
2225,7758,154,4,Works well,2023-07-30
2226,12929,113,4,Satisfied with purchase,2021-01-03
2227,7919,174,3,Average product,2022-09-02
2228,6704,47,5,Highly recommend!,2022-05-23
2229,8486,199,3,It's okay,2021-07-04
2230,11067,58,1,Terrible,2022-01-15
2231,6563,114,4,Good quality,2021-09-06
2232,6156,44,2,Could be better,2022-01-31
2233,11498,13,5,Highly recommend!,2023-10-16
2234,1056,14,1,Waste of money,2021-07-05
2235,14057,88,2,Not great,2022-04-02
2236,5009,84,5,Love it!,2022-03-31
2237,5849,80,2,Disappointed,2021-05-03
2238,6324,34,4,,2022-05-23
2239,12800,26,4,Good quality,2021-02-02
2240,12317,38,5,Highly recommend!,2021-08-22
2241,6353,76,3,Average product,2022-10-05
2242,4288,195,3,Average product,2023-11-02
2243,6732,97,2,Not great,2023-02-20
2244,5565,139,2,Disappointed,2022-07-26
2245,12004,98,4,Nice product,2021-10-13
2246,3698,162,4,Satisfied with purchase,2022-04-08
2247,12505,104,4,Satisfied with purchase,2022-03-29
2248,14406,10,5,Love it!,2022-05-20
2249,3542,145,4,Satisfied with purchase,2023-03-17
2250,7578,156,5,Best purchase ever!,2022-05-23
2251,8347,165,3,Not bad,2022-02-03
2252,3595,188,4,Satisfied with purchase,2023-06-02
2253,988,14,5,Love it!,2022-01-29
2254,9882,182,4,Nice product,2022-12-02
2255,2824,195,5,Love it!,2022-03-12
2256,12023,44,2,Not great,2023-05-07
2257,1886,171,4,Nice product,2023-03-13
2258,4964,80,5,Excellent product!,2022-08-16
2259,2590,64,3,Average product,2021-01-20
2260,13954,170,5,Love it!,2023-05-04
2261,1271,41,5,Highly recommend!,2021-04-06
2262,10127,149,2,Disappointed,2022-06-12
2263,8142,179,2,,2023-04-12
2264,8381,101,4,Works well,2021-06-26
2265,14109,37,4,Satisfied with purchase,2021-06-15
2266,14794,8,5,Highly recommend!,2022-11-17
2267,9676,152,2,Below expectations,2023-02-05
2268,11899,54,5,Highly recommend!,2023-11-03
2269,4942,200,3,Decent,2021-04-27
2270,12307,19,2,Disappointed,2021-02-10
2271,9000,84,4,,2021-11-12
2272,11739,124,2,Disappointed,2023-03-07
2273,13909,30,2,Disappointed,2023-01-27
2274,3418,99,4,Nice product,2023-05-01
2275,14107,195,4,Nice product,2023-12-22
2276,4428,180,5,Love it!,2022-12-28
2277,673,128,5,Love it!,2022-07-18
2278,7185,44,4,Good quality,2023-12-19
2279,4022,118,4,Works well,2021-11-07
2280,12613,71,5,Love it!,2023-02-09
2281,270,183,5,,2022-04-29
2282,11405,109,1,Waste of money,2021-12-29
2283,9427,103,3,It's okay,2022-04-15
2284,3622,166,4,,2023-11-15
2285,12200,70,3,Decent,2022-03-06
2286,6484,199,4,Nice product,2021-05-24
2287,771,51,4,Good quality,2022-09-17
2288,14129,123,5,Highly recommend!,2022-10-13
2289,487,189,5,Best purchase ever!,2022-03-17
2290,1076,189,5,Best purchase ever!,2023-11-11
2291,2570,103,5,Love it!,2021-03-13
2292,5159,67,3,Average product,2022-12-04
2293,13371,73,3,,2021-01-27
2294,1307,10,3,Decent,2023-08-10
2295,11781,79,2,Could be better,2023-12-05
2296,913,114,4,Works well,2022-10-08
2297,9283,69,1,Waste of money,2021-12-25
2298,13342,165,3,It's okay,2021-06-07
2299,5891,66,5,Excellent product!,2022-05-17
2300,5009,145,4,Good quality,2023-02-23
2301,7506,4,4,Works well,2022-09-04
2302,8236,147,5,Love it!,2021-09-23
2303,1539,177,4,Satisfied with purchase,2021-08-14
2304,6593,39,4,Good quality,2022-08-19
2305,7935,35,4,Nice product,2023-05-31
2306,11836,177,4,Satisfied with purchase,2023-06-08
2307,8930,15,2,Below expectations,2022-05-11
2308,9156,7,4,Good quality,2021-12-26
2309,5926,17,4,Works well,2021-06-04
2310,14077,139,5,Excellent product!,2023-05-15
2311,2706,28,1,Do not buy,2023-03-24
2312,3423,113,4,Works well,2023-11-25
2313,13864,138,5,Excellent product!,2022-10-26
2314,10914,21,1,Do not buy,2021-02-26
2315,13646,53,4,Good quality,2021-07-12
2316,4917,121,1,Waste of money,2022-01-29
2317,13593,178,5,,2021-12-28
2318,629,25,3,It's okay,2023-04-01
2319,13305,7,5,Excellent product!,2022-11-21
2320,6228,164,5,Excellent product!,2023-07-12
2321,1260,129,2,Disappointed,2023-07-21
2322,3334,69,2,Could be better,2021-05-09
2323,13778,149,5,Love it!,2022-10-08
2324,12545,127,3,Not bad,2023-01-22
2325,3823,124,2,Below expectations,2021-08-19
2326,14547,182,3,,2022-08-26
2327,1873,128,3,Decent,2023-08-26
2328,4438,117,4,Nice product,2023-07-14
2329,11906,4,4,Good quality,2023-12-09
2330,3445,195,5,Excellent product!,2022-02-04
2331,14035,182,3,Average product,2022-08-08
2332,11203,4,4,Works well,2022-05-31
2333,11060,141,2,Disappointed,2023-10-31
2334,8572,135,4,Good quality,2022-04-19
2335,8344,191,4,Works well,2023-06-08
2336,9036,9,5,Excellent product!,2022-02-24
2337,8261,102,5,,2021-10-24
2338,13459,103,5,Highly recommend!,2023-05-03
2339,12682,121,5,Love it!,2023-12-28
2340,9024,87,1,Poor quality,2023-01-22
2341,1937,124,5,Excellent product!,2022-12-17
2342,112,61,2,,2022-11-05
2343,12702,14,4,Nice product,2021-06-10
2344,11997,128,2,Could be better,2021-07-17
2345,11748,62,5,,2021-02-09
2346,13102,77,1,Waste of money,2022-12-08
2347,12755,108,4,Good quality,2021-01-16
2348,11892,34,4,Nice product,2022-12-25
2349,1863,17,3,Average product,2022-06-27
2350,5183,130,4,Nice product,2023-01-06
2351,11977,133,5,Highly recommend!,2023-06-13
2352,9899,121,4,,2021-05-04
2353,12349,85,4,Works well,2023-10-15
2354,14901,160,5,Excellent product!,2021-06-16
2355,6180,115,4,Nice product,2021-05-30
2356,13240,20,5,Highly recommend!,2022-03-12
2357,14156,129,4,Nice product,2021-03-19
2358,10667,179,5,Love it!,2021-12-29
2359,4356,123,3,Decent,2022-05-31
2360,13814,165,4,Good quality,2022-07-20
2361,12985,166,5,Excellent product!,2021-12-25
2362,11624,4,4,Good quality,2022-11-07
2363,9467,29,4,Satisfied with purchase,2022-09-25
2364,97,12,4,Good quality,2023-02-09
2365,5163,44,2,Disappointed,2021-04-20
2366,11336,200,5,Best purchase ever!,2022-08-06
2367,5359,182,4,Satisfied with purchase,2023-08-10
2368,3521,15,4,Good quality,2021-05-14
2369,13333,139,4,Satisfied with purchase,2021-09-19
2370,8976,200,4,Satisfied with purchase,2023-08-14
2371,12654,154,5,Excellent product!,2022-02-03
2372,1255,19,4,Satisfied with purchase,2022-08-10
2373,7549,112,3,Average product,2021-01-31
2374,7510,131,5,Highly recommend!,2021-02-23
2375,2691,79,5,Excellent product!,2022-01-12
2376,1179,30,4,Good quality,2021-02-24
2377,2878,126,5,Love it!,2021-02-10
2378,13143,83,4,Works well,2022-03-24
2379,13482,104,1,Do not buy,2021-11-09
2380,9094,156,2,Disappointed,2022-06-03
2381,4567,133,3,Not bad,2022-08-04
2382,6167,192,5,Excellent product!,2021-12-06
2383,8282,162,5,Love it!,2021-06-17
2384,12335,156,5,Excellent product!,2023-03-28
2385,7887,64,4,Satisfied with purchase,2021-08-23
2386,13392,55,4,Nice product,2022-05-17
2387,3150,44,1,Poor quality,2023-01-16
2388,4396,92,3,Decent,2021-11-08
2389,7600,132,4,Works well,2022-05-13
2390,3092,99,5,Excellent product!,2023-09-18
2391,8603,162,4,Good quality,2023-12-21
2392,9411,194,4,Works well,2023-01-20
2393,9866,33,5,Excellent product!,2021-11-13
2394,14994,92,4,,2021-08-16
2395,12579,17,3,It's okay,2022-08-09
2396,11265,172,4,Works well,2022-09-24
2397,13275,94,5,Highly recommend!,2022-02-16
2398,302,34,5,Best purchase ever!,2022-03-06
2399,13187,52,4,Nice product,2021-01-27
2400,1793,133,5,Highly recommend!,2021-10-19
2401,5246,107,5,Highly recommend!,2023-05-12
2402,13341,159,2,Below expectations,2021-11-20
2403,8873,88,5,Best purchase ever!,2021-01-30
2404,3163,88,5,Excellent product!,2021-08-19
2405,11444,59,4,Works well,2021-09-28
2406,4789,149,4,Good quality,2023-11-17
2407,7346,175,4,Good quality,2022-01-10
2408,7671,104,5,Best purchase ever!,2022-08-31
2409,12729,2,5,Best purchase ever!,2022-07-06
2410,4933,51,4,,2021-08-28
2411,8459,84,5,Best purchase ever!,2021-03-04
2412,9717,189,5,Best purchase ever!,2023-12-08
2413,6087,160,4,Works well,2021-07-27
2414,3029,176,3,Decent,2022-02-05
2415,2333,77,4,,2021-02-01
2416,4109,188,5,Love it!,2022-05-16
2417,11127,187,4,Nice product,2023-05-03
2418,11823,119,4,Satisfied with purchase,2022-07-12
2419,10895,17,2,Could be better,2023-01-18
2420,2688,136,4,Good quality,2023-04-03
2421,10517,11,1,Do not buy,2023-11-17
2422,2033,7,1,,2023-08-22
2423,12445,117,3,Average product,2022-01-19
2424,8320,160,2,Could be better,2021-10-30
2425,14308,169,3,Average product,2022-02-03
2426,2344,156,5,Highly recommend!,2023-12-03
2427,2975,112,5,Excellent product!,2021-12-18
2428,10028,193,2,Below expectations,2021-04-02
2429,11251,93,2,,2022-02-09
2430,10879,10,4,Works well,2021-07-14
2431,4768,162,5,,2021-02-24
2432,14247,110,5,Highly recommend!,2023-11-22
2433,10531,63,4,Nice product,2021-08-11
2434,5161,102,4,Works well,2021-08-12
2435,14164,25,5,Excellent product!,2023-12-06
2436,11075,139,4,Nice product,2023-11-27
2437,1542,34,5,Highly recommend!,2021-10-02
2438,6655,4,5,Love it!,2021-02-18
2439,14481,113,5,Best purchase ever!,2022-05-30
2440,774,176,3,Average product,2023-07-29
2441,2671,160,4,Nice product,2021-10-14
2442,14755,99,5,Excellent product!,2023-10-27
2443,3534,186,5,Love it!,2023-03-20
2444,6035,57,3,Not bad,2022-05-03
2445,601,83,4,Nice product,2021-09-07
2446,8775,129,5,Love it!,2023-10-30
2447,4793,29,4,Works well,2021-10-31
2448,7496,144,4,Works well,2023-09-04
2449,8574,158,4,Nice product,2021-07-23
2450,9816,28,4,Good quality,2022-11-06
2451,8002,175,3,Average product,2021-05-31
2452,13915,100,4,Satisfied with purchase,2023-05-11
2453,10165,34,5,Best purchase ever!,2022-07-29
2454,11155,30,4,Good quality,2022-01-06
2455,11620,126,4,Works well,2022-08-29
2456,14585,184,2,Not great,2022-01-16
2457,13369,91,2,Not great,2021-08-29
2458,2051,12,3,It's okay,2022-09-05
2459,11484,29,5,Excellent product!,2021-09-03
2460,10085,66,5,Best purchase ever!,2021-05-06
2461,9505,5,5,Love it!,2023-10-14
2462,3182,80,1,Terrible,2021-08-12
2463,3897,108,4,Works well,2023-10-26
2464,3703,94,4,Works well,2023-01-29
2465,8883,186,5,Excellent product!,2023-05-16
2466,14289,75,3,It's okay,2022-08-24
2467,5203,2,5,Best purchase ever!,2021-04-11
2468,13996,102,5,Excellent product!,2021-06-03
2469,8738,90,5,Best purchase ever!,2022-03-08
2470,5388,144,4,Good quality,2021-06-13
2471,8418,22,2,Not great,2021-07-09
2472,9245,44,2,Below expectations,2022-02-01
2473,6460,160,2,Disappointed,2021-01-18
2474,2822,123,2,Disappointed,2021-12-30
2475,9038,81,5,Love it!,2021-12-24
2476,14404,39,5,Highly recommend!,2022-02-10
2477,7594,131,2,Disappointed,2021-05-11
2478,6016,40,2,Not great,2022-03-19
2479,11301,113,4,Works well,2022-05-21
2480,12909,126,5,Love it!,2023-08-02
2481,10875,149,5,Love it!,2023-11-25
2482,4986,176,1,Waste of money,2023-09-05
2483,2863,58,4,Nice product,2022-11-26
2484,4298,7,5,Best purchase ever!,2021-11-03
2485,11558,131,5,Love it!,2022-05-30
2486,14703,162,4,Satisfied with purchase,2022-10-17
2487,4398,52,3,,2023-01-11
2488,8954,50,3,It's okay,2023-03-08
2489,10032,75,5,,2023-05-10
2490,4138,182,4,Works well,2021-12-22
2491,2046,184,3,Not bad,2023-09-08
2492,3585,66,5,Highly recommend!,2023-09-19
2493,579,116,5,Best purchase ever!,2022-03-01
2494,8455,57,4,Satisfied with purchase,2021-05-05
2495,10365,76,5,Love it!,2021-12-13
2496,14645,28,2,Not great,2023-02-20
2497,8291,156,5,Excellent product!,2022-07-25
2498,559,56,5,Excellent product!,2021-11-23
2499,430,190,1,Poor quality,2021-09-03
2500,7070,173,5,,2022-10-11
2501,8631,26,5,Love it!,2023-06-29
2502,7568,35,5,Highly recommend!,2023-12-10
2503,11448,29,3,Average product,2022-06-27
2504,5004,43,5,Best purchase ever!,2021-04-29
2505,2448,3,5,Best purchase ever!,2021-11-03
2506,12414,69,4,Satisfied with purchase,2022-06-23
2507,3138,161,5,Love it!,2021-03-27
2508,7036,193,4,Satisfied with purchase,2023-03-17
2509,14114,12,3,Decent,2023-09-09
2510,11613,13,2,Could be better,2022-10-25
2511,14817,197,5,Love it!,2021-04-30
2512,354,73,3,Not bad,2023-03-01
2513,7031,40,4,Good quality,2023-12-12
2514,3359,148,4,Works well,2022-10-29
2515,4040,119,1,,2021-09-05
2516,10918,79,5,Love it!,2023-12-28
2517,2123,177,4,Satisfied with purchase,2021-09-01
2518,12546,98,3,Average product,2023-01-14
2519,7811,84,5,Love it!,2022-09-16
2520,1458,103,5,Best purchase ever!,2022-10-31
2521,5139,154,4,Satisfied with purchase,2022-10-15
2522,461,5,5,Best purchase ever!,2023-03-19
2523,13960,190,2,Not great,2021-10-20
2524,605,90,4,Satisfied with purchase,2023-04-18
2525,2391,111,1,Poor quality,2022-01-03
2526,2607,168,5,Highly recommend!,2021-06-04
2527,14274,85,5,Highly recommend!,2023-04-24
2528,10692,100,2,Could be better,2021-12-27
2529,9209,84,2,Disappointed,2021-02-18
2530,4151,98,5,Love it!,2021-01-24
2531,3766,51,4,,2022-08-01
2532,4209,132,5,Excellent product!,2023-08-22
2533,11815,171,4,Nice product,2022-06-18
2534,5897,4,3,It's okay,2021-05-05
2535,3200,77,4,Works well,2023-10-01
2536,14655,44,3,,2022-01-13
2537,3284,163,4,Works well,2021-05-17
2538,8777,180,5,Love it!,2023-11-20
2539,8923,97,4,Nice product,2023-01-04
2540,2846,49,5,Highly recommend!,2023-01-14
2541,11552,28,4,,2021-08-30
2542,12602,121,3,It's okay,2023-11-19
2543,13485,75,3,Average product,2022-04-13
2544,14473,141,3,Not bad,2022-03-02
2545,998,138,5,Love it!,2023-12-29
2546,3810,53,2,Disappointed,2023-02-10
2547,12586,45,4,Satisfied with purchase,2021-03-14
2548,12394,143,3,It's okay,2021-08-05
2549,4534,87,3,Not bad,2022-08-30
2550,4149,135,1,Waste of money,2022-07-13
2551,10317,180,4,Works well,2022-04-09
2552,13234,59,5,Highly recommend!,2023-02-07
2553,5444,145,2,Below expectations,2022-05-12
2554,14986,192,5,Best purchase ever!,2021-03-04
2555,9223,11,5,Highly recommend!,2021-05-11
2556,9324,196,3,Average product,2022-03-06
2557,5679,137,5,Highly recommend!,2021-02-03
2558,3528,144,5,Excellent product!,2023-03-13
2559,5312,132,4,Satisfied with purchase,2023-06-24
2560,147,95,5,Best purchase ever!,2023-03-07
2561,12621,97,2,Not great,2021-05-02
2562,4101,186,3,Not bad,2023-07-24
2563,2335,48,3,Decent,2021-04-14
2564,11974,47,5,Best purchase ever!,2022-07-31
2565,6099,10,5,Excellent product!,2023-05-06
2566,1505,52,5,Best purchase ever!,2021-06-14
2567,791,41,3,Average product,2021-02-26
2568,14259,179,4,Works well,2022-02-01
2569,13157,25,1,Poor quality,2023-11-23
2570,3577,127,5,Excellent product!,2023-09-07
2571,4509,65,4,Satisfied with purchase,2021-08-27
2572,13251,85,4,Satisfied with purchase,2021-06-19
2573,5678,17,4,Works well,2022-10-22
2574,13166,16,4,Nice product,2022-04-19
2575,7288,164,3,It's okay,2022-06-09
2576,462,192,5,Excellent product!,2021-12-24
2577,6176,70,4,Works well,2023-07-11
2578,9933,135,4,Satisfied with purchase,2023-08-01
2579,340,193,5,Best purchase ever!,2022-10-11
2580,226,35,5,Highly recommend!,2022-07-03
2581,13062,45,2,Not great,2023-10-01
2582,14908,124,5,Excellent product!,2022-10-17
2583,12736,123,5,Best purchase ever!,2023-01-22
2584,5507,66,4,Works well,2021-03-03
2585,1732,104,3,Not bad,2023-01-03
2586,8446,96,3,It's okay,2021-05-02
2587,10457,158,5,Excellent product!,2022-02-11
2588,7197,186,4,Nice product,2022-10-15
2589,12768,36,5,Best purchase ever!,2023-09-03
2590,5530,90,5,Love it!,2023-08-23
2591,13433,31,2,Could be better,2022-04-03
2592,3275,180,4,Good quality,2021-03-04
2593,2241,111,4,Nice product,2021-07-20
2594,6173,179,4,Works well,2021-05-17
2595,3994,85,4,Satisfied with purchase,2023-01-01
2596,5278,92,5,,2021-03-30
2597,12775,13,4,,2022-12-19
2598,13099,74,5,Excellent product!,2021-01-23
2599,5345,145,5,Love it!,2023-09-19
2600,7531,184,4,Satisfied with purchase,2023-05-24
2601,12442,23,4,Nice product,2021-05-24
2602,13353,170,4,Satisfied with purchase,2021-11-13
2603,14917,31,1,Waste of money,2022-05-04
2604,14488,30,2,Disappointed,2021-04-24
2605,8642,78,3,Not bad,2021-11-04
2606,8499,105,4,Good quality,2021-05-11
2607,9105,71,4,Good quality,2023-11-29
2608,14312,138,3,Average product,2021-05-11
2609,4610,145,4,Works well,2022-08-27
2610,1023,153,5,Excellent product!,2022-01-02
2611,14861,130,5,Excellent product!,2023-05-02
2612,13564,63,4,Works well,2022-03-14
2613,9230,131,5,Love it!,2023-12-16
2614,1806,103,4,Works well,2023-02-28
2615,7278,19,4,Satisfied with purchase,2022-06-02
2616,2244,66,4,Satisfied with purchase,2021-01-03
2617,3634,24,4,Works well,2021-09-18
2618,2378,157,5,Excellent product!,2022-10-29
2619,3051,86,4,Works well,2023-07-06
2620,9036,163,4,Works well,2022-03-08
2621,14345,139,4,Nice product,2023-04-28
2622,12861,56,5,Best purchase ever!,2022-02-01
2623,13972,197,5,,2022-09-04
2624,9146,84,3,Decent,2022-10-15
2625,13244,199,1,Terrible,2021-05-02
2626,1465,126,4,Nice product,2022-08-03
2627,12706,123,2,Below expectations,2022-07-30
2628,1034,94,4,Nice product,2021-06-16
2629,2450,1,3,Decent,2023-10-20
2630,1102,193,5,Highly recommend!,2021-08-09
2631,3615,197,2,Disappointed,2022-09-17
2632,1009,79,5,Highly recommend!,2022-12-21
2633,7811,132,2,Disappointed,2021-10-23
2634,2111,182,4,Good quality,2022-05-01
2635,12120,118,4,Nice product,2021-09-24
2636,5042,125,5,,2021-11-02
2637,13665,166,3,Not bad,2022-11-30
2638,4489,61,4,Satisfied with purchase,2022-11-05
2639,488,55,1,Do not buy,2021-06-04
2640,5629,3,4,Nice product,2021-08-17
2641,2481,30,3,Not bad,2021-07-19
2642,4570,107,5,Highly recommend!,2023-06-13
2643,3104,151,4,Satisfied with purchase,2023-10-29
2644,7585,98,4,Satisfied with purchase,2022-12-26
2645,14917,25,3,Average product,2021-03-15
2646,8458,182,5,Highly recommend!,2023-06-19
2647,7258,3,1,,2022-04-25
2648,874,120,2,Not great,2023-02-05
2649,357,177,5,Best purchase ever!,2022-05-31
2650,341,191,4,Nice product,2022-09-27
2651,1148,156,2,,2023-11-24
2652,1471,169,4,Good quality,2023-04-16
2653,7057,44,3,Decent,2022-07-18
2654,12001,171,4,Satisfied with purchase,2021-10-07
2655,8446,30,5,Excellent product!,2023-06-11
2656,12827,25,1,Do not buy,2021-05-07
2657,2566,183,5,Love it!,2023-06-22
2658,10781,148,4,Satisfied with purchase,2023-05-11
2659,3280,144,5,,2021-05-30
2660,7489,27,4,Works well,2021-09-03
2661,12537,108,5,Excellent product!,2021-10-01
2662,7839,186,4,,2022-11-20
2663,12055,135,5,Excellent product!,2023-07-19
2664,49,81,4,Works well,2023-09-04
2665,10653,149,4,Works well,2022-04-01
2666,1952,176,4,Works well,2023-09-01
2667,1032,114,3,,2023-04-30
2668,2998,129,5,Excellent product!,2022-12-09
2669,13934,31,4,Satisfied with purchase,2021-05-07
2670,9527,90,4,Satisfied with purchase,2021-05-20
2671,5104,109,5,Best purchase ever!,2021-06-05
2672,14410,182,2,Below expectations,2023-07-08
2673,6625,200,5,Love it!,2022-01-24
2674,11597,44,4,Nice product,2023-01-03
2675,1629,163,3,It's okay,2023-01-29
2676,1633,49,5,Best purchase ever!,2022-09-06
2677,10338,39,5,Excellent product!,2021-06-25
2678,5173,57,1,Do not buy,2022-05-20
2679,5558,13,5,Excellent product!,2022-02-10
2680,974,126,1,Do not buy,2022-09-21
2681,6548,2,1,Waste of money,2023-08-15
2682,8543,16,3,Not bad,2022-07-19
2683,6184,82,5,,2021-02-16
2684,14876,9,4,Nice product,2021-08-11
2685,4759,46,4,Works well,2021-07-10
2686,1947,9,5,Best purchase ever!,2022-05-17
2687,8450,76,3,Average product,2022-12-02
2688,14685,160,5,Highly recommend!,2022-01-18
2689,638,198,4,Nice product,2023-05-05
2690,6316,41,5,Best purchase ever!,2022-12-29
2691,4237,85,4,Nice product,2022-06-17
2692,9239,70,5,Excellent product!,2022-05-30
2693,8718,118,5,Love it!,2022-06-06
2694,14632,170,3,Average product,2023-02-07
2695,12439,29,2,Below expectations,2021-04-08
2696,2336,98,2,,2022-04-26
2697,5080,141,4,Good quality,2023-09-15
2698,10603,107,1,Terrible,2022-12-21
2699,2170,143,4,Good quality,2021-07-19
2700,6927,176,5,Best purchase ever!,2021-10-19
2701,11152,183,5,Highly recommend!,2023-10-27
2702,12748,187,5,Best purchase ever!,2022-07-30
2703,10532,179,2,Below expectations,2023-04-16
2704,10701,24,5,Best purchase ever!,2022-10-10
2705,4365,183,2,Below expectations,2022-01-05
2706,5838,41,5,Best purchase ever!,2023-02-26
2707,12971,128,2,Disappointed,2022-08-18
2708,7647,5,5,Love it!,2022-12-12
2709,7227,121,4,Good quality,2021-02-10
2710,13065,159,5,Highly recommend!,2021-07-27
2711,101,152,3,It's okay,2022-08-02
2712,4558,73,2,Disappointed,2021-09-29
2713,9264,78,4,Works well,2021-03-22
2714,14338,93,4,Works well,2023-04-02
2715,1226,110,5,Excellent product!,2022-03-31
2716,11417,186,4,Satisfied with purchase,2022-08-31
2717,8277,159,4,Nice product,2022-11-11
2718,13357,189,4,Works well,2022-02-17
2719,2322,118,4,Good quality,2021-03-07
2720,6742,96,5,Excellent product!,2022-02-02
2721,7129,8,5,Excellent product!,2021-12-26
2722,4210,191,4,Works well,2022-10-08
2723,7418,199,2,Disappointed,2021-10-17
2724,12035,16,4,Satisfied with purchase,2023-06-13
2725,5049,87,4,Works well,2022-08-12
2726,6392,193,4,Nice product,2021-01-01
2727,13464,46,3,Decent,2021-03-23
2728,818,151,4,Satisfied with purchase,2022-10-07
2729,6077,166,5,Highly recommend!,2021-04-26
2730,5594,161,3,Not bad,2021-12-21
2731,967,174,5,Excellent product!,2021-05-08
2732,4881,173,3,Not bad,2023-12-27
2733,14900,44,4,Works well,2023-12-01
2734,1980,190,4,Satisfied with purchase,2023-01-08
2735,11801,155,5,Excellent product!,2023-01-23
2736,9174,136,4,Good quality,2021-06-20
2737,7767,46,5,,2021-01-25
2738,9163,127,5,Best purchase ever!,2022-10-11
2739,12112,139,3,It's okay,2022-02-04
2740,7350,79,4,Good quality,2023-04-22
2741,7329,67,1,Waste of money,2021-11-06
2742,14572,7,3,Average product,2022-09-14
2743,9777,199,1,Poor quality,2022-09-20
2744,10537,64,4,,2022-04-25
2745,10726,39,5,Best purchase ever!,2023-10-10
2746,11927,11,5,Love it!,2022-07-08
2747,3726,77,2,Not great,2021-11-16
2748,1167,52,3,Not bad,2021-02-24
2749,8743,73,4,Good quality,2021-05-21
2750,13507,107,5,Excellent product!,2022-11-11
2751,13968,191,5,Highly recommend!,2023-07-26
2752,12165,137,4,Satisfied with purchase,2021-12-19
2753,7818,105,3,Not bad,2023-02-26
2754,5618,71,4,Works well,2021-11-06
2755,7332,175,3,Decent,2023-05-11
2756,6579,46,3,Not bad,2021-12-23
2757,5650,197,1,Do not buy,2021-10-12
2758,8770,85,5,Excellent product!,2023-04-07
2759,5157,46,5,Love it!,2023-06-07
2760,320,107,2,Below expectations,2023-11-30
2761,9001,80,3,It's okay,2023-10-01
2762,2513,6,3,Not bad,2023-03-01
2763,12004,102,4,Satisfied with purchase,2021-06-24
2764,10161,103,4,Works well,2023-04-25
2765,4325,41,2,Disappointed,2023-02-11
2766,1004,162,1,Do not buy,2021-05-25
2767,8132,64,3,Average product,2022-08-09
2768,8999,5,4,Works well,2023-07-25
2769,14319,135,4,Works well,2022-11-09
2770,5693,191,5,Best purchase ever!,2021-10-18
2771,5810,90,4,,2021-01-28
2772,9167,22,4,Works well,2021-08-12
2773,1197,41,5,Love it!,2021-04-01
2774,11488,152,4,Satisfied with purchase,2023-01-03
2775,12374,133,4,Good quality,2022-11-17
2776,11099,65,4,Satisfied with purchase,2023-08-16
2777,2494,145,5,Best purchase ever!,2023-02-04
2778,2783,143,3,It's okay,2022-07-30
2779,7030,112,5,Excellent product!,2023-03-15
2780,2479,16,2,Not great,2022-04-19
2781,14712,12,3,It's okay,2022-02-11
2782,4869,182,4,Satisfied with purchase,2021-07-11
2783,10070,28,3,It's okay,2022-05-11
2784,1601,196,3,Decent,2021-04-04
2785,9450,8,3,Not bad,2021-01-24
2786,8296,117,2,Disappointed,2023-12-06
2787,11882,103,4,Nice product,2021-04-20
2788,10605,169,2,Below expectations,2021-09-11
2789,6772,52,5,Love it!,2023-05-26
2790,14875,133,3,It's okay,2022-01-06
2791,9660,156,4,Works well,2023-11-09
2792,6148,137,3,Average product,2021-11-05
2793,7730,106,3,Not bad,2021-10-13
2794,13866,139,5,Love it!,2023-08-09
2795,6959,7,4,Satisfied with purchase,2023-05-24
2796,3958,75,3,It's okay,2023-01-29
2797,5187,118,3,Decent,2023-05-25
2798,13852,101,5,Highly recommend!,2021-03-20
2799,1858,95,4,Satisfied with purchase,2022-07-13
2800,1392,16,4,Satisfied with purchase,2022-04-08
2801,2937,33,2,Could be better,2023-02-18
2802,14573,180,4,Good quality,2022-08-31
2803,4861,129,3,It's okay,2021-05-15
2804,11579,135,2,Not great,2022-05-18
2805,8987,200,4,Good quality,2021-09-25
2806,9800,127,4,Good quality,2022-11-25
2807,2872,3,4,Satisfied with purchase,2022-08-12
2808,11355,102,4,Nice product,2022-11-28
2809,10073,116,5,Highly recommend!,2023-02-26
2810,11409,50,4,Satisfied with purchase,2021-02-03
2811,14895,123,5,Best purchase ever!,2023-08-08
2812,4861,188,5,Highly recommend!,2023-10-05
2813,3619,160,5,Best purchase ever!,2021-09-02
2814,12348,159,4,Works well,2021-01-04
2815,12321,21,2,Could be better,2023-11-24
2816,13987,44,4,,2022-12-25
2817,1787,39,5,Love it!,2021-12-20
2818,7072,157,5,Love it!,2023-06-07
2819,9571,127,3,It's okay,2023-01-30
2820,8440,34,4,Good quality,2022-08-17
2821,11490,52,5,Excellent product!,2023-09-29
2822,9089,43,5,Love it!,2022-03-30
2823,8628,89,4,Satisfied with purchase,2023-10-10
2824,8819,182,1,Waste of money,2022-03-28
2825,14924,134,5,Best purchase ever!,2022-10-27
2826,11779,36,1,Do not buy,2023-04-26
2827,10333,127,3,Not bad,2023-10-28
2828,2937,196,4,Satisfied with purchase,2023-01-21
2829,390,111,2,Below expectations,2021-12-18
2830,9604,200,5,Love it!,2022-03-09
2831,2,167,4,Nice product,2023-09-30
2832,10358,47,4,Good quality,2021-03-27
2833,6114,135,4,Nice product,2022-01-16
2834,6661,167,1,Poor quality,2022-10-20
2835,10362,199,5,Best purchase ever!,2021-02-16
2836,3615,165,4,Nice product,2023-10-20
2837,10176,40,1,Waste of money,2021-12-01
2838,1147,105,5,Excellent product!,2023-08-04
2839,1211,19,5,Highly recommend!,2022-02-13
2840,14337,20,4,Nice product,2023-09-02
2841,6470,76,5,Highly recommend!,2022-10-27
2842,1508,29,4,Nice product,2023-12-14
2843,7924,101,2,Could be better,2022-01-03
2844,9907,187,5,Best purchase ever!,2021-04-28
2845,8869,123,3,It's okay,2022-07-03
2846,8250,88,5,,2021-03-13
2847,2724,2,4,Works well,2021-05-19
2848,119,86,3,It's okay,2022-06-17
2849,12775,150,4,Good quality,2023-04-23
2850,13713,142,4,Nice product,2023-11-13
2851,6262,11,5,Excellent product!,2022-12-15
2852,9761,53,3,Average product,2022-06-09
2853,13404,199,5,Highly recommend!,2021-12-29
2854,110,64,5,Excellent product!,2022-09-29
2855,13354,20,4,Satisfied with purchase,2023-04-15
2856,10514,93,4,Good quality,2022-07-01
2857,10506,118,5,,2022-11-11
2858,7889,45,5,Excellent product!,2021-03-18
2859,459,81,5,Best purchase ever!,2023-01-24
2860,2723,3,5,Highly recommend!,2021-10-17
2861,11779,164,1,Terrible,2021-09-20
2862,7817,134,5,Best purchase ever!,2021-08-12
2863,14390,199,5,Love it!,2023-05-02
2864,9561,117,4,Good quality,2021-09-13
2865,12660,176,3,Average product,2021-12-07
2866,368,188,2,Could be better,2023-05-24
2867,313,99,4,,2023-03-26
2868,2110,54,5,Excellent product!,2023-04-02
2869,743,132,5,Love it!,2022-09-23
2870,863,199,4,Nice product,2023-11-30
2871,206,95,5,Best purchase ever!,2023-11-25
2872,12267,187,4,Works well,2021-01-14
2873,10736,184,4,Nice product,2022-06-11
2874,11583,157,4,Good quality,2021-11-22
2875,5093,88,3,It's okay,2022-02-18
2876,10414,68,5,Highly recommend!,2022-08-02
2877,6308,180,3,Average product,2022-11-21
2878,2746,8,5,Best purchase ever!,2021-04-20
2879,8530,167,3,It's okay,2023-09-21
2880,883,151,4,Good quality,2022-11-21
2881,14381,98,2,Not great,2023-04-13
2882,1690,99,2,Not great,2021-09-02
2883,947,54,2,Below expectations,2023-11-28
2884,14369,91,5,Excellent product!,2023-04-12
2885,7696,126,4,Good quality,2021-04-30
2886,3072,154,5,Best purchase ever!,2023-05-09
2887,5443,131,5,Excellent product!,2021-06-27
2888,10901,37,3,Not bad,2023-12-14
2889,9647,127,3,It's okay,2022-05-21
2890,1173,148,5,Best purchase ever!,2021-07-13
2891,8167,1,2,Could be better,2021-06-15
2892,13180,62,3,Not bad,2023-02-10
2893,12834,38,5,Best purchase ever!,2022-09-26
2894,2103,68,4,,2021-12-14
2895,10030,130,5,Love it!,2023-07-19
2896,10818,37,5,Excellent product!,2023-05-11
2897,13595,67,5,Love it!,2022-01-18
2898,9294,143,5,Love it!,2021-01-16
2899,4268,200,3,Not bad,2023-12-17
2900,4409,33,5,Love it!,2021-09-16
2901,5571,144,4,Good quality,2021-09-06
2902,5659,155,3,Decent,2022-09-13
2903,3664,168,3,Average product,2022-09-18
2904,1113,100,3,It's okay,2022-03-22
2905,5880,131,2,,2021-07-19
2906,1936,168,4,,2023-01-27
2907,2605,71,5,Excellent product!,2022-08-16
2908,1074,132,3,Not bad,2023-06-13
2909,14174,179,5,,2023-09-21
2910,9086,42,4,Nice product,2021-08-10
2911,10915,13,5,,2022-05-25
2912,1533,50,2,Disappointed,2023-03-20
2913,14132,117,5,Highly recommend!,2021-12-14
2914,6344,185,4,Satisfied with purchase,2023-02-22
2915,2634,161,2,Not great,2021-02-02
2916,3603,191,4,Works well,2021-04-06
2917,11421,197,4,Nice product,2023-10-01
2918,12101,116,4,Nice product,2023-02-10
2919,2381,172,3,Not bad,2021-12-08
2920,9489,84,3,Average product,2022-05-13
2921,12217,127,4,Works well,2021-12-23
2922,12438,194,4,Satisfied with purchase,2022-10-11
2923,9245,63,5,Excellent product!,2021-01-11
2924,10228,64,5,Excellent product!,2023-03-29
2925,11876,195,3,Not bad,2022-08-31
2926,12544,96,4,Satisfied with purchase,2022-09-22
2927,14657,90,4,Good quality,2022-03-25
2928,11402,69,4,Satisfied with purchase,2023-03-16
2929,5656,53,5,Highly recommend!,2023-12-06
2930,13484,33,4,Satisfied with purchase,2021-02-15
2931,4672,87,2,Could be better,2021-02-28
2932,5876,150,4,Works well,2022-01-13
2933,12478,100,5,,2023-06-06
2934,11709,112,5,Excellent product!,2023-05-19
2935,10877,48,2,Not great,2023-01-20
2936,1413,90,4,Good quality,2022-05-16
2937,8969,80,4,Satisfied with purchase,2023-11-28
2938,9737,147,3,Not bad,2023-10-31
2939,1075,149,4,Satisfied with purchase,2022-05-19
2940,9628,45,4,Satisfied with purchase,2022-09-16
2941,10414,9,2,Not great,2023-03-29
2942,14581,133,5,Excellent product!,2023-05-08
2943,12300,12,4,Works well,2023-04-10
2944,8172,132,5,Love it!,2021-12-11
2945,9808,72,3,Average product,2023-02-14
2946,956,35,2,Not great,2023-09-10
2947,2438,35,1,Terrible,2023-06-21
2948,377,86,4,Good quality,2021-07-23
2949,12990,3,5,Excellent product!,2023-03-17
2950,1313,195,4,Works well,2022-07-29
2951,12586,126,5,Excellent product!,2022-05-01
2952,6831,37,4,Satisfied with purchase,2021-03-29
2953,5116,83,2,,2023-02-21
2954,9322,88,5,Best purchase ever!,2021-01-31
2955,6902,50,4,,2022-01-23
2956,1228,156,4,Nice product,2023-02-19
2957,2952,36,2,Could be better,2022-01-19
2958,1659,184,3,It's okay,2022-04-23
2959,13066,58,4,Works well,2023-09-19
2960,125,14,5,Highly recommend!,2023-10-20
2961,2627,188,4,Works well,2023-04-27
2962,12716,113,4,Good quality,2022-08-31
2963,14087,92,5,Love it!,2021-05-06
2964,10357,21,4,Works well,2021-08-06
2965,10366,132,3,It's okay,2022-07-24
2966,14538,138,3,Not bad,2022-09-19
2967,6676,11,3,Decent,2022-07-02
2968,13836,144,5,Best purchase ever!,2021-04-12
2969,6661,76,5,Highly recommend!,2023-05-04
2970,8308,95,4,Nice product,2022-10-02
2971,6048,152,3,Decent,2023-11-13
2972,5558,133,3,Decent,2021-08-31
2973,520,90,4,Works well,2021-02-07
2974,11358,114,2,Could be better,2022-10-06
2975,4258,43,4,Good quality,2021-07-15
2976,13966,3,4,,2022-03-30
2977,5297,91,4,Nice product,2021-04-26
2978,10090,165,5,,2022-07-07
2979,4075,58,2,Could be better,2023-06-18
2980,7602,183,4,Good quality,2023-03-09
2981,6781,96,5,Highly recommend!,2023-08-20
2982,10044,92,3,It's okay,2022-12-14
2983,13710,62,4,Good quality,2022-05-11
2984,9837,69,4,Works well,2022-05-03
2985,7579,170,5,Love it!,2022-12-08
2986,3290,24,5,Best purchase ever!,2022-04-03
2987,4443,121,5,Excellent product!,2023-11-04
2988,2584,172,4,Satisfied with purchase,2023-05-05
2989,14691,174,3,Decent,2021-08-14
2990,9052,145,2,Could be better,2021-11-14
2991,8580,155,5,Love it!,2022-11-04
2992,3441,198,4,Works well,2021-12-25
2993,7063,62,3,Not bad,2022-02-21
2994,1165,170,4,Nice product,2021-02-09
2995,7551,85,5,Highly recommend!,2021-08-17
2996,1642,97,5,Love it!,2023-08-02
2997,10058,63,1,,2021-12-02
2998,7740,20,2,Not great,2021-01-26
2999,3466,200,4,,2021-07-23
3000,3133,101,2,Not great,2021-05-16
3001,4604,162,2,Not great,2021-11-07
3002,14323,20,3,It's okay,2022-01-18
3003,4858,129,3,Average product,2021-09-01
3004,360,167,5,Excellent product!,2023-05-23
3005,5227,186,5,Love it!,2023-08-21
3006,9546,19,3,Not bad,2023-03-22
3007,8617,114,4,Good quality,2023-08-14
3008,12301,196,4,Satisfied with purchase,2021-08-28
3009,1442,51,5,Best purchase ever!,2021-04-26
3010,4776,156,2,Disappointed,2021-08-31
3011,13142,112,4,Works well,2021-11-03
3012,4206,127,5,Excellent product!,2021-08-17
3013,11169,124,4,Nice product,2023-07-07
3014,10173,145,5,Best purchase ever!,2023-11-13
3015,10609,181,3,Average product,2023-08-08
3016,11156,138,3,Average product,2023-01-17
3017,14349,24,5,Love it!,2022-09-29
3018,11950,106,4,Satisfied with purchase,2022-12-20
3019,11509,172,5,Highly recommend!,2022-01-08
3020,6268,62,3,It's okay,2022-03-04
3021,933,184,3,It's okay,2023-11-26
3022,14063,25,3,Average product,2022-10-28
3023,1891,191,5,Love it!,2023-10-29
3024,11133,29,3,Average product,2021-04-20
3025,5943,78,4,Satisfied with purchase,2022-03-22
3026,3749,42,3,Decent,2023-12-18
3027,12524,25,4,Good quality,2023-04-23
3028,9426,129,4,Good quality,2021-11-08
3029,12718,170,3,Average product,2021-08-02
3030,14861,88,4,Works well,2022-06-11
3031,6453,153,4,Satisfied with purchase,2021-04-12
3032,10776,133,5,Excellent product!,2022-06-11
3033,14756,3,5,Highly recommend!,2022-03-25
3034,5751,26,3,Decent,2023-09-26
3035,10893,165,4,Good quality,2021-12-26
3036,4561,169,4,Satisfied with purchase,2022-05-23
3037,5147,180,4,Works well,2022-12-31
3038,11742,90,5,Love it!,2022-02-02
3039,12595,132,3,It's okay,2021-09-21
3040,2598,186,4,Works well,2023-05-14
3041,4338,138,2,Not great,2021-03-12
3042,5210,29,2,Not great,2021-11-17
3043,8003,107,4,Good quality,2023-10-15
3044,9171,116,4,Good quality,2022-06-19
3045,5978,181,3,Decent,2022-06-02
3046,747,100,2,Disappointed,2022-06-23
3047,666,55,3,It's okay,2021-02-17
3048,2103,130,3,Decent,2022-06-30
3049,9302,63,2,,2022-06-13
3050,6963,29,5,Highly recommend!,2021-11-01
3051,8163,100,4,Satisfied with purchase,2022-02-18
3052,3781,133,5,Highly recommend!,2022-12-18
3053,13178,13,5,Best purchase ever!,2023-11-07
3054,2383,57,3,It's okay,2023-08-24
3055,7118,90,3,It's okay,2021-09-22
3056,3310,60,2,Below expectations,2021-02-24
3057,2994,26,5,Highly recommend!,2021-04-25
3058,6798,30,5,Best purchase ever!,2021-01-30
3059,12639,157,3,Not bad,2023-04-22
3060,3598,79,3,Decent,2021-04-15
3061,1145,36,4,Good quality,2021-11-05
3062,14547,107,4,Nice product,2021-03-31
3063,10741,118,5,Highly recommend!,2023-05-01
3064,11352,144,1,Waste of money,2023-10-07
3065,9308,172,5,Love it!,2023-03-25
3066,12225,94,5,Excellent product!,2023-02-23
3067,797,130,4,Nice product,2023-07-24
3068,2786,35,2,Could be better,2023-10-22
3069,12471,115,4,Works well,2021-10-19
3070,11902,124,4,Satisfied with purchase,2023-12-25
3071,12587,82,2,Not great,2022-08-14
3072,10200,164,5,Highly recommend!,2021-04-25
3073,2101,153,4,Works well,2023-05-27
3074,3965,166,4,Satisfied with purchase,2021-02-22
3075,12456,192,4,Satisfied with purchase,2023-04-23
3076,3550,42,4,Nice product,2023-05-16
3077,434,168,2,Could be better,2022-01-08
3078,2509,136,5,Highly recommend!,2023-05-17
3079,14180,192,1,Waste of money,2022-07-26
3080,4614,198,5,Highly recommend!,2022-05-23
3081,2412,111,2,Could be better,2021-05-30
3082,13370,86,3,Decent,2023-05-18
3083,5065,66,4,Satisfied with purchase,2022-09-18
3084,2408,17,4,Nice product,2022-06-10
3085,11447,91,4,Nice product,2022-05-01
3086,6754,119,4,Works well,2023-08-30
3087,13604,117,4,Works well,2021-02-14
3088,11155,120,5,Excellent product!,2023-09-28
3089,4531,119,2,Below expectations,2021-10-25
3090,2456,122,3,Not bad,2022-06-20
3091,14457,101,3,,2021-10-09
3092,14037,3,3,Decent,2021-03-10
3093,878,63,3,Not bad,2021-04-12
3094,3545,74,5,Best purchase ever!,2021-05-05
3095,7916,191,4,Satisfied with purchase,2022-01-13
3096,2595,142,4,Satisfied with purchase,2021-07-21
3097,14320,13,5,Excellent product!,2022-01-22
3098,8120,62,3,Average product,2021-12-04
3099,7418,30,5,Best purchase ever!,2021-03-30
3100,9579,13,4,Works well,2023-03-08
3101,14122,141,4,,2022-02-17
3102,3948,78,1,Waste of money,2021-02-06
3103,12049,92,4,Satisfied with purchase,2022-03-03
3104,8529,132,3,,2023-12-15
3105,546,66,1,Poor quality,2023-05-11
3106,13660,147,4,Nice product,2023-09-09
3107,3687,175,5,Love it!,2021-10-07
3108,13941,143,5,Love it!,2022-08-20
3109,4817,200,4,,2023-11-09
3110,6975,199,5,Love it!,2022-02-20
3111,14004,125,5,Best purchase ever!,2021-08-27
3112,4793,133,4,Good quality,2023-10-25
3113,5382,109,3,Not bad,2021-10-24
3114,2269,80,2,Disappointed,2021-08-24
3115,13339,13,4,Satisfied with purchase,2022-10-15
3116,3785,170,4,Good quality,2022-10-13
3117,6442,103,1,Do not buy,2023-07-09
3118,13871,66,5,Excellent product!,2023-11-26
3119,10250,50,2,Could be better,2021-02-08
3120,7378,12,5,Excellent product!,2021-08-18
3121,8517,31,4,Good quality,2022-01-11
3122,5800,105,4,Satisfied with purchase,2023-03-04
3123,14339,189,4,Nice product,2023-02-25
3124,9176,63,4,Nice product,2021-07-19
3125,13357,93,4,Nice product,2021-08-08
3126,7169,62,4,Good quality,2022-03-12
3127,745,166,4,Works well,2022-01-03
3128,10015,92,5,Highly recommend!,2022-10-04
3129,14820,113,3,Not bad,2021-03-23
3130,4909,161,3,,2022-03-22
3131,8627,170,4,Satisfied with purchase,2022-08-04
3132,2933,158,5,Excellent product!,2022-12-11
3133,5474,184,4,Nice product,2023-10-13
3134,690,94,5,Love it!,2021-04-23
3135,6520,142,5,Best purchase ever!,2023-08-28
3136,9047,152,3,Not bad,2023-12-05
3137,5249,15,4,Good quality,2022-05-20
3138,1831,47,2,Disappointed,2022-11-17
3139,285,12,4,Good quality,2022-05-01
3140,10202,72,3,Average product,2022-10-23
3141,14913,133,4,Satisfied with purchase,2022-09-20
3142,9842,138,4,Works well,2023-03-24
3143,2887,83,3,Average product,2022-10-05
3144,5361,69,5,Excellent product!,2022-02-03
3145,10775,10,4,Good quality,2022-10-07
3146,10065,19,5,Excellent product!,2021-06-19
3147,9906,35,3,Not bad,2023-08-15
3148,6161,185,5,Love it!,2022-01-25
3149,9131,123,1,Waste of money,2021-05-09
3150,3981,69,4,Satisfied with purchase,2021-09-27
3151,12119,174,5,Best purchase ever!,2022-06-05
3152,1732,168,5,Love it!,2023-02-16
3153,1819,196,4,Satisfied with purchase,2022-12-14
3154,551,191,4,Works well,2021-09-18
3155,5706,149,5,Best purchase ever!,2021-08-17
3156,5884,128,4,Satisfied with purchase,2021-08-15
3157,9174,154,5,Best purchase ever!,2022-03-13
3158,11808,179,4,Works well,2023-09-27
3159,14959,49,3,Decent,2021-01-08
3160,13275,175,5,Highly recommend!,2021-04-03
3161,4892,156,4,,2023-03-05
3162,3981,17,5,Highly recommend!,2022-02-13
3163,7304,117,4,Good quality,2022-05-05
3164,8795,68,3,Not bad,2022-08-12
3165,532,109,3,Not bad,2022-06-14
3166,1297,159,3,Not bad,2021-12-28
3167,14497,34,4,Good quality,2021-12-07
3168,12594,183,5,Highly recommend!,2021-08-01
3169,9339,18,4,Works well,2021-02-20
3170,5323,26,5,Excellent product!,2021-04-29
3171,1798,107,1,Poor quality,2021-08-05
3172,11250,87,5,Best purchase ever!,2023-05-09
3173,7223,86,4,Good quality,2022-05-18
3174,11361,78,5,Best purchase ever!,2022-03-02
3175,3400,13,5,Love it!,2022-11-22
3176,13144,170,3,It's okay,2022-02-28
3177,10956,99,5,Love it!,2022-04-05
3178,8368,19,5,Love it!,2023-02-01
3179,12,110,5,Excellent product!,2023-05-04
3180,3305,93,4,Works well,2022-01-11
3181,2298,141,5,Love it!,2021-05-08
3182,14207,34,3,It's okay,2023-11-17
3183,1658,63,3,Average product,2023-12-18
3184,4471,109,4,Good quality,2021-05-21
3185,8477,83,1,Terrible,2023-01-13
3186,9512,189,4,Nice product,2023-10-06
3187,11355,119,3,Not bad,2023-05-14
3188,5012,14,5,Love it!,2021-05-07
3189,3051,64,4,,2022-10-29
3190,8779,182,5,Highly recommend!,2023-07-01
3191,9053,123,3,Average product,2023-08-22
3192,11999,15,3,Average product,2023-03-29
3193,4487,146,3,,2022-04-11
3194,7716,193,3,Average product,2021-08-07
3195,2420,199,2,Could be better,2022-04-15
3196,3832,87,4,Good quality,2021-12-12
3197,10092,86,5,Excellent product!,2022-06-23
3198,6040,198,3,Average product,2022-03-09
3199,321,5,3,Average product,2022-09-22
3200,8812,15,5,Highly recommend!,2023-02-13
3201,5453,27,2,,2022-09-16
3202,7533,174,2,,2022-02-20
3203,702,152,5,Highly recommend!,2022-09-28
3204,2382,188,3,Average product,2023-07-20
3205,584,13,4,Nice product,2021-07-24
3206,3883,139,4,Nice product,2021-03-04
3207,12667,74,4,Good quality,2022-03-24
3208,12280,63,2,Disappointed,2021-06-23
3209,4756,49,4,Works well,2021-01-21
3210,830,177,4,Works well,2021-05-13
3211,10036,186,3,Decent,2021-04-23
3212,6220,15,3,,2021-08-31
3213,8986,134,4,Satisfied with purchase,2022-10-07
3214,14934,85,5,Excellent product!,2021-06-28
3215,10236,140,5,Highly recommend!,2022-09-21
3216,12206,116,5,Excellent product!,2022-09-21
3217,340,28,3,Not bad,2021-09-07
3218,7651,79,4,Satisfied with purchase,2022-07-25
3219,6804,196,5,Excellent product!,2022-08-05
3220,1753,175,4,Works well,2022-04-10
3221,1840,117,4,Works well,2021-10-13
3222,11414,23,2,Below expectations,2023-02-13
3223,13691,166,5,Excellent product!,2022-12-28
3224,406,178,5,Highly recommend!,2022-05-27
3225,14474,12,3,Not bad,2021-08-08
3226,2300,159,4,,2023-11-05
3227,440,25,4,Good quality,2021-09-09
3228,9793,19,3,It's okay,2022-09-09
3229,7461,94,5,Highly recommend!,2023-03-02
3230,7051,26,3,Average product,2023-01-12
3231,7937,33,5,Best purchase ever!,2021-12-14
3232,13315,45,3,Not bad,2021-06-17
3233,5957,78,4,Nice product,2023-08-30
3234,1830,69,5,Best purchase ever!,2021-10-02
3235,3212,82,3,Decent,2023-02-22
3236,8757,111,5,Highly recommend!,2022-07-19
3237,1427,143,4,Nice product,2023-09-22
3238,11970,151,4,Works well,2021-03-13
3239,10467,99,4,Works well,2023-03-16
3240,14492,164,4,Works well,2023-11-08
3241,14179,186,5,Highly recommend!,2022-07-07
3242,2150,92,3,Not bad,2022-11-08
3243,9029,178,5,Excellent product!,2021-03-25
3244,6337,22,5,Love it!,2023-02-23
3245,7556,172,4,Works well,2023-06-10
3246,2839,58,4,Works well,2021-04-12
3247,4582,193,5,Excellent product!,2021-03-15
3248,1253,17,3,It's okay,2023-01-31
3249,13145,123,4,Works well,2023-12-05
3250,1627,125,3,Average product,2022-04-27
3251,3146,61,4,Works well,2021-07-30
3252,3755,87,5,Highly recommend!,2022-03-19
3253,9598,67,4,Works well,2021-10-04
3254,7336,55,5,Highly recommend!,2021-07-04
3255,8889,110,3,Average product,2023-09-09
3256,3098,76,4,Good quality,2022-12-04
3257,7591,16,5,Highly recommend!,2023-03-16
3258,7207,129,3,It's okay,2022-12-09
3259,13031,71,4,Good quality,2021-03-10
3260,2815,127,5,Excellent product!,2021-08-11
3261,1982,187,5,Best purchase ever!,2022-08-27
3262,10896,183,5,Love it!,2023-11-01
3263,10151,152,4,Works well,2022-02-10
3264,4336,158,3,It's okay,2023-04-06
3265,13237,78,5,Best purchase ever!,2023-03-01
3266,8882,182,1,Do not buy,2021-05-01
3267,307,84,4,Works well,2023-02-08
3268,14375,200,3,Not bad,2021-07-10
3269,1376,106,5,Highly recommend!,2022-10-12
3270,13306,147,4,Good quality,2022-09-30
3271,6153,50,5,Excellent product!,2022-07-22
3272,6225,103,4,Satisfied with purchase,2023-12-12
3273,1470,177,5,Highly recommend!,2023-04-02
3274,7107,119,5,Excellent product!,2021-01-08
3275,5572,69,5,Best purchase ever!,2023-03-18
3276,12612,157,1,Do not buy,2021-08-11
3277,1968,51,4,Nice product,2022-05-03
3278,2286,108,5,,2021-09-28
3279,10974,154,5,Best purchase ever!,2021-03-16
3280,1327,181,5,Best purchase ever!,2022-11-24
3281,6142,84,4,,2022-07-08
3282,6119,57,4,Nice product,2022-01-05
3283,9874,110,3,It's okay,2023-12-04
3284,6018,150,2,Disappointed,2021-03-05
3285,9488,162,5,Love it!,2022-05-03
3286,1456,61,3,Not bad,2022-10-15
3287,14418,103,5,Love it!,2023-02-20
3288,371,116,5,Best purchase ever!,2021-11-27
3289,12102,4,5,Love it!,2021-01-19
3290,1879,188,3,Not bad,2022-11-06
3291,6952,62,5,Best purchase ever!,2022-03-03
3292,10961,162,4,Works well,2021-05-09
3293,13088,45,3,It's okay,2021-05-23
3294,962,35,2,Disappointed,2023-04-05
3295,7989,69,2,Below expectations,2023-08-28
3296,3653,196,4,Nice product,2021-09-09
3297,1002,127,5,Love it!,2022-08-24
3298,2894,29,4,Satisfied with purchase,2023-07-28
3299,1273,173,3,Average product,2023-02-23
3300,8683,159,5,Highly recommend!,2023-02-16
3301,12882,163,4,Satisfied with purchase,2023-01-28
3302,1437,181,2,Disappointed,2023-04-15
3303,7333,125,3,Not bad,2023-07-29
3304,4090,61,4,Satisfied with purchase,2021-06-04
3305,891,9,4,Nice product,2021-07-31
3306,12650,16,4,Satisfied with purchase,2022-11-16
3307,13228,191,3,Decent,2022-07-05
3308,5194,141,1,Terrible,2023-12-12
3309,5910,22,2,Disappointed,2023-04-03
3310,9273,171,5,Best purchase ever!,2022-11-27
3311,12634,179,4,Works well,2022-03-15
3312,2544,121,3,Decent,2023-02-22
3313,1467,183,3,Decent,2022-09-06
3314,10677,111,5,Highly recommend!,2022-02-21
3315,8233,195,3,Average product,2022-04-23
3316,1746,3,2,Below expectations,2023-07-14
3317,5257,133,5,Love it!,2021-12-17
3318,10066,151,3,Average product,2023-01-30
3319,6674,133,5,Best purchase ever!,2021-11-06
3320,8899,13,5,Excellent product!,2023-11-20
3321,2947,147,3,Average product,2023-02-09
3322,3096,125,5,Love it!,2023-09-27
3323,4532,168,5,Highly recommend!,2022-12-06
3324,13932,101,3,Not bad,2022-02-01
3325,1180,148,3,It's okay,2021-06-03
3326,12406,107,2,Below expectations,2022-02-06
3327,2709,168,5,Best purchase ever!,2021-12-21
3328,13409,16,5,Love it!,2022-09-07
3329,2673,119,4,Works well,2023-12-30
3330,8768,44,5,Best purchase ever!,2022-03-10
3331,6422,186,3,It's okay,2021-08-07
3332,816,184,2,Below expectations,2022-10-30
3333,12963,192,5,Highly recommend!,2021-02-19
3334,8105,83,5,Excellent product!,2021-04-07
3335,3904,176,3,It's okay,2023-08-15
3336,235,128,3,Average product,2021-05-08
3337,9152,5,5,Excellent product!,2023-03-12
3338,11513,14,5,Highly recommend!,2023-08-16
3339,2905,55,3,Not bad,2021-11-08
3340,5967,79,4,Satisfied with purchase,2023-09-20
3341,12247,169,4,Nice product,2022-10-06
3342,2672,45,5,Best purchase ever!,2022-01-10
3343,3409,27,4,Good quality,2021-03-31
3344,13418,56,4,Satisfied with purchase,2021-11-29
3345,3591,170,5,Best purchase ever!,2023-12-27
3346,12262,30,5,Highly recommend!,2021-10-12
3347,14681,24,5,Highly recommend!,2022-01-29
3348,5412,190,3,Decent,2022-08-19
3349,10408,86,4,Nice product,2023-09-19
3350,7297,163,4,Nice product,2021-06-02
3351,7056,19,3,Average product,2021-01-28
3352,5604,91,5,Excellent product!,2023-04-19
3353,2540,79,4,Satisfied with purchase,2023-03-23
3354,5655,194,4,Nice product,2023-02-28
3355,10260,134,5,,2021-11-24
3356,11990,39,3,Not bad,2022-08-22
3357,1939,82,5,Best purchase ever!,2021-12-08
3358,13530,114,5,Highly recommend!,2021-03-21
3359,588,200,5,Highly recommend!,2022-01-22
3360,5379,116,4,Works well,2023-11-18
3361,12045,120,2,Below expectations,2023-06-08
3362,10901,134,5,Excellent product!,2022-01-10
3363,7753,87,5,Best purchase ever!,2023-03-06
3364,3504,82,4,Nice product,2022-07-28
3365,2813,43,5,Highly recommend!,2023-03-11
3366,5956,79,4,Satisfied with purchase,2023-10-27
3367,406,29,5,Love it!,2023-12-20
3368,4277,100,3,Decent,2022-04-28
3369,8028,22,1,Do not buy,2022-09-09
3370,4262,145,5,Highly recommend!,2023-10-02
3371,11145,28,3,It's okay,2021-07-29
3372,9027,8,5,Best purchase ever!,2023-03-01
3373,4938,191,2,Could be better,2021-04-25
3374,7539,92,4,Nice product,2022-09-25
3375,2431,38,2,Disappointed,2023-02-12
3376,5461,3,4,Nice product,2021-02-28
3377,2119,198,2,Disappointed,2021-06-22
3378,11201,35,4,Satisfied with purchase,2023-12-21
3379,24,138,4,Good quality,2023-12-24
3380,238,142,4,Satisfied with purchase,2021-03-23
3381,3577,127,2,Disappointed,2023-12-23
3382,11526,108,4,Good quality,2022-05-22
3383,12227,93,5,Best purchase ever!,2023-07-13
3384,8268,139,5,Love it!,2022-04-14
3385,12919,191,4,Satisfied with purchase,2023-11-13
3386,6869,60,5,Best purchase ever!,2023-02-05
3387,13577,139,4,Satisfied with purchase,2022-07-04
3388,8688,125,3,Average product,2023-12-08
3389,8797,187,4,,2021-03-27
3390,3145,136,4,Works well,2023-04-23
3391,4150,88,4,Nice product,2023-09-07
3392,13424,167,4,Works well,2021-01-22
3393,5552,36,4,Nice product,2022-01-15
3394,7428,172,5,Love it!,2023-07-08
3395,14052,166,2,Not great,2022-12-21
3396,9103,118,4,,2021-08-18
3397,1600,88,5,Highly recommend!,2021-05-18
3398,12498,58,4,Good quality,2023-04-11
3399,7246,5,4,Good quality,2022-11-07
3400,11583,154,4,Works well,2021-07-18
3401,4659,182,5,Best purchase ever!,2023-11-24
3402,9912,38,5,Highly recommend!,2022-01-21
3403,4976,169,3,Decent,2022-12-02
3404,7373,54,5,Love it!,2023-01-26
3405,12439,150,4,Works well,2021-01-10
3406,11642,15,4,Works well,2022-11-13
3407,3155,132,5,Love it!,2023-11-20
3408,426,64,5,Best purchase ever!,2021-02-23
3409,7278,172,4,Works well,2022-12-23
3410,880,144,5,Best purchase ever!,2023-07-19
3411,9858,141,4,Nice product,2023-12-18
3412,2213,4,2,Could be better,2024-01-01
3413,3849,35,4,Good quality,2021-06-11
3414,5098,28,5,Love it!,2023-03-20
3415,13586,193,4,Nice product,2023-04-25
3416,7856,127,4,Works well,2023-01-19
3417,2367,197,3,It's okay,2021-07-25
3418,2123,48,4,Nice product,2023-08-30
3419,2444,196,5,Highly recommend!,2021-07-25
3420,10531,1,3,Average product,2023-09-08
3421,5077,34,5,,2021-02-14
3422,9160,95,5,Best purchase ever!,2023-06-17
3423,12352,28,3,It's okay,2023-05-02
3424,6766,141,5,,2021-04-17
3425,13761,53,4,,2021-04-11
3426,1787,151,4,Satisfied with purchase,2023-09-27
3427,5896,32,5,Excellent product!,2021-08-06
3428,8873,175,3,It's okay,2022-10-31
3429,13447,193,4,Good quality,2022-09-08
3430,4833,46,4,Good quality,2021-09-29
3431,8074,182,4,Works well,2022-07-22
3432,5807,176,2,Below expectations,2023-01-12
3433,7841,132,3,Average product,2021-12-30
3434,2503,44,4,,2022-05-06
3435,1499,28,4,Works well,2023-04-25
3436,5895,117,1,Terrible,2021-07-25
3437,9529,96,4,Satisfied with purchase,2023-07-19
3438,8648,101,4,Good quality,2021-08-06
3439,7365,94,2,Could be better,2022-10-21
3440,6136,83,4,Works well,2021-08-13
3441,10350,32,5,Best purchase ever!,2021-11-05
3442,2203,69,2,Not great,2023-02-21
3443,10947,49,4,Satisfied with purchase,2023-08-06
3444,7184,96,4,Satisfied with purchase,2023-02-19
3445,10872,87,4,Satisfied with purchase,2022-04-02
3446,9687,121,4,Good quality,2022-02-05
3447,380,49,2,Not great,2022-08-12
3448,8379,74,4,Works well,2022-12-03
3449,4800,16,4,Satisfied with purchase,2022-04-01
3450,14161,197,5,Excellent product!,2022-06-18
3451,9021,171,5,Highly recommend!,2021-01-26
3452,12099,157,4,Good quality,2022-07-14
3453,12479,31,3,Not bad,2023-10-11
3454,2728,10,4,Satisfied with purchase,2023-06-27
3455,11974,117,5,,2021-02-07
3456,11357,82,2,Disappointed,2023-04-02
3457,4778,33,2,,2022-05-23
3458,1979,199,3,Not bad,2021-02-18
3459,3619,129,5,,2021-02-04
3460,3998,52,4,Nice product,2021-04-23
3461,3277,99,5,Highly recommend!,2022-12-08
3462,3263,129,5,Excellent product!,2023-06-09
3463,5709,47,3,Decent,2023-09-28
3464,12078,156,5,,2022-06-23
3465,13898,83,4,Satisfied with purchase,2021-12-23
3466,12929,144,5,Excellent product!,2021-02-04
3467,2554,49,4,Satisfied with purchase,2021-02-25
3468,14489,83,5,,2023-04-15
3469,36,51,5,Excellent product!,2022-09-04
3470,1361,193,4,Works well,2023-12-12
3471,7902,108,4,Satisfied with purchase,2023-11-22
3472,2674,114,3,Average product,2021-11-09
3473,80,171,5,Love it!,2023-10-28
3474,13278,88,3,Average product,2021-11-15
3475,10488,105,4,,2023-07-12
3476,2819,68,5,Highly recommend!,2021-06-12
3477,5346,26,2,Disappointed,2021-11-24
3478,4236,14,3,It's okay,2022-03-05
3479,3795,179,4,Good quality,2021-11-15
3480,3995,92,4,Works well,2021-07-11
3481,367,47,5,Best purchase ever!,2022-10-30
3482,4976,158,1,Poor quality,2022-08-24
3483,3040,173,4,Good quality,2021-06-22
3484,2799,99,5,Best purchase ever!,2023-05-18
3485,14188,52,4,Works well,2023-03-04
3486,4148,32,4,Works well,2023-07-15
3487,6840,147,5,Best purchase ever!,2023-11-24
3488,9154,46,5,Excellent product!,2022-07-18
3489,5510,53,5,Highly recommend!,2021-04-14
3490,12420,99,5,Best purchase ever!,2021-08-09
3491,5242,147,5,Love it!,2022-10-02
3492,9918,6,3,It's okay,2023-01-19
3493,4676,143,5,Excellent product!,2023-07-02
3494,4510,52,4,Good quality,2021-05-31
3495,5619,82,5,Excellent product!,2023-11-08
3496,9493,33,2,Not great,2022-07-22
3497,7387,130,4,Good quality,2021-03-02
3498,7208,51,1,Poor quality,2022-07-18
3499,1048,102,2,Could be better,2021-05-07
3500,7463,190,3,Not bad,2022-04-03
3501,11906,116,5,Love it!,2022-09-19
3502,961,32,4,Good quality,2021-11-10
3503,9752,137,4,Works well,2023-09-03
3504,2827,14,3,Decent,2023-12-23
3505,11625,103,5,Love it!,2021-04-05
3506,521,87,5,Highly recommend!,2022-10-21
3507,14434,134,5,Highly recommend!,2023-07-31
3508,3751,45,4,Nice product,2022-11-15
3509,14762,124,1,Terrible,2023-07-13
3510,4168,80,2,Not great,2023-06-30
3511,6858,85,5,Highly recommend!,2023-06-03
3512,8892,27,4,Satisfied with purchase,2023-03-10
3513,2608,116,3,Not bad,2021-04-02
3514,1098,158,4,Satisfied with purchase,2021-11-01
3515,2830,103,4,Works well,2023-01-03
3516,927,96,5,Excellent product!,2021-08-31
3517,4007,62,4,Good quality,2021-09-26
3518,7538,27,4,Works well,2023-02-10
3519,12476,149,4,Good quality,2022-11-12
3520,8480,96,2,Disappointed,2021-08-18
3521,5492,38,3,Decent,2022-04-14
3522,8271,114,4,Works well,2022-05-20
3523,4434,104,3,Decent,2021-12-27
3524,3187,79,5,Best purchase ever!,2021-01-02
3525,14669,33,4,Good quality,2023-05-25
3526,12599,142,2,Disappointed,2021-08-27
3527,133,76,5,Excellent product!,2023-04-13
3528,14028,184,5,Excellent product!,2023-05-23
3529,3769,61,1,Terrible,2021-08-28
3530,11310,8,4,Good quality,2022-06-20
3531,4121,13,4,Nice product,2023-07-26
3532,1700,68,4,Nice product,2023-05-23
3533,12396,152,3,It's okay,2022-10-03
3534,2692,12,5,Best purchase ever!,2021-10-07
3535,12884,133,4,Satisfied with purchase,2021-06-22
3536,9467,69,1,Waste of money,2021-10-30
3537,5585,75,2,Below expectations,2021-07-22
3538,5910,155,3,Average product,2023-04-04
3539,9704,18,4,Good quality,2021-04-17
3540,2516,32,4,Satisfied with purchase,2021-12-12
3541,9009,140,3,Decent,2022-06-04
3542,6283,19,5,Best purchase ever!,2023-07-10
3543,2771,118,4,Nice product,2022-01-20
3544,7378,56,4,Works well,2023-06-13
3545,4387,181,5,Highly recommend!,2022-03-22
3546,12327,144,2,Disappointed,2022-04-20
3547,308,110,4,Works well,2023-01-15
3548,8793,127,4,Good quality,2023-10-11
3549,3867,39,3,Not bad,2021-08-09
3550,4343,175,3,It's okay,2022-03-27
3551,10051,57,5,Best purchase ever!,2021-01-20
3552,13023,68,5,Excellent product!,2023-05-15
3553,14460,196,1,Waste of money,2023-11-09
3554,8674,167,4,Works well,2022-11-09
3555,7377,113,3,Not bad,2023-10-03
3556,6275,163,3,It's okay,2023-05-16
3557,14745,86,3,Not bad,2023-11-16
3558,693,1,5,Excellent product!,2022-04-06
3559,1960,111,5,Love it!,2023-08-12
3560,3248,140,2,Disappointed,2022-05-07
3561,14558,195,3,Not bad,2021-11-15
3562,2506,46,5,Love it!,2021-12-07
3563,9599,89,4,,2022-01-24
3564,3957,85,2,Disappointed,2023-10-21
3565,7566,180,1,Terrible,2023-02-26
3566,1723,192,3,Decent,2023-06-27
3567,14700,19,4,Good quality,2021-04-26
3568,9006,105,5,Excellent product!,2021-05-03
3569,2982,140,4,Satisfied with purchase,2022-11-18
3570,7417,132,3,,2021-01-29
3571,14990,23,3,It's okay,2022-06-10
3572,2855,18,4,Satisfied with purchase,2021-07-24
3573,11586,5,4,Nice product,2021-05-27
3574,3783,149,4,Nice product,2023-05-03
3575,9387,126,4,Good quality,2021-09-17
3576,3207,72,4,Works well,2023-06-29
3577,6927,9,3,Not bad,2022-02-12
3578,11240,80,5,Love it!,2022-11-13
3579,10197,13,2,Could be better,2021-08-22
3580,3676,95,4,Works well,2023-09-29
3581,7843,22,2,Below expectations,2021-03-01
3582,982,169,3,Average product,2021-12-10
3583,14374,178,3,Average product,2023-03-13
3584,13416,17,3,Average product,2022-10-15
3585,13106,175,4,Works well,2021-10-16
3586,2484,49,4,Nice product,2021-01-02
3587,2514,168,4,Nice product,2022-06-20
3588,2818,82,4,Nice product,2021-09-24
3589,8527,200,3,Average product,2021-01-11
3590,4892,141,5,Best purchase ever!,2021-06-29
3591,4840,169,5,Excellent product!,2023-11-15
3592,7773,93,3,Not bad,2022-07-03
3593,4624,180,5,,2023-07-12
3594,11078,180,3,Decent,2022-09-11
3595,9424,154,3,Not bad,2022-11-14
3596,10739,156,5,Love it!,2022-02-26
3597,9546,14,5,Excellent product!,2023-08-27
3598,12804,70,3,,2022-05-20
3599,10549,32,4,Good quality,2021-03-26
3600,8193,128,1,Terrible,2023-10-20
3601,319,131,4,Works well,2022-12-30
3602,314,104,5,Highly recommend!,2022-02-15
3603,8080,172,3,Not bad,2021-03-25
3604,127,58,1,Do not buy,2022-07-03
3605,13116,131,5,,2023-11-02
3606,14454,76,5,Love it!,2022-09-07
3607,3581,87,3,Decent,2021-09-17
3608,10030,91,5,Highly recommend!,2023-04-19
3609,8860,115,4,Satisfied with purchase,2022-09-25
3610,1694,18,5,Love it!,2023-08-26
3611,9336,167,3,It's okay,2023-05-05
3612,3964,149,5,Excellent product!,2022-07-19
3613,4038,79,2,Below expectations,2022-04-04
3614,5673,188,5,Best purchase ever!,2021-08-25
3615,6178,16,3,Not bad,2021-05-21
3616,3541,73,1,Waste of money,2022-10-26
3617,3411,199,3,Decent,2021-10-06
3618,5099,57,5,Love it!,2021-04-22
3619,164,182,2,Disappointed,2023-10-21
3620,3341,117,4,Satisfied with purchase,2021-09-08
3621,14284,155,5,Highly recommend!,2023-02-25
3622,2540,40,3,Average product,2023-10-07
3623,6156,145,4,Nice product,2023-09-07
3624,9594,200,1,Waste of money,2021-01-12
3625,11788,3,3,Average product,2021-04-23
3626,10372,23,3,Average product,2022-08-25
3627,6884,179,5,Best purchase ever!,2022-05-15
3628,2013,144,5,Best purchase ever!,2021-05-27
3629,11645,33,4,Nice product,2023-12-07
3630,11308,104,4,Nice product,2022-12-12
3631,9663,142,2,Not great,2021-08-07
3632,11878,31,4,Nice product,2022-03-27
3633,8358,124,3,Decent,2021-02-21
3634,9875,50,4,Works well,2023-01-08
3635,3012,56,4,Works well,2022-05-19
3636,14590,99,4,Works well,2022-06-03
3637,4283,71,4,Works well,2022-07-09
3638,13043,4,2,Disappointed,2022-01-05
3639,220,83,4,Satisfied with purchase,2021-02-09
3640,547,33,3,Not bad,2021-01-01
3641,12935,198,5,Best purchase ever!,2022-03-03
3642,5501,14,3,Decent,2021-10-30
3643,6483,61,4,Good quality,2021-07-22
3644,1249,27,5,Love it!,2022-09-23
3645,5162,125,2,Not great,2022-01-28
3646,13886,14,4,Good quality,2023-06-10
3647,6336,5,3,Not bad,2021-08-27
3648,13338,87,3,Not bad,2021-04-06
3649,5731,56,3,Not bad,2021-08-18
3650,13974,74,3,Decent,2023-04-17
3651,14185,5,5,Best purchase ever!,2021-11-19
3652,6959,175,3,Decent,2023-11-11
3653,13856,110,5,Best purchase ever!,2021-07-16
3654,8619,82,1,Waste of money,2023-09-11
3655,3797,183,5,Highly recommend!,2023-09-23
3656,5040,188,3,,2023-12-22
3657,11870,141,5,Best purchase ever!,2023-07-31
3658,14913,33,4,Good quality,2022-07-30
3659,14495,1,4,Works well,2022-08-30
3660,11758,158,3,,2023-05-19
3661,10943,57,5,Excellent product!,2021-07-15
3662,3544,112,4,Nice product,2023-03-13
3663,11046,165,5,Highly recommend!,2023-01-03
3664,996,7,3,Decent,2021-05-12
3665,705,36,5,,2021-06-23
3666,8910,60,5,Best purchase ever!,2023-12-30
3667,8462,57,2,Below expectations,2023-12-26
3668,2238,28,4,Nice product,2022-08-03
3669,1880,170,4,Good quality,2023-06-01
3670,10321,46,2,Could be better,2022-07-16
3671,2561,39,4,Nice product,2023-12-26
3672,924,115,5,Excellent product!,2023-03-07
3673,885,43,4,,2021-01-01
3674,1586,120,3,Not bad,2021-06-13
3675,9732,39,3,Not bad,2022-03-20
3676,12579,42,5,Excellent product!,2021-08-06
3677,7013,47,2,Below expectations,2022-05-15
3678,4309,22,2,Below expectations,2023-09-05
3679,8354,109,5,Love it!,2021-03-18
3680,4688,98,4,Nice product,2023-11-23
3681,11081,187,3,It's okay,2022-08-04
3682,6285,50,3,It's okay,2022-02-11
3683,8405,94,2,Disappointed,2022-05-12
3684,9965,120,1,Poor quality,2021-06-18
3685,13553,118,3,Not bad,2022-09-29
3686,9343,102,5,Best purchase ever!,2022-11-22
3687,13846,13,4,Good quality,2021-11-24
3688,3430,9,5,Best purchase ever!,2023-03-26
3689,9837,98,5,Love it!,2022-10-09
3690,10581,74,4,Works well,2023-10-12
3691,6392,84,5,Excellent product!,2022-03-10
3692,13334,148,2,Could be better,2021-10-30
3693,14633,123,5,Excellent product!,2021-06-28
3694,10898,80,4,Satisfied with purchase,2021-11-19
3695,14421,72,4,Works well,2021-04-24
3696,13224,164,1,Poor quality,2021-03-13
3697,7433,53,3,It's okay,2021-08-05
3698,1426,178,5,Best purchase ever!,2023-12-03
3699,3442,97,4,Works well,2021-12-13
3700,3268,125,5,Highly recommend!,2021-09-29
3701,6823,7,2,Could be better,2022-04-20
3702,531,10,4,Nice product,2021-07-16
3703,12794,137,3,,2021-10-09
3704,10151,188,5,Best purchase ever!,2022-07-12
3705,49,56,5,Best purchase ever!,2022-05-07
3706,4383,181,5,Excellent product!,2021-08-19
3707,3361,1,1,Waste of money,2021-08-04
3708,302,20,3,Average product,2021-12-12
3709,12888,151,5,Love it!,2022-04-27
3710,10816,185,3,Not bad,2022-07-19
3711,1744,71,4,Good quality,2022-06-01
3712,10409,193,5,Love it!,2023-07-08
3713,1627,177,1,Waste of money,2021-06-27
3714,625,194,4,Nice product,2022-08-14
3715,6050,70,4,Good quality,2022-10-14
3716,11593,178,5,Love it!,2023-12-05
3717,5663,36,5,Excellent product!,2022-01-22
3718,11811,96,4,Nice product,2023-03-16
3719,5262,27,5,Love it!,2022-07-15
3720,10082,178,3,Not bad,2021-10-29
3721,13368,3,4,,2022-04-19
3722,4878,4,4,Works well,2021-01-28
3723,11080,73,5,Excellent product!,2022-01-26
3724,11456,111,3,Decent,2022-06-13
3725,6928,1,3,Not bad,2022-03-20
3726,3896,133,4,Works well,2021-10-07
3727,8145,111,3,Average product,2022-09-04
3728,9913,106,3,Decent,2022-03-17
3729,8588,16,4,Satisfied with purchase,2021-03-26
3730,11950,21,3,Average product,2022-04-18
3731,974,124,4,Nice product,2022-06-06
3732,12932,37,5,Love it!,2021-01-13
3733,7284,54,5,Highly recommend!,2023-05-19
3734,331,77,4,Nice product,2023-12-03
3735,12967,95,3,Decent,2021-02-13
3736,14773,87,5,Excellent product!,2023-07-30
3737,6335,8,3,Not bad,2022-09-21
3738,11605,8,5,Best purchase ever!,2022-09-05
3739,12473,68,5,Best purchase ever!,2021-05-15
3740,10488,12,5,Excellent product!,2022-07-21
3741,3762,199,4,Good quality,2022-08-11
3742,7884,66,4,Satisfied with purchase,2022-04-13
3743,12863,36,4,Satisfied with purchase,2023-02-15
3744,952,52,4,Good quality,2021-12-29
3745,4399,82,3,It's okay,2022-01-07
3746,12531,134,3,It's okay,2022-08-24
3747,9621,193,2,Below expectations,2022-02-08
3748,1473,113,3,It's okay,2023-05-13
3749,13756,49,3,Average product,2022-09-18
3750,3734,99,4,Satisfied with purchase,2021-01-08
3751,5611,174,5,Best purchase ever!,2021-03-28
3752,9921,172,4,Nice product,2023-01-27
3753,2333,176,3,It's okay,2023-02-18
3754,4633,122,5,Love it!,2021-06-27
3755,3412,96,3,Not bad,2021-03-25
3756,5465,47,4,Good quality,2022-07-23
3757,8891,34,4,Nice product,2022-05-15
3758,4191,106,4,Good quality,2023-08-30
3759,10210,125,5,Love it!,2021-04-09
3760,12951,134,2,Not great,2023-01-04
3761,14299,93,4,Good quality,2023-02-07
3762,9156,91,3,Not bad,2022-08-03
3763,4340,104,1,Do not buy,2022-09-25
3764,11967,195,4,Satisfied with purchase,2021-07-20
3765,12743,10,4,Works well,2023-01-05
3766,13071,94,3,It's okay,2022-11-02
3767,6077,8,4,Satisfied with purchase,2021-01-04
3768,8380,161,3,Not bad,2021-09-05
3769,3238,127,4,Works well,2023-10-25
3770,6016,39,4,Works well,2021-04-20
3771,10590,36,4,Works well,2021-10-26
3772,9873,180,3,Not bad,2022-07-06
3773,7692,67,3,Not bad,2021-04-20
3774,5647,197,5,Love it!,2022-05-17
3775,8503,120,5,Love it!,2022-05-20
3776,4823,56,2,Not great,2022-01-03
3777,9046,131,4,Nice product,2022-05-03
3778,14469,191,4,Satisfied with purchase,2023-11-27
3779,11838,93,4,Good quality,2021-11-05
3780,5875,119,1,Poor quality,2021-08-29
3781,5508,194,4,Works well,2021-06-21
3782,11644,183,4,Satisfied with purchase,2021-08-15
3783,6443,81,5,Love it!,2022-01-31
3784,743,123,5,Highly recommend!,2022-09-23
3785,6858,49,3,Average product,2021-06-17
3786,9508,48,5,Love it!,2023-07-06
3787,9497,84,2,Not great,2022-11-17
3788,14884,90,4,Nice product,2022-02-27
3789,9547,101,3,Decent,2021-04-02
3790,10500,13,4,Good quality,2023-04-30
3791,11790,138,5,Highly recommend!,2023-09-04
3792,10450,132,5,Excellent product!,2021-03-30
3793,8186,112,3,Not bad,2023-02-15
3794,476,178,4,Good quality,2021-01-09
3795,448,39,4,Nice product,2023-08-23
3796,4549,101,2,Could be better,2023-07-11
3797,2779,92,5,Highly recommend!,2022-06-26
3798,11756,75,3,Not bad,2022-10-09
3799,5555,6,4,Satisfied with purchase,2022-05-02
3800,5964,39,4,Good quality,2023-02-07
3801,6372,150,4,Good quality,2023-01-16
3802,7949,25,5,Excellent product!,2022-12-02
3803,3565,87,4,Nice product,2021-07-11
3804,1057,1,5,Highly recommend!,2021-08-28
3805,891,138,5,Best purchase ever!,2022-04-20
3806,11234,16,4,Works well,2022-09-17
3807,4012,172,3,It's okay,2021-12-18
3808,4831,64,3,It's okay,2022-02-23
3809,1937,99,4,Good quality,2021-03-06
3810,1094,142,4,Satisfied with purchase,2021-09-24
3811,9799,165,5,Excellent product!,2022-11-23
3812,5990,47,5,,2022-02-13
3813,10608,39,5,Excellent product!,2021-07-14
3814,9523,140,4,Nice product,2021-03-03
3815,5624,29,1,Terrible,2021-02-16
3816,3219,63,3,It's okay,2023-06-17
3817,11534,85,5,Love it!,2023-09-04
3818,8628,80,4,Works well,2022-10-11
3819,12408,3,4,Good quality,2022-01-18
3820,9985,80,4,Nice product,2021-07-08
3821,13835,33,5,Excellent product!,2022-09-15
3822,14292,134,4,Good quality,2023-10-21
3823,11532,79,5,Excellent product!,2021-01-01
3824,2222,196,2,Disappointed,2022-12-18
3825,14726,143,4,Nice product,2023-09-19
3826,11527,6,5,Highly recommend!,2021-09-09
3827,10313,68,5,Love it!,2023-02-23
3828,6044,37,4,Satisfied with purchase,2021-11-02
3829,12705,104,5,Highly recommend!,2021-03-17
3830,11410,64,2,Not great,2023-02-20
3831,4556,180,5,Highly recommend!,2021-12-17
3832,6123,181,5,Love it!,2021-08-06
3833,339,96,5,Best purchase ever!,2021-01-27
3834,8634,143,4,Good quality,2021-06-01
3835,8843,72,1,Terrible,2022-01-15
3836,12803,175,5,Excellent product!,2021-06-20
3837,3575,19,2,Not great,2023-10-09
3838,8239,97,5,,2021-08-27
3839,12700,7,4,Satisfied with purchase,2023-02-03
3840,14797,1,1,Terrible,2023-08-20
3841,8576,99,2,Could be better,2021-12-09
3842,10454,150,4,Works well,2023-04-06
3843,10503,165,5,Highly recommend!,2023-10-20
3844,7784,128,2,Below expectations,2021-06-07
3845,2191,47,2,Below expectations,2023-01-09
3846,12319,44,4,Satisfied with purchase,2021-12-06
3847,13375,41,4,Good quality,2023-01-08
3848,7519,35,5,Love it!,2023-05-04
3849,12794,95,5,Excellent product!,2021-04-25
3850,6202,59,4,Satisfied with purchase,2021-09-17
3851,3610,77,3,It's okay,2022-12-14
3852,7872,54,4,Works well,2021-07-30
3853,10088,9,3,Average product,2023-09-15
3854,6235,57,2,Could be better,2022-09-02
3855,3765,167,4,Works well,2022-04-15
3856,3220,105,4,Nice product,2023-04-22
3857,6932,92,5,Highly recommend!,2023-02-06
3858,155,92,2,Could be better,2021-01-23
3859,619,12,5,Highly recommend!,2023-09-05
3860,5796,148,4,Works well,2021-05-30
3861,3816,93,5,Excellent product!,2021-07-29
3862,2680,143,4,Satisfied with purchase,2023-04-16
3863,453,18,3,Not bad,2023-05-22
3864,8174,109,3,It's okay,2022-06-08
3865,11334,35,5,Highly recommend!,2021-03-24
3866,3197,56,5,Excellent product!,2022-11-09
3867,4081,46,3,Average product,2022-03-21
3868,5818,43,4,Satisfied with purchase,2022-01-01
3869,11867,131,1,Do not buy,2023-04-05
3870,5266,18,4,Works well,2022-09-28
3871,9228,147,4,Works well,2023-08-21
3872,11520,94,2,Not great,2022-12-24
3873,9899,63,5,Highly recommend!,2022-03-05
3874,6452,34,4,,2023-05-01
3875,10878,60,5,Best purchase ever!,2021-07-01
3876,589,69,4,Works well,2023-09-16
3877,9550,183,4,Good quality,2021-05-02
3878,6499,196,2,Not great,2022-02-05
3879,9231,114,4,Nice product,2022-12-30
3880,13804,88,4,Nice product,2021-06-17
3881,11082,74,5,Love it!,2021-02-04
3882,8874,164,4,Works well,2021-06-11
3883,1787,149,4,Nice product,2022-04-16
3884,10264,170,5,Love it!,2022-12-16
3885,3336,131,4,Good quality,2021-12-31
3886,6740,107,3,Average product,2023-05-03
3887,7790,75,4,Nice product,2023-09-19
3888,7357,165,3,It's okay,2021-01-05
3889,8188,78,4,Good quality,2021-03-29
3890,1636,171,5,Highly recommend!,2021-03-18
3891,4542,45,1,Waste of money,2021-12-10
3892,11666,108,4,Satisfied with purchase,2022-03-25
3893,7393,192,4,Works well,2022-02-01
3894,13660,117,3,Decent,2023-03-04
3895,4888,200,4,Satisfied with purchase,2021-02-11
3896,5036,86,5,,2021-11-12
3897,5193,73,5,Excellent product!,2021-04-29
3898,1730,171,3,Average product,2023-12-07
3899,3512,101,4,Good quality,2023-04-20
3900,275,180,5,Best purchase ever!,2022-06-27
3901,6235,61,5,Excellent product!,2023-09-19
3902,7572,27,5,Highly recommend!,2023-11-19
3903,6968,79,4,Nice product,2022-11-30
3904,6131,22,3,Average product,2022-05-07
3905,10860,167,4,Works well,2022-06-28
3906,7590,143,4,Satisfied with purchase,2022-03-15
3907,319,132,4,Works well,2021-08-24
3908,2066,149,3,,2023-09-24
3909,1801,64,3,Not bad,2022-03-03
3910,5758,148,5,Highly recommend!,2022-12-27
3911,11175,129,4,Satisfied with purchase,2023-01-29
3912,6259,190,2,Not great,2022-12-10
3913,5708,58,1,Poor quality,2021-01-03
3914,3311,12,3,It's okay,2022-12-02
3915,3347,3,3,Average product,2023-07-27
3916,5588,66,5,Love it!,2021-06-03
3917,6801,37,4,Works well,2023-10-05
3918,266,69,5,Excellent product!,2021-09-12
3919,13303,85,2,Disappointed,2022-01-19
3920,14431,109,2,Disappointed,2023-07-30
3921,5040,177,2,Not great,2021-10-08
3922,6838,146,4,Nice product,2023-06-05
3923,5493,37,4,Nice product,2021-11-15
3924,7369,42,4,Satisfied with purchase,2022-02-14
3925,4823,150,2,Below expectations,2023-06-09
3926,3712,69,4,Satisfied with purchase,2021-12-20
3927,13711,119,4,Good quality,2022-03-02
3928,8160,190,2,Could be better,2023-08-20
3929,14816,20,4,Nice product,2022-03-16
3930,13011,183,5,Highly recommend!,2021-01-17
3931,4237,174,5,Highly recommend!,2021-10-12
3932,1045,54,3,Decent,2022-06-28
3933,923,30,3,Average product,2021-08-26
3934,14842,168,3,Decent,2021-03-23
3935,1257,146,4,Nice product,2022-06-03
3936,6851,91,4,Good quality,2023-08-31
3937,3192,17,4,Nice product,2021-04-09
3938,3143,36,1,Terrible,2022-05-11
3939,13086,130,4,Works well,2022-03-30
3940,3414,30,4,Satisfied with purchase,2022-12-26
3941,14303,83,4,Satisfied with purchase,2023-08-28
3942,6647,21,5,Best purchase ever!,2021-01-10
3943,11072,162,5,Best purchase ever!,2021-09-16
3944,9788,159,4,Nice product,2021-06-17
3945,2992,47,3,Not bad,2022-04-22
3946,621,47,5,Love it!,2022-01-31
3947,9137,132,4,Nice product,2023-02-17
3948,4136,132,4,Nice product,2023-11-23
3949,14635,200,2,Could be better,2022-12-08
3950,6208,169,5,Highly recommend!,2021-07-19
3951,8728,183,5,Excellent product!,2023-01-29
3952,4147,134,5,Highly recommend!,2023-10-14
3953,7809,114,4,Nice product,2022-01-10
3954,14168,109,5,Best purchase ever!,2022-12-23
3955,7045,1,5,Love it!,2022-05-15
3956,14510,145,4,Nice product,2023-09-20
3957,1894,134,5,Excellent product!,2021-12-05
3958,12954,198,4,Good quality,2022-01-19
3959,12096,194,5,Highly recommend!,2023-11-29
3960,1792,78,5,Best purchase ever!,2023-09-27
3961,3664,154,4,Works well,2023-11-14
3962,3408,153,5,Highly recommend!,2023-07-25
3963,12592,84,4,Works well,2023-02-04
3964,5976,187,3,Not bad,2021-02-22
3965,10716,79,4,Good quality,2023-08-08
3966,6434,192,4,Good quality,2022-02-10
3967,14104,60,3,Not bad,2023-07-13
3968,2100,132,4,Satisfied with purchase,2021-06-05
3969,11224,160,3,It's okay,2023-11-28
3970,6414,132,4,Good quality,2022-09-18
3971,6631,106,3,Not bad,2023-09-21
3972,5253,71,5,Love it!,2021-11-25
3973,11608,107,3,Average product,2022-04-22
3974,9880,33,5,Best purchase ever!,2022-06-02
3975,8990,32,5,Highly recommend!,2021-09-10
3976,5230,118,4,Satisfied with purchase,2022-09-29
3977,5484,28,1,Waste of money,2021-07-23
3978,150,29,5,Love it!,2023-10-28
3979,4407,76,3,It's okay,2021-01-03
3980,13546,55,4,Works well,2021-01-14
3981,8565,24,3,Decent,2021-12-18
3982,7929,180,1,Poor quality,2023-12-11
3983,7018,83,1,Waste of money,2023-09-16
3984,491,177,4,Nice product,2021-12-13
3985,9450,19,5,Best purchase ever!,2023-05-21
3986,9345,11,5,Highly recommend!,2021-12-10
3987,6576,92,4,Works well,2021-10-31
3988,7584,125,3,Average product,2023-11-22
3989,7778,129,4,Works well,2022-12-17
3990,4562,122,4,Good quality,2023-02-01
3991,13535,115,4,Good quality,2023-10-10
3992,4464,49,3,Decent,2023-02-28
3993,3496,79,4,Good quality,2021-09-14
3994,12825,40,4,Good quality,2022-08-07
3995,9749,37,4,Nice product,2023-03-09
3996,2465,70,4,Nice product,2023-03-11
3997,8034,92,4,Works well,2022-10-14
3998,8558,60,3,It's okay,2021-08-16
3999,12922,124,1,Waste of money,2023-10-11
4000,583,176,5,Highly recommend!,2023-03-28
4001,9909,128,4,Nice product,2022-06-02
4002,14382,36,5,Excellent product!,2022-08-26
4003,8497,57,3,Average product,2021-11-30
4004,13572,52,5,Love it!,2023-05-20
4005,1809,163,4,Satisfied with purchase,2022-08-31
4006,6630,22,5,Highly recommend!,2021-01-28
4007,4969,50,4,Good quality,2021-10-10
4008,12155,4,3,Average product,2022-09-27
4009,12091,20,3,It's okay,2021-02-20
4010,363,101,4,,2022-10-28
4011,9229,28,4,Good quality,2022-01-13
4012,8314,6,4,Satisfied with purchase,2023-04-05
4013,2181,41,5,Highly recommend!,2021-12-05
4014,8640,27,4,Good quality,2023-10-23
4015,14919,20,3,It's okay,2022-07-27
4016,12474,129,2,Could be better,2022-04-17
4017,5070,21,5,Best purchase ever!,2023-11-09
4018,3876,100,3,Average product,2023-01-09
4019,2636,74,5,Highly recommend!,2022-06-05
4020,766,29,5,Highly recommend!,2021-08-15
4021,6317,57,3,It's okay,2022-02-12
4022,7790,60,5,Best purchase ever!,2022-05-11
4023,10861,109,2,Disappointed,2023-03-31
4024,3627,87,4,Good quality,2022-11-03
4025,4908,70,3,Average product,2021-10-19
4026,12781,126,5,Love it!,2023-01-11
4027,13290,189,1,Waste of money,2021-07-22
4028,14519,107,5,Excellent product!,2023-02-19
4029,11223,31,5,,2023-09-30
4030,1826,133,3,Average product,2023-08-12
4031,12078,83,5,Excellent product!,2022-12-20
4032,1242,61,2,Disappointed,2022-07-31
4033,9019,156,3,It's okay,2022-01-16
4034,14459,141,5,Highly recommend!,2021-01-10
4035,14693,196,3,Average product,2022-06-25
4036,2211,35,3,Average product,2022-07-18
4037,6268,121,5,Best purchase ever!,2021-06-09
4038,14531,177,3,It's okay,2021-06-05
4039,12449,197,4,Good quality,2022-11-17
4040,5693,23,3,Decent,2022-09-02
4041,6830,25,5,Love it!,2022-05-05
4042,11660,191,5,Love it!,2021-02-12
4043,8925,115,2,Below expectations,2021-01-11
4044,4526,137,5,Best purchase ever!,2023-09-09
4045,853,169,4,Nice product,2021-03-23
4046,13807,33,4,Nice product,2021-06-29
4047,8839,68,4,Good quality,2023-04-12
4048,8839,94,5,Highly recommend!,2021-05-05
4049,7532,33,5,Love it!,2022-11-28
4050,5749,168,4,Satisfied with purchase,2023-07-03
4051,3457,118,1,Poor quality,2023-10-26
4052,2107,119,4,Satisfied with purchase,2021-10-25
4053,220,166,5,Excellent product!,2022-01-27
4054,5962,8,4,Nice product,2021-02-10
4055,1821,160,4,Nice product,2021-01-04
4056,2342,132,2,Below expectations,2023-06-08
4057,387,46,5,Love it!,2021-06-11
4058,5756,27,3,Decent,2023-09-18
4059,935,183,4,Good quality,2022-10-24
4060,9237,161,4,Satisfied with purchase,2021-09-23
4061,13102,171,3,Average product,2022-12-15
4062,3024,178,3,Decent,2023-01-21
4063,11525,156,5,Highly recommend!,2022-03-15
4064,3582,43,5,Love it!,2022-11-10
4065,2802,9,4,Nice product,2021-12-11
4066,13902,93,4,Satisfied with purchase,2022-03-03
4067,7545,105,4,Satisfied with purchase,2022-07-08
4068,14462,40,2,Could be better,2022-02-07
4069,13257,188,5,Highly recommend!,2023-02-15
4070,12068,190,3,Average product,2023-12-29
4071,5389,168,4,Nice product,2021-12-28
4072,13688,187,5,Love it!,2021-09-02
4073,8657,46,5,Excellent product!,2023-10-07
4074,11801,52,3,Decent,2021-04-24
4075,2707,127,2,Below expectations,2021-03-22
4076,2379,21,2,Not great,2022-11-28
4077,1364,64,4,Satisfied with purchase,2022-04-17
4078,5066,46,4,Good quality,2023-10-24
4079,9147,29,4,Works well,2022-08-16
4080,11371,120,2,Could be better,2023-06-07
4081,5532,84,1,Do not buy,2023-05-25
4082,13187,131,4,,2022-10-26
4083,8728,77,3,It's okay,2022-10-26
4084,5529,48,4,Satisfied with purchase,2021-11-04
4085,11202,85,3,Decent,2022-03-20
4086,14786,189,4,Nice product,2021-04-01
4087,12327,91,3,Not bad,2022-05-05
4088,7769,77,3,It's okay,2022-03-22
4089,11944,47,3,It's okay,2023-11-12
4090,11803,127,4,Works well,2023-10-01
4091,10885,105,4,Works well,2023-03-09
4092,4992,40,5,Highly recommend!,2021-03-11
4093,14094,110,5,Love it!,2022-01-17
4094,732,14,3,Not bad,2021-04-20
4095,13624,167,4,Satisfied with purchase,2022-09-20
4096,4646,71,1,Do not buy,2023-04-19
4097,3187,38,4,Works well,2022-01-27
4098,9176,139,5,Highly recommend!,2022-07-03
4099,2471,111,5,Highly recommend!,2021-02-10
4100,9226,118,2,Not great,2022-04-28
4101,14959,154,4,Works well,2022-06-23
4102,14829,45,5,Love it!,2022-10-06
4103,421,6,3,It's okay,2021-09-23
4104,7773,110,2,Disappointed,2023-12-04
4105,13969,50,3,Average product,2021-07-18
4106,3653,65,2,Below expectations,2021-11-03
4107,12702,156,2,Disappointed,2022-01-28
4108,6146,87,3,Not bad,2023-03-24
4109,10202,170,4,Good quality,2023-10-22
4110,1136,107,5,Highly recommend!,2021-04-17
4111,137,12,2,Could be better,2021-03-21
4112,11961,15,5,Excellent product!,2023-06-09
4113,3537,144,1,Poor quality,2022-08-28
4114,6692,150,5,Love it!,2022-08-23
4115,4141,178,1,Terrible,2021-02-10
4116,6804,43,3,,2021-06-27
4117,1084,98,5,Excellent product!,2023-01-18
4118,674,117,4,Good quality,2021-03-31
4119,8211,23,3,It's okay,2022-10-12
4120,13184,138,4,Good quality,2021-07-21
4121,7430,131,5,Excellent product!,2023-03-16
4122,9459,159,5,Excellent product!,2021-01-26
4123,615,188,5,Excellent product!,2023-12-04
4124,3027,136,4,Good quality,2023-09-21
4125,1858,98,1,Poor quality,2023-05-10
4126,14323,179,3,It's okay,2022-08-02
4127,9635,171,3,It's okay,2021-08-30
4128,3760,51,3,Average product,2021-10-11
4129,10919,99,2,Disappointed,2022-10-08
4130,13872,145,1,Do not buy,2023-01-08
4131,9078,98,3,Decent,2022-05-03
4132,1547,155,4,Satisfied with purchase,2022-10-23
4133,13382,79,1,Do not buy,2023-07-21
4134,13832,183,5,Love it!,2021-06-11
4135,8135,10,5,Love it!,2021-10-01
4136,2105,160,4,Good quality,2022-07-13
4137,11876,182,2,Below expectations,2021-12-31
4138,5633,113,5,Love it!,2023-01-06
4139,14803,133,4,Good quality,2022-10-02
4140,1119,16,4,Good quality,2023-12-31
4141,9506,64,4,Good quality,2021-02-28
4142,3800,97,2,Below expectations,2023-10-18
4143,5065,187,5,,2023-08-18
4144,14175,60,4,Works well,2021-11-23
4145,6649,77,1,Terrible,2023-01-13
4146,11381,104,3,Average product,2021-01-25
4147,6473,153,3,It's okay,2023-08-03
4148,7864,114,5,Best purchase ever!,2023-05-29
4149,9371,192,4,Works well,2023-09-21
4150,1740,146,5,Highly recommend!,2022-08-21
4151,14553,93,3,Average product,2022-10-10
4152,11998,139,5,Best purchase ever!,2021-03-26
4153,5410,85,5,Highly recommend!,2021-07-06
4154,5525,57,5,Highly recommend!,2022-11-07
4155,9588,119,5,Excellent product!,2021-09-12
4156,4223,21,1,Terrible,2023-02-01
4157,970,199,3,Not bad,2023-09-05
4158,14722,92,3,It's okay,2023-01-09
4159,12218,74,5,Excellent product!,2022-06-30
4160,7116,195,4,Good quality,2022-10-30
4161,8553,12,4,Nice product,2021-05-27
4162,5554,31,3,Not bad,2021-03-11
4163,11453,91,3,It's okay,2023-03-18
4164,2135,86,4,Nice product,2023-02-03
4165,11430,34,3,It's okay,2023-04-01
4166,11384,68,5,Highly recommend!,2022-02-28
4167,7058,167,4,,2021-02-24
4168,13935,99,4,Good quality,2022-06-18
4169,13415,116,4,Works well,2022-05-05
4170,9359,168,5,Best purchase ever!,2021-09-03
4171,13085,176,2,Not great,2022-08-23
4172,11904,41,5,Love it!,2021-12-09
4173,6710,99,3,It's okay,2021-06-15
4174,1340,186,4,Nice product,2022-04-28
4175,4569,56,5,Excellent product!,2022-11-08
4176,6218,174,3,Not bad,2021-10-29
4177,7928,190,5,Love it!,2022-09-08
4178,10232,168,3,Average product,2022-05-16
4179,330,21,5,Highly recommend!,2021-10-23
4180,7879,141,1,Poor quality,2021-08-18
4181,2043,114,3,Decent,2021-11-14
4182,3160,184,4,Satisfied with purchase,2022-05-01
4183,2434,80,5,Best purchase ever!,2022-04-22
4184,7895,31,3,It's okay,2021-08-15
4185,1348,143,5,Love it!,2021-01-28
4186,1231,54,3,It's okay,2021-10-17
4187,13405,85,5,Best purchase ever!,2022-11-16
4188,690,147,5,Excellent product!,2023-10-23
4189,14153,41,5,Excellent product!,2023-06-18
4190,12363,196,5,Highly recommend!,2022-01-12
4191,8991,56,2,Could be better,2021-09-29
4192,1508,114,5,Excellent product!,2021-10-25
4193,771,30,4,Works well,2021-09-21
4194,10286,13,3,Not bad,2022-06-06
4195,9115,149,1,Waste of money,2022-08-06
4196,13244,126,4,Works well,2022-04-17
4197,906,72,2,Below expectations,2023-05-28
4198,2962,139,1,Waste of money,2023-12-23
4199,13312,81,4,Good quality,2021-05-14
4200,2361,13,2,Disappointed,2022-12-08
4201,12201,56,5,Best purchase ever!,2023-02-10
4202,3627,138,1,Poor quality,2023-10-21
4203,855,113,4,Works well,2022-03-15
4204,1994,173,4,Satisfied with purchase,2023-08-15
4205,6256,56,4,Nice product,2023-01-28
4206,3367,105,2,Not great,2021-08-26
4207,6741,38,5,Best purchase ever!,2021-12-12
4208,3871,88,4,Satisfied with purchase,2021-04-26
4209,2137,181,5,Excellent product!,2021-10-25
4210,8592,56,5,Excellent product!,2021-04-20
4211,2392,117,5,Best purchase ever!,2023-06-04
4212,6070,98,5,Love it!,2021-04-16
4213,13236,188,5,Excellent product!,2023-05-31
4214,6766,112,2,Disappointed,2023-08-17
4215,1262,92,3,Average product,2023-06-30
4216,1151,106,5,,2023-11-15
4217,9156,38,3,It's okay,2023-06-17
4218,3609,166,4,Nice product,2021-10-21
4219,566,107,3,It's okay,2021-11-03
4220,3200,2,3,Average product,2022-06-17
4221,11247,123,4,Good quality,2022-03-19
4222,11503,33,3,It's okay,2023-07-25
4223,13314,11,5,Love it!,2022-05-10
4224,13587,149,2,Not great,2022-05-07
4225,14806,62,5,Excellent product!,2023-04-18
4226,8462,158,4,Nice product,2023-09-19
4227,11168,64,3,Not bad,2021-11-26
4228,11919,90,3,It's okay,2021-03-07
4229,1825,171,4,Works well,2023-12-18
4230,9752,157,3,It's okay,2023-04-08
4231,12144,91,5,Highly recommend!,2021-04-29
4232,11797,144,4,Nice product,2021-03-12
4233,2757,137,4,Nice product,2021-09-24
4234,8369,37,1,Terrible,2023-05-21
4235,2007,125,3,Average product,2022-11-08
4236,8968,121,2,Below expectations,2021-01-19
4237,14454,120,5,Highly recommend!,2023-10-27
4238,12685,172,5,Best purchase ever!,2023-09-14
4239,747,11,3,Not bad,2023-12-19
4240,3223,66,4,Nice product,2022-02-11
4241,3804,66,3,Decent,2021-01-02
4242,12608,176,5,Excellent product!,2023-12-16
4243,12908,100,3,Decent,2021-12-21
4244,4927,98,5,Excellent product!,2021-10-26
4245,3494,43,3,Not bad,2022-11-23
4246,10343,59,3,Average product,2021-11-19
4247,3611,164,5,Love it!,2022-03-12
4248,1963,125,3,Decent,2022-07-25
4249,10946,189,5,Love it!,2023-06-19
4250,11509,146,2,Not great,2021-02-18
4251,5870,91,4,Good quality,2021-07-22
4252,6747,118,3,Decent,2021-01-31
4253,14976,192,3,Not bad,2021-08-10
4254,14337,136,5,Love it!,2023-09-25
4255,3533,40,4,Good quality,2021-03-28
4256,7315,82,3,Average product,2021-04-27
4257,13406,196,5,Love it!,2023-02-25
4258,8829,113,4,Works well,2022-11-16
4259,13252,70,5,Love it!,2022-08-02
4260,11633,179,5,Excellent product!,2022-09-15
4261,13505,119,4,Good quality,2023-12-25
4262,5397,76,4,Good quality,2023-11-14
4263,7515,198,4,Nice product,2021-09-30
4264,13127,132,4,Nice product,2023-10-10
4265,4648,195,2,Disappointed,2022-06-13
4266,6757,109,2,Below expectations,2022-03-28
4267,1092,29,3,It's okay,2023-06-07
4268,8276,60,4,Good quality,2022-10-11
4269,8154,126,4,Satisfied with purchase,2021-06-05
4270,8385,43,3,It's okay,2022-01-14
4271,9670,140,3,Decent,2023-07-21
4272,9514,119,4,Works well,2022-09-18
4273,9632,4,3,Average product,2022-06-11
4274,9604,175,4,Satisfied with purchase,2021-01-02
4275,2704,172,2,Below expectations,2023-02-14
4276,1447,101,1,Terrible,2022-07-26
4277,8925,45,3,Average product,2021-09-10
4278,10973,118,3,Decent,2021-09-01
4279,9166,28,5,Best purchase ever!,2022-07-07
4280,10831,36,5,Best purchase ever!,2021-07-05
4281,10420,121,5,Excellent product!,2022-06-23
4282,5236,169,5,Highly recommend!,2023-07-18
4283,1351,158,4,Satisfied with purchase,2023-01-12
4284,4334,173,2,Below expectations,2021-02-08
4285,1766,38,5,Best purchase ever!,2021-12-23
4286,3062,64,4,Satisfied with purchase,2021-10-21
4287,13923,157,5,Best purchase ever!,2022-06-08
4288,13669,73,3,Not bad,2022-01-11
4289,13104,60,5,Best purchase ever!,2021-01-23
4290,13614,163,5,Love it!,2022-06-05
4291,6855,170,5,,2021-10-21
4292,12696,66,5,,2023-05-11
4293,7835,149,5,Highly recommend!,2021-07-31
4294,2616,28,5,Excellent product!,2023-11-28
4295,14397,101,3,It's okay,2023-07-07
4296,253,89,4,Nice product,2021-07-11
4297,8872,150,5,Best purchase ever!,2023-03-30
4298,6808,95,4,Good quality,2022-03-30
4299,3358,87,5,Love it!,2022-06-02
4300,8447,127,5,,2022-07-24
4301,11953,73,5,Best purchase ever!,2021-04-09
4302,11675,148,5,Best purchase ever!,2022-05-12
4303,14941,33,4,Nice product,2021-02-23
4304,9294,94,3,Average product,2021-05-06
4305,3862,130,5,Love it!,2021-03-01
4306,4072,68,2,Not great,2022-05-28
4307,6714,79,3,Decent,2023-07-05
4308,14102,189,1,Terrible,2021-02-21
4309,1358,173,3,Average product,2023-06-19
4310,13747,171,3,Not bad,2023-06-01
4311,11163,66,5,Best purchase ever!,2022-04-25
4312,11466,124,5,Excellent product!,2023-07-16
4313,11061,15,4,Good quality,2023-01-21
4314,1355,57,5,Excellent product!,2022-12-14
4315,14455,47,4,Satisfied with purchase,2021-10-26
4316,10980,1,3,Decent,2021-03-10
4317,2366,75,5,Best purchase ever!,2022-08-01
4318,5320,95,2,Not great,2021-11-28
4319,14552,49,2,Not great,2021-03-24
4320,1895,34,3,Not bad,2021-07-21
4321,3583,164,5,Excellent product!,2024-01-01
4322,6012,80,4,Nice product,2022-08-01
4323,13238,195,4,Good quality,2022-08-20
4324,4201,17,3,Not bad,2023-06-26
4325,5556,189,5,Excellent product!,2023-06-07
4326,6519,56,5,Love it!,2023-05-08
4327,2017,138,3,It's okay,2022-11-11
4328,8387,185,3,It's okay,2021-08-23
4329,8687,70,4,Satisfied with purchase,2022-03-10
4330,8363,145,3,Average product,2021-10-05
4331,14513,111,2,Below expectations,2023-06-02
4332,6305,129,5,Best purchase ever!,2022-05-28
4333,9828,115,4,Works well,2022-07-01
4334,140,133,4,,2023-07-17
4335,14272,79,2,Below expectations,2022-02-27
4336,10850,37,3,It's okay,2021-08-08
4337,2885,54,5,Love it!,2022-05-02
4338,5320,185,5,Best purchase ever!,2022-03-22
4339,965,156,5,Best purchase ever!,2021-12-07
4340,13254,16,3,Decent,2021-09-27
4341,7585,23,5,Excellent product!,2022-06-03
4342,13258,170,2,Could be better,2021-05-24
4343,7667,43,3,Decent,2023-12-02
4344,8709,81,4,Satisfied with purchase,2023-09-14
4345,613,157,5,Best purchase ever!,2021-02-27
4346,5865,107,5,Highly recommend!,2022-07-23
4347,5307,122,5,Excellent product!,2021-03-10
4348,13896,133,3,Not bad,2022-07-12
4349,9257,65,4,Satisfied with purchase,2021-01-09
4350,2219,60,4,Works well,2023-06-02
4351,10586,183,5,Highly recommend!,2021-10-21
4352,2620,16,4,Works well,2021-12-14
4353,4405,23,2,Below expectations,2021-01-03
4354,6747,186,5,Excellent product!,2021-09-23
4355,7020,81,5,Love it!,2023-01-21
4356,5814,102,5,Best purchase ever!,2021-07-19
4357,10063,104,5,Best purchase ever!,2023-05-13
4358,3003,84,5,,2023-07-06
4359,12635,27,4,,2022-09-07
4360,6175,55,3,Decent,2022-08-14
4361,4328,183,2,Not great,2023-10-31
4362,4470,10,5,Best purchase ever!,2021-06-17
4363,7787,89,5,Highly recommend!,2022-11-12
4364,14288,45,4,Works well,2022-12-25
4365,4023,42,4,Nice product,2023-04-25
4366,5663,37,4,Nice product,2023-08-24
4367,14110,44,2,Could be better,2022-04-11
4368,2512,182,3,Average product,2022-06-30
4369,13326,130,3,Average product,2022-04-29
4370,1382,3,4,Nice product,2023-04-08
4371,7859,25,2,Disappointed,2023-11-01
4372,784,163,3,It's okay,2021-11-15
4373,12431,33,5,Highly recommend!,2023-10-01
4374,9851,142,2,Could be better,2021-11-07
4375,10904,9,4,Good quality,2023-07-26
4376,10774,11,3,Decent,2021-09-24
4377,2270,104,4,Nice product,2023-05-28
4378,11412,189,3,Not bad,2023-01-02
4379,7810,157,2,Could be better,2021-10-26
4380,11601,141,2,Not great,2023-01-04
4381,12264,113,4,Nice product,2021-11-28
4382,11421,131,5,Excellent product!,2023-12-18
4383,8770,166,5,,2023-07-29
4384,9686,149,3,Average product,2021-07-06
4385,11054,115,5,,2021-02-27
4386,13701,12,1,Waste of money,2023-07-24
4387,8495,162,5,Highly recommend!,2023-03-20
4388,3274,65,4,Works well,2021-06-30
4389,11980,169,2,Disappointed,2021-02-14
4390,6577,197,2,Could be better,2023-01-16
4391,3847,59,2,Below expectations,2023-04-24
4392,12448,128,1,Waste of money,2022-10-13
4393,11712,97,5,Excellent product!,2023-08-16
4394,10955,45,4,Good quality,2021-08-05
4395,4028,142,5,Excellent product!,2023-12-10
4396,10176,26,4,Satisfied with purchase,2023-10-09
4397,205,74,4,Works well,2022-03-20
4398,8392,195,2,Below expectations,2023-07-23
4399,7341,93,4,Nice product,2022-12-04
4400,13400,175,3,Not bad,2021-12-05
4401,14409,71,4,Works well,2023-09-04
4402,12265,135,5,,2022-11-15
4403,11909,181,4,Satisfied with purchase,2021-04-17
4404,5845,49,2,Could be better,2021-11-03
4405,13038,88,5,Best purchase ever!,2021-05-12
4406,12254,179,3,Not bad,2022-06-15
4407,5674,101,4,Good quality,2021-04-07
4408,2091,6,4,Satisfied with purchase,2023-03-11
4409,12773,164,4,Satisfied with purchase,2023-10-13
4410,8859,81,5,,2021-06-20
4411,7755,110,3,Average product,2022-02-14
4412,2938,119,3,Average product,2023-12-25
4413,8748,93,3,It's okay,2023-11-07
4414,6348,147,5,Excellent product!,2021-01-17
4415,2580,185,4,Nice product,2023-09-03
4416,2457,45,3,Decent,2021-07-31
4417,12740,46,4,Works well,2023-05-23
4418,7652,126,4,Good quality,2021-01-13
4419,2788,182,4,Nice product,2023-08-04
4420,790,111,5,Highly recommend!,2021-03-09
4421,13091,88,5,Love it!,2021-04-22
4422,4557,188,3,Decent,2023-02-28
4423,1445,99,4,Good quality,2021-10-17
4424,11589,133,5,Best purchase ever!,2022-07-25
4425,11894,133,2,Disappointed,2021-08-21
4426,5172,136,3,It's okay,2021-09-29
4427,4316,51,3,Average product,2021-12-22
4428,8656,162,4,Works well,2022-06-04
4429,708,63,1,Waste of money,2022-10-28
4430,8913,132,4,Satisfied with purchase,2021-10-29
4431,4452,34,5,Love it!,2022-11-07
4432,8365,99,5,Highly recommend!,2023-08-03
4433,4993,102,4,Works well,2023-02-11
4434,8598,113,4,Works well,2023-01-06
4435,11682,90,5,Love it!,2021-07-29
4436,14813,23,3,It's okay,2023-10-30
4437,3236,187,4,Good quality,2022-12-26
4438,9180,177,4,Works well,2021-09-18
4439,12671,172,4,Nice product,2023-08-13
4440,13365,141,4,Good quality,2022-05-29
4441,14469,118,5,Best purchase ever!,2023-06-08
4442,793,119,4,Nice product,2023-01-19
4443,11374,191,5,Excellent product!,2023-02-28
4444,7666,158,5,Excellent product!,2021-04-15
4445,5832,31,5,,2022-11-21
4446,14024,136,2,Could be better,2021-12-21
4447,237,165,4,Nice product,2021-09-04
4448,14363,36,3,,2022-12-11
4449,2371,137,2,Disappointed,2021-04-15
4450,604,171,4,Satisfied with purchase,2023-06-05
4451,13172,70,5,Best purchase ever!,2022-06-29
4452,7624,126,3,Average product,2023-03-03
4453,8036,196,4,Nice product,2023-10-11
4454,874,109,4,Nice product,2021-12-02
4455,11116,41,5,Highly recommend!,2023-04-26
4456,12595,57,2,Below expectations,2023-05-16
4457,1704,32,4,Nice product,2023-04-07
4458,357,148,3,Not bad,2023-12-07
4459,2890,192,5,Love it!,2022-09-04
4460,1887,60,3,,2022-11-14
4461,10938,180,5,Best purchase ever!,2023-06-26
4462,7958,60,5,Love it!,2022-11-26
4463,11463,175,5,Best purchase ever!,2021-10-19
4464,12833,23,4,Good quality,2022-04-14
4465,8827,95,3,Decent,2022-12-17
4466,14306,161,5,Love it!,2022-09-30
4467,3915,114,5,Excellent product!,2022-01-27
4468,4958,27,5,Best purchase ever!,2021-03-01
4469,14559,190,4,Good quality,2023-09-20
4470,9099,69,4,Works well,2022-07-31
4471,13981,172,5,Excellent product!,2021-02-09
4472,12578,25,1,Terrible,2023-05-06
4473,1192,108,4,Nice product,2022-01-06
4474,11621,79,4,Nice product,2022-10-15
4475,10428,112,4,Works well,2023-10-03
4476,12620,180,3,It's okay,2023-01-01
4477,11923,109,5,Highly recommend!,2022-09-06
4478,9478,2,2,,2021-08-27
4479,7414,15,3,It's okay,2022-09-26
4480,434,130,3,,2022-09-05
4481,5692,98,3,It's okay,2022-12-05
4482,10286,184,2,Could be better,2021-04-03
4483,11466,158,4,Good quality,2021-05-09
4484,3718,192,2,Disappointed,2022-01-22
4485,7862,118,3,Decent,2022-04-01
4486,7157,29,5,Love it!,2021-05-24
4487,3502,53,4,Works well,2021-08-21
4488,10949,179,4,Works well,2023-11-16
4489,8089,56,5,Excellent product!,2021-03-11
4490,14925,32,4,Works well,2021-09-11
4491,7300,74,4,Satisfied with purchase,2022-09-03
4492,1575,188,2,Could be better,2023-07-29
4493,4978,67,5,Best purchase ever!,2023-03-05
4494,10966,87,2,,2022-01-25
4495,1435,188,3,Average product,2023-12-16
4496,8915,74,5,Highly recommend!,2023-09-20
4497,14923,38,5,Highly recommend!,2022-11-05
4498,1125,15,5,Best purchase ever!,2021-09-20
4499,566,149,4,Nice product,2023-02-03
4500,13039,36,4,,2021-09-13
4501,13222,171,4,Satisfied with purchase,2022-04-19
4502,8314,101,3,Decent,2021-12-28
4503,3858,98,4,Satisfied with purchase,2022-11-06
4504,3397,106,2,Below expectations,2021-07-04
4505,2303,100,5,Excellent product!,2022-07-29
4506,48,141,3,It's okay,2021-05-07
4507,7798,54,5,Excellent product!,2023-03-20
4508,4565,132,5,Love it!,2021-11-20
4509,7549,48,1,Terrible,2021-05-09
4510,7189,27,4,Satisfied with purchase,2023-03-25
4511,1720,159,5,Love it!,2022-12-11
4512,5870,155,4,Nice product,2021-08-06
4513,11099,59,2,Below expectations,2023-03-04
4514,12370,127,4,Nice product,2021-06-16
4515,12512,191,3,Not bad,2023-08-19
4516,6700,48,5,Excellent product!,2022-07-19
4517,7144,124,4,Works well,2023-05-04
4518,8317,168,3,Average product,2022-10-01
4519,1853,133,5,,2023-07-21
4520,13733,71,4,Good quality,2022-07-23
4521,8118,24,5,Excellent product!,2021-01-18
4522,14412,180,5,Excellent product!,2022-07-31
4523,14651,26,4,Nice product,2022-08-10
4524,10071,45,2,Disappointed,2023-04-05
4525,343,117,4,Nice product,2023-03-25
4526,8587,7,4,Good quality,2022-12-29
4527,1557,85,5,Love it!,2022-12-21
4528,691,26,3,Average product,2021-01-08
4529,12835,14,4,Good quality,2023-03-05
4530,8687,78,5,Excellent product!,2023-05-24
4531,977,67,1,Poor quality,2022-03-09
4532,8323,118,4,Satisfied with purchase,2022-08-16
4533,8770,135,5,Best purchase ever!,2022-05-12
4534,5184,141,4,Nice product,2023-12-15
4535,12912,198,3,Not bad,2022-12-26
4536,11986,33,5,Highly recommend!,2022-05-14
4537,7933,30,2,,2023-07-26
4538,1485,113,4,,2022-07-13
4539,10428,82,1,Waste of money,2023-02-15
4540,7399,2,4,Nice product,2023-10-22
4541,8540,84,5,Love it!,2021-06-26
4542,8156,42,5,Best purchase ever!,2022-05-13
4543,9441,124,3,It's okay,2021-02-01
4544,53,49,4,Satisfied with purchase,2023-11-12
4545,11351,57,2,Disappointed,2021-01-09
4546,12444,167,4,Works well,2022-07-19
4547,11926,142,5,Best purchase ever!,2023-09-15
4548,4943,139,4,Satisfied with purchase,2021-04-30
4549,1282,1,4,Satisfied with purchase,2023-09-08
4550,9803,160,4,Works well,2023-09-30
4551,14275,169,3,Decent,2021-10-06
4552,1793,176,4,Satisfied with purchase,2021-11-29
4553,7312,183,5,Love it!,2023-12-30
4554,7135,174,2,Below expectations,2021-02-03
4555,8387,118,4,Works well,2023-11-15
4556,4939,105,3,Average product,2022-07-13
4557,9933,127,5,Love it!,2022-05-19
4558,11921,198,3,It's okay,2022-02-25
4559,1013,132,5,Love it!,2022-09-04
4560,6011,134,4,Nice product,2023-05-24
4561,1871,133,4,Satisfied with purchase,2022-04-14
4562,10184,133,5,,2021-09-18
4563,7060,200,3,It's okay,2021-03-05
4564,1246,179,4,Works well,2021-03-28
4565,13472,125,5,Excellent product!,2022-03-08
4566,1073,11,4,Satisfied with purchase,2023-08-02
4567,12981,37,4,,2023-03-20
4568,11215,21,4,Satisfied with purchase,2021-09-03
4569,10312,32,5,Love it!,2022-04-20
4570,4312,195,2,Not great,2022-08-28
4571,6019,83,4,Works well,2023-02-18
4572,9198,144,5,Highly recommend!,2023-07-07
4573,12590,192,3,Average product,2021-03-04
4574,11759,195,4,Good quality,2023-06-03
4575,8024,7,3,It's okay,2023-02-02
4576,2732,22,2,Disappointed,2023-08-16
4577,10390,4,3,Average product,2023-08-17
4578,2476,40,5,Excellent product!,2022-06-22
4579,8019,146,4,Satisfied with purchase,2022-01-02
4580,2831,182,3,Average product,2023-01-27
4581,5665,97,1,Terrible,2022-08-12
4582,11567,142,5,Best purchase ever!,2022-04-13
4583,196,170,5,Best purchase ever!,2022-04-03
4584,6728,80,4,Satisfied with purchase,2023-08-10
4585,10732,154,3,It's okay,2023-09-06
4586,12648,34,5,Highly recommend!,2021-04-30
4587,8126,109,4,Works well,2023-12-07
4588,2518,37,5,Love it!,2023-05-12
4589,10243,43,3,Average product,2022-04-30
4590,9832,147,5,Excellent product!,2023-08-29
4591,1254,45,4,Satisfied with purchase,2023-06-22
4592,7010,112,5,Best purchase ever!,2022-08-07
4593,14552,50,2,Below expectations,2021-12-09
4594,3472,87,5,Highly recommend!,2021-02-06
4595,12177,31,3,Average product,2022-06-02
4596,12119,182,2,Could be better,2021-06-14
4597,437,123,4,Good quality,2022-10-11
4598,6571,1,4,Good quality,2022-02-06
4599,4029,36,4,,2022-12-08
4600,357,129,4,Works well,2022-07-06
4601,2337,124,5,Highly recommend!,2023-12-30
4602,8301,106,5,Excellent product!,2021-12-05
4603,9938,89,5,Best purchase ever!,2023-05-30
4604,9165,141,5,Love it!,2022-12-30
4605,14907,64,3,Decent,2021-03-23
4606,10070,156,5,Love it!,2022-11-26
4607,2122,1,5,Best purchase ever!,2022-03-29
4608,13651,42,2,,2023-11-08
4609,145,72,4,Nice product,2021-08-21
4610,14641,26,4,Satisfied with purchase,2023-10-04
4611,4282,104,3,It's okay,2023-08-15
4612,13824,192,4,Works well,2022-10-03
4613,6091,189,2,Not great,2021-06-06
4614,6533,148,4,Nice product,2022-02-18
4615,7380,106,2,Disappointed,2023-12-02
4616,645,51,4,Satisfied with purchase,2021-06-28
4617,8814,137,4,,2021-02-05
4618,12463,51,4,,2021-08-17
4619,5419,34,3,,2021-02-20
4620,10351,124,4,Works well,2021-11-05
4621,12718,146,4,Works well,2022-09-21
4622,11417,146,4,Works well,2022-01-13
4623,4593,109,4,Satisfied with purchase,2023-03-31
4624,13888,198,4,Nice product,2023-09-25
4625,496,109,5,Highly recommend!,2023-05-24
4626,11282,136,2,Not great,2021-02-09
4627,688,140,5,Best purchase ever!,2023-01-30
4628,8893,153,3,Decent,2021-02-19
4629,14156,81,5,Love it!,2023-05-24
4630,2896,90,4,Nice product,2021-04-04
4631,9394,133,5,Highly recommend!,2023-02-20
4632,6206,189,3,Average product,2021-01-19
4633,7829,194,5,Excellent product!,2021-11-07
4634,903,16,5,Best purchase ever!,2023-01-10
4635,14186,170,4,Good quality,2021-02-10
4636,2082,121,5,Highly recommend!,2021-09-04
4637,10111,193,4,Satisfied with purchase,2023-12-12
4638,955,156,3,Average product,2023-03-26
4639,13208,102,5,Excellent product!,2021-06-12
4640,14586,15,5,Love it!,2023-05-13
4641,5183,141,5,Best purchase ever!,2021-09-22
4642,13465,136,4,Good quality,2021-10-17
4643,13206,2,4,Good quality,2023-10-09
4644,11038,33,3,Not bad,2021-04-02
4645,7358,193,3,It's okay,2022-11-11
4646,9540,196,3,Decent,2022-03-02
4647,3678,21,5,Excellent product!,2021-11-19
4648,1431,139,4,Nice product,2023-09-01
4649,10872,12,5,Best purchase ever!,2023-09-23
4650,6180,8,4,Nice product,2022-06-05
4651,14729,89,4,Works well,2022-03-04
4652,2237,179,4,Good quality,2021-01-06
4653,11050,134,4,Satisfied with purchase,2021-08-13
4654,7541,98,5,Love it!,2021-07-16
4655,6018,190,3,Average product,2021-01-09
4656,10711,13,5,Love it!,2023-02-07
4657,1107,10,3,Average product,2023-01-17
4658,14034,61,5,Love it!,2021-03-04
4659,1557,28,4,Nice product,2022-09-10
4660,6055,176,1,Waste of money,2023-12-14
4661,6348,122,4,Works well,2023-03-10
4662,1897,107,5,Best purchase ever!,2022-12-04
4663,908,60,4,Works well,2023-03-08
4664,718,105,2,Not great,2022-02-24
4665,3129,134,2,Disappointed,2021-06-27
4666,6999,153,4,Good quality,2023-01-02
4667,641,116,3,Not bad,2021-07-16
4668,3697,151,4,Good quality,2023-08-11
4669,1360,55,5,Best purchase ever!,2021-10-18
4670,13016,1,5,Highly recommend!,2023-05-16
4671,3366,61,5,Best purchase ever!,2022-03-06
4672,9741,117,3,Not bad,2021-07-30
4673,5233,111,5,Excellent product!,2023-11-18
4674,3595,69,3,Not bad,2022-03-07
4675,6582,106,4,Nice product,2021-01-02
4676,3087,57,5,Love it!,2021-03-13
4677,1045,33,4,Nice product,2022-01-02
4678,5520,178,5,Highly recommend!,2023-08-30
4679,969,135,3,Average product,2021-07-23
4680,906,155,2,Disappointed,2021-10-27
4681,12361,1,3,Decent,2021-12-25
4682,2887,176,3,Not bad,2023-07-03
4683,5058,57,5,Best purchase ever!,2023-10-15
4684,3451,24,4,Works well,2023-10-31
4685,14052,52,4,Works well,2023-03-09
4686,9677,116,3,Decent,2022-05-03
4687,8868,171,3,It's okay,2021-09-13
4688,769,139,5,Love it!,2022-10-26
4689,13533,77,4,Good quality,2021-07-21
4690,6515,129,3,It's okay,2023-08-16
4691,11907,40,5,Best purchase ever!,2023-07-18
4692,4342,47,2,Below expectations,2022-03-27
4693,11000,118,2,Not great,2022-05-05
4694,520,99,2,Disappointed,2021-09-27
4695,5174,8,5,Highly recommend!,2022-08-11
4696,215,52,4,Nice product,2022-11-18
4697,12662,104,5,Highly recommend!,2022-02-04
4698,4215,36,5,Excellent product!,2022-04-25
4699,13128,133,3,Average product,2021-04-10
4700,6499,187,4,Satisfied with purchase,2023-04-08
4701,12616,69,5,Love it!,2022-10-30
4702,7664,177,3,Average product,2022-02-14
4703,8659,174,2,Not great,2023-11-24
4704,11501,151,5,Love it!,2021-06-10
4705,5066,128,5,,2021-10-19
4706,8582,35,4,Satisfied with purchase,2023-10-08
4707,5391,31,1,Waste of money,2021-06-19
4708,13916,150,3,It's okay,2023-04-18
4709,14353,31,4,Works well,2021-08-30
4710,2009,113,4,Satisfied with purchase,2021-07-29
4711,11021,94,4,Nice product,2023-06-26
4712,7120,38,2,Could be better,2021-04-20
4713,369,63,4,Satisfied with purchase,2023-11-03
4714,11194,53,2,Below expectations,2022-01-07
4715,11052,126,2,Not great,2022-08-16
4716,2015,119,4,Nice product,2023-09-13
4717,116,174,4,Good quality,2022-08-18
4718,4414,92,5,Excellent product!,2022-05-18
4719,12250,113,5,Best purchase ever!,2021-03-30
4720,2848,16,2,Disappointed,2023-02-11
4721,8266,61,3,Not bad,2023-03-16
4722,8523,170,5,Highly recommend!,2023-04-10
4723,1674,105,4,Satisfied with purchase,2023-06-04
4724,14967,92,2,Not great,2021-12-02
4725,5094,145,2,Disappointed,2023-03-15
4726,12310,72,4,Works well,2021-09-19
4727,9067,28,4,Nice product,2021-02-22
4728,4630,190,4,Satisfied with purchase,2021-10-20
4729,10491,199,4,Satisfied with purchase,2022-07-11
4730,11310,48,4,Good quality,2022-07-08
4731,7849,191,5,Highly recommend!,2021-06-21
4732,5120,132,2,,2022-03-10
4733,4334,15,5,Love it!,2023-04-09
4734,9916,191,4,Nice product,2022-01-22
4735,4261,60,1,Terrible,2021-01-26
4736,4636,176,4,Nice product,2023-10-28
4737,10195,130,4,Satisfied with purchase,2023-08-08
4738,14,118,3,Decent,2022-06-22
4739,2363,120,2,Not great,2022-03-14
4740,4159,124,5,Love it!,2021-08-09
4741,4862,2,3,Average product,2021-01-31
4742,6626,85,4,Good quality,2023-04-29
4743,1364,99,2,Disappointed,2021-07-20
4744,2945,64,5,Excellent product!,2022-10-12
4745,11314,80,1,Terrible,2023-11-07
4746,4926,11,4,Nice product,2022-04-20
4747,1815,132,3,It's okay,2023-05-30
4748,4507,17,3,Average product,2023-08-19
4749,8448,168,4,Satisfied with purchase,2021-07-31
4750,8373,1,4,Satisfied with purchase,2021-01-25
4751,11780,117,4,Works well,2022-12-30
4752,6281,57,4,Satisfied with purchase,2021-12-08
4753,14134,172,4,Good quality,2022-07-07
4754,7981,52,3,Decent,2021-06-17
4755,5137,190,3,It's okay,2022-05-26
4756,9967,35,3,It's okay,2021-05-31
4757,9880,188,1,Waste of money,2023-08-27
4758,6839,33,4,Nice product,2022-11-29
4759,1731,172,3,It's okay,2022-12-02
4760,8876,151,5,Love it!,2021-11-25
4761,5322,139,4,Works well,2022-08-25
4762,11964,97,4,Nice product,2021-03-20
4763,6635,106,3,It's okay,2021-05-22
4764,2212,1,3,Decent,2023-10-26
4765,1919,119,5,Excellent product!,2023-03-10
4766,10660,55,4,Satisfied with purchase,2023-08-02
4767,1249,145,2,Disappointed,2022-06-02
4768,10996,103,3,,2023-08-17
4769,1367,182,2,Below expectations,2021-10-15
4770,12619,88,4,Good quality,2022-07-15
4771,7775,167,3,Decent,2023-10-03
4772,2588,199,5,Highly recommend!,2022-04-12
4773,10348,42,2,Below expectations,2021-12-17
4774,3082,15,5,Excellent product!,2021-06-06
4775,6034,81,5,Excellent product!,2021-11-02
4776,703,59,4,Good quality,2022-10-30
4777,3426,88,2,Below expectations,2022-10-15
4778,4904,15,5,Love it!,2023-03-03
4779,14280,142,5,Excellent product!,2023-08-08
4780,13549,129,4,Satisfied with purchase,2021-03-26
4781,1432,95,5,Highly recommend!,2023-10-19
4782,6623,63,3,Average product,2023-08-28
4783,5805,107,4,Good quality,2023-08-19
4784,5515,35,4,Nice product,2022-05-03
4785,397,126,5,Best purchase ever!,2021-09-05
4786,522,3,5,,2023-11-01
4787,567,173,3,Decent,2022-05-10
4788,2652,61,4,Nice product,2021-08-07
4789,10225,118,5,Excellent product!,2021-11-26
4790,11111,46,2,Could be better,2023-04-30
4791,6800,155,3,Not bad,2022-10-20
4792,12342,100,5,Excellent product!,2023-02-05
4793,2490,57,4,Satisfied with purchase,2022-11-12
4794,6396,3,2,,2023-07-02
4795,5408,135,4,Good quality,2021-09-17
4796,8822,76,5,Highly recommend!,2023-01-06
4797,13639,33,3,Average product,2022-09-22
4798,9428,174,2,Could be better,2021-05-02
4799,18,45,5,Best purchase ever!,2021-01-06
4800,4774,122,4,Nice product,2023-08-25
4801,3491,18,5,Best purchase ever!,2023-09-22
4802,11910,122,4,Works well,2022-05-24
4803,2206,30,3,Decent,2021-08-03
4804,9780,56,3,It's okay,2021-11-30
4805,4142,96,5,Highly recommend!,2023-02-02
4806,3805,115,4,Works well,2023-05-06
4807,586,3,1,,2022-02-25
4808,6824,70,4,Good quality,2022-04-14
4809,637,66,5,Best purchase ever!,2023-06-19
4810,461,24,4,Nice product,2021-10-16
4811,10339,101,1,Do not buy,2022-11-19
4812,10615,178,4,,2022-09-24
4813,381,159,1,Waste of money,2023-01-02
4814,1541,189,4,Nice product,2023-12-18
4815,3442,29,5,Love it!,2021-05-24
4816,1720,167,2,Disappointed,2021-06-15
4817,1414,93,3,Not bad,2022-04-07
4818,1100,190,3,Decent,2021-08-06
4819,13739,194,4,Good quality,2022-02-10
4820,1699,130,2,Not great,2023-02-27
4821,11727,69,3,Decent,2022-06-02
4822,12117,88,2,Disappointed,2021-09-07
4823,9267,8,4,Nice product,2023-11-26
4824,7769,115,4,,2023-08-19
4825,3725,147,4,Good quality,2021-06-21
4826,4962,11,5,Love it!,2023-10-15
4827,5898,7,2,Below expectations,2021-07-12
4828,1805,74,5,Highly recommend!,2023-03-13
4829,13924,106,4,Satisfied with purchase,2021-05-05
4830,9273,129,2,Below expectations,2022-10-09
4831,11851,65,4,Nice product,2023-06-02
4832,13332,113,4,Works well,2023-04-22
4833,680,23,5,Love it!,2021-09-28
4834,1726,32,2,Could be better,2023-12-12
4835,12963,165,2,Below expectations,2023-06-22
4836,7982,150,1,Terrible,2023-01-31
4837,14583,51,5,Best purchase ever!,2023-11-06
4838,10205,65,4,Nice product,2021-08-04
4839,7085,190,1,Do not buy,2022-09-06
4840,6243,86,5,Love it!,2023-02-27
4841,6631,180,2,Could be better,2021-09-29
4842,7987,182,5,Excellent product!,2022-12-12
4843,9848,181,5,Best purchase ever!,2022-06-03
4844,11238,186,4,Nice product,2021-06-19
4845,4241,195,2,Below expectations,2023-07-16
4846,13724,106,4,Satisfied with purchase,2021-09-05
4847,4358,140,4,Good quality,2021-01-26
4848,3265,172,5,Highly recommend!,2021-04-16
4849,9659,183,3,It's okay,2022-09-15
4850,3691,96,4,Nice product,2021-08-13
4851,1645,142,3,Decent,2022-08-24
4852,14185,120,5,Love it!,2022-02-28
4853,5455,15,3,Not bad,2022-11-17
4854,13766,67,5,Excellent product!,2023-12-02
4855,1258,142,5,Highly recommend!,2023-07-31
4856,6344,33,4,Nice product,2021-09-14
4857,12670,135,5,Best purchase ever!,2022-02-16
4858,9338,71,5,Best purchase ever!,2023-04-03
4859,13870,89,4,Works well,2021-12-11
4860,10233,193,5,Highly recommend!,2022-11-12
4861,1958,44,3,Decent,2021-03-07
4862,895,47,2,Not great,2022-11-29
4863,5708,197,2,Disappointed,2023-05-07
4864,8977,71,4,Works well,2022-02-13
4865,2496,61,4,Nice product,2022-01-03
4866,3740,63,5,Highly recommend!,2022-06-04
4867,13282,192,2,Could be better,2021-01-30
4868,1146,185,4,,2023-01-03
4869,13353,50,3,It's okay,2022-01-12
4870,6204,19,5,Best purchase ever!,2021-04-04
4871,8162,35,3,Average product,2023-07-09
4872,9541,49,3,Not bad,2023-04-30
4873,2952,191,1,Poor quality,2021-08-09
4874,12665,166,4,Good quality,2021-04-18
4875,1800,81,4,Good quality,2021-12-30
4876,9600,144,4,Nice product,2021-12-30
4877,4221,79,5,Best purchase ever!,2021-04-02
4878,9313,192,4,Nice product,2022-04-24
4879,8796,200,4,,2022-10-01
4880,5954,88,4,Nice product,2021-06-07
4881,22,162,4,Good quality,2023-05-15
4882,227,159,5,Love it!,2021-08-01
4883,14812,181,5,Best purchase ever!,2021-10-31
4884,10637,198,4,Good quality,2022-05-28
4885,4175,120,4,Satisfied with purchase,2023-01-07
4886,8260,138,5,Best purchase ever!,2023-08-07
4887,5508,99,1,Terrible,2021-04-22
4888,4233,112,3,It's okay,2021-04-06
4889,11876,153,3,It's okay,2022-02-27
4890,6429,151,2,Disappointed,2021-11-11
4891,4161,117,4,,2021-03-31
4892,4959,26,5,,2023-10-23
4893,8830,46,4,Satisfied with purchase,2023-03-06
4894,1615,10,3,Not bad,2023-06-28
4895,11179,138,5,Highly recommend!,2023-04-08
4896,14651,187,3,Average product,2021-11-09
4897,6627,187,4,Satisfied with purchase,2021-12-05
4898,2821,144,1,Poor quality,2021-07-13
4899,11518,139,5,Best purchase ever!,2021-01-15
4900,11572,16,5,Love it!,2022-03-15
4901,7420,167,5,Love it!,2023-02-14
4902,14896,144,4,Works well,2023-06-25
4903,4550,156,3,Average product,2023-08-26
4904,4813,171,3,Decent,2023-05-31
4905,8302,6,5,Excellent product!,2022-01-13
4906,8450,68,5,Excellent product!,2023-05-05
4907,4840,160,2,Not great,2022-09-10
4908,6234,98,2,Could be better,2021-04-09
4909,169,90,5,Excellent product!,2023-10-17
4910,9973,173,3,Decent,2022-11-16
4911,3241,27,4,Satisfied with purchase,2022-08-02
4912,10913,129,1,Terrible,2021-09-08
4913,2394,67,3,Average product,2022-07-29
4914,11882,69,3,Average product,2023-12-03
4915,8202,79,5,Highly recommend!,2021-01-23
4916,14250,137,2,Below expectations,2021-08-26
4917,8060,11,4,Satisfied with purchase,2023-12-19
4918,8812,151,4,Good quality,2022-04-15
4919,11618,39,5,Best purchase ever!,2023-09-04
4920,9849,200,2,Could be better,2022-05-06
4921,3330,4,4,Works well,2023-03-21
4922,8854,188,5,Excellent product!,2023-01-09
4923,11663,96,1,Do not buy,2023-03-16
4924,6627,173,4,Works well,2022-01-03
4925,11556,159,2,Below expectations,2021-12-29
4926,10089,26,4,Works well,2023-05-27
4927,3167,121,3,,2021-01-26
4928,5145,140,2,Disappointed,2023-12-04
4929,14124,40,4,Nice product,2023-02-01
4930,4661,34,4,Good quality,2023-12-26
4931,4407,134,3,Not bad,2023-09-14
4932,14065,170,4,Works well,2021-03-19
4933,5601,196,4,Satisfied with purchase,2021-12-06
4934,11200,154,5,,2023-04-17
4935,3170,61,4,Works well,2022-07-05
4936,6475,199,3,Decent,2021-09-15
4937,6406,29,3,Not bad,2023-07-08
4938,9637,33,4,Good quality,2022-01-01
4939,8710,161,5,Love it!,2021-10-09
4940,5513,94,4,,2022-08-21
4941,14953,142,5,Best purchase ever!,2023-06-05
4942,6006,5,4,Good quality,2021-03-28
4943,13962,110,5,Excellent product!,2022-01-15
4944,462,101,4,,2023-04-16
4945,3924,199,4,Nice product,2021-10-10
4946,14382,135,4,Nice product,2021-11-15
4947,1532,184,4,Good quality,2021-10-26
4948,10734,196,4,Good quality,2021-03-17
4949,4039,140,5,Highly recommend!,2022-06-04
4950,4329,162,5,Best purchase ever!,2022-07-09
4951,6097,73,4,Satisfied with purchase,2022-12-09
4952,5260,69,3,Decent,2022-12-21
4953,2715,68,4,Works well,2022-08-04
4954,6756,147,5,Love it!,2023-03-07
4955,6164,183,4,Satisfied with purchase,2021-07-07
4956,4079,166,4,Satisfied with purchase,2022-12-28
4957,5106,61,1,Terrible,2021-03-10
4958,1660,181,3,It's okay,2021-09-17
4959,10844,186,5,Love it!,2022-12-12
4960,5496,171,5,Excellent product!,2021-06-23
4961,3050,180,2,,2021-10-25
4962,4414,86,2,Not great,2022-12-04
4963,749,90,5,Excellent product!,2021-12-09
4964,12306,170,5,Highly recommend!,2022-02-28
4965,6979,181,4,Nice product,2023-03-25
4966,5050,109,5,Best purchase ever!,2022-04-17
4967,14862,9,5,Best purchase ever!,2023-11-22
4968,849,73,5,Excellent product!,2022-10-05
4969,3276,169,4,Nice product,2023-02-16
4970,9526,191,4,Works well,2021-07-30
4971,5016,124,4,Good quality,2021-03-18
4972,14762,17,5,Love it!,2021-08-26
4973,5261,164,3,Average product,2021-02-06
4974,8532,158,3,Decent,2021-08-19
4975,4479,118,4,,2022-11-06
4976,4618,86,5,Love it!,2023-11-16
4977,10141,120,4,Nice product,2021-10-18
4978,3613,52,4,Good quality,2021-09-29
4979,5133,182,5,Excellent product!,2021-10-24
4980,11116,179,4,Satisfied with purchase,2021-04-13
4981,538,109,5,Highly recommend!,2021-02-10
4982,1341,97,3,,2023-02-10
4983,5416,87,4,Good quality,2022-02-12
4984,14100,54,4,Works well,2022-03-28
4985,9272,124,5,Excellent product!,2023-06-25
4986,9429,90,4,Satisfied with purchase,2022-04-19
4987,332,139,5,,2023-10-04
4988,12487,142,3,It's okay,2021-06-12
4989,12250,101,3,Not bad,2022-08-17
4990,10987,116,4,Works well,2021-04-10
4991,5686,73,1,Poor quality,2022-01-03
4992,8810,80,4,Works well,2021-10-27
4993,8996,171,5,Love it!,2023-05-16
4994,9707,97,3,It's okay,2021-10-08
4995,14236,132,4,Works well,2022-01-29
4996,6049,131,4,Works well,2023-09-11
4997,6183,116,4,Nice product,2023-12-20
4998,7699,100,4,,2022-06-03
4999,960,94,4,Nice product,2021-02-01
5000,5817,124,4,Satisfied with purchase,2021-02-08
5001,5719,93,1,Waste of money,2022-07-20
5002,5993,110,4,Nice product,2023-11-10
5003,10829,37,4,Satisfied with purchase,2023-08-14
5004,4363,172,5,Love it!,2023-09-24
5005,8220,196,5,Highly recommend!,2022-07-11
5006,5743,65,4,Good quality,2021-04-15
5007,14114,164,4,Nice product,2023-05-31
5008,4536,160,2,Below expectations,2021-08-11
5009,14317,44,4,Good quality,2021-02-16
5010,5021,75,3,Decent,2022-06-23
5011,14111,101,4,Good quality,2023-07-10
5012,1038,33,4,Nice product,2023-12-26
5013,2880,59,5,Highly recommend!,2021-09-11
5014,8518,96,5,Best purchase ever!,2023-01-11
5015,550,178,3,Decent,2022-11-25
5016,6207,44,5,Highly recommend!,2022-11-05
5017,4613,128,4,Satisfied with purchase,2023-10-10
5018,14648,11,5,Highly recommend!,2021-05-16
5019,7751,136,4,Works well,2021-04-25
5020,6034,67,3,It's okay,2023-09-20
5021,10453,186,2,Below expectations,2023-09-13
5022,4480,177,3,It's okay,2023-07-05
5023,3442,145,3,Average product,2021-01-14
5024,13135,165,4,Good quality,2023-05-09
5025,11214,42,4,Satisfied with purchase,2023-12-19
5026,3540,66,4,Satisfied with purchase,2023-01-17
5027,5650,190,4,Good quality,2022-08-03
5028,8794,175,5,Love it!,2023-07-04
5029,2005,73,2,Could be better,2022-05-03
5030,9379,175,2,Not great,2021-10-05
5031,11669,66,2,Below expectations,2021-08-22
5032,6031,16,4,Nice product,2022-02-20
5033,10191,33,5,,2023-10-14
5034,7563,40,4,Good quality,2022-09-26
5035,14204,32,2,Not great,2021-01-25
5036,13765,157,4,Good quality,2022-06-16
5037,3148,51,1,Do not buy,2022-08-19
5038,14951,195,2,Below expectations,2023-06-18
5039,11723,117,3,Not bad,2023-10-06
5040,4663,40,4,Good quality,2021-03-26
5041,12184,39,4,Good quality,2021-05-03
5042,12058,151,4,Nice product,2021-11-07
5043,11549,152,5,Love it!,2022-09-30
5044,12972,142,5,Best purchase ever!,2022-07-06
5045,3752,200,4,Satisfied with purchase,2023-10-03
5046,9931,54,3,Not bad,2022-02-11
5047,10194,76,4,Good quality,2022-11-28
5048,4480,62,4,Works well,2024-01-01
5049,11324,80,3,Average product,2021-02-14
5050,7666,170,4,Nice product,2023-03-22
5051,2607,199,3,Decent,2022-11-06
5052,12738,184,4,Nice product,2023-10-12
5053,9435,150,2,Below expectations,2023-08-19
5054,1622,129,5,Excellent product!,2021-06-27
5055,10243,170,2,Not great,2021-07-12
5056,4961,55,5,Love it!,2021-04-30
5057,893,76,2,Below expectations,2023-02-13
5058,4722,34,5,Best purchase ever!,2023-09-30
5059,4605,166,5,Highly recommend!,2021-10-02
5060,12232,89,4,Works well,2023-06-27
5061,9180,36,5,Highly recommend!,2023-05-08
5062,5267,76,3,Average product,2023-09-19
5063,1873,80,3,,2022-05-29
5064,14128,115,4,Works well,2021-08-18
5065,4812,189,5,Highly recommend!,2022-03-21
5066,9569,40,2,Could be better,2021-12-15
5067,8663,74,1,Terrible,2022-11-28
5068,8613,180,2,Below expectations,2022-07-20
5069,7268,89,4,Works well,2022-07-02
5070,8199,71,3,Decent,2022-01-10
5071,5048,64,4,Nice product,2021-04-23
5072,1679,197,4,Satisfied with purchase,2021-09-06
5073,2483,185,4,Good quality,2023-09-25
5074,12283,18,4,Good quality,2021-12-03
5075,11178,184,4,Satisfied with purchase,2021-03-13
5076,14684,84,3,It's okay,2022-07-30
5077,12890,169,3,Decent,2022-09-11
5078,10142,34,3,It's okay,2023-02-11
5079,1430,164,4,Nice product,2022-09-23
5080,4753,41,4,Works well,2021-10-28
5081,2939,79,5,Highly recommend!,2021-04-22
5082,1409,141,5,Highly recommend!,2021-07-04
5083,13066,179,5,Best purchase ever!,2023-06-23
5084,8020,111,3,It's okay,2021-12-04
5085,11800,80,3,Not bad,2022-10-02
5086,8785,9,3,Decent,2021-07-03
5087,4529,47,5,Highly recommend!,2021-08-23
5088,2236,9,4,Nice product,2023-05-06
5089,1955,70,5,Best purchase ever!,2023-12-30
5090,7642,19,5,Love it!,2023-03-24
5091,8835,74,5,Best purchase ever!,2023-01-08
5092,6970,29,3,Decent,2021-05-04
5093,1642,52,4,Works well,2022-01-17
5094,14446,77,4,Works well,2021-08-11
5095,10397,43,4,Satisfied with purchase,2021-07-27
5096,71,147,5,Love it!,2021-01-03
5097,5832,181,5,Excellent product!,2023-06-30
5098,2703,84,3,Decent,2022-04-17
5099,7129,92,2,Could be better,2021-08-30
5100,628,25,5,Excellent product!,2022-05-12
5101,8435,170,4,Satisfied with purchase,2022-11-12
5102,14828,58,5,Excellent product!,2021-01-11
5103,9990,138,5,Highly recommend!,2022-02-09
5104,2096,63,3,It's okay,2022-11-22
5105,3669,79,4,Nice product,2021-12-03
5106,7603,49,5,Excellent product!,2023-07-24
5107,14199,136,5,Best purchase ever!,2022-02-01
5108,5222,68,4,Good quality,2022-04-07
5109,2480,2,3,Average product,2023-09-20
5110,4921,91,2,Below expectations,2023-12-12
5111,10823,126,3,It's okay,2023-09-17
5112,10767,42,4,Nice product,2022-09-28
5113,6269,32,5,Love it!,2022-12-03
5114,3314,76,3,Average product,2022-01-16
5115,5967,153,4,Good quality,2022-08-08
5116,6027,110,3,Not bad,2022-12-22
5117,4776,63,4,Satisfied with purchase,2022-02-27
5118,6800,191,4,Satisfied with purchase,2023-07-02
5119,848,63,5,Best purchase ever!,2021-04-17
5120,14608,147,5,Best purchase ever!,2023-05-20
5121,3748,48,4,Works well,2023-09-22
5122,997,74,4,Works well,2023-08-02
5123,8339,156,4,Nice product,2022-05-07
5124,7284,197,3,,2021-05-07
5125,2067,154,4,Nice product,2023-12-29
5126,4479,144,4,Good quality,2021-08-08
5127,10081,181,4,Works well,2023-09-28
5128,6925,199,5,Love it!,2022-02-15
5129,12097,7,2,Below expectations,2021-08-26
5130,3788,138,2,Disappointed,2023-04-28
5131,3021,77,2,Could be better,2023-11-08
5132,13167,156,4,Satisfied with purchase,2021-07-08
5133,11968,21,5,Love it!,2023-03-13
5134,12356,26,5,Highly recommend!,2022-08-23
5135,9153,82,4,Good quality,2022-06-13
5136,9140,46,4,Nice product,2023-01-18
5137,5956,172,4,Nice product,2021-10-27
5138,8588,149,4,Works well,2023-01-11
5139,13645,95,4,Nice product,2021-07-27
5140,6779,87,4,Works well,2021-10-21
5141,5600,75,4,Good quality,2022-05-14
5142,13321,34,4,Satisfied with purchase,2022-04-30
5143,5417,146,3,Average product,2022-09-12
5144,12150,11,5,Excellent product!,2023-04-08
5145,2920,92,3,Average product,2021-08-05
5146,12693,148,2,Below expectations,2023-10-09
5147,9249,182,5,Highly recommend!,2022-02-20
5148,5967,62,5,Excellent product!,2021-01-09
5149,9463,170,1,,2021-09-11
5150,3841,4,5,Love it!,2022-12-28
5151,8921,187,2,Below expectations,2023-07-08
5152,11926,3,3,It's okay,2022-02-28
5153,14302,110,1,Poor quality,2023-11-19
5154,2433,16,1,Terrible,2022-12-31
5155,6258,117,2,Not great,2021-05-13
5156,2599,6,5,,2021-11-28
5157,5526,141,2,Disappointed,2022-02-26
5158,1133,115,5,Highly recommend!,2023-08-06
5159,1769,140,4,Good quality,2023-11-06
5160,13526,24,5,Best purchase ever!,2021-11-04
5161,7630,183,5,Highly recommend!,2023-04-08
5162,1754,88,4,,2023-02-03
5163,10517,60,3,Average product,2023-06-14
5164,8981,87,1,Waste of money,2023-07-23
5165,7777,65,5,Excellent product!,2021-09-02
5166,14627,23,4,Good quality,2022-09-27
5167,13699,43,4,Good quality,2022-12-30
5168,2858,82,5,Excellent product!,2022-06-01
5169,1802,39,3,Average product,2023-05-26
5170,6589,104,5,Highly recommend!,2023-11-21
5171,6317,45,4,Nice product,2023-08-18
5172,8695,27,2,,2021-02-19
5173,2498,150,3,It's okay,2023-09-25
5174,64,191,3,Not bad,2023-05-15
5175,8605,21,3,It's okay,2021-05-29
5176,8901,73,5,Love it!,2021-12-27
5177,5240,178,4,Works well,2021-05-24
5178,4480,9,4,Works well,2021-04-03
5179,13760,67,5,Best purchase ever!,2021-04-12
5180,11572,164,5,Highly recommend!,2021-07-18
5181,5381,158,3,Average product,2022-10-20
5182,10900,77,1,Poor quality,2021-07-24
5183,14528,184,2,Not great,2021-12-31
5184,11593,44,5,Excellent product!,2021-07-21
5185,4952,7,4,Nice product,2021-02-14
5186,8133,64,3,It's okay,2021-06-05
5187,2985,101,5,Love it!,2021-02-11
5188,12024,170,3,Decent,2023-05-31
5189,3614,109,5,Best purchase ever!,2023-10-05
5190,6989,173,5,Love it!,2023-07-21
5191,9963,153,2,Below expectations,2022-05-01
5192,13534,159,4,Nice product,2021-09-24
5193,7256,181,5,Best purchase ever!,2021-10-01
5194,12414,198,5,Excellent product!,2021-01-06
5195,3514,198,3,Average product,2021-03-03
5196,13144,102,2,Disappointed,2023-12-14
5197,7646,129,1,Waste of money,2022-03-30
5198,5942,196,4,Works well,2023-02-23
5199,12133,104,3,Not bad,2023-08-23
5200,10780,56,4,Nice product,2023-05-08
5201,14263,180,5,Best purchase ever!,2023-08-22
5202,12172,18,3,Not bad,2023-12-09
5203,5954,161,4,Works well,2023-12-09
5204,8260,53,5,Love it!,2021-06-27
5205,14995,114,4,Works well,2021-07-09
5206,3692,98,3,Average product,2022-01-23
5207,6973,192,5,Highly recommend!,2022-10-02
5208,2328,33,4,,2022-07-15
5209,8898,88,2,Could be better,2022-11-16
5210,3331,49,2,Disappointed,2023-02-14
5211,5430,61,4,Nice product,2022-01-09
5212,6943,162,4,Good quality,2021-01-13
5213,2606,194,4,Good quality,2021-02-17
5214,7350,129,4,Good quality,2022-02-09
5215,14415,178,4,Nice product,2022-04-16
5216,13500,95,5,Excellent product!,2021-05-20
5217,3133,31,5,Highly recommend!,2022-12-02
5218,5230,149,3,Not bad,2023-12-09
5219,13028,27,4,,2022-01-12
5220,11837,129,4,Good quality,2021-08-05
5221,13147,62,3,Decent,2021-02-17
5222,11538,17,3,It's okay,2022-04-06
5223,7697,17,3,Average product,2021-03-29
5224,11770,146,4,Satisfied with purchase,2022-11-08
5225,7709,134,3,,2023-08-18
5226,5957,104,4,Nice product,2023-08-27
5227,1166,89,1,,2022-05-01
5228,12744,186,3,Average product,2023-02-18
5229,2467,14,4,Good quality,2023-06-25
5230,7924,118,4,,2021-08-26
5231,10729,185,1,Poor quality,2021-08-20
5232,1050,177,5,Best purchase ever!,2021-10-11
5233,3769,186,3,Decent,2023-12-12
5234,8203,196,4,Good quality,2022-06-18
5235,2226,48,4,Satisfied with purchase,2022-07-28
5236,2723,16,4,Nice product,2022-12-11
5237,1820,70,4,Good quality,2021-12-10
5238,11429,123,4,Good quality,2021-06-09
5239,9416,152,4,Satisfied with purchase,2022-04-17
5240,1374,81,3,Not bad,2022-10-26
5241,880,199,4,Good quality,2021-06-09
5242,8920,18,3,Not bad,2021-08-01
5243,12165,67,5,Love it!,2023-10-27
5244,3370,70,2,Not great,2023-08-15
5245,10922,23,1,Terrible,2021-08-23
5246,3340,164,4,Works well,2022-02-11
5247,13600,119,1,,2023-09-23
5248,8054,115,4,Good quality,2022-05-28
5249,6252,79,5,Love it!,2022-06-16
5250,13745,99,5,Love it!,2021-03-25
5251,8404,158,4,Nice product,2021-07-12
5252,11725,42,4,Works well,2021-02-20
5253,1477,18,4,Works well,2023-10-13
5254,6750,35,4,Works well,2022-05-14
5255,4233,135,4,Good quality,2021-03-28
5256,12191,112,4,Works well,2022-12-16
5257,2910,147,4,Satisfied with purchase,2023-09-07
5258,6535,73,5,Best purchase ever!,2021-10-23
5259,485,52,5,Highly recommend!,2023-12-08
5260,9030,24,5,Best purchase ever!,2021-11-17
5261,1748,172,4,Nice product,2023-11-16
5262,8659,32,4,Nice product,2022-06-18
5263,13252,28,5,Highly recommend!,2023-05-21
5264,887,134,2,Not great,2023-05-10
5265,6193,157,2,Not great,2023-08-12
5266,14957,14,4,Nice product,2021-05-02
5267,13861,57,5,Excellent product!,2022-12-01
5268,1065,33,2,Could be better,2021-03-06
5269,919,150,4,Nice product,2022-11-26
5270,13461,183,3,Average product,2021-07-21
5271,2138,20,3,Not bad,2023-11-16
5272,10765,68,5,Love it!,2023-10-26
5273,7101,143,4,Good quality,2021-03-15
5274,6620,40,4,Satisfied with purchase,2023-11-02
5275,6841,195,4,Nice product,2022-10-19
5276,6541,11,5,Best purchase ever!,2022-07-12
5277,326,170,5,Excellent product!,2023-07-31
5278,10520,178,4,Works well,2021-04-19
5279,14097,24,4,Works well,2021-12-01
5280,2360,169,3,Not bad,2022-01-13
5281,4653,187,5,Love it!,2022-12-04
5282,5376,50,2,Below expectations,2021-10-06
5283,11661,31,4,Satisfied with purchase,2021-07-18
5284,10491,6,1,Do not buy,2022-04-15
5285,6734,40,4,Works well,2021-08-16
5286,1924,138,5,Love it!,2021-07-25
5287,11530,186,5,Excellent product!,2022-03-14
5288,395,162,5,Highly recommend!,2021-07-16
5289,13748,57,5,Highly recommend!,2022-05-29
5290,11947,190,3,It's okay,2022-04-04
5291,14669,145,4,Satisfied with purchase,2023-02-07
5292,10131,178,2,Below expectations,2021-02-08
5293,10994,167,2,Not great,2021-05-13
5294,12935,119,1,Do not buy,2023-08-02
5295,10932,17,3,Not bad,2021-01-30
5296,10672,200,5,Excellent product!,2022-07-29
5297,1566,164,4,Nice product,2023-01-17
5298,674,108,3,It's okay,2023-10-30
5299,8829,189,3,Decent,2022-12-16
5300,13536,170,3,Decent,2021-01-08
5301,8377,39,5,Highly recommend!,2021-02-18
5302,4981,130,3,Average product,2023-05-24
5303,5219,138,3,Decent,2022-01-19
5304,3717,16,4,Works well,2023-01-26
5305,7029,144,5,Excellent product!,2022-02-01
5306,12828,4,5,Best purchase ever!,2022-12-31
5307,467,89,4,Satisfied with purchase,2022-12-22
5308,7018,166,5,Excellent product!,2021-03-20
5309,4519,132,5,Love it!,2023-10-19
5310,3518,107,3,Average product,2021-08-25
5311,1661,112,2,Disappointed,2023-11-10
5312,14399,189,2,,2021-03-31
5313,11566,195,4,Nice product,2023-08-11
5314,3046,153,4,Works well,2023-10-31
5315,14655,194,5,Best purchase ever!,2023-03-06
5316,9075,80,5,Love it!,2023-06-21
5317,8510,105,5,Best purchase ever!,2022-06-22
5318,11703,113,4,Satisfied with purchase,2021-05-26
5319,3403,94,4,Works well,2021-04-14
5320,8557,15,4,Good quality,2022-03-11
5321,8403,68,1,Waste of money,2022-07-03
5322,13057,154,5,Highly recommend!,2023-08-28
5323,3889,10,5,,2023-11-06
5324,2614,114,3,Average product,2023-02-02
5325,12211,28,4,Nice product,2023-02-15
5326,6393,166,4,Nice product,2021-02-16
5327,14702,172,3,It's okay,2023-10-07
5328,7655,91,4,Works well,2023-08-29
5329,14292,63,4,Works well,2023-07-04
5330,10901,83,4,Works well,2022-10-27
5331,12184,79,2,Disappointed,2023-06-13
5332,4495,39,5,Excellent product!,2021-03-10
5333,7778,121,3,Decent,2022-06-22
5334,8971,150,5,Best purchase ever!,2022-10-10
5335,11443,18,3,Average product,2023-12-05
5336,1220,77,3,Decent,2021-11-07
5337,13971,36,5,Excellent product!,2023-01-05
5338,11531,121,5,Best purchase ever!,2023-09-23
5339,5696,193,3,It's okay,2022-12-29
5340,10965,77,5,Excellent product!,2021-10-26
5341,3815,182,4,,2021-07-26
5342,7924,97,2,Below expectations,2023-08-03
5343,10125,16,2,Could be better,2023-06-30
5344,903,110,3,Decent,2021-08-07
5345,544,37,5,Love it!,2023-07-01
5346,2950,178,5,Love it!,2021-06-16
5347,7672,122,5,Best purchase ever!,2023-02-03
5348,14538,187,1,Terrible,2021-07-25
5349,6402,5,2,Disappointed,2023-04-27
5350,5192,73,4,Satisfied with purchase,2021-12-13
5351,5067,103,4,Good quality,2021-12-05
5352,6095,54,5,Highly recommend!,2021-03-31
5353,9083,75,4,Good quality,2022-06-18
5354,3821,147,5,Highly recommend!,2021-08-01
5355,7297,27,3,Decent,2022-07-07
5356,11347,2,3,Not bad,2021-06-08
5357,14878,58,3,It's okay,2023-11-04
5358,2770,67,3,Not bad,2021-05-21
5359,1907,62,5,,2023-01-17
5360,10200,104,3,Decent,2021-01-09
5361,8200,136,2,Could be better,2023-12-17
5362,278,14,4,Nice product,2023-02-19
5363,9469,138,2,Disappointed,2023-10-04
5364,8537,101,5,Love it!,2022-01-13
5365,10377,59,3,Not bad,2022-03-22
5366,1529,176,4,Works well,2021-01-15
5367,9563,62,5,Excellent product!,2023-05-10
5368,11711,188,4,Works well,2023-04-06
5369,13765,197,2,Could be better,2023-10-15
5370,6420,173,5,Love it!,2023-04-16
5371,14944,158,2,Not great,2023-12-30
5372,760,164,5,Love it!,2021-05-31
5373,11583,176,4,Nice product,2022-03-18
5374,10530,96,5,Excellent product!,2021-10-19
5375,11274,162,2,Could be better,2021-12-08
5376,2672,110,5,Excellent product!,2022-12-31
5377,5242,76,4,Works well,2023-01-10
5378,12331,172,3,Decent,2023-10-26
5379,8748,11,4,Nice product,2023-08-02
5380,4898,57,5,Excellent product!,2021-07-21
5381,7025,68,4,Nice product,2023-01-10
5382,14278,118,2,Below expectations,2023-08-24
5383,6299,54,5,Best purchase ever!,2022-09-17
5384,936,112,2,Below expectations,2021-11-07
5385,13599,95,4,Nice product,2022-05-25
5386,11957,40,2,,2022-05-26
5387,2077,168,4,Satisfied with purchase,2023-07-19
5388,12005,62,5,Excellent product!,2021-01-12
5389,214,16,5,Love it!,2023-10-09
5390,8877,54,5,Love it!,2021-12-15
5391,6248,30,4,Good quality,2022-03-21
5392,9334,180,4,Good quality,2022-12-20
5393,7446,98,4,,2021-01-10
5394,741,120,1,Do not buy,2022-05-11
5395,9419,180,4,Nice product,2022-01-05
5396,2347,62,4,Good quality,2021-10-23
5397,6946,70,4,Satisfied with purchase,2022-05-10
5398,14316,9,3,It's okay,2022-04-08
5399,5586,61,2,Could be better,2021-09-12
5400,7232,2,4,Works well,2022-03-10
5401,14504,13,3,It's okay,2023-03-30
5402,6029,150,5,Love it!,2021-02-03
5403,10947,91,5,Love it!,2022-01-22
5404,13043,14,3,It's okay,2021-07-15
5405,546,21,4,Satisfied with purchase,2022-04-19
5406,4480,161,2,Below expectations,2022-04-17
5407,9722,121,5,Excellent product!,2021-02-18
5408,14486,131,4,Good quality,2022-10-01
5409,14918,112,4,Good quality,2023-04-26
5410,862,176,4,Nice product,2023-12-19
5411,9757,33,3,It's okay,2023-12-19
5412,9785,111,2,Could be better,2022-12-19
5413,13461,163,3,Decent,2023-02-14
5414,10311,64,1,Poor quality,2021-10-19
5415,8460,5,5,Highly recommend!,2023-10-12
5416,11833,35,5,Love it!,2021-01-14
5417,11401,1,3,Not bad,2023-06-03
5418,7909,30,5,Love it!,2021-12-25
5419,12024,22,4,Nice product,2023-11-18
5420,14124,147,1,Terrible,2023-02-13
5421,8118,123,5,Highly recommend!,2023-03-15
5422,13837,158,5,Love it!,2023-04-27
5423,3822,52,5,Excellent product!,2021-08-07
5424,9101,174,3,Average product,2021-12-26
5425,11065,114,2,Below expectations,2021-08-12
5426,4488,132,3,Average product,2023-04-29
5427,11254,49,5,Best purchase ever!,2023-01-10
5428,13948,53,4,Works well,2021-06-13
5429,1068,9,5,Best purchase ever!,2023-06-12
5430,11649,142,1,Terrible,2021-03-05
5431,8711,159,5,Excellent product!,2023-08-20
5432,6068,106,5,,2023-06-16
5433,621,112,5,Highly recommend!,2023-12-25
5434,7653,189,4,Good quality,2023-06-09
5435,10957,119,4,Satisfied with purchase,2023-07-03
5436,6564,138,5,Best purchase ever!,2023-08-07
5437,5735,45,4,Works well,2021-12-03
5438,7516,47,5,Highly recommend!,2021-03-06
5439,1183,162,5,Love it!,2021-09-25
5440,7070,146,5,Excellent product!,2021-07-09
5441,13407,76,4,Nice product,2023-11-18
5442,4215,101,5,,2023-08-18
5443,4233,89,3,It's okay,2021-05-20
5444,10975,161,5,Love it!,2023-12-15
5445,7642,138,2,Could be better,2023-06-10
5446,3032,16,4,Good quality,2021-08-17
5447,9709,25,4,Works well,2023-05-30
5448,13974,165,4,Nice product,2023-04-17
5449,12174,142,2,Could be better,2021-11-30
5450,4579,132,4,Good quality,2023-01-18
5451,1864,146,3,It's okay,2021-11-24
5452,6730,196,4,Satisfied with purchase,2021-01-15
5453,8718,77,5,Best purchase ever!,2023-09-23
5454,2478,44,3,Average product,2021-06-27
5455,7000,136,4,Nice product,2022-11-09
5456,2654,22,4,Nice product,2023-01-15
5457,7392,93,3,Decent,2022-01-20
5458,10897,108,4,Satisfied with purchase,2023-01-08
5459,13451,80,5,Best purchase ever!,2023-08-11
5460,7860,29,2,Disappointed,2022-11-28
5461,4229,77,4,Satisfied with purchase,2022-07-27
5462,10327,75,5,Highly recommend!,2023-01-23
5463,10575,116,4,Good quality,2023-11-28
5464,2356,90,4,Satisfied with purchase,2023-12-09
5465,11922,49,4,Nice product,2021-10-21
5466,11741,8,4,Works well,2023-04-13
5467,13973,162,4,Works well,2022-01-12
5468,12384,24,4,Good quality,2022-05-14
5469,9103,3,4,,2023-08-02
5470,4064,124,5,Best purchase ever!,2021-11-19
5471,14063,69,4,Good quality,2022-11-02
5472,2067,133,4,Good quality,2022-05-24
5473,9521,172,4,Nice product,2022-12-25
5474,8218,135,3,Not bad,2023-12-03
5475,7780,171,5,Highly recommend!,2023-09-09
5476,8299,168,5,Excellent product!,2022-10-18
5477,1874,130,3,Not bad,2022-10-11
5478,6293,177,3,Average product,2021-05-06
5479,6009,142,4,Works well,2022-08-14
5480,14315,28,5,Highly recommend!,2021-04-15
5481,9339,14,5,Best purchase ever!,2022-03-07
5482,7080,96,2,Not great,2021-10-20
5483,10596,78,3,Average product,2022-11-12
5484,12558,152,4,Satisfied with purchase,2023-02-25
5485,14514,97,4,Satisfied with purchase,2021-09-21
5486,11787,10,3,Average product,2021-01-20
5487,4456,15,5,Love it!,2021-01-01
5488,9229,52,5,Best purchase ever!,2021-05-18
5489,3750,39,4,Satisfied with purchase,2022-02-24
5490,12601,79,4,Good quality,2023-01-25
5491,13772,138,4,Satisfied with purchase,2021-05-21
5492,7153,3,3,Not bad,2023-01-18
5493,11788,135,5,,2022-06-14
5494,13249,75,4,Good quality,2023-03-16
5495,8202,118,1,Do not buy,2022-07-27
5496,7015,196,3,Not bad,2021-05-24
5497,1046,82,4,Good quality,2022-10-14
5498,2655,155,3,Decent,2021-05-06
5499,10215,13,5,Love it!,2022-02-22
5500,7737,191,3,It's okay,2023-01-22
5501,4085,92,5,Highly recommend!,2022-12-21
5502,2165,113,4,Works well,2022-06-12
5503,208,199,5,Highly recommend!,2023-07-30
5504,4014,118,4,Satisfied with purchase,2023-10-12
5505,8514,120,5,Excellent product!,2021-02-21
5506,4792,156,4,Works well,2022-11-06
5507,14676,92,4,Satisfied with purchase,2021-11-04
5508,10316,126,4,Good quality,2023-04-24
5509,791,17,5,Excellent product!,2022-03-03
5510,8574,108,3,Not bad,2022-06-25
5511,2891,84,3,Average product,2021-09-20
5512,12146,116,5,Highly recommend!,2022-02-19
5513,4120,179,3,It's okay,2022-01-27
5514,13233,159,4,Nice product,2023-03-04
5515,3946,164,4,Satisfied with purchase,2023-03-08
5516,13806,106,2,Disappointed,2022-08-28
5517,10199,152,4,Satisfied with purchase,2023-03-13
5518,6119,142,4,Satisfied with purchase,2021-08-06
5519,12002,51,3,Decent,2021-04-25
5520,6705,92,2,Disappointed,2022-01-20
5521,6856,157,4,Nice product,2022-08-02
5522,4484,65,5,Excellent product!,2021-09-01
5523,5259,16,5,Highly recommend!,2021-04-01
5524,11139,103,4,Good quality,2023-08-22
5525,6819,27,3,Decent,2021-12-13
5526,13164,75,5,Excellent product!,2022-02-19
5527,14761,103,5,Love it!,2021-12-14
5528,8679,170,3,Average product,2021-08-14
5529,9719,191,2,Disappointed,2022-06-10
5530,9804,36,4,Good quality,2023-06-25
5531,12419,106,2,Could be better,2022-09-08
5532,7201,46,3,Not bad,2021-11-28
5533,2075,30,1,Waste of money,2022-08-12
5534,4886,10,3,It's okay,2023-10-02
5535,1146,180,5,Highly recommend!,2022-12-22
5536,12658,118,5,Excellent product!,2023-06-09
5537,12229,175,5,Love it!,2023-08-08
5538,2067,108,5,Highly recommend!,2023-07-13
5539,9081,141,3,Average product,2022-10-20
5540,11415,74,4,Works well,2023-01-10
5541,9387,194,4,Works well,2022-09-14
5542,14858,140,2,Disappointed,2023-09-08
5543,10535,95,4,Satisfied with purchase,2023-11-22
5544,13194,44,3,It's okay,2022-06-24
5545,6252,187,5,Best purchase ever!,2021-08-01
5546,4106,101,2,Could be better,2022-05-27
5547,3113,7,3,Not bad,2021-09-04
5548,3574,151,2,Disappointed,2021-03-22
5549,4233,149,4,Nice product,2023-02-14
5550,14265,12,3,,2023-07-18
5551,3097,110,2,Could be better,2023-12-19
5552,10234,83,4,Satisfied with purchase,2022-08-20
5553,10372,162,5,Love it!,2023-01-29
5554,11957,105,3,It's okay,2023-06-20
5555,7003,125,2,Could be better,2022-08-24
5556,3174,64,4,Works well,2021-09-09
5557,10146,27,1,Poor quality,2021-07-06
5558,12728,19,3,,2022-09-06
5559,4318,22,3,It's okay,2023-03-12
5560,7627,16,5,Best purchase ever!,2021-11-24
5561,1617,24,4,Good quality,2021-04-21
5562,13309,169,4,Good quality,2021-03-23
5563,12154,21,5,Excellent product!,2021-05-27
5564,8379,169,5,,2021-10-06
5565,2376,106,2,Could be better,2023-06-22
5566,10279,119,5,Highly recommend!,2022-06-30
5567,3245,73,5,Love it!,2022-02-02
5568,3294,99,5,,2021-08-26
5569,7232,91,5,Love it!,2021-06-01
5570,7737,88,2,Disappointed,2023-02-26
5571,8415,34,3,It's okay,2023-10-04
5572,14346,117,4,Works well,2023-01-15
5573,12272,106,2,Not great,2022-03-04
5574,14345,160,2,Disappointed,2022-04-11
5575,14735,96,5,Highly recommend!,2023-01-02
5576,7831,120,3,Not bad,2022-01-01
5577,9365,145,5,Best purchase ever!,2022-04-07
5578,14867,79,3,Not bad,2022-02-05
5579,10516,145,4,Good quality,2022-09-24
5580,321,151,3,Not bad,2021-06-19
5581,2800,18,5,Best purchase ever!,2021-09-26
5582,3084,117,4,Satisfied with purchase,2022-09-03
5583,2246,40,4,Works well,2021-06-22
5584,7826,174,5,Love it!,2021-03-19
5585,5541,108,2,Not great,2022-12-23
5586,8687,140,2,Not great,2021-11-26
5587,5424,56,5,Excellent product!,2022-05-03
5588,8962,58,5,Highly recommend!,2021-08-05
5589,4758,123,3,Average product,2021-07-11
5590,12240,8,4,Works well,2022-06-14
5591,12039,166,4,Nice product,2023-07-12
5592,3080,87,5,Highly recommend!,2022-11-09
5593,5802,37,3,Average product,2023-03-10
5594,7525,159,5,Best purchase ever!,2022-12-04
5595,4145,60,3,Average product,2022-09-05
5596,3000,57,4,Satisfied with purchase,2023-07-23
5597,13228,10,3,Average product,2023-06-14
5598,6629,52,3,Average product,2022-12-23
5599,7425,165,4,Works well,2022-12-05
5600,6806,46,3,Average product,2021-07-29
5601,9695,138,5,Love it!,2023-01-25
5602,13904,6,4,Good quality,2021-04-22
5603,2326,82,5,Best purchase ever!,2022-04-14
5604,11277,18,3,Not bad,2022-02-11
5605,11276,198,2,Below expectations,2023-01-24
5606,7398,125,3,Not bad,2023-11-16
5607,728,111,5,Best purchase ever!,2022-12-28
5608,8757,149,3,Average product,2022-02-23
5609,4187,36,3,It's okay,2021-01-23
5610,9506,197,5,Best purchase ever!,2021-06-17
5611,868,152,5,Highly recommend!,2022-07-17
5612,6140,86,4,Good quality,2021-12-09
5613,13076,125,2,Disappointed,2022-01-02
5614,7957,198,5,,2021-07-11
5615,4081,176,4,Nice product,2022-01-04
5616,1862,97,5,Highly recommend!,2023-11-26
5617,9620,187,3,Decent,2022-07-16
5618,13563,179,2,Disappointed,2022-10-29
5619,1034,23,3,,2022-10-30
5620,2175,106,3,Not bad,2023-01-26
5621,3201,74,5,Love it!,2021-06-03
5622,3414,177,2,Could be better,2021-04-17
5623,67,100,5,Highly recommend!,2023-03-05
5624,12174,182,4,Nice product,2023-03-20
5625,851,85,5,Love it!,2021-04-17
5626,14844,65,4,Nice product,2023-12-04
5627,13655,96,3,Average product,2022-12-01
5628,3776,35,5,Highly recommend!,2021-07-23
5629,5168,105,1,Terrible,2021-04-03
5630,102,77,5,Excellent product!,2022-08-19
5631,13189,111,4,Satisfied with purchase,2023-05-17
5632,12378,91,3,Average product,2022-08-27
5633,1538,150,3,Not bad,2021-01-31
5634,4807,122,4,Good quality,2023-07-19
5635,3638,10,2,Not great,2021-10-09
5636,2083,178,2,Could be better,2021-12-02
5637,14220,155,4,Works well,2022-07-13
5638,8907,188,1,Do not buy,2023-02-27
5639,8448,98,5,,2023-01-21
5640,13262,155,4,Good quality,2021-01-29
5641,1822,53,5,Love it!,2023-09-07
5642,14281,120,5,Love it!,2022-07-12
5643,242,140,2,Could be better,2021-09-27
5644,2387,60,3,It's okay,2022-11-10
5645,13416,130,3,Decent,2023-05-23
5646,10444,196,4,Good quality,2022-02-05
5647,9178,159,4,Satisfied with purchase,2021-10-03
5648,7896,81,4,Works well,2023-12-11
5649,12092,184,3,Decent,2023-05-07
5650,12663,2,5,Highly recommend!,2021-08-10
5651,10646,23,1,Do not buy,2022-07-03
5652,9711,158,1,Poor quality,2021-04-28
5653,8490,87,5,Highly recommend!,2021-03-01
5654,1527,40,3,Decent,2022-03-21
5655,6419,39,5,Excellent product!,2022-09-26
5656,1825,111,3,Not bad,2022-12-17
5657,3241,182,4,Satisfied with purchase,2022-08-06
5658,3817,32,5,Highly recommend!,2021-04-09
5659,4418,98,3,Decent,2023-01-12
5660,1473,122,5,Best purchase ever!,2022-01-08
5661,7983,32,5,Best purchase ever!,2023-09-09
5662,8936,34,5,Highly recommend!,2022-08-01
5663,1080,174,3,It's okay,2023-09-18
5664,9957,37,4,Works well,2022-10-04
5665,11715,144,3,Decent,2022-06-07
5666,7056,55,4,Good quality,2021-08-22
5667,13956,177,2,Below expectations,2023-02-05
5668,3541,113,5,Highly recommend!,2023-10-04
5669,13287,76,3,It's okay,2021-04-12
5670,9302,38,5,Love it!,2023-09-30
5671,5966,54,4,Nice product,2023-11-17
5672,10325,68,4,,2021-03-09
5673,13132,65,4,,2021-01-11
5674,6402,8,2,Disappointed,2021-08-02
5675,8358,50,5,Excellent product!,2023-06-27
5676,8578,82,5,Love it!,2021-03-28
5677,2222,129,5,Best purchase ever!,2021-05-11
5678,13187,126,4,Nice product,2022-01-11
5679,1957,128,4,Nice product,2023-07-12
5680,12185,70,5,Love it!,2022-06-10
5681,6263,133,4,Good quality,2023-05-21
5682,10593,47,5,Best purchase ever!,2022-04-07
5683,12282,135,3,Average product,2021-05-16
5684,6531,49,4,Good quality,2021-06-21
5685,529,28,4,Works well,2022-06-16
5686,1859,110,2,,2023-08-03
5687,5612,30,5,Excellent product!,2022-05-08
5688,14963,52,4,Satisfied with purchase,2021-06-10
5689,72,6,5,Excellent product!,2021-03-04
5690,10177,142,5,Love it!,2023-08-26
5691,6108,75,4,Nice product,2021-12-06
5692,7064,136,4,Satisfied with purchase,2023-06-23
5693,9689,3,4,Satisfied with purchase,2021-01-19
5694,1591,67,5,Excellent product!,2022-04-30
5695,10094,50,2,Not great,2023-02-27
5696,5927,176,5,Best purchase ever!,2022-03-24
5697,9433,62,3,Not bad,2021-04-23
5698,1190,124,4,Satisfied with purchase,2023-01-18
5699,11076,146,3,Average product,2021-12-08
5700,5666,84,5,Love it!,2022-09-21
5701,9175,4,5,Love it!,2021-03-30
5702,12315,157,5,Excellent product!,2022-12-18
5703,13214,145,2,Disappointed,2022-01-29
5704,865,10,5,Excellent product!,2022-04-11
5705,8731,158,3,It's okay,2022-03-24
5706,3310,46,1,Terrible,2023-08-11
5707,9223,8,3,Decent,2022-01-09
5708,7244,198,3,,2023-03-24
5709,9531,41,5,Excellent product!,2023-12-16
5710,2106,72,4,Good quality,2022-08-27
5711,14652,166,4,Satisfied with purchase,2023-08-30
5712,5271,52,3,It's okay,2022-08-26
5713,5053,142,4,Nice product,2023-12-14
5714,8114,191,5,Highly recommend!,2023-03-18
5715,122,14,3,Average product,2022-09-10
5716,13460,136,4,Satisfied with purchase,2021-11-16
5717,1067,132,3,Decent,2022-06-08
5718,14974,155,5,Excellent product!,2021-07-03
5719,2465,71,4,Satisfied with purchase,2023-01-25
5720,1876,63,4,Good quality,2021-01-18
5721,8451,51,1,Waste of money,2023-07-02
5722,9981,41,5,Highly recommend!,2021-10-17
5723,12825,138,3,Not bad,2023-05-20
5724,10090,7,4,Satisfied with purchase,2022-01-18
5725,14346,79,4,Works well,2023-11-15
5726,12490,73,3,Decent,2023-07-13
5727,7328,153,4,Works well,2022-06-21
5728,14803,169,2,Below expectations,2022-01-17
5729,502,199,2,Below expectations,2023-08-17
5730,3688,154,2,Could be better,2022-08-05
5731,10009,158,4,Good quality,2021-09-24
5732,1421,155,3,It's okay,2021-05-26
5733,13250,154,5,Best purchase ever!,2022-06-29
5734,12177,177,5,Excellent product!,2023-08-18
5735,1238,56,3,It's okay,2021-12-07
5736,6379,169,4,Good quality,2021-08-25
5737,1528,132,5,Love it!,2021-11-02
5738,10347,49,2,Disappointed,2021-05-19
5739,2315,65,3,It's okay,2021-08-08
5740,13001,190,4,Works well,2023-08-05
5741,1433,70,4,Nice product,2021-05-10
5742,2498,81,2,Not great,2022-03-13
5743,14280,13,4,Works well,2021-08-08
5744,5079,128,3,Decent,2021-06-18
5745,6398,99,5,Love it!,2022-12-20
5746,3219,138,5,Best purchase ever!,2022-01-20
5747,10194,20,5,Excellent product!,2023-12-25
5748,12986,159,2,Not great,2021-08-16
5749,9886,188,4,Good quality,2021-11-04
5750,10602,89,4,Good quality,2022-09-22
5751,4626,134,5,Excellent product!,2023-08-29
5752,14192,127,4,Good quality,2023-09-08
5753,10391,46,5,Excellent product!,2023-08-27
5754,13961,57,5,Excellent product!,2023-05-28
5755,7477,50,3,Average product,2021-10-01
5756,350,145,4,Satisfied with purchase,2021-11-15
5757,3706,46,4,Nice product,2023-04-17
5758,13,39,5,Highly recommend!,2022-09-01
5759,4873,80,4,Good quality,2021-05-04
5760,4875,38,1,Poor quality,2022-04-13
5761,10141,3,4,Works well,2021-09-16
5762,12103,101,4,Nice product,2021-04-03
5763,478,27,2,Below expectations,2022-04-24
5764,8266,162,5,Love it!,2021-07-07
5765,2033,115,3,,2023-03-19
5766,14934,162,4,Works well,2022-01-31
5767,4376,130,2,Below expectations,2023-01-18
5768,3958,67,1,Poor quality,2022-07-08
5769,8029,80,4,Works well,2021-11-01
5770,5835,119,4,Satisfied with purchase,2023-01-18
5771,11894,77,5,Excellent product!,2023-12-23
5772,3860,72,5,Highly recommend!,2023-07-28
5773,702,34,5,Excellent product!,2023-11-09
5774,1175,90,4,Good quality,2022-12-23
5775,4488,94,5,,2023-08-10
5776,14656,157,5,Highly recommend!,2021-03-13
5777,11427,186,2,Could be better,2021-09-27
5778,1246,41,3,Not bad,2022-12-20
5779,3038,161,3,Average product,2023-10-23
5780,12156,146,4,Works well,2023-07-29
5781,684,62,5,Excellent product!,2022-02-26
5782,12530,100,5,Love it!,2022-02-10
5783,7484,49,5,Excellent product!,2023-02-09
5784,5076,173,5,Love it!,2021-10-09
5785,2377,59,3,Decent,2021-04-24
5786,10445,3,3,Decent,2021-03-10
5787,6226,57,3,Average product,2021-01-28
5788,12267,142,4,Nice product,2023-08-26
5789,2824,163,4,Satisfied with purchase,2021-02-13
5790,6968,52,5,Highly recommend!,2022-08-17
5791,5487,105,3,Decent,2022-02-05
5792,737,63,4,Satisfied with purchase,2022-03-27
5793,2269,168,5,Excellent product!,2022-09-27
5794,13609,145,2,Could be better,2023-02-13
5795,2494,84,4,Satisfied with purchase,2023-08-17
5796,11046,35,2,Disappointed,2023-12-18
5797,6775,110,5,Excellent product!,2022-01-24
5798,12369,147,2,Below expectations,2021-06-21
5799,4941,140,5,Highly recommend!,2022-05-04
5800,10647,162,5,Highly recommend!,2021-10-13
5801,588,151,2,Disappointed,2022-08-23
5802,6935,8,5,,2021-08-21
5803,12758,110,2,Disappointed,2022-12-14
5804,13527,41,5,Best purchase ever!,2021-02-11
5805,7921,145,4,Works well,2022-04-01
5806,4222,117,5,Best purchase ever!,2022-01-28
5807,10370,53,4,Satisfied with purchase,2021-02-28
5808,4548,158,5,Highly recommend!,2023-04-18
5809,2372,51,4,Satisfied with purchase,2021-02-10
5810,13889,195,5,Highly recommend!,2022-05-03
5811,7609,41,4,Good quality,2023-06-17
5812,1082,195,5,Love it!,2021-09-28
5813,2710,168,4,Nice product,2021-06-25
5814,6736,130,3,Average product,2022-08-13
5815,6314,41,4,Nice product,2021-02-22
5816,5977,13,4,Nice product,2023-08-02
5817,14364,80,4,Satisfied with purchase,2022-04-01
5818,9999,97,4,Works well,2023-07-31
5819,14759,128,3,It's okay,2023-02-05
5820,5210,37,2,Could be better,2022-07-19
5821,1682,47,4,Nice product,2021-09-10
5822,11401,171,2,Could be better,2022-02-25
5823,5935,196,4,Satisfied with purchase,2022-12-19
5824,9940,20,4,Nice product,2023-10-25
5825,10983,149,3,It's okay,2022-06-04
5826,545,192,5,Love it!,2021-11-29
5827,8844,158,4,Works well,2022-06-22
5828,7304,157,5,,2023-11-24
5829,9341,111,1,Poor quality,2021-03-31
5830,1212,96,5,Highly recommend!,2022-06-12
5831,10231,84,3,Not bad,2021-02-20
5832,1846,133,4,,2023-04-11
5833,9441,2,2,Not great,2022-08-05
5834,1534,151,3,Not bad,2021-11-27
5835,11716,79,3,It's okay,2022-03-18
5836,8217,7,5,Love it!,2022-05-24
5837,11431,89,5,Best purchase ever!,2022-06-15
5838,171,40,3,It's okay,2023-05-21
5839,13317,196,2,,2022-06-01
5840,11848,66,5,Highly recommend!,2023-10-24
5841,1095,109,5,Love it!,2023-04-07
5842,2607,25,2,Not great,2021-12-15
5843,7503,82,2,Disappointed,2023-03-08
5844,4944,12,4,Works well,2023-09-14
5845,10504,34,2,Not great,2021-12-11
5846,11313,185,5,Love it!,2021-10-30
5847,4578,87,3,Average product,2023-02-24
5848,22,115,4,Works well,2022-11-04
5849,12969,139,4,Satisfied with purchase,2021-01-11
5850,13897,144,4,Satisfied with purchase,2021-12-13
5851,13129,55,5,Love it!,2021-08-15
5852,10715,108,4,Satisfied with purchase,2021-10-30
5853,2119,103,4,Satisfied with purchase,2023-02-22
5854,2457,57,5,Best purchase ever!,2022-09-22
5855,13009,123,4,,2022-08-21
5856,897,19,2,Could be better,2023-02-27
5857,7629,157,1,Terrible,2023-06-22
5858,10283,74,5,Best purchase ever!,2021-11-09
5859,12877,6,3,,2021-01-18
5860,10943,55,5,Best purchase ever!,2022-12-06
5861,5134,8,4,Nice product,2021-05-27
5862,5222,99,4,Good quality,2022-05-19
5863,6650,131,5,Highly recommend!,2021-09-01
5864,13551,124,4,Satisfied with purchase,2023-06-16
5865,10845,187,5,Love it!,2021-05-11
5866,14751,64,4,Nice product,2021-11-17
5867,5444,11,5,Highly recommend!,2021-10-17
5868,14707,40,2,Below expectations,2023-11-24
5869,5185,199,1,Waste of money,2021-10-05
5870,7923,189,5,Excellent product!,2022-07-07
5871,1061,133,4,Nice product,2023-01-20
5872,13636,119,5,Highly recommend!,2023-12-12
5873,12897,10,3,Not bad,2022-02-20
5874,11239,166,5,Best purchase ever!,2021-10-13
5875,3036,122,4,Good quality,2023-08-14
5876,2779,156,3,Average product,2022-03-28
5877,5734,107,5,Love it!,2023-10-20
5878,3381,12,5,Love it!,2022-08-15
5879,12347,17,4,Nice product,2022-10-17
5880,7037,126,4,Works well,2022-10-27
5881,6200,18,4,Works well,2022-03-24
5882,9595,30,5,Highly recommend!,2021-04-14
5883,2625,67,5,Highly recommend!,2023-11-30
5884,13608,159,4,Good quality,2022-11-23
5885,8065,182,5,Highly recommend!,2022-12-13
5886,8453,26,3,Average product,2022-04-17
5887,2105,28,3,It's okay,2021-08-28
5888,1017,39,5,Excellent product!,2023-01-27
5889,12042,32,5,Best purchase ever!,2023-04-09
5890,1389,149,4,Nice product,2022-08-20
5891,171,75,3,,2021-10-30
5892,12940,22,1,Waste of money,2021-12-15
5893,1296,36,4,Good quality,2021-11-23
5894,11090,186,3,Decent,2023-09-13
5895,6780,136,5,Best purchase ever!,2021-12-30
5896,10503,177,4,Good quality,2021-07-11
5897,12275,125,4,Works well,2022-02-23
5898,8318,81,5,Best purchase ever!,2022-02-19
5899,8701,198,3,It's okay,2021-04-10
5900,958,57,5,Highly recommend!,2022-07-15
5901,13572,101,4,Good quality,2023-07-13
5902,7837,71,2,Could be better,2022-07-10
5903,7033,181,5,Love it!,2022-09-20
5904,9655,41,5,Excellent product!,2022-05-26
5905,4907,158,3,Decent,2022-07-18
5906,679,66,4,Nice product,2021-12-24
5907,9478,76,4,Good quality,2022-03-23
5908,6847,194,3,Not bad,2022-01-24
5909,11178,63,4,Works well,2023-11-25
5910,6212,154,4,Satisfied with purchase,2022-03-19
5911,4384,77,4,Works well,2022-11-24
5912,8492,156,4,Works well,2022-02-04
5913,4338,34,4,Works well,2023-05-16
5914,7995,22,2,Disappointed,2021-08-24
5915,8762,135,3,It's okay,2021-10-12
5916,4817,10,2,Below expectations,2021-11-10
5917,12494,120,4,Works well,2021-12-04
5918,9608,133,4,Good quality,2021-11-01
5919,12767,89,5,Highly recommend!,2022-07-31
5920,7156,130,3,Average product,2022-12-05
5921,11479,53,3,Not bad,2021-12-30
5922,12550,164,4,Works well,2021-05-01
5923,1941,142,4,Works well,2021-09-14
5924,12108,85,4,Nice product,2021-03-23
5925,14896,7,4,Nice product,2022-10-14
5926,327,153,4,Nice product,2023-08-19
5927,1837,176,5,Highly recommend!,2023-07-10
5928,9607,51,5,Highly recommend!,2022-02-09
5929,1759,86,5,Best purchase ever!,2021-07-17
5930,10091,142,3,It's okay,2023-12-06
5931,10982,77,5,Highly recommend!,2022-12-05
5932,10442,173,3,Decent,2022-01-02
5933,7373,99,5,Highly recommend!,2023-06-07
5934,3631,159,1,Terrible,2023-11-02
5935,10888,29,3,Decent,2021-09-15
5936,11685,62,4,Good quality,2023-07-29
5937,4809,197,4,Good quality,2021-03-30
5938,351,81,5,Excellent product!,2021-07-20
5939,14361,155,3,Decent,2023-03-24
5940,9354,41,4,Good quality,2021-07-15
5941,757,46,4,Works well,2021-05-28
5942,4529,11,4,Works well,2021-12-02
5943,3609,154,3,,2022-09-07
5944,4703,11,5,Highly recommend!,2022-07-25
5945,7065,136,5,Love it!,2022-11-12
5946,12424,105,5,Love it!,2022-01-06
5947,4605,26,5,,2023-05-19
5948,5252,122,4,Satisfied with purchase,2022-03-21
5949,1742,99,5,Highly recommend!,2021-06-29
5950,3802,16,4,Good quality,2021-03-08
5951,11889,197,3,Average product,2022-10-11
5952,11597,130,5,Love it!,2023-12-26
5953,14843,69,4,Works well,2021-01-15
5954,10287,113,2,Not great,2023-06-08
5955,14377,166,4,Good quality,2021-06-08
5956,5183,89,4,Works well,2021-02-23
5957,7330,89,2,Below expectations,2022-03-28
5958,12209,98,4,Good quality,2023-06-21
5959,7018,155,3,It's okay,2021-10-14
5960,13718,185,1,Poor quality,2021-01-24
5961,10966,60,1,Do not buy,2023-12-28
5962,14796,155,3,Not bad,2022-06-13
5963,422,135,2,Not great,2022-01-04
5964,2423,95,5,,2021-11-28
5965,6196,167,5,Best purchase ever!,2021-07-19
5966,9519,164,4,Satisfied with purchase,2022-11-09
5967,13855,24,4,Good quality,2021-01-14
5968,408,175,5,Highly recommend!,2023-08-13
5969,14578,80,5,Love it!,2022-03-21
5970,7649,156,4,Works well,2022-08-22
5971,578,3,4,Satisfied with purchase,2022-10-09
5972,11708,74,5,Excellent product!,2023-07-15
5973,8084,131,3,Not bad,2022-04-24
5974,12529,27,5,Highly recommend!,2022-02-11
5975,11676,123,2,Below expectations,2023-04-16
5976,2545,92,4,Satisfied with purchase,2023-05-14
5977,11183,72,3,Not bad,2022-11-10
5978,4401,113,5,Best purchase ever!,2023-08-24
5979,1897,113,5,Best purchase ever!,2023-12-14
5980,6286,66,4,Nice product,2021-07-18
5981,527,132,5,Love it!,2023-03-06
5982,5320,95,3,Not bad,2022-05-31
5983,10778,63,4,Nice product,2021-07-15
5984,2713,185,5,Love it!,2023-06-19
5985,1936,152,5,Highly recommend!,2021-05-20
5986,14367,154,5,Excellent product!,2021-05-24
5987,7678,34,5,Best purchase ever!,2022-08-16
5988,4844,28,4,Nice product,2023-01-29
5989,1198,154,5,Highly recommend!,2021-09-21
5990,3772,50,3,Decent,2021-06-27
5991,1398,76,5,Love it!,2023-10-26
5992,157,114,5,Love it!,2023-01-22
5993,7730,129,3,Decent,2021-06-23
5994,14299,97,5,Best purchase ever!,2021-04-11
5995,10995,57,5,Love it!,2021-11-29
5996,6362,23,5,Love it!,2021-05-02
5997,6100,61,5,Love it!,2023-02-12
5998,4624,31,3,Average product,2021-06-29
5999,11753,3,4,Works well,2021-06-29
6000,5841,144,5,Highly recommend!,2023-04-20
6001,11888,175,5,Highly recommend!,2021-11-30
6002,12240,164,5,,2021-10-11
6003,4376,157,3,,2021-03-14
6004,10083,31,5,Excellent product!,2021-03-06
6005,13213,170,2,Not great,2021-10-14
6006,14482,74,4,Nice product,2021-12-07
6007,9703,68,2,,2021-02-27
6008,12411,152,4,Good quality,2022-01-15
6009,4869,195,3,Decent,2023-01-17
6010,268,79,4,Works well,2023-10-12
6011,10497,61,5,Love it!,2022-12-25
6012,14593,107,1,Do not buy,2022-09-27
6013,13081,18,3,Not bad,2023-11-06
6014,11255,119,2,Below expectations,2023-12-28
6015,9908,50,3,Average product,2021-01-07
6016,7577,5,4,,2021-07-12
6017,10730,61,2,Not great,2022-09-16
6018,14305,82,5,Love it!,2022-05-29
6019,6702,171,3,Decent,2021-12-29
6020,12763,116,5,Excellent product!,2021-12-13
6021,4880,27,5,Excellent product!,2022-06-11
6022,11990,126,5,Highly recommend!,2021-12-21
6023,12162,145,5,Best purchase ever!,2022-06-08
6024,8951,17,5,Highly recommend!,2023-10-02
6025,5414,93,5,Highly recommend!,2023-10-21
6026,331,149,3,It's okay,2022-11-04
6027,7711,163,5,Highly recommend!,2023-11-15
6028,11293,57,5,Excellent product!,2022-06-17
6029,13478,139,4,Nice product,2022-04-21
6030,10255,166,3,Not bad,2023-05-29
6031,13169,107,5,Excellent product!,2021-09-27
6032,11492,176,5,Highly recommend!,2023-10-14
6033,1024,60,4,Good quality,2022-10-20
6034,9363,8,2,Below expectations,2023-09-24
6035,3829,126,5,Love it!,2023-04-16
6036,9354,54,3,Average product,2022-03-11
6037,942,97,5,Best purchase ever!,2021-03-15
6038,439,104,5,Love it!,2023-05-10
6039,7815,173,3,Average product,2023-12-06
6040,8028,95,2,Not great,2022-09-07
6041,12675,57,5,Love it!,2022-02-11
6042,6291,183,2,Disappointed,2021-07-31
6043,13588,107,4,Works well,2022-02-16
6044,7649,184,5,Love it!,2023-01-25
6045,1227,175,4,,2021-08-05
6046,13797,30,4,Nice product,2022-11-02
6047,3297,73,3,Decent,2021-09-11
6048,2917,119,3,It's okay,2021-11-10
6049,8431,20,4,Good quality,2023-08-10
6050,6633,55,4,Good quality,2022-04-22
6051,6978,19,4,Satisfied with purchase,2023-04-28
6052,13566,67,3,Not bad,2022-04-05
6053,14251,151,1,Poor quality,2022-11-04
6054,6362,8,2,Could be better,2023-12-06
6055,8774,38,4,Nice product,2022-06-23
6056,13861,31,2,Not great,2023-02-12
6057,2069,200,3,Not bad,2023-12-09
6058,11752,43,4,Works well,2023-08-15
6059,14633,59,4,Good quality,2021-01-29
6060,4123,124,4,Nice product,2022-11-24
6061,5947,21,5,Best purchase ever!,2022-04-03
6062,2517,130,4,Good quality,2021-05-04
6063,10105,83,3,Not bad,2022-11-01
6064,11455,46,2,Not great,2021-10-22
6065,2141,143,4,Good quality,2021-08-06
6066,14930,47,4,Nice product,2022-02-19
6067,10370,102,4,Good quality,2021-06-27
6068,7448,121,3,Not bad,2022-01-20
6069,4559,77,1,Waste of money,2022-08-03
6070,14346,3,5,Love it!,2021-02-20
6071,10679,136,4,Good quality,2022-07-08
6072,9761,183,2,Below expectations,2022-03-31
6073,12331,30,4,Works well,2023-05-13
6074,3971,110,4,Works well,2023-08-14
6075,973,37,4,Good quality,2023-07-06
6076,3154,105,3,It's okay,2022-03-19
6077,8472,56,5,Best purchase ever!,2022-08-10
6078,1867,177,2,Not great,2022-04-24
6079,14125,37,2,Disappointed,2021-12-03
6080,7199,162,4,Satisfied with purchase,2021-08-22
6081,295,31,5,Highly recommend!,2023-12-06
6082,9741,110,5,Love it!,2023-06-05
6083,13291,53,5,Love it!,2023-08-31
6084,539,129,5,Love it!,2022-08-22
6085,13000,45,4,Satisfied with purchase,2021-06-29
6086,10338,76,5,Best purchase ever!,2022-05-08
6087,1748,74,3,It's okay,2022-12-02
6088,9674,199,2,Disappointed,2022-08-21
6089,5319,110,5,Best purchase ever!,2023-01-21
6090,3299,21,5,Best purchase ever!,2022-06-20
6091,2534,91,4,Works well,2023-09-28
6092,14026,166,5,Highly recommend!,2022-02-07
6093,6531,37,4,Works well,2021-04-01
6094,10306,56,1,Do not buy,2022-01-15
6095,7110,130,1,Poor quality,2022-12-16
6096,10269,194,4,Works well,2021-08-06
6097,4598,90,4,Good quality,2022-02-05
6098,8556,174,5,Excellent product!,2022-05-17
6099,859,77,4,Works well,2023-07-25
6100,5164,80,4,Works well,2023-02-20
6101,11386,170,5,Best purchase ever!,2022-05-21
6102,9226,47,1,Terrible,2023-07-27
6103,14378,94,3,Average product,2023-11-22
6104,9699,57,5,Love it!,2023-12-28
6105,5409,28,4,Nice product,2022-11-10
6106,6623,182,3,Decent,2023-01-15
6107,249,150,4,Works well,2021-05-12
6108,6122,80,5,Love it!,2022-05-02
6109,13300,191,5,Best purchase ever!,2022-05-08
6110,7636,174,3,Not bad,2021-11-08
6111,12639,189,2,Not great,2021-01-27
6112,8218,105,5,Best purchase ever!,2023-12-18
6113,1720,94,3,Average product,2023-03-21
6114,6027,31,5,Love it!,2022-08-15
6115,7590,86,4,Nice product,2021-03-20
6116,13123,4,5,Highly recommend!,2021-12-08
6117,12802,24,3,Not bad,2023-05-13
6118,4399,16,4,Nice product,2021-02-16
6119,13946,198,5,Best purchase ever!,2021-05-12
6120,5118,25,4,Works well,2022-01-15
6121,10736,155,2,Not great,2022-11-14
6122,4644,4,2,Below expectations,2022-01-15
6123,76,186,3,Not bad,2023-07-31
6124,2751,139,2,Disappointed,2021-08-27
6125,6612,113,5,Love it!,2021-12-13
6126,14768,196,5,Best purchase ever!,2023-10-07
6127,14180,59,4,Nice product,2023-11-21
6128,2799,88,4,Nice product,2022-09-03
6129,11649,57,4,Works well,2023-04-17
6130,1577,26,1,Terrible,2021-10-02
6131,1329,84,4,,2021-07-03
6132,13890,156,4,Works well,2022-12-20
6133,938,89,3,Average product,2022-04-23
6134,1778,194,4,Good quality,2022-12-25
6135,2011,77,4,Good quality,2021-03-06
6136,13317,152,3,Average product,2023-04-30
6137,4166,109,5,Love it!,2021-03-09
6138,913,121,2,Could be better,2021-06-19
6139,4248,165,4,Satisfied with purchase,2023-03-26
6140,12876,147,3,It's okay,2022-04-17
6141,7125,95,2,Disappointed,2023-02-14
6142,1388,190,2,Disappointed,2023-08-22
6143,14458,96,3,Not bad,2023-06-21
6144,4138,73,1,Do not buy,2021-09-24
6145,6757,6,4,Satisfied with purchase,2021-04-29
6146,6223,153,4,Good quality,2022-08-18
6147,14744,134,5,Best purchase ever!,2023-10-13
6148,7778,8,5,Best purchase ever!,2021-03-08
6149,12455,96,5,Best purchase ever!,2022-09-29
6150,14262,31,1,Waste of money,2021-04-27
6151,5561,155,4,Satisfied with purchase,2022-08-18
6152,5257,161,3,Not bad,2021-01-03
6153,8000,23,4,Nice product,2022-08-25
6154,14945,160,3,Not bad,2021-08-12
6155,12325,180,2,Below expectations,2021-02-22
6156,440,109,5,Love it!,2023-09-13
6157,8985,175,4,Works well,2021-09-14
6158,12076,58,4,Works well,2022-01-18
6159,13644,46,2,Disappointed,2022-06-26
6160,1134,159,4,Good quality,2022-09-11
6161,3768,58,5,Best purchase ever!,2022-03-19
6162,1643,18,5,Highly recommend!,2023-09-10
6163,7778,7,3,Decent,2021-06-04
6164,6370,27,5,Highly recommend!,2022-08-03
6165,5723,15,4,Nice product,2022-05-12
6166,14707,165,3,Decent,2022-03-10
6167,5042,122,4,Good quality,2023-12-31
6168,13282,194,4,Good quality,2022-07-30
6169,4515,148,2,Could be better,2021-01-13
6170,343,182,4,Satisfied with purchase,2022-06-04
6171,14271,185,5,Excellent product!,2021-03-07
6172,4997,12,4,Works well,2021-10-26
6173,9524,139,5,Highly recommend!,2021-12-26
6174,3014,8,3,Not bad,2021-08-19
6175,8072,25,3,It's okay,2021-06-14
6176,14147,147,4,,2022-10-21
6177,2517,44,4,Nice product,2023-10-18
6178,12682,26,4,Nice product,2022-10-25
6179,3701,22,4,,2022-09-17
6180,11145,50,4,Good quality,2023-03-19
6181,8462,19,5,Love it!,2022-03-30
6182,11496,150,5,Love it!,2023-01-10
6183,1221,177,3,Not bad,2023-07-22
6184,2661,187,3,Not bad,2021-08-03
6185,13606,109,3,Decent,2021-06-25
6186,13563,105,5,Best purchase ever!,2021-12-06
6187,1832,154,4,Works well,2023-12-04
6188,10603,75,4,Good quality,2021-08-21
6189,7331,153,4,Satisfied with purchase,2023-08-26
6190,3288,128,5,Love it!,2023-01-05
6191,3315,145,3,Not bad,2023-05-20
6192,554,109,5,,2022-10-07
6193,1711,191,4,Nice product,2023-06-02
6194,4349,77,2,Below expectations,2023-11-10
6195,9234,126,5,Best purchase ever!,2022-08-10
6196,9495,174,4,Good quality,2021-12-09
6197,3050,91,1,Waste of money,2022-11-05
6198,7966,150,4,Good quality,2023-03-06
6199,10002,132,4,Nice product,2023-09-07
6200,9956,50,4,Works well,2023-05-22
6201,3005,30,4,Satisfied with purchase,2023-10-24
6202,10111,100,3,Average product,2022-04-09
6203,9461,38,5,Love it!,2021-07-28
6204,8848,156,4,Works well,2023-05-08
6205,11087,74,4,Works well,2023-03-02
6206,7520,181,1,Do not buy,2021-12-10
6207,8361,83,4,Nice product,2023-03-26
6208,10565,23,4,Good quality,2021-04-08
6209,2988,13,5,Highly recommend!,2022-10-26
6210,5006,122,3,It's okay,2022-12-25
6211,13680,4,4,Nice product,2023-12-22
6212,4895,113,4,Satisfied with purchase,2021-07-12
6213,14827,22,5,Love it!,2021-08-17
6214,3780,103,5,Love it!,2021-04-02
6215,4525,129,1,Terrible,2021-06-21
6216,2966,13,5,Love it!,2021-12-30
6217,1470,64,2,,2021-09-13
6218,6795,122,2,Not great,2022-03-31
6219,4595,156,5,Highly recommend!,2022-03-04
6220,1585,88,2,Disappointed,2023-05-20
6221,12057,9,1,Do not buy,2022-09-12
6222,10811,83,3,It's okay,2023-11-28
6223,2055,34,4,Nice product,2022-01-02
6224,9781,26,5,Love it!,2021-07-19
6225,11175,145,5,Love it!,2022-04-22
6226,7962,88,4,Works well,2023-09-21
6227,14453,177,4,Good quality,2022-11-23
6228,3089,114,5,Excellent product!,2021-01-23
6229,14908,169,5,Highly recommend!,2023-06-19
6230,3586,12,4,Works well,2022-01-03
6231,10523,65,3,Average product,2022-06-10
6232,12681,195,4,Satisfied with purchase,2022-04-20
6233,6734,166,5,Best purchase ever!,2021-09-17
6234,10011,125,3,Not bad,2023-04-04
6235,8358,6,2,Not great,2023-06-11
6236,13466,34,3,Average product,2022-12-12
6237,4032,164,5,Highly recommend!,2021-02-26
6238,2,111,3,Decent,2022-04-12
6239,215,76,1,Poor quality,2023-10-15
6240,11258,168,5,Highly recommend!,2023-09-21
6241,10549,69,5,Love it!,2023-02-10
6242,8773,150,5,Excellent product!,2022-06-05
6243,10842,196,4,Works well,2023-07-24
6244,3905,101,5,Best purchase ever!,2021-05-19
6245,8226,72,3,Decent,2022-04-24
6246,12914,127,5,Highly recommend!,2022-08-10
6247,5173,28,1,Terrible,2021-07-02
6248,2320,138,3,Decent,2023-08-25
6249,8650,117,5,Excellent product!,2022-05-18
6250,13627,30,4,Good quality,2023-01-20
6251,7307,181,4,Satisfied with purchase,2023-08-09
6252,5555,174,2,Disappointed,2021-05-10
6253,13244,160,5,,2022-03-21
6254,3329,84,5,Excellent product!,2022-12-25
6255,8152,41,2,Disappointed,2022-03-19
6256,3916,48,5,Excellent product!,2021-01-24
6257,10789,78,3,It's okay,2022-07-30
6258,14389,170,5,Excellent product!,2022-11-13
6259,6052,169,2,Not great,2022-07-08
6260,13030,48,3,Not bad,2023-03-05
6261,13986,125,5,Love it!,2021-10-12
6262,9966,119,1,Do not buy,2021-01-09
6263,8095,197,5,Best purchase ever!,2022-10-30
6264,8783,105,3,It's okay,2021-08-12
6265,3938,49,5,Excellent product!,2022-03-23
6266,11884,64,4,Nice product,2021-09-28
6267,7813,89,2,Disappointed,2022-03-24
6268,11972,154,4,Satisfied with purchase,2022-04-19
6269,4516,130,5,Excellent product!,2023-11-12
6270,1934,85,4,Satisfied with purchase,2022-04-05
6271,4969,183,5,Highly recommend!,2023-11-07
6272,2345,161,5,,2023-04-04
6273,1179,72,2,Below expectations,2023-05-15
6274,9074,104,1,Waste of money,2022-06-27
6275,9137,199,4,Satisfied with purchase,2022-01-09
6276,3475,86,5,Love it!,2021-03-23
6277,10228,51,5,Excellent product!,2023-11-16
6278,14406,176,5,Highly recommend!,2021-06-13
6279,4426,138,2,Below expectations,2022-10-12
6280,1210,114,5,Highly recommend!,2022-06-18
6281,12712,22,3,It's okay,2023-11-05
6282,1478,100,5,,2023-11-06
6283,4956,58,4,Good quality,2022-01-19
6284,5001,123,3,It's okay,2022-07-30
6285,1445,129,5,,2023-08-03
6286,12870,51,3,Not bad,2023-09-01
6287,5528,154,3,Decent,2023-10-21
6288,789,181,4,Satisfied with purchase,2023-02-12
6289,12016,132,1,Waste of money,2023-10-15
6290,6192,157,5,Excellent product!,2022-12-10
6291,14236,14,4,Works well,2022-07-24
6292,8575,43,4,Satisfied with purchase,2022-03-18
6293,4069,145,4,,2021-07-03
6294,8447,126,5,Love it!,2023-01-11
6295,13108,196,4,Nice product,2023-02-07
6296,3273,21,5,Excellent product!,2021-07-22
6297,13285,97,1,Do not buy,2021-03-19
6298,13227,181,5,Love it!,2021-08-03
6299,5301,144,2,Could be better,2021-03-04
6300,10961,74,5,Excellent product!,2023-03-14
6301,6630,42,5,Highly recommend!,2022-11-22
6302,1031,38,3,Not bad,2023-06-30
6303,7202,149,3,Decent,2023-06-19
6304,1210,144,5,Excellent product!,2021-08-16
6305,1382,160,5,Excellent product!,2022-03-12
6306,4080,163,5,,2023-03-10
6307,8775,99,5,Highly recommend!,2022-06-25
6308,5458,119,3,,2022-01-27
6309,11655,15,5,Excellent product!,2022-03-05
6310,5797,80,5,Highly recommend!,2023-03-12
6311,10680,174,2,Could be better,2022-06-16
6312,12211,71,1,Terrible,2021-02-13
6313,4956,37,5,Best purchase ever!,2023-07-18
6314,552,52,3,Average product,2021-09-23
6315,10089,111,5,Love it!,2022-04-03
6316,11979,151,4,Satisfied with purchase,2023-09-18
6317,9611,23,5,Highly recommend!,2021-01-17
6318,2897,135,4,Satisfied with purchase,2022-09-09
6319,5630,74,3,Decent,2021-05-29
6320,9176,100,4,Works well,2023-10-29
6321,7200,19,4,Nice product,2021-01-07
6322,897,96,3,It's okay,2021-08-18
6323,10116,107,3,Decent,2022-08-18
6324,8547,50,4,Nice product,2021-03-03
6325,5584,71,5,Love it!,2021-03-23
6326,5880,21,4,Good quality,2023-10-03
6327,238,102,4,,2022-02-03
6328,1023,70,2,Disappointed,2023-08-15
6329,13852,68,1,Terrible,2021-10-22
6330,14555,71,2,Not great,2021-04-16
6331,7419,155,2,Could be better,2021-06-13
6332,1594,136,3,It's okay,2022-02-20
6333,9554,21,5,Excellent product!,2021-07-20
6334,14507,84,3,It's okay,2023-11-09
6335,14313,54,3,,2023-05-07
6336,2547,187,4,Good quality,2022-04-11
6337,14717,97,4,Satisfied with purchase,2021-01-25
6338,11606,139,5,Highly recommend!,2023-01-21
6339,6275,13,3,Not bad,2021-05-05
6340,10421,61,4,Works well,2021-08-27
6341,12124,130,2,Could be better,2022-11-08
6342,85,83,4,Works well,2024-01-01
6343,366,85,4,Nice product,2023-05-08
6344,13297,138,5,Excellent product!,2023-07-01
6345,9397,14,3,Average product,2023-10-09
6346,2316,179,3,Not bad,2023-10-04
6347,2814,91,5,Best purchase ever!,2021-04-30
6348,9156,160,4,Nice product,2022-01-23
6349,3491,8,3,Not bad,2021-02-08
6350,8232,133,4,Good quality,2022-10-01
6351,2087,54,2,Disappointed,2023-12-14
6352,5068,197,4,Nice product,2023-12-16
6353,1051,19,4,Good quality,2023-07-15
6354,14656,3,5,Highly recommend!,2021-05-30
6355,7560,199,5,Love it!,2023-12-15
6356,9522,30,4,Works well,2021-06-07
6357,8954,57,4,Good quality,2022-12-28
6358,14114,166,5,Best purchase ever!,2023-06-07
6359,5938,102,5,Best purchase ever!,2023-08-14
6360,7343,92,2,Could be better,2021-07-06
6361,6255,159,4,Good quality,2022-08-23
6362,14388,67,4,Satisfied with purchase,2022-01-23
6363,3900,43,3,Not bad,2022-05-06
6364,5356,10,2,Below expectations,2021-02-10
6365,5550,94,3,Not bad,2021-07-24
6366,4136,90,4,Works well,2023-03-21
6367,14568,143,5,,2023-11-26
6368,10098,36,5,Excellent product!,2021-06-13
6369,2385,94,5,,2022-12-06
6370,13345,82,5,Highly recommend!,2022-08-22
6371,210,36,2,Could be better,2022-06-06
6372,10486,74,1,Poor quality,2021-12-10
6373,8498,24,1,Poor quality,2021-01-11
6374,2142,69,2,Could be better,2022-09-14
6375,4465,198,4,Satisfied with purchase,2021-07-29
6376,11736,101,1,Do not buy,2021-05-27
6377,8826,37,4,Good quality,2021-04-25
6378,6449,164,5,Love it!,2021-08-10
6379,6450,27,4,Works well,2022-02-23
6380,2965,46,4,Good quality,2022-10-29
6381,7314,85,4,Works well,2023-09-30
6382,4956,55,5,Love it!,2021-01-17
6383,2768,182,3,It's okay,2022-02-11
6384,1071,84,5,Love it!,2023-01-31
6385,9649,45,4,Nice product,2023-04-21
6386,12380,39,5,Excellent product!,2021-07-09
6387,8553,80,4,Nice product,2021-03-16
6388,10688,156,3,Not bad,2023-10-23
6389,14198,10,5,Excellent product!,2022-06-26
6390,2810,147,2,,2022-06-30
6391,1306,138,5,Love it!,2023-12-28
6392,7337,137,1,Do not buy,2023-04-30
6393,14676,183,2,Could be better,2023-10-22
6394,5310,185,4,Satisfied with purchase,2023-03-29
6395,9698,196,2,Below expectations,2021-10-18
6396,4744,33,5,Best purchase ever!,2021-11-23
6397,1688,124,4,Good quality,2023-08-24
6398,8042,175,4,Works well,2023-03-17
6399,7060,156,2,Below expectations,2023-06-11
6400,2964,85,1,Poor quality,2021-05-27
6401,3576,160,5,Highly recommend!,2023-05-24
6402,11861,135,2,Could be better,2021-08-14
6403,6098,40,5,Excellent product!,2021-11-02
6404,14963,75,4,Satisfied with purchase,2022-03-24
6405,3524,125,5,Love it!,2021-09-14
6406,8114,162,4,Works well,2021-01-14
6407,5645,95,4,Good quality,2021-05-18
6408,12687,114,4,Nice product,2023-09-10
6409,5677,62,4,Good quality,2022-11-17
6410,12504,36,3,Decent,2023-03-29
6411,13393,194,4,Good quality,2021-12-30
6412,7744,54,3,Average product,2022-04-21
6413,2559,88,4,Satisfied with purchase,2021-01-11
6414,12511,72,4,Satisfied with purchase,2023-05-18
6415,5162,19,5,Love it!,2023-04-11
6416,10420,180,4,Nice product,2021-06-18
6417,9338,117,4,Nice product,2023-12-04
6418,5402,62,5,Best purchase ever!,2022-02-24
6419,6459,8,4,Works well,2022-03-03
6420,12096,134,1,Terrible,2023-01-05
6421,12064,129,3,Not bad,2021-01-05
6422,14219,47,2,Below expectations,2022-05-04
6423,5023,103,5,Highly recommend!,2023-07-28
6424,10054,67,5,Highly recommend!,2022-08-15
6425,8752,123,5,Highly recommend!,2021-11-08
6426,12965,30,4,Satisfied with purchase,2022-05-27
6427,6818,6,4,Satisfied with purchase,2022-01-10
6428,12275,162,5,Highly recommend!,2022-07-15
6429,12542,85,5,Best purchase ever!,2021-08-14
6430,4816,33,4,Satisfied with purchase,2023-02-24
6431,5490,174,5,Highly recommend!,2022-08-09
6432,7725,31,3,Not bad,2023-10-12
6433,2481,123,4,Good quality,2022-12-05
6434,5433,148,3,Average product,2022-03-30
6435,9267,193,5,Highly recommend!,2023-03-03
6436,7926,91,5,Love it!,2023-03-12
6437,12261,131,4,Works well,2022-09-06
6438,7138,25,4,,2022-12-01
6439,10237,66,3,,2021-02-25
6440,7299,98,5,Best purchase ever!,2022-09-23
6441,2835,127,2,,2023-08-18
6442,13083,174,5,Love it!,2022-06-30
6443,1152,17,4,Satisfied with purchase,2021-01-27
6444,3403,6,3,Decent,2023-06-09
6445,12848,105,4,Nice product,2022-11-18
6446,1392,176,2,Could be better,2021-12-26
6447,4912,101,4,Good quality,2021-01-12
6448,4849,32,5,Excellent product!,2021-06-10
6449,1505,14,4,Works well,2022-05-31
6450,9415,33,3,Average product,2021-10-11
6451,5794,175,4,Satisfied with purchase,2023-11-03
6452,11713,8,5,Love it!,2021-04-02
6453,3347,170,5,Best purchase ever!,2022-04-15
6454,6570,171,5,Highly recommend!,2021-11-19
6455,11216,62,4,Works well,2023-03-20
6456,10341,109,5,Best purchase ever!,2023-10-15
6457,12026,124,5,Best purchase ever!,2023-07-22
6458,8456,102,5,Love it!,2021-06-06
6459,11987,186,5,Love it!,2023-09-20
6460,807,114,5,Love it!,2022-08-10
6461,4698,164,4,Nice product,2023-05-12
6462,586,105,4,Satisfied with purchase,2023-05-21
6463,32,7,5,Excellent product!,2023-03-14
6464,11702,140,4,Nice product,2022-09-14
6465,11717,93,5,Best purchase ever!,2021-10-01
6466,315,118,3,Average product,2021-06-11
6467,13726,122,5,Excellent product!,2022-04-23
6468,9882,178,3,Average product,2022-08-27
6469,13325,122,4,Good quality,2022-08-07
6470,6225,73,2,Below expectations,2021-08-30
6471,600,123,4,Works well,2021-03-28
6472,10514,98,4,Works well,2021-05-21
6473,6107,183,3,It's okay,2023-06-16
6474,9518,3,3,Decent,2023-04-05
6475,8326,97,3,Average product,2021-08-11
6476,12628,134,4,Good quality,2023-02-25
6477,4101,136,4,Nice product,2023-02-24
6478,5963,116,2,Disappointed,2021-12-19
6479,10119,30,4,Nice product,2023-08-14
6480,892,127,4,Nice product,2021-10-30
6481,5816,15,5,Excellent product!,2021-06-12
6482,11801,199,4,Good quality,2021-01-06
6483,72,22,5,Highly recommend!,2023-05-14
6484,5046,102,2,Not great,2021-03-28
6485,14717,12,3,Decent,2023-11-21
6486,13584,137,5,Best purchase ever!,2023-02-19
6487,7136,118,4,Works well,2022-03-24
6488,5441,113,4,Good quality,2022-09-04
6489,48,31,4,Satisfied with purchase,2023-12-04
6490,7572,21,5,,2022-02-06
6491,7461,152,5,Excellent product!,2022-12-03
6492,1198,45,4,Nice product,2023-02-04
6493,12093,72,2,Not great,2022-01-20
6494,2350,67,5,Highly recommend!,2023-03-28
6495,10737,154,4,Good quality,2023-05-05
6496,13110,93,5,Excellent product!,2023-11-13
6497,12838,143,5,Highly recommend!,2022-07-01
6498,11378,156,3,Decent,2021-03-03
6499,7348,38,2,Below expectations,2021-04-18
6500,7941,200,4,Works well,2023-09-04
6501,3613,69,2,Below expectations,2023-01-20
6502,8792,65,5,Love it!,2021-12-01
6503,9100,174,2,Disappointed,2022-11-27
6504,10572,83,5,Highly recommend!,2023-03-29
6505,7285,56,4,Works well,2022-04-08
6506,1301,157,4,Works well,2023-03-10
6507,10907,166,5,Best purchase ever!,2022-12-06
6508,3456,98,4,Good quality,2023-01-26
6509,935,187,4,Nice product,2021-04-09
6510,4728,131,3,Decent,2021-02-24
6511,532,166,5,Love it!,2023-04-05
6512,8457,78,4,Satisfied with purchase,2023-03-27
6513,2358,32,4,Works well,2023-11-19
6514,9679,58,3,Decent,2022-06-07
6515,13404,132,2,Not great,2023-02-27
6516,13931,21,3,Average product,2021-06-24
6517,6598,68,5,Highly recommend!,2021-05-02
6518,1552,172,4,Works well,2022-09-07
6519,9685,179,4,Works well,2022-02-17
6520,3197,169,3,Average product,2022-01-28
6521,1166,80,1,Do not buy,2023-11-15
6522,8145,101,1,Poor quality,2022-04-05
6523,9667,60,4,Satisfied with purchase,2022-10-19
6524,5790,127,3,It's okay,2022-09-24
6525,4757,23,5,Highly recommend!,2023-03-06
6526,13157,157,4,Works well,2021-05-03
6527,10254,49,5,Best purchase ever!,2023-02-16
6528,12822,38,3,It's okay,2022-04-30
6529,6194,32,2,Could be better,2022-01-07
6530,7061,70,5,Highly recommend!,2023-07-11
6531,3574,97,4,Good quality,2023-09-18
6532,2946,9,5,Excellent product!,2021-06-24
6533,14602,70,4,Works well,2023-07-26
6534,555,27,4,Nice product,2021-08-03
6535,2008,48,3,Decent,2021-05-19
6536,4659,171,2,Disappointed,2021-03-06
6537,240,49,2,Below expectations,2022-10-16
6538,11476,179,4,Works well,2021-06-10
6539,11608,11,3,Average product,2023-10-01
6540,4243,162,4,Nice product,2022-09-14
6541,7647,78,5,Love it!,2023-04-02
6542,13192,16,4,Nice product,2022-11-29
6543,8987,196,5,Excellent product!,2022-02-02
6544,548,107,5,Excellent product!,2023-11-11
6545,6159,172,4,Satisfied with purchase,2022-12-28
6546,10050,140,4,Good quality,2023-10-01
6547,4715,5,2,Not great,2022-09-29
6548,10779,6,4,Works well,2022-10-21
6549,9980,85,4,Good quality,2023-11-18
6550,676,127,3,Average product,2022-12-28
6551,6772,139,5,Best purchase ever!,2021-11-14
6552,12244,92,4,Works well,2021-04-23
6553,1999,49,4,Good quality,2022-10-31
6554,6524,111,3,Decent,2023-09-14
6555,7680,130,2,Below expectations,2022-09-26
6556,10592,62,5,Highly recommend!,2021-01-21
6557,2879,85,4,Satisfied with purchase,2021-09-11
6558,13563,163,5,Highly recommend!,2023-10-09
6559,13127,38,4,Works well,2021-05-03
6560,8359,71,5,Best purchase ever!,2022-07-07
6561,7183,171,4,Nice product,2023-03-25
6562,1835,57,4,Good quality,2021-01-26
6563,7584,191,5,Love it!,2021-02-11
6564,12278,139,5,Love it!,2022-02-15
6565,11493,114,3,Not bad,2023-05-07
6566,9197,73,4,Satisfied with purchase,2022-01-28
6567,5916,102,3,It's okay,2022-05-03
6568,9404,42,4,,2023-03-18
6569,2875,56,5,Highly recommend!,2022-02-03
6570,4631,134,5,Highly recommend!,2022-08-16
6571,8486,8,4,Good quality,2021-02-11
6572,8395,148,5,Love it!,2022-05-26
6573,4421,127,4,Works well,2021-04-18
6574,12833,85,3,Decent,2022-03-27
6575,3051,37,1,Do not buy,2022-03-28
6576,6637,47,3,Average product,2021-06-11
6577,7421,178,5,Highly recommend!,2022-12-11
6578,1766,127,4,Works well,2021-12-06
6579,10983,63,3,Not bad,2022-03-16
6580,9639,136,4,Works well,2022-09-14
6581,8874,111,5,Love it!,2022-02-17
6582,2832,65,3,Average product,2022-05-06
6583,2867,56,4,Works well,2023-09-17
6584,12986,84,2,Not great,2023-03-29
6585,4614,39,5,Best purchase ever!,2022-11-18
6586,4846,129,4,Satisfied with purchase,2022-10-08
6587,9094,24,3,Average product,2023-08-14
6588,2948,136,5,Best purchase ever!,2023-06-04
6589,13241,195,2,,2022-12-20
6590,13688,24,4,Satisfied with purchase,2021-03-09
6591,9009,107,3,Decent,2022-08-20
6592,7179,179,5,Love it!,2022-03-25
6593,3089,200,4,Nice product,2023-02-13
6594,8105,1,3,It's okay,2023-10-12
6595,11729,133,5,Best purchase ever!,2022-10-16
6596,10259,27,5,Best purchase ever!,2021-04-25
6597,12519,154,2,Below expectations,2023-03-13
6598,8932,21,4,Nice product,2023-01-18
6599,7187,8,4,Nice product,2022-02-27
6600,7640,65,5,Best purchase ever!,2021-04-07
6601,14147,179,4,Satisfied with purchase,2021-01-24
6602,8380,69,2,Could be better,2022-12-28
6603,4194,157,5,Best purchase ever!,2023-11-25
6604,394,186,4,Nice product,2021-11-01
6605,4825,146,4,Nice product,2021-07-10
6606,14602,177,2,Not great,2021-09-26
6607,7640,24,5,Excellent product!,2022-08-20
6608,12753,159,5,Excellent product!,2023-09-03
6609,927,64,3,Not bad,2022-06-23
6610,12064,146,3,Not bad,2021-09-28
6611,7410,136,3,Average product,2021-11-10
6612,8305,137,4,Good quality,2021-01-25
6613,13500,7,1,Waste of money,2023-01-06
6614,14501,38,2,Below expectations,2021-03-23
6615,9651,10,4,Nice product,2021-04-25
6616,4430,93,4,Nice product,2021-12-15
6617,8648,68,5,Highly recommend!,2022-12-09
6618,2505,63,5,Highly recommend!,2023-11-06
6619,9969,42,4,Satisfied with purchase,2023-10-05
6620,6389,70,4,Works well,2021-08-14
6621,6192,192,5,Highly recommend!,2021-07-02
6622,11956,125,4,Good quality,2021-05-14
6623,3792,185,5,Highly recommend!,2022-10-30
6624,1722,190,5,,2021-05-23
6625,14689,112,4,Satisfied with purchase,2022-05-14
6626,1670,142,3,It's okay,2021-12-26
6627,4060,68,5,Excellent product!,2023-08-07
6628,9971,58,3,It's okay,2023-04-06
6629,6768,64,5,Excellent product!,2021-07-15
6630,13190,83,4,Nice product,2021-11-23
6631,1950,137,5,Best purchase ever!,2022-11-29
6632,2008,196,3,Decent,2023-02-25
6633,7377,20,4,Satisfied with purchase,2023-09-09
6634,1064,6,5,Best purchase ever!,2023-12-06
6635,13228,12,3,Not bad,2023-07-23
6636,4147,177,4,Nice product,2022-02-16
6637,8788,129,4,Works well,2023-10-07
6638,11196,106,4,Nice product,2023-11-18
6639,9917,82,3,It's okay,2021-07-02
6640,303,109,4,Works well,2021-06-10
6641,5333,166,4,,2021-06-29
6642,201,83,5,Highly recommend!,2023-07-04
6643,5698,193,4,Works well,2021-10-27
6644,3933,131,4,Satisfied with purchase,2021-07-04
6645,1188,112,5,Best purchase ever!,2023-11-13
6646,12474,109,4,Satisfied with purchase,2023-04-27
6647,2562,137,4,Nice product,2021-09-30
6648,10055,109,3,Average product,2022-08-20
6649,13552,184,3,Not bad,2022-12-29
6650,14332,106,2,Disappointed,2021-04-12
6651,14551,174,5,Best purchase ever!,2021-02-21
6652,3112,143,1,Waste of money,2021-02-09
6653,7215,99,5,Love it!,2021-10-30
6654,6889,76,4,Nice product,2023-04-27
6655,3538,130,2,Could be better,2021-08-23
6656,11975,179,5,Highly recommend!,2022-11-05
6657,3314,153,5,Excellent product!,2022-09-15
6658,5354,2,4,Works well,2022-03-25
6659,2403,4,4,Satisfied with purchase,2022-08-25
6660,14851,168,5,Love it!,2022-07-06
6661,9761,55,4,Good quality,2023-03-12
6662,4971,143,4,Good quality,2021-06-28
6663,5906,75,5,Love it!,2022-11-04
6664,2262,75,2,Not great,2022-10-10
6665,4445,194,5,Love it!,2023-04-08
6666,10866,134,5,Highly recommend!,2022-08-04
6667,13423,128,1,Terrible,2023-03-24
6668,11378,55,4,Nice product,2022-12-30
6669,3672,127,3,,2021-08-30
6670,2219,184,4,Nice product,2021-08-17
6671,3988,107,4,Good quality,2022-03-22
6672,1408,84,4,Satisfied with purchase,2022-09-23
6673,8811,67,4,Nice product,2023-10-26
6674,10577,127,4,Works well,2023-03-06
6675,8851,65,5,Best purchase ever!,2022-11-04
6676,9493,140,4,Good quality,2023-05-12
6677,12788,1,3,It's okay,2023-07-27
6678,7797,194,3,Not bad,2022-04-28
6679,11229,101,4,Satisfied with purchase,2023-04-24
6680,1418,15,4,Works well,2023-12-23
6681,14927,164,4,Satisfied with purchase,2022-03-15
6682,5538,172,4,Good quality,2022-08-01
6683,5869,40,5,Love it!,2023-01-04
6684,14396,38,4,Good quality,2022-11-13
6685,10572,36,4,Good quality,2022-07-06
6686,3053,176,4,Nice product,2021-01-28
6687,13837,13,4,Works well,2023-11-28
6688,1349,23,3,It's okay,2021-07-02
6689,2923,64,2,Below expectations,2021-06-20
6690,10630,81,5,Highly recommend!,2022-05-22
6691,6583,39,3,Decent,2021-08-03
6692,5009,70,1,Terrible,2021-01-19
6693,7128,179,3,Decent,2023-03-24
6694,13903,43,4,Works well,2023-05-05
6695,5254,199,3,Average product,2023-09-15
6696,6611,115,2,Below expectations,2022-09-23
6697,10595,48,3,Not bad,2022-04-24
6698,5585,199,2,Disappointed,2022-07-21
6699,4846,15,4,Satisfied with purchase,2022-09-09
6700,1710,184,4,Works well,2023-11-10
6701,6895,133,5,Love it!,2021-01-27
6702,13273,40,5,Excellent product!,2021-10-28
6703,9668,178,2,Not great,2023-02-18
6704,1780,6,5,Highly recommend!,2021-05-22
6705,7730,85,5,Best purchase ever!,2023-03-07
6706,11783,138,4,Works well,2023-04-13
6707,12064,166,4,Satisfied with purchase,2021-11-16
6708,3289,30,4,Nice product,2023-01-06
6709,11091,200,4,Good quality,2021-10-18
6710,5003,68,5,Best purchase ever!,2022-08-01
6711,5218,160,1,Waste of money,2022-03-18
6712,14500,99,2,Below expectations,2022-04-13
6713,1375,40,3,It's okay,2022-12-23
6714,7112,63,4,Works well,2022-06-12
6715,11031,90,5,Best purchase ever!,2022-08-14
6716,1602,4,5,Love it!,2023-02-16
6717,8253,185,5,Best purchase ever!,2021-03-14
6718,13651,96,5,Best purchase ever!,2023-11-28
6719,11238,121,5,Highly recommend!,2023-10-24
6720,3271,31,4,Good quality,2021-10-14
6721,13039,128,4,Nice product,2023-02-18
6722,1675,78,1,Waste of money,2022-10-24
6723,4433,186,1,Waste of money,2023-07-05
6724,14142,28,5,Excellent product!,2021-07-02
6725,3287,162,4,Good quality,2023-04-11
6726,82,23,4,Works well,2021-06-30
6727,13411,101,3,Decent,2021-12-03
6728,11227,189,3,Decent,2021-02-16
6729,6082,132,5,Highly recommend!,2023-12-11
6730,14208,44,5,Excellent product!,2023-12-23
6731,105,187,4,Good quality,2022-09-01
6732,13657,36,4,Good quality,2021-05-30
6733,3164,159,5,Love it!,2021-01-06
6734,1083,163,4,Satisfied with purchase,2022-09-07
6735,14719,147,4,Good quality,2021-10-10
6736,9121,143,4,Satisfied with purchase,2023-11-12
6737,14014,146,4,Works well,2021-12-30
6738,6787,181,3,Decent,2023-05-17
6739,14365,68,3,Not bad,2023-06-23
6740,10391,75,3,Average product,2021-09-11
6741,12298,135,4,Satisfied with purchase,2021-07-26
6742,6302,65,5,Highly recommend!,2022-09-18
6743,12638,165,3,Decent,2023-11-07
6744,8302,32,4,Good quality,2022-02-21
6745,1460,51,5,Best purchase ever!,2023-09-07
6746,13229,56,5,Highly recommend!,2022-04-13
6747,4518,169,5,Best purchase ever!,2022-10-26
6748,5143,102,2,Disappointed,2022-02-05
6749,12636,124,2,Not great,2021-04-05
6750,4058,129,5,Best purchase ever!,2022-07-13
6751,4880,1,5,Best purchase ever!,2023-11-24
6752,7294,34,5,Excellent product!,2022-07-08
6753,1966,140,5,Highly recommend!,2022-08-05
6754,2522,31,4,Good quality,2023-08-01
6755,8780,169,5,Excellent product!,2022-12-30
6756,3600,11,4,Works well,2021-01-09
6757,2485,4,5,Excellent product!,2023-10-22
6758,84,196,4,Satisfied with purchase,2021-12-04
6759,4877,39,3,It's okay,2023-01-27
6760,1823,141,3,Decent,2022-10-20
6761,9778,83,1,Poor quality,2023-10-01
6762,9908,60,5,,2023-12-11
6763,4159,104,4,Works well,2023-04-21
6764,6453,81,4,Nice product,2022-09-08
6765,6860,92,5,Love it!,2021-04-01
6766,7775,42,3,Decent,2022-12-26
6767,13578,106,5,Excellent product!,2023-12-25
6768,4250,179,5,Love it!,2021-12-23
6769,11243,123,4,Good quality,2021-09-03
6770,14521,180,5,Highly recommend!,2021-02-13
6771,573,34,5,Highly recommend!,2023-12-12
6772,8783,106,4,Nice product,2022-04-14
6773,13806,159,4,Good quality,2022-11-24
6774,4672,194,2,Could be better,2022-11-02
6775,12554,119,5,Love it!,2021-10-30
6776,5748,49,4,Works well,2021-01-28
6777,6680,173,4,Satisfied with purchase,2022-08-24
6778,5074,195,5,Excellent product!,2021-06-20
6779,10642,1,2,Disappointed,2023-06-21
6780,12315,133,4,Nice product,2022-11-12
6781,11071,132,5,Love it!,2022-08-19
6782,5769,28,5,Best purchase ever!,2021-06-16
6783,11495,176,1,Poor quality,2021-01-27
6784,11377,29,3,Not bad,2022-02-01
6785,2305,82,5,Love it!,2021-04-02
6786,7817,146,3,It's okay,2023-02-23
6787,11963,113,4,Satisfied with purchase,2021-07-10
6788,586,100,5,Love it!,2022-10-05
6789,14771,116,4,Satisfied with purchase,2022-04-24
6790,12225,33,4,Good quality,2023-08-29
6791,11359,168,4,,2022-07-05
6792,1451,16,3,Decent,2021-11-03
6793,14525,131,4,Works well,2022-05-15
6794,12761,81,1,Poor quality,2023-04-22
6795,5683,90,3,Average product,2022-08-18
6796,11144,85,3,It's okay,2022-10-30
6797,7105,18,2,Disappointed,2022-05-19
6798,4271,43,3,,2023-01-25
6799,13197,61,4,Nice product,2021-04-29
6800,2702,27,4,Works well,2023-02-27
6801,9860,103,1,Waste of money,2023-01-04
6802,9013,15,4,Satisfied with purchase,2021-03-12
6803,8143,79,3,Not bad,2021-03-05
6804,6657,139,5,Excellent product!,2022-06-07
6805,11882,41,5,Excellent product!,2021-04-19
6806,6181,49,4,Nice product,2023-02-24
6807,4537,179,4,Works well,2022-11-19
6808,2027,48,2,Disappointed,2023-10-22
6809,11855,17,1,Do not buy,2021-05-20
6810,7083,31,5,Excellent product!,2021-09-22
6811,8396,132,4,Good quality,2023-09-11
6812,2668,104,3,Not bad,2023-01-22
6813,3492,83,4,Good quality,2021-03-04
6814,9915,95,3,Not bad,2022-11-24
6815,14952,68,4,Works well,2023-01-09
6816,14410,93,2,Could be better,2021-01-15
6817,181,140,4,Satisfied with purchase,2021-08-25
6818,1603,149,2,Could be better,2023-07-09
6819,13949,22,4,Works well,2022-04-08
6820,2049,185,5,Best purchase ever!,2023-07-21
6821,12916,174,3,It's okay,2021-11-28
6822,756,50,3,It's okay,2022-11-02
6823,2324,177,5,Best purchase ever!,2023-08-01
6824,3842,125,4,Works well,2022-10-31
6825,7672,170,4,Works well,2023-10-09
6826,5875,14,1,Poor quality,2023-06-23
6827,2883,132,4,Nice product,2022-10-31
6828,7025,77,4,Good quality,2023-01-17
6829,2102,66,3,Average product,2023-11-11
6830,12862,28,5,Excellent product!,2023-11-13
6831,160,46,4,Works well,2023-01-02
6832,6690,19,1,Poor quality,2022-08-18
6833,8831,88,5,Love it!,2023-11-10
6834,3147,131,4,Satisfied with purchase,2023-08-02
6835,6502,65,4,Satisfied with purchase,2022-09-01
6836,10960,66,4,Works well,2021-11-30
6837,9346,164,5,,2022-02-10
6838,10195,120,3,It's okay,2022-04-07
6839,3148,21,4,Nice product,2021-06-07
6840,4335,197,4,Nice product,2021-02-23
6841,4767,41,4,Nice product,2022-09-15
6842,11614,24,4,Good quality,2023-02-16
6843,13293,45,5,Highly recommend!,2023-01-03
6844,8490,73,4,Satisfied with purchase,2021-11-14
6845,14322,117,4,Nice product,2023-04-01
6846,5150,159,2,Below expectations,2023-02-09
6847,13912,71,2,Not great,2022-12-29
6848,5088,192,2,Not great,2022-07-31
6849,12127,75,3,Average product,2022-09-07
6850,12489,53,3,Average product,2022-05-25
6851,12077,25,4,Works well,2022-09-05
6852,3822,167,3,It's okay,2021-12-05
6853,1888,134,4,Good quality,2023-11-08
6854,14111,124,5,Best purchase ever!,2022-07-28
6855,823,51,4,Nice product,2022-08-16
6856,10651,92,5,Highly recommend!,2023-09-18
6857,13186,60,4,Works well,2021-06-19
6858,3230,54,5,Love it!,2023-11-27
6859,2604,59,4,Works well,2022-04-12
6860,14679,30,3,Decent,2022-03-10
6861,9141,87,4,Nice product,2021-04-18
6862,7082,81,4,Works well,2021-03-25
6863,6440,14,3,It's okay,2023-10-15
6864,9213,4,2,Disappointed,2023-10-12
6865,12274,114,4,Nice product,2023-07-01
6866,3237,166,4,Satisfied with purchase,2022-10-02
6867,7089,118,5,Love it!,2022-11-15
6868,5890,83,5,Love it!,2021-01-03
6869,11453,145,3,It's okay,2022-09-04
6870,13742,155,4,Works well,2023-12-18
6871,3498,137,4,Good quality,2023-09-04
6872,14385,140,4,Nice product,2021-04-10
6873,11923,1,5,Excellent product!,2023-04-18
6874,2061,139,4,Satisfied with purchase,2023-01-25
6875,8655,63,4,Satisfied with purchase,2022-10-28
6876,9281,123,4,Works well,2022-05-04
6877,6182,102,5,Highly recommend!,2022-06-06
6878,7002,67,3,Decent,2023-05-25
6879,14834,36,5,Highly recommend!,2023-03-25
6880,9841,93,4,Nice product,2022-09-21
6881,113,194,3,Average product,2023-01-31
6882,12367,167,3,,2022-09-14
6883,14028,65,4,Good quality,2023-03-13
6884,6677,54,1,Terrible,2022-12-15
6885,2847,159,5,Best purchase ever!,2022-11-28
6886,7731,85,3,Average product,2023-06-19
6887,8229,139,5,Love it!,2021-06-14
6888,5625,96,4,Good quality,2021-04-24
6889,2804,72,3,It's okay,2023-10-07
6890,1461,123,3,Decent,2023-03-27
6891,13383,39,5,Excellent product!,2021-10-03
6892,22,3,2,Could be better,2021-12-01
6893,10019,151,5,Best purchase ever!,2021-01-11
6894,14362,102,4,Good quality,2021-03-06
6895,3407,9,3,It's okay,2022-10-05
6896,6713,43,4,Good quality,2022-10-05
6897,14374,78,5,Excellent product!,2023-09-30
6898,8623,119,5,Love it!,2023-08-07
6899,8812,87,5,Love it!,2021-03-01
6900,3639,136,4,Good quality,2023-09-18
6901,3048,196,4,Works well,2023-01-31
6902,7547,7,3,It's okay,2023-03-20
6903,2167,176,5,Best purchase ever!,2022-11-05
6904,4746,142,2,Could be better,2021-10-19
6905,7467,83,4,Works well,2022-10-01
6906,1647,84,3,Not bad,2023-01-15
6907,14472,106,4,Works well,2023-12-06
6908,10778,194,4,Nice product,2023-02-15
6909,3180,2,4,Satisfied with purchase,2023-11-13
6910,3092,150,5,Best purchase ever!,2022-09-07
6911,13476,71,4,Nice product,2021-05-18
6912,4311,175,4,Works well,2021-05-07
6913,1624,91,4,Good quality,2022-01-02
6914,5084,21,3,Not bad,2021-01-15
6915,10932,46,5,Love it!,2021-12-21
6916,6105,100,4,Satisfied with purchase,2023-04-12
6917,9870,149,4,,2023-03-24
6918,6496,120,4,Satisfied with purchase,2023-03-29
6919,6207,116,4,Good quality,2021-02-15
6920,7885,20,3,Average product,2021-11-05
6921,9375,57,5,Excellent product!,2022-08-06
6922,13544,162,4,,2021-12-31
6923,12400,99,3,Average product,2022-01-05
6924,9676,77,1,Do not buy,2021-07-28
6925,10474,56,5,Best purchase ever!,2023-05-24
6926,11014,38,4,Nice product,2022-07-23
6927,7137,147,3,Average product,2021-10-03
6928,14700,59,4,Nice product,2022-11-29
6929,479,127,4,Works well,2022-03-10
6930,14719,63,4,Nice product,2021-04-09
6931,4806,93,4,Satisfied with purchase,2021-11-24
6932,62,197,4,Works well,2021-05-07
6933,11395,14,5,Highly recommend!,2023-11-14
6934,10801,161,4,Satisfied with purchase,2023-04-05
6935,13041,129,3,Not bad,2023-06-23
6936,2400,74,1,Waste of money,2021-05-04
6937,12673,134,4,Nice product,2021-11-04
6938,7487,158,3,Decent,2023-12-16
6939,10894,119,3,Not bad,2023-03-11
6940,6776,12,2,Below expectations,2021-04-10
6941,11519,107,3,Not bad,2022-10-01
6942,7977,66,4,Satisfied with purchase,2023-10-04
6943,5120,197,4,Satisfied with purchase,2023-01-26
6944,7565,73,4,Good quality,2021-01-07
6945,2959,118,5,Love it!,2022-09-23
6946,4625,126,5,Love it!,2023-01-12
6947,13342,94,4,Good quality,2021-07-13
6948,1181,69,1,Poor quality,2023-08-07
6949,2835,194,4,Works well,2021-05-17
6950,8438,146,3,Average product,2021-10-24
6951,12101,110,5,Excellent product!,2021-01-03
6952,3130,197,5,Excellent product!,2022-04-16
6953,7508,141,4,Satisfied with purchase,2021-10-25
6954,8052,24,5,Best purchase ever!,2021-03-02
6955,11584,131,4,Good quality,2023-08-02
6956,3742,19,4,Works well,2023-01-07
6957,5273,116,5,Love it!,2022-12-17
6958,14808,88,3,Average product,2022-11-11
6959,4548,108,4,Satisfied with purchase,2021-11-21
6960,6167,110,4,Nice product,2021-11-06
6961,14429,30,5,Best purchase ever!,2021-11-25
6962,7529,169,2,Disappointed,2023-04-10
6963,14290,187,5,Best purchase ever!,2021-07-26
6964,11153,75,4,Satisfied with purchase,2021-05-16
6965,13671,27,5,,2021-03-13
6966,7125,162,4,Good quality,2021-04-15
6967,2372,35,4,Nice product,2022-02-12
6968,6563,128,3,It's okay,2023-05-08
6969,13463,141,4,Works well,2021-06-02
6970,10297,46,5,Excellent product!,2021-10-19
6971,742,93,3,Average product,2023-10-12
6972,8214,49,5,Highly recommend!,2021-06-22
6973,9081,148,5,Excellent product!,2021-06-16
6974,5069,162,3,Not bad,2023-07-12
6975,1657,102,5,Best purchase ever!,2023-11-20
6976,259,153,3,Not bad,2023-06-02
6977,9467,20,4,Satisfied with purchase,2022-01-06
6978,6923,104,4,Satisfied with purchase,2021-06-21
6979,14274,93,4,Satisfied with purchase,2021-11-06
6980,8015,24,3,It's okay,2021-04-15
6981,5190,194,2,Disappointed,2023-11-04
6982,5470,61,5,Best purchase ever!,2022-09-03
6983,6549,63,3,Average product,2023-09-03
6984,5110,101,3,Not bad,2023-05-31
6985,3354,3,5,Highly recommend!,2021-06-10
6986,8068,44,3,Not bad,2022-06-12
6987,4705,69,4,Satisfied with purchase,2021-08-09
6988,314,110,4,Good quality,2023-02-26
6989,13873,166,5,Love it!,2021-10-20
6990,7013,138,4,Works well,2021-02-03
6991,822,156,4,Good quality,2021-12-21
6992,13933,97,5,Highly recommend!,2023-11-22
6993,13776,152,4,Good quality,2021-02-27
6994,3926,11,4,Nice product,2022-05-02
6995,2940,81,4,Works well,2022-09-27
6996,13929,76,4,Good quality,2021-04-14
6997,10431,120,1,Terrible,2021-10-05
6998,4187,88,5,Excellent product!,2021-09-08
6999,14095,184,5,Love it!,2022-12-02
7000,10926,54,4,Nice product,2023-09-03
7001,9895,120,4,Nice product,2021-10-22
7002,4135,32,5,,2021-01-21
7003,3958,146,3,Average product,2023-06-07
7004,7029,87,5,Excellent product!,2021-12-27
7005,1209,115,1,,2022-07-29
7006,5960,45,5,Love it!,2023-02-28
7007,2817,129,5,Excellent product!,2021-02-15
7008,5159,76,5,Excellent product!,2022-03-18
7009,13177,18,5,,2022-10-05
7010,27,108,4,Works well,2023-12-16
7011,13061,107,5,Excellent product!,2022-05-14
7012,4903,30,3,Decent,2021-01-06
7013,752,45,4,,2023-07-24
7014,3176,140,5,,2023-01-05
7015,12943,6,4,Good quality,2023-12-05
7016,3602,149,4,Satisfied with purchase,2022-07-04
7017,127,8,3,It's okay,2021-01-29
7018,7031,127,4,Good quality,2023-04-13
7019,9068,52,5,Excellent product!,2022-01-08
7020,9446,140,4,Good quality,2023-08-30
7021,9812,59,5,Love it!,2021-03-23
7022,6437,157,4,Satisfied with purchase,2023-09-19
7023,14745,54,5,Highly recommend!,2021-08-29
7024,9376,125,5,Highly recommend!,2021-04-21
7025,10162,134,3,Not bad,2023-12-24
7026,12096,128,4,Nice product,2021-08-13
7027,5491,146,5,Highly recommend!,2023-03-30
7028,10360,163,4,Works well,2023-08-10
7029,4041,185,1,Do not buy,2022-04-12
7030,12121,4,1,Do not buy,2023-12-29
7031,5611,15,2,Below expectations,2023-02-04
7032,3107,96,4,Works well,2021-07-28
7033,11547,183,4,Nice product,2022-01-15
7034,2444,195,4,Nice product,2021-02-10
7035,11916,182,3,It's okay,2023-11-15
7036,10534,130,4,Good quality,2023-03-16
7037,14019,50,4,Satisfied with purchase,2022-06-15
7038,7075,17,5,Highly recommend!,2023-07-04
7039,14277,199,4,Satisfied with purchase,2021-03-09
7040,12703,162,1,Do not buy,2023-09-07
7041,11409,38,4,Works well,2023-06-02
7042,8213,172,4,Good quality,2023-08-26
7043,14126,16,4,Works well,2021-08-26
7044,5340,163,3,Decent,2023-08-25
7045,6865,191,5,Love it!,2023-02-28
7046,5204,153,3,Average product,2022-01-16
7047,12553,58,5,Love it!,2022-07-19
7048,1194,174,2,Could be better,2022-04-29
7049,2976,123,2,Could be better,2022-07-01
7050,5128,185,5,Best purchase ever!,2021-05-21
7051,1544,188,4,Satisfied with purchase,2022-07-22
7052,4189,134,4,Nice product,2023-05-12
7053,1237,128,2,Not great,2021-07-02
7054,8355,50,4,Satisfied with purchase,2022-10-12
7055,1302,30,4,Works well,2022-02-17
7056,11776,62,2,Not great,2021-02-24
7057,1309,48,4,Satisfied with purchase,2023-06-08
7058,8585,144,4,Good quality,2022-12-11
7059,13295,32,4,Satisfied with purchase,2022-09-28
7060,5763,75,4,Nice product,2021-09-26
7061,3458,88,4,,2023-12-01
7062,13967,87,5,Excellent product!,2021-03-16
7063,12392,197,1,Terrible,2021-01-13
7064,13466,63,5,Excellent product!,2023-03-28
7065,3256,105,3,Not bad,2022-12-03
7066,14939,77,5,Excellent product!,2023-08-30
7067,537,192,4,Nice product,2022-12-23
7068,8400,67,4,Works well,2023-04-15
7069,6523,158,3,Decent,2022-03-31
7070,2930,45,4,Good quality,2023-10-12
7071,13687,99,5,Excellent product!,2021-04-04
7072,6378,195,4,Satisfied with purchase,2021-11-25
7073,11335,57,4,Works well,2022-04-26
7074,2246,111,5,Excellent product!,2022-04-29
7075,7721,94,4,Good quality,2021-03-14
7076,10131,142,4,Satisfied with purchase,2021-09-23
7077,1828,24,4,Good quality,2022-05-08
7078,10548,157,3,Decent,2022-03-06
7079,2148,100,4,Satisfied with purchase,2022-09-20
7080,9696,127,1,Terrible,2023-08-19
7081,3934,133,4,Works well,2021-06-29
7082,12592,194,3,It's okay,2023-01-22
7083,2760,37,5,,2022-10-22
7084,10476,12,2,Disappointed,2021-11-17
7085,13489,198,5,Best purchase ever!,2022-09-02
7086,12951,95,4,Nice product,2023-12-08
7087,13886,199,4,,2021-09-17
7088,9470,88,1,Poor quality,2022-06-02
7089,4979,170,3,Average product,2022-12-23
7090,5508,125,5,Highly recommend!,2023-03-13
7091,13445,177,1,Waste of money,2021-12-31
7092,7462,175,2,Not great,2021-04-12
7093,13056,135,5,Excellent product!,2023-12-07
7094,10112,53,4,Satisfied with purchase,2023-07-03
7095,12663,91,2,Below expectations,2023-12-11
7096,14600,46,3,,2023-09-19
7097,11380,156,2,Below expectations,2022-07-10
7098,2202,104,1,Do not buy,2022-12-24
7099,6496,137,5,Love it!,2023-07-07
7100,8693,29,4,Good quality,2023-12-17
7101,5910,143,3,Not bad,2021-07-19
7102,14951,156,4,Good quality,2022-12-21
7103,902,144,4,Good quality,2022-05-13
7104,7218,119,5,Love it!,2021-09-30
7105,10742,148,4,Works well,2022-03-30
7106,4129,134,5,Excellent product!,2023-04-23
7107,10905,94,3,It's okay,2021-07-10
7108,9368,166,4,Satisfied with purchase,2021-08-29
7109,12159,194,3,It's okay,2022-08-13
7110,11462,123,3,Not bad,2021-01-29
7111,9419,87,3,It's okay,2022-01-08
7112,13537,71,4,Satisfied with purchase,2022-08-27
7113,6183,189,4,Nice product,2023-06-19
7114,13222,178,4,Good quality,2021-01-23
7115,9321,167,5,Love it!,2023-10-18
7116,2453,191,3,Decent,2021-06-15
7117,3351,194,4,Satisfied with purchase,2023-01-13
7118,4030,45,4,Nice product,2023-10-19
7119,2995,114,3,Not bad,2022-04-11
7120,14936,164,4,Good quality,2023-10-13
7121,7806,104,3,Average product,2022-12-16
7122,7531,117,5,Highly recommend!,2023-12-20
7123,13270,8,4,Works well,2021-02-11
7124,5962,38,3,Decent,2023-08-19
7125,13792,47,4,Nice product,2022-05-16
7126,4133,68,3,It's okay,2021-12-19
7127,4217,177,5,Love it!,2022-12-26
7128,3831,158,4,Satisfied with purchase,2022-09-19
7129,5581,194,4,Satisfied with purchase,2022-04-27
7130,14524,138,5,Love it!,2021-04-20
7131,3428,29,2,Disappointed,2023-02-01
7132,11760,92,4,Nice product,2023-07-29
7133,6036,83,1,Poor quality,2021-12-09
7134,12507,177,4,Good quality,2022-11-17
7135,7772,122,5,Best purchase ever!,2022-09-20
7136,4295,13,5,Best purchase ever!,2022-06-02
7137,2074,24,5,Highly recommend!,2021-07-25
7138,2184,29,4,Satisfied with purchase,2021-01-12
7139,9169,155,4,Nice product,2023-01-05
7140,13325,18,5,Love it!,2021-03-02
7141,14009,114,4,Nice product,2022-06-28
7142,8714,32,4,Satisfied with purchase,2021-09-03
7143,13305,3,5,Excellent product!,2022-11-19
7144,1339,117,5,Excellent product!,2023-05-17
7145,13950,142,3,Decent,2023-02-10
7146,1311,59,4,Works well,2023-03-27
7147,9554,86,3,It's okay,2022-09-27
7148,13978,90,1,Terrible,2022-04-01
7149,3316,27,2,Disappointed,2021-09-14
7150,14747,18,4,Nice product,2021-03-30
7151,12679,93,5,Highly recommend!,2023-08-01
7152,4008,58,4,,2022-03-12
7153,10530,18,2,Not great,2021-01-03
7154,5981,142,2,Not great,2021-10-04
7155,14627,165,4,Good quality,2023-02-10
7156,8183,120,5,Highly recommend!,2022-03-17
7157,7969,22,3,Not bad,2021-07-02
7158,7665,67,4,Nice product,2023-12-22
7159,10892,44,5,Excellent product!,2023-04-25
7160,14896,188,2,Could be better,2021-04-02
7161,8756,109,3,Average product,2022-10-26
7162,6108,113,4,Satisfied with purchase,2021-09-20
7163,12580,3,4,Nice product,2023-03-04
7164,8218,105,3,Average product,2023-09-24
7165,11557,65,4,Good quality,2022-03-26
7166,14750,89,5,Excellent product!,2022-09-21
7167,3355,71,5,Best purchase ever!,2021-09-21
7168,13845,15,2,,2022-01-26
7169,14091,169,4,Good quality,2022-04-28
7170,13905,53,3,Average product,2023-12-21
7171,3417,71,4,Works well,2021-01-28
7172,7931,47,4,Good quality,2021-11-28
7173,6029,43,3,,2023-03-01
7174,13655,82,5,Excellent product!,2022-05-13
7175,10500,71,4,Satisfied with purchase,2021-07-01
7176,13580,130,4,Works well,2022-02-19
7177,2685,23,5,Love it!,2021-02-20
7178,10746,200,3,Decent,2023-12-08
7179,12868,55,4,Nice product,2021-02-06
7180,3897,130,3,It's okay,2023-11-01
7181,2261,28,2,Could be better,2022-12-27
7182,12751,77,4,Nice product,2023-04-23
7183,3573,159,3,Decent,2021-09-29
7184,9939,154,4,Works well,2023-01-27
7185,9530,7,4,Works well,2022-08-07
7186,9278,132,1,,2022-01-09
7187,2567,74,3,Not bad,2022-04-24
7188,8137,109,4,Works well,2021-09-26
7189,10417,24,4,Satisfied with purchase,2022-06-26
7190,8756,191,5,Excellent product!,2022-04-29
7191,4993,11,3,Not bad,2021-10-19
7192,10715,24,5,Highly recommend!,2022-11-08
7193,5456,11,3,Average product,2022-06-18
7194,1682,185,4,Satisfied with purchase,2022-08-21
7195,8147,24,2,Could be better,2021-07-22
7196,12379,19,4,Satisfied with purchase,2022-04-05
7197,11581,186,5,Love it!,2023-11-30
7198,8532,169,3,It's okay,2023-04-10
7199,10555,119,1,Poor quality,2021-11-11
7200,398,162,5,Highly recommend!,2022-12-27
7201,8253,56,1,Waste of money,2022-12-14
7202,5924,151,3,Average product,2021-11-19
7203,7160,45,5,Love it!,2023-01-31
7204,6800,114,2,Below expectations,2021-05-05
7205,14270,161,5,Excellent product!,2023-04-03
7206,10879,141,5,Excellent product!,2023-07-31
7207,11232,87,4,Nice product,2021-11-01
7208,6277,50,3,Average product,2022-04-04
7209,4499,142,3,Average product,2021-03-18
7210,11108,99,2,Not great,2023-12-22
7211,10495,188,5,Highly recommend!,2022-01-18
7212,13636,163,5,Highly recommend!,2023-12-25
7213,6766,181,3,It's okay,2022-06-07
7214,6151,148,4,Satisfied with purchase,2022-04-20
7215,9276,174,4,,2023-03-12
7216,10081,6,2,Disappointed,2021-07-29
7217,10417,151,3,Average product,2023-12-03
7218,887,117,2,Below expectations,2021-05-25
7219,412,191,4,Good quality,2023-08-04
7220,8684,132,3,Decent,2022-12-27
7221,1552,136,5,Best purchase ever!,2021-10-09
7222,7209,55,3,Decent,2023-01-18
7223,9549,146,5,Best purchase ever!,2023-08-05
7224,8989,32,3,Average product,2022-03-05
7225,5556,63,4,Satisfied with purchase,2021-08-18
7226,12993,145,3,Decent,2022-09-21
7227,1156,11,2,Disappointed,2021-09-15
7228,1408,129,5,Excellent product!,2021-01-24
7229,6186,126,5,Highly recommend!,2022-10-18
7230,4809,2,3,Average product,2023-11-04
7231,13936,62,3,Not bad,2021-05-15
7232,11467,34,4,Works well,2021-08-08
7233,485,81,5,Best purchase ever!,2021-10-20
7234,3314,28,5,Highly recommend!,2022-07-03
7235,7255,6,5,Best purchase ever!,2022-04-05
7236,9120,112,5,Highly recommend!,2021-03-29
7237,4688,102,5,Best purchase ever!,2021-05-12
7238,4928,200,3,It's okay,2022-06-12
7239,13659,142,4,Works well,2022-12-07
7240,7131,103,5,Excellent product!,2022-07-30
7241,12605,172,2,Below expectations,2023-09-22
7242,13260,81,3,Decent,2021-04-27
7243,11376,89,5,Best purchase ever!,2022-09-17
7244,8044,150,4,Good quality,2022-01-09
7245,610,49,3,Decent,2022-02-23
7246,5473,193,2,Could be better,2023-06-01
7247,3588,87,5,Excellent product!,2023-06-28
7248,7309,181,4,Good quality,2022-07-08
7249,458,62,4,Nice product,2023-03-31
7250,14040,79,5,Highly recommend!,2021-04-05
7251,153,162,4,,2021-08-28
7252,7991,189,4,Nice product,2022-09-29
7253,1248,102,3,Average product,2022-11-15
7254,8496,139,4,Good quality,2022-09-20
7255,5212,184,4,Good quality,2022-03-02
7256,1357,160,2,Below expectations,2022-06-20
7257,5808,192,4,Nice product,2022-03-03
7258,4006,127,4,,2022-03-15
7259,1063,189,5,Excellent product!,2023-01-08
7260,318,191,4,Good quality,2022-12-27
7261,2472,108,4,Nice product,2023-04-24
7262,11205,117,4,Works well,2021-10-16
7263,4165,68,3,Decent,2021-07-26
7264,4102,154,5,Best purchase ever!,2021-07-22
7265,2130,191,4,Good quality,2023-10-04
7266,3295,98,4,Works well,2021-06-16
7267,1178,24,4,Satisfied with purchase,2021-11-17
7268,10057,14,2,Could be better,2022-12-13
7269,7535,46,3,Decent,2021-07-21
7270,3337,152,4,Good quality,2023-06-18
7271,1608,162,5,Love it!,2021-06-18
7272,11341,151,2,Not great,2021-05-21
7273,9370,35,4,Works well,2022-09-17
7274,6553,41,1,Waste of money,2021-05-01
7275,13577,122,5,Excellent product!,2022-09-21
7276,7136,184,3,Not bad,2021-08-24
7277,8842,61,4,Good quality,2023-10-29
7278,4289,97,3,Decent,2022-12-18
7279,621,37,3,Not bad,2021-11-03
7280,11397,135,4,Good quality,2023-07-27
7281,244,89,3,Not bad,2022-11-24
7282,3663,137,3,Decent,2021-07-06
7283,1170,30,4,Nice product,2021-01-19
7284,11871,96,5,Excellent product!,2021-05-14
7285,2920,169,4,Good quality,2023-03-20
7286,13766,2,5,Best purchase ever!,2021-11-06
7287,11350,193,3,Not bad,2023-04-06
7288,10122,93,4,Good quality,2023-11-08
7289,6146,68,3,It's okay,2021-09-12
7290,7563,174,4,Nice product,2023-05-08
7291,9928,14,5,Highly recommend!,2021-06-23
7292,7847,3,3,Decent,2022-11-25
7293,4296,51,5,Highly recommend!,2021-06-16
7294,11955,24,3,Decent,2021-05-25
7295,3047,38,4,Nice product,2022-06-27
7296,1439,59,5,Best purchase ever!,2023-10-14
7297,9903,6,3,Decent,2021-11-23
7298,14748,1,4,Works well,2023-08-22
7299,3937,141,4,Good quality,2023-09-23
7300,11598,71,3,Average product,2023-02-14
7301,12080,183,4,Good quality,2022-02-28
7302,10425,149,5,Best purchase ever!,2023-10-23
7303,8823,95,4,Nice product,2022-07-09
7304,3034,147,5,Best purchase ever!,2023-05-21
7305,13469,52,3,It's okay,2022-04-17
7306,4642,44,5,Excellent product!,2023-10-08
7307,3070,37,4,Nice product,2022-08-02
7308,7102,38,4,Satisfied with purchase,2022-01-22
7309,2333,61,5,Excellent product!,2023-08-31
7310,7993,1,5,Excellent product!,2022-02-19
7311,5385,100,5,Excellent product!,2022-12-15
7312,7615,34,4,Nice product,2023-08-16
7313,494,12,4,Satisfied with purchase,2022-02-22
7314,13928,139,5,Best purchase ever!,2023-02-23
7315,1721,52,1,Terrible,2022-01-11
7316,6565,21,4,Works well,2021-09-12
7317,2747,83,3,,2023-07-22
7318,7066,36,3,It's okay,2023-04-21
7319,7054,146,5,Highly recommend!,2021-10-27
7320,4407,144,4,,2023-08-08
7321,1394,163,1,Terrible,2023-08-16
7322,14370,158,5,Highly recommend!,2022-04-24
7323,13591,171,2,Not great,2022-05-11
7324,7686,95,4,Good quality,2023-08-16
7325,11408,179,4,Nice product,2023-04-10
7326,1742,48,4,Nice product,2022-11-25
7327,7668,120,4,Works well,2021-12-25
7328,11298,197,3,,2023-10-26
7329,11100,85,4,Satisfied with purchase,2022-01-05
7330,3032,117,5,Love it!,2022-04-16
7331,1278,31,3,Not bad,2021-08-02
7332,9833,34,2,Not great,2022-07-23
7333,3124,139,4,Works well,2021-02-18
7334,4167,169,5,Best purchase ever!,2021-12-18
7335,1407,8,5,Highly recommend!,2022-10-13
7336,8153,37,4,Satisfied with purchase,2021-03-02
7337,14243,30,4,Works well,2022-04-08
7338,9473,40,2,Not great,2021-09-18
7339,2365,188,3,Average product,2021-11-13
7340,7083,83,2,Disappointed,2021-04-29
7341,5865,1,4,Satisfied with purchase,2022-08-13
7342,8676,50,4,Good quality,2022-07-20
7343,7026,110,3,Decent,2021-09-05
7344,12210,19,2,Could be better,2023-09-02
7345,11804,71,4,Works well,2022-07-27
7346,8077,54,5,,2022-06-05
7347,8808,140,3,It's okay,2023-06-15
7348,7489,69,3,Decent,2021-03-25
7349,7618,2,2,Below expectations,2023-03-23
7350,817,5,4,Satisfied with purchase,2023-06-03
7351,5270,144,4,Works well,2023-03-01
7352,5902,101,4,,2021-01-02
7353,13064,125,5,Love it!,2021-01-17
7354,10513,100,2,,2023-02-03
7355,7793,176,5,,2022-09-14
7356,1684,22,4,Good quality,2021-03-27
7357,7159,125,2,Could be better,2022-03-08
7358,13258,142,4,Good quality,2021-04-15
7359,11055,125,4,Works well,2021-09-18
7360,13999,22,3,Not bad,2023-07-26
7361,4581,5,5,Excellent product!,2023-05-30
7362,3548,150,1,Terrible,2022-08-06
7363,3971,181,3,It's okay,2021-07-21
7364,8651,65,5,Excellent product!,2022-01-14
7365,13079,85,4,Good quality,2021-01-13
7366,4045,53,3,It's okay,2021-09-21
7367,8880,41,4,Works well,2022-02-12
7368,11833,87,3,Decent,2023-05-10
7369,8014,17,4,Works well,2022-11-22
7370,2554,168,5,Excellent product!,2023-08-06
7371,4223,187,2,Disappointed,2022-02-16
7372,4482,139,3,Not bad,2021-08-16
7373,9684,91,1,Do not buy,2022-05-20
7374,9990,25,5,Highly recommend!,2023-12-01
7375,4607,129,3,Not bad,2021-10-28
7376,1448,131,3,Not bad,2021-12-15
7377,2902,193,5,Excellent product!,2021-07-27
7378,14442,53,4,Works well,2023-06-05
7379,1785,147,5,Highly recommend!,2022-02-09
7380,2748,40,4,Works well,2023-07-15
7381,10343,110,5,Highly recommend!,2023-11-20
7382,3932,97,4,Good quality,2021-12-17
7383,13612,129,5,Love it!,2022-05-27
7384,4143,56,3,It's okay,2021-09-23
7385,5964,48,3,Decent,2023-12-14
7386,11002,125,4,Satisfied with purchase,2022-11-13
7387,21,21,5,Best purchase ever!,2023-02-08
7388,5729,79,3,Decent,2022-04-26
7389,2599,37,5,Best purchase ever!,2021-09-04
7390,1044,195,4,Works well,2021-06-15
7391,1701,123,2,Not great,2021-10-12
7392,3722,45,5,Love it!,2021-03-10
7393,2564,135,5,Love it!,2023-01-24
7394,13537,176,5,Highly recommend!,2022-07-24
7395,5822,98,4,Works well,2021-12-07
7396,9455,26,5,Best purchase ever!,2023-10-12
7397,3009,11,3,Average product,2023-11-02
7398,6446,103,2,Not great,2022-04-28
7399,3065,125,3,It's okay,2023-01-14
7400,2945,1,4,Good quality,2021-01-26
7401,5820,134,5,Excellent product!,2022-06-25
7402,7175,2,5,Love it!,2022-12-02
7403,7736,5,4,Good quality,2021-02-09
7404,14181,71,3,Average product,2022-12-18
7405,14695,135,5,,2022-11-07
7406,9920,107,1,Terrible,2023-03-12
7407,6966,86,3,Average product,2021-08-18
7408,5238,160,4,Works well,2022-05-04
7409,1077,96,4,Nice product,2021-03-13
7410,2972,126,4,Satisfied with purchase,2021-04-05
7411,10565,138,5,Highly recommend!,2022-04-14
7412,4002,33,5,Love it!,2023-05-25
7413,14726,73,5,Love it!,2022-05-23
7414,13613,19,4,Works well,2021-01-29
7415,4176,20,4,Good quality,2022-08-05
7416,6726,173,4,Nice product,2023-03-21
7417,1718,124,5,Best purchase ever!,2022-10-20
7418,1163,32,5,Best purchase ever!,2021-02-16
7419,9114,161,4,Good quality,2022-07-26
7420,14215,59,4,,2023-05-31
7421,13545,76,3,Average product,2022-05-01
7422,7867,148,3,Average product,2021-08-09
7423,9027,129,1,Poor quality,2021-03-19
7424,5349,106,4,Good quality,2022-03-16
7425,4286,125,4,Good quality,2021-09-14
7426,1336,85,5,Highly recommend!,2021-03-20
7427,2513,20,4,Works well,2021-04-13
7428,13809,200,3,Decent,2023-12-31
7429,1852,136,2,Below expectations,2023-10-20
7430,11356,33,2,,2022-12-14
7431,14213,111,1,Poor quality,2023-10-06
7432,8901,69,2,Disappointed,2021-04-08
7433,10700,96,5,Highly recommend!,2021-06-24
7434,1653,75,5,Excellent product!,2022-05-06
7435,2433,200,4,Satisfied with purchase,2022-09-03
7436,8649,14,1,Do not buy,2021-08-13
7437,12681,183,2,Not great,2022-09-15
7438,711,199,4,Nice product,2022-04-23
7439,4988,36,5,Excellent product!,2023-12-17
7440,10575,195,2,Not great,2023-02-17
7441,1989,61,3,Not bad,2021-03-01
7442,10756,191,4,Good quality,2021-03-21
7443,1517,171,4,Nice product,2021-12-22
7444,12574,187,4,Nice product,2021-10-16
7445,334,115,4,Nice product,2023-05-05
7446,8775,159,2,Could be better,2022-05-14
7447,3824,58,3,Decent,2023-11-05
7448,1861,138,2,Below expectations,2023-06-03
7449,1948,43,5,Love it!,2021-11-15
7450,7171,62,5,Love it!,2021-05-25
7451,10437,141,3,Decent,2023-01-31
7452,4722,46,5,Best purchase ever!,2022-01-05
7453,4083,125,5,Love it!,2023-05-02
7454,1886,83,5,Excellent product!,2022-03-25
7455,10582,6,4,Works well,2023-07-03
7456,5809,46,5,Best purchase ever!,2023-05-30
7457,7186,178,5,Love it!,2022-06-02
7458,11380,111,5,Love it!,2023-12-30
7459,13327,9,1,Do not buy,2022-08-03
7460,13246,194,5,Excellent product!,2021-02-23
7461,9149,107,4,Nice product,2023-11-03
7462,1236,15,5,Highly recommend!,2023-02-22
7463,8858,54,4,Good quality,2023-12-11
7464,4274,14,4,Works well,2023-10-23
7465,5815,134,4,Nice product,2022-04-16
7466,6051,106,1,Do not buy,2022-02-25
7467,5778,188,3,Decent,2023-12-03
7468,14792,55,3,Decent,2021-11-24
7469,7391,24,4,Works well,2023-10-11
7470,14058,188,3,Average product,2021-06-26
7471,2765,112,3,It's okay,2022-02-20
7472,13476,120,2,Below expectations,2023-08-24
7473,12481,44,3,It's okay,2023-09-02
7474,6630,74,4,Good quality,2023-09-23
7475,6701,150,4,Works well,2023-02-09
7476,3712,25,2,Below expectations,2021-10-20
7477,12701,177,4,Works well,2023-05-31
7478,7777,176,5,Highly recommend!,2023-07-28
7479,4609,99,4,Satisfied with purchase,2021-05-24
7480,4127,126,3,Not bad,2023-05-27
7481,4553,58,5,Love it!,2023-01-05
7482,12391,21,4,Good quality,2021-05-17
7483,5370,122,3,It's okay,2023-07-03
7484,1566,88,5,Highly recommend!,2022-05-14
7485,954,1,2,Disappointed,2022-08-05
7486,13922,6,3,Decent,2022-09-20
7487,419,178,5,Best purchase ever!,2021-03-04
7488,9024,132,5,Highly recommend!,2023-10-30
7489,3136,126,4,Works well,2022-10-04
7490,11551,30,2,Not great,2022-12-08
7491,8082,187,4,Nice product,2022-03-21
7492,14807,80,5,Excellent product!,2022-12-03
7493,14241,123,4,Nice product,2023-01-27
7494,6186,162,4,Nice product,2022-09-29
7495,1600,126,4,Satisfied with purchase,2023-09-15
7496,12526,6,4,Works well,2022-12-20
7497,14229,103,5,Excellent product!,2023-09-21
7498,10887,24,1,Waste of money,2023-08-28
7499,14197,44,4,Satisfied with purchase,2023-04-08
7500,1760,158,5,Best purchase ever!,2022-12-15
7501,3091,171,4,Works well,2023-12-04
7502,111,64,4,Works well,2022-02-25
7503,10143,86,3,Not bad,2023-04-26
7504,10303,69,4,Good quality,2022-01-30
7505,8547,138,5,Highly recommend!,2021-10-01
7506,3973,151,5,Best purchase ever!,2021-11-02
7507,1460,38,4,Works well,2023-10-13
7508,11797,107,5,Highly recommend!,2021-08-14
7509,9671,138,2,Could be better,2022-11-06
7510,5360,193,4,Satisfied with purchase,2023-05-27
7511,5682,197,1,,2021-04-13
7512,4009,145,5,Highly recommend!,2023-09-18
7513,8045,18,5,Best purchase ever!,2022-08-21
7514,6899,120,5,Excellent product!,2023-12-31
7515,8214,18,4,Nice product,2023-04-14
7516,10947,17,3,Not bad,2022-08-28
7517,5316,120,3,It's okay,2023-08-31
7518,12939,175,5,Highly recommend!,2021-01-03
7519,8475,99,4,Satisfied with purchase,2021-11-04
7520,978,125,3,Not bad,2023-12-14
7521,9264,102,2,Could be better,2021-10-22
7522,6192,121,4,Good quality,2021-01-15
7523,11213,55,2,Could be better,2023-10-15
7524,10958,189,4,Works well,2023-06-07
7525,10696,138,2,Could be better,2023-07-19
7526,1526,67,4,,2022-02-10
7527,10182,43,2,Disappointed,2021-12-26
7528,14435,134,2,Could be better,2022-01-05
7529,446,3,5,Excellent product!,2021-02-08
7530,4767,125,2,Below expectations,2022-01-25
7531,14604,39,5,Best purchase ever!,2023-01-20
7532,4694,146,4,Nice product,2022-03-23
7533,5090,91,3,Average product,2021-12-05
7534,12720,200,3,Decent,2021-01-28
7535,12530,158,4,Satisfied with purchase,2023-02-02
7536,2642,59,5,Excellent product!,2023-03-05
7537,11116,122,4,Satisfied with purchase,2021-12-09
7538,14102,171,5,Best purchase ever!,2023-05-15
7539,12843,172,5,Love it!,2021-01-09
7540,1794,50,4,Works well,2023-12-30
7541,6423,10,4,Good quality,2022-05-18
7542,6661,10,2,Could be better,2021-04-28
7543,2249,126,4,Nice product,2021-10-04
7544,6132,9,5,Best purchase ever!,2022-06-28
7545,476,119,1,Waste of money,2022-07-05
7546,1480,97,4,Nice product,2023-09-19
7547,13444,66,2,Not great,2022-12-07
7548,482,83,5,Excellent product!,2022-09-26
7549,8083,28,4,Good quality,2021-10-11
7550,9918,1,3,Not bad,2022-06-19
7551,4665,124,3,Decent,2022-05-26
7552,2323,133,2,Disappointed,2023-11-20
7553,3655,36,4,Nice product,2022-04-23
7554,8383,59,5,Love it!,2023-06-15
7555,2296,2,4,Satisfied with purchase,2022-10-19
7556,5420,142,4,Satisfied with purchase,2021-09-16
7557,5865,149,3,It's okay,2022-02-10
7558,5361,87,5,Best purchase ever!,2022-01-18
7559,6626,77,4,Good quality,2022-04-23
7560,14050,175,5,Highly recommend!,2022-07-22
7561,6512,198,5,Excellent product!,2023-12-21
7562,5846,82,2,,2021-07-13
7563,6281,147,5,Love it!,2023-01-05
7564,9696,117,2,Could be better,2022-07-03
7565,11575,152,2,Below expectations,2021-03-30
7566,4569,194,4,Good quality,2023-01-20
7567,4141,172,3,,2023-03-13
7568,12783,121,3,Not bad,2021-03-19
7569,11891,44,5,Love it!,2021-02-17
7570,2164,176,4,Works well,2021-03-13
7571,5114,115,4,Good quality,2023-07-23
7572,6113,89,4,Works well,2022-06-18
7573,11548,31,1,Poor quality,2021-03-27
7574,667,173,5,Highly recommend!,2023-04-20
7575,13778,116,4,Good quality,2023-04-23
7576,14139,2,4,Good quality,2023-11-20
7577,14789,80,2,Could be better,2023-06-12
7578,8675,95,5,Highly recommend!,2022-09-05
7579,11147,71,5,Best purchase ever!,2021-12-07
7580,11293,11,5,,2023-04-25
7581,11307,43,2,Below expectations,2023-12-05
7582,1542,50,5,Excellent product!,2021-06-11
7583,6150,192,4,Good quality,2023-05-18
7584,1151,106,5,Love it!,2022-07-31
7585,7797,89,4,Works well,2023-07-12
7586,1557,189,3,Decent,2023-04-15
7587,5145,200,1,Waste of money,2021-04-15
7588,6309,2,5,Excellent product!,2022-05-21
7589,8744,5,3,It's okay,2022-10-14
7590,6021,59,5,Best purchase ever!,2022-12-31
7591,14278,80,3,Not bad,2022-11-27
7592,14226,135,4,Satisfied with purchase,2021-07-18
7593,7294,142,5,Excellent product!,2021-08-14
7594,4018,96,3,Decent,2022-07-14
7595,8339,193,4,Satisfied with purchase,2022-02-28
7596,7256,182,2,Could be better,2021-03-29
7597,8798,191,4,Works well,2022-07-28
7598,2717,196,5,Love it!,2023-12-10
7599,14340,189,5,Highly recommend!,2022-04-03
7600,1392,24,4,Works well,2023-08-30
7601,2199,191,4,Nice product,2022-07-29
7602,4344,74,3,Average product,2021-11-13
7603,9573,66,4,Works well,2023-02-17
7604,1207,200,5,Love it!,2022-11-24
7605,12601,22,3,,2021-01-07
7606,12557,19,5,Best purchase ever!,2021-09-15
7607,4176,37,1,Terrible,2021-01-21
7608,11156,87,3,Average product,2021-11-19
7609,13445,160,5,Best purchase ever!,2022-03-31
7610,12971,39,5,Highly recommend!,2023-11-04
7611,14688,188,4,Satisfied with purchase,2021-06-03
7612,678,31,4,Satisfied with purchase,2023-04-03
7613,14788,1,5,Excellent product!,2023-12-18
7614,1756,5,5,Highly recommend!,2022-08-10
7615,8711,126,1,Waste of money,2023-02-19
7616,4860,197,3,Not bad,2023-09-18
7617,4615,164,5,Best purchase ever!,2022-02-22
7618,12683,86,4,Works well,2023-10-09
7619,7804,115,5,Highly recommend!,2021-05-12
7620,4864,110,5,Highly recommend!,2022-10-18
7621,4095,120,4,Works well,2021-01-11
7622,2222,106,5,Best purchase ever!,2022-12-16
7623,4500,71,3,It's okay,2022-12-21
7624,6592,162,5,Excellent product!,2022-02-10
7625,12861,63,4,Satisfied with purchase,2023-09-20
7626,8321,173,3,Not bad,2022-12-14
7627,10027,159,4,Works well,2021-11-12
7628,4665,19,4,Works well,2021-11-09
7629,5077,154,4,Good quality,2022-01-24
7630,13889,166,3,It's okay,2022-12-09
7631,8842,120,4,Satisfied with purchase,2023-09-05
7632,5162,90,5,Highly recommend!,2021-05-18
7633,13459,102,5,Excellent product!,2021-05-07
7634,5435,174,2,Could be better,2022-12-30
7635,7761,124,5,Excellent product!,2021-02-07
7636,1406,36,5,Excellent product!,2022-06-11
7637,3796,65,5,Best purchase ever!,2022-03-25
7638,14202,85,4,Satisfied with purchase,2022-10-13
7639,11958,56,5,Excellent product!,2022-07-01
7640,12123,44,3,Average product,2023-03-03
7641,2666,149,4,Good quality,2021-03-23
7642,2296,83,4,Works well,2022-01-12
7643,14752,164,3,,2022-01-29
7644,13183,72,4,Works well,2021-10-01
7645,5720,123,4,Works well,2022-01-04
7646,14082,97,2,Disappointed,2022-04-07
7647,14938,9,4,Good quality,2021-09-27
7648,4331,133,3,Decent,2023-11-12
7649,13419,57,5,Excellent product!,2022-08-14
7650,4025,156,5,Excellent product!,2021-07-08
7651,9835,75,5,Love it!,2021-01-26
7652,155,169,4,Nice product,2023-04-02
7653,10183,99,2,Disappointed,2021-08-29
7654,3653,55,4,Nice product,2023-09-16
7655,3156,46,4,Nice product,2023-06-14
7656,6097,87,3,Not bad,2022-07-31
7657,13078,195,4,Good quality,2021-11-15
7658,660,147,4,Nice product,2023-03-29
7659,14959,190,5,Love it!,2021-05-10
7660,8729,1,4,Works well,2022-11-02
7661,14466,197,3,It's okay,2022-05-29
7662,13047,72,5,Best purchase ever!,2022-02-05
7663,9919,123,3,,2022-10-27
7664,5454,171,2,Could be better,2022-04-05
7665,9823,174,5,Love it!,2022-04-02
7666,5587,197,4,Satisfied with purchase,2021-07-23
7667,11473,61,5,Excellent product!,2023-06-14
7668,14910,49,4,Works well,2022-09-29
7669,10014,74,2,Not great,2021-04-17
7670,6511,42,5,Love it!,2022-05-18
7671,6704,178,4,Good quality,2022-08-20
7672,3895,151,2,Could be better,2021-12-04
7673,7339,188,4,Works well,2022-12-02
7674,2355,106,3,Not bad,2023-06-17
7675,12708,65,5,Best purchase ever!,2021-04-23
7676,6098,66,5,Best purchase ever!,2023-01-04
7677,7713,136,4,Satisfied with purchase,2021-01-09
7678,14287,200,5,Love it!,2023-01-14
7679,5846,12,4,Good quality,2021-09-30
7680,13702,121,5,Best purchase ever!,2023-07-02
7681,13774,58,5,Love it!,2021-02-02
7682,13134,106,5,Love it!,2023-11-21
7683,14182,145,3,Average product,2021-07-19
7684,2606,84,5,Highly recommend!,2021-04-05
7685,13136,123,3,Average product,2023-02-22
7686,6894,171,3,It's okay,2021-02-17
7687,9620,77,3,,2022-02-16
7688,9344,3,5,Love it!,2021-11-20
7689,6506,87,5,Love it!,2021-03-27
7690,12656,37,3,Average product,2023-03-15
7691,10930,143,5,Love it!,2023-12-02
7692,11674,15,5,Excellent product!,2022-01-26
7693,4399,103,4,Good quality,2023-08-27
7694,8530,133,3,Average product,2021-09-27
7695,9072,44,5,Excellent product!,2022-07-31
7696,4207,164,5,Best purchase ever!,2023-04-26
7697,6874,79,2,Not great,2021-04-26
7698,4184,117,5,Best purchase ever!,2023-10-03
7699,12581,152,3,Not bad,2022-12-05
7700,6044,127,4,Satisfied with purchase,2022-03-16
7701,6922,6,4,Works well,2021-12-19
7702,3562,55,3,,2022-06-09
7703,322,80,2,Below expectations,2021-05-06
7704,11637,50,5,Love it!,2021-03-26
7705,3012,183,5,Highly recommend!,2023-02-14
7706,8052,128,4,Nice product,2022-07-13
7707,1957,155,4,Nice product,2023-12-31
7708,13302,174,5,Best purchase ever!,2023-01-20
7709,5059,89,5,,2023-12-29
7710,6469,104,5,Best purchase ever!,2023-04-09
7711,4583,157,4,Nice product,2022-01-07
7712,1200,49,5,,2021-05-05
7713,541,85,3,It's okay,2021-07-02
7714,8464,32,4,Satisfied with purchase,2023-06-23
7715,7733,37,5,Best purchase ever!,2022-08-27
7716,3473,187,4,Satisfied with purchase,2021-01-03
7717,7354,125,4,Good quality,2023-03-29
7718,2003,92,3,Average product,2023-12-13
7719,7524,17,4,Satisfied with purchase,2023-05-12
7720,8874,29,3,Average product,2021-06-10
7721,13128,93,5,Love it!,2021-10-07
7722,6816,171,5,Best purchase ever!,2022-10-03
7723,2114,128,5,Highly recommend!,2023-08-20
7724,3345,170,2,Could be better,2021-10-18
7725,3669,191,4,Satisfied with purchase,2022-09-14
7726,10895,139,4,Nice product,2023-07-25
7727,10434,71,3,Decent,2022-05-14
7728,3174,50,5,Highly recommend!,2022-12-23
7729,9154,178,4,Works well,2021-06-15
7730,13065,180,5,Best purchase ever!,2022-03-03
7731,537,173,4,Satisfied with purchase,2021-06-20
7732,7533,171,4,Good quality,2023-11-30
7733,6139,133,3,It's okay,2023-06-11
7734,1395,150,4,Satisfied with purchase,2021-03-02
7735,3745,17,4,Nice product,2022-08-24
7736,5506,121,3,Average product,2022-10-01
7737,4821,130,5,Excellent product!,2023-12-25
7738,6668,104,5,Excellent product!,2021-07-17
7739,9750,37,2,Could be better,2021-05-05
7740,11615,188,3,Not bad,2022-10-11
7741,5689,112,4,Nice product,2022-02-16
7742,8412,150,3,,2023-07-10
7743,6252,37,1,Do not buy,2023-03-26
7744,12819,194,4,Satisfied with purchase,2022-07-06
7745,12126,18,3,Decent,2023-08-15
7746,9992,106,3,Average product,2022-08-24
7747,8867,163,4,Good quality,2022-06-05
7748,3216,160,4,Good quality,2021-01-19
7749,8095,178,5,,2023-03-09
7750,3783,128,3,Average product,2023-01-14
7751,12142,165,3,Not bad,2021-07-09
7752,10210,131,4,Nice product,2023-01-05
7753,8639,188,4,Satisfied with purchase,2023-02-17
7754,5868,125,2,Below expectations,2022-03-13
7755,9888,96,4,Good quality,2021-07-30
7756,7431,2,5,Excellent product!,2021-02-22
7757,6900,13,3,Average product,2023-10-13
7758,9207,65,3,Not bad,2023-01-06
7759,13780,194,2,Not great,2023-12-23
7760,2757,187,3,Not bad,2022-04-16
7761,1652,178,4,Works well,2021-02-16
7762,10192,70,4,Nice product,2021-03-04
7763,11201,59,4,Good quality,2023-10-29
7764,2176,58,3,Decent,2023-04-19
7765,14415,106,2,Disappointed,2022-02-11
7766,4710,66,4,Works well,2022-03-24
7767,4929,58,5,Highly recommend!,2023-02-18
7768,10530,175,3,Not bad,2022-05-04
7769,9529,168,3,Not bad,2021-05-13
7770,7444,180,5,Highly recommend!,2023-07-03
7771,6251,111,3,It's okay,2023-07-22
7772,14807,139,2,Could be better,2022-02-25
7773,8192,192,5,Excellent product!,2023-07-23
7774,14101,93,3,It's okay,2022-11-29
7775,9954,69,3,It's okay,2022-06-07
7776,6414,38,3,It's okay,2022-09-15
7777,8981,27,5,Love it!,2021-01-31
7778,4218,6,4,Satisfied with purchase,2023-06-19
7779,14081,156,5,Highly recommend!,2022-06-13
7780,4091,87,2,Below expectations,2023-01-08
7781,9343,192,4,Satisfied with purchase,2023-06-21
7782,12450,156,4,Satisfied with purchase,2023-04-26
7783,13046,31,4,Nice product,2023-04-02
7784,8195,16,4,Satisfied with purchase,2021-04-13
7785,7978,87,4,Nice product,2021-12-24
7786,64,80,2,Not great,2023-11-11
7787,11315,24,4,Works well,2022-06-10
7788,9465,134,4,Good quality,2021-08-30
7789,8261,171,4,Satisfied with purchase,2022-07-29
7790,10940,182,4,Works well,2023-10-29
7791,561,103,4,Satisfied with purchase,2022-06-15
7792,10034,128,2,,2021-06-29
7793,9994,35,2,Not great,2021-04-15
7794,11914,26,2,Below expectations,2023-01-01
7795,4570,2,4,Nice product,2023-04-06
7796,11069,163,5,Best purchase ever!,2023-07-01
7797,12123,3,4,Good quality,2021-10-26
7798,12751,139,1,Terrible,2023-07-24
7799,3564,69,4,Nice product,2022-10-03
7800,1790,165,1,Do not buy,2022-11-07
7801,3060,8,2,Disappointed,2021-06-08
7802,3222,23,2,Below expectations,2023-04-13
7803,1293,25,2,Not great,2022-10-23
7804,3013,88,1,Terrible,2021-01-20
7805,6177,30,2,Disappointed,2023-11-03
7806,5489,93,5,Best purchase ever!,2023-04-14
7807,11883,190,4,Nice product,2021-03-09
7808,4709,44,5,Excellent product!,2023-04-13
7809,7241,49,4,Nice product,2021-09-03
7810,6067,187,5,Love it!,2023-12-20
7811,7811,111,3,Not bad,2023-06-24
7812,269,62,4,Works well,2022-12-11
7813,1203,58,4,Good quality,2022-05-29
7814,12836,192,4,Nice product,2023-12-26
7815,12932,169,1,Poor quality,2023-12-03
7816,12407,200,4,Nice product,2023-06-05
7817,7035,70,4,Nice product,2022-03-16
7818,7915,142,3,Not bad,2023-02-03
7819,8104,169,5,Love it!,2022-12-09
7820,2279,142,5,Highly recommend!,2023-03-28
7821,9130,149,4,Works well,2023-10-23
7822,1294,184,4,Good quality,2021-02-05
7823,2626,84,3,It's okay,2023-11-11
7824,13248,45,2,Disappointed,2021-02-13
7825,3937,45,4,Satisfied with purchase,2022-12-29
7826,10404,135,5,Highly recommend!,2021-08-21
7827,11800,100,2,Not great,2023-07-31
7828,371,23,4,Satisfied with purchase,2022-02-05
7829,9773,103,4,Satisfied with purchase,2022-03-17
7830,13208,166,5,Excellent product!,2023-07-25
7831,8780,5,2,Below expectations,2021-04-21
7832,2108,29,3,Decent,2022-07-08
7833,10715,10,4,Good quality,2022-04-22
7834,7363,145,5,Love it!,2022-02-26
7835,6870,44,5,Highly recommend!,2022-09-10
7836,10433,84,5,Highly recommend!,2021-11-15
7837,7948,162,3,Average product,2023-11-10
7838,2624,100,3,Average product,2021-07-18
7839,8602,116,3,,2022-06-15
7840,10959,197,5,Excellent product!,2022-07-05
7841,6928,192,1,Poor quality,2022-02-25
7842,13604,125,4,Satisfied with purchase,2023-05-07
7843,12642,133,5,,2022-10-27
7844,14419,115,2,Could be better,2021-02-26
7845,3976,172,5,Best purchase ever!,2023-03-03
7846,2283,104,5,Highly recommend!,2021-08-20
7847,3408,106,5,Highly recommend!,2021-10-14
7848,2446,144,4,Satisfied with purchase,2022-02-18
7849,12846,97,2,Could be better,2022-05-10
7850,13308,27,5,Highly recommend!,2023-02-11
7851,6958,98,5,Excellent product!,2021-01-11
7852,1561,145,2,Not great,2021-09-28
7853,14712,45,4,Nice product,2022-10-09
7854,7310,135,4,Satisfied with purchase,2021-01-16
7855,8821,197,4,Satisfied with purchase,2022-02-02
7856,2571,166,4,Works well,2021-04-20
7857,10687,92,1,Do not buy,2022-03-10
7858,10271,128,4,Satisfied with purchase,2021-09-15
7859,7282,7,2,Below expectations,2023-03-25
7860,1676,76,2,Disappointed,2021-01-08
7861,5786,91,2,Not great,2023-09-06
7862,10464,50,5,Highly recommend!,2023-05-12
7863,5832,25,4,Nice product,2023-06-03
7864,6452,17,4,Nice product,2022-11-13
7865,6202,99,5,Highly recommend!,2022-10-25
7866,12468,179,3,It's okay,2021-12-24
7867,12610,108,3,Decent,2022-06-02
7868,1999,153,5,Excellent product!,2023-01-13
7869,3624,170,4,Nice product,2023-09-08
7870,434,101,5,Love it!,2022-03-20
7871,5681,48,5,Highly recommend!,2021-01-04
7872,7884,78,4,Works well,2021-01-23
7873,14427,179,4,Nice product,2022-01-14
7874,8353,79,3,Decent,2021-04-16
7875,9435,97,5,Excellent product!,2021-11-30
7876,13548,179,4,Satisfied with purchase,2022-08-28
7877,7048,173,5,Excellent product!,2023-05-17
7878,3952,150,4,Good quality,2022-07-04
7879,13844,102,4,Satisfied with purchase,2023-03-28
7880,14847,70,3,Average product,2022-08-17
7881,14453,33,5,Love it!,2021-03-22
7882,8169,189,2,Not great,2021-11-28
7883,7340,39,5,Love it!,2023-07-25
7884,3404,186,5,Best purchase ever!,2021-10-04
7885,12140,66,5,Highly recommend!,2022-09-23
7886,11847,91,3,Average product,2022-08-12
7887,194,26,3,Not bad,2022-06-20
7888,8847,12,3,Not bad,2023-04-27
7889,1014,37,3,Not bad,2023-12-20
7890,2167,154,5,Love it!,2022-10-19
7891,3510,65,2,Not great,2021-06-15
7892,13187,18,4,Works well,2022-03-17
7893,4272,143,4,,2022-09-10
7894,9385,63,5,Love it!,2022-09-05
7895,11970,182,4,Works well,2022-10-21
7896,10093,16,5,Excellent product!,2022-02-15
7897,11091,62,4,Good quality,2021-09-15
7898,12685,60,4,Nice product,2023-01-12
7899,7400,36,4,Good quality,2022-04-30
7900,8237,57,5,Best purchase ever!,2022-11-16
7901,3560,177,4,Works well,2022-01-20
7902,5580,194,4,Works well,2022-02-11
7903,14787,2,4,Good quality,2022-12-27
7904,2149,52,4,,2022-07-29
7905,5729,71,3,Not bad,2021-08-05
7906,11318,58,3,Average product,2022-06-19
7907,5773,188,1,Terrible,2022-09-15
7908,6595,35,3,Not bad,2022-05-27
7909,6993,135,4,Satisfied with purchase,2021-08-11
7910,5342,119,5,Highly recommend!,2023-03-26
7911,7427,113,5,Love it!,2022-11-27
7912,236,140,5,Best purchase ever!,2021-06-19
7913,8745,186,3,Decent,2021-10-18
7914,10251,37,4,,2021-09-12
7915,11717,76,3,Decent,2023-08-08
7916,13908,133,3,Not bad,2023-02-01
7917,13749,46,5,Highly recommend!,2021-10-20
7918,11495,189,3,Average product,2021-10-29
7919,8143,131,4,Satisfied with purchase,2023-10-14
7920,8196,127,4,Good quality,2021-04-25
7921,14563,36,5,Highly recommend!,2022-09-15
7922,5443,93,3,Decent,2021-03-26
7923,8410,112,3,,2023-11-03
7924,6558,24,4,Nice product,2022-01-07
7925,14609,129,4,Satisfied with purchase,2023-06-22
7926,8790,198,4,Satisfied with purchase,2023-08-26
7927,12936,102,4,Good quality,2021-11-29
7928,74,14,4,Works well,2022-04-22
7929,7110,33,4,Good quality,2021-07-23
7930,2021,94,5,Love it!,2022-09-07
7931,14584,148,2,,2021-09-07
7932,10571,189,5,Excellent product!,2021-03-24
7933,12421,73,4,Works well,2021-10-08
7934,3170,14,5,Best purchase ever!,2023-03-29
7935,4693,161,1,Terrible,2021-09-23
7936,6885,156,5,Best purchase ever!,2021-08-14
7937,2904,131,3,,2023-10-14
7938,14669,101,5,Excellent product!,2022-10-03
7939,2844,3,3,Decent,2023-04-13
7940,8975,10,5,Best purchase ever!,2021-10-04
7941,14906,15,5,Love it!,2021-04-12
7942,1054,86,5,Best purchase ever!,2022-02-06
7943,13677,37,3,Decent,2022-06-11
7944,12007,156,4,Satisfied with purchase,2022-12-08
7945,4266,12,1,Waste of money,2023-09-28
7946,6391,52,2,Disappointed,2021-10-09
7947,4330,120,4,Good quality,2021-09-07
7948,6532,64,4,Satisfied with purchase,2023-01-26
7949,13606,127,4,Good quality,2022-04-26
7950,2020,9,4,Satisfied with purchase,2021-04-16
7951,6552,85,4,Nice product,2023-12-10
7952,3317,22,4,Works well,2021-10-10
7953,8665,3,5,,2023-01-09
7954,4177,152,5,Highly recommend!,2022-12-29
7955,4474,172,4,Works well,2021-04-27
7956,2911,7,2,,2021-04-02
7957,14179,1,3,Not bad,2022-11-12
7958,9605,79,2,Could be better,2021-07-17
7959,3866,87,5,Excellent product!,2022-02-17
7960,7677,12,2,Below expectations,2023-03-26
7961,6575,124,4,Satisfied with purchase,2021-08-23
7962,9903,48,4,Satisfied with purchase,2021-08-03
7963,10835,158,5,Highly recommend!,2022-11-20
7964,4759,13,5,Excellent product!,2022-08-27
7965,12602,160,4,Satisfied with purchase,2022-05-14
7966,8642,123,4,Nice product,2022-10-11
7967,12207,73,4,Satisfied with purchase,2021-04-19
7968,1924,124,5,Love it!,2023-03-30
7969,10610,145,3,It's okay,2023-01-23
7970,499,196,5,Best purchase ever!,2023-08-14
7971,7289,31,4,Nice product,2022-08-25
7972,4125,198,3,Decent,2023-01-06
7973,464,128,5,Excellent product!,2023-01-29
7974,2174,66,4,Nice product,2023-10-06
7975,783,53,2,Could be better,2022-06-10
7976,2522,110,2,Disappointed,2022-05-11
7977,13388,198,4,Nice product,2021-10-21
7978,12343,66,4,Works well,2023-08-26
7979,4470,76,3,Not bad,2022-04-24
7980,13380,160,4,Satisfied with purchase,2023-10-02
7981,10634,153,3,Decent,2021-12-09
7982,9815,59,3,It's okay,2023-11-01
7983,4156,2,3,Average product,2021-09-07
7984,4443,142,4,Satisfied with purchase,2023-06-14
7985,11490,46,4,Satisfied with purchase,2023-11-04
7986,13938,61,3,It's okay,2023-10-24
7987,12913,165,5,Love it!,2022-05-16
7988,3606,120,5,Best purchase ever!,2023-05-03
7989,13068,124,5,Highly recommend!,2022-09-18
7990,13030,58,2,Disappointed,2023-06-19
7991,11596,99,4,Good quality,2021-12-06
7992,6676,54,4,Good quality,2021-07-12
7993,644,158,5,Highly recommend!,2022-10-07
7994,7077,84,4,Satisfied with purchase,2021-01-31
7995,6615,181,4,Satisfied with purchase,2023-01-02
7996,5375,96,4,Good quality,2022-02-06
7997,9142,5,5,Excellent product!,2023-01-09
7998,8949,172,2,Below expectations,2023-06-26
7999,14440,94,5,Excellent product!,2023-12-06
8000,3242,161,4,Good quality,2021-03-14
8001,13277,134,2,Not great,2021-04-20
8002,9181,140,5,Excellent product!,2023-06-04
8003,3026,166,3,Average product,2022-07-01
8004,6023,17,2,Not great,2021-10-20
8005,6183,183,4,Good quality,2023-01-30
8006,6172,191,3,Average product,2021-07-04
8007,9095,198,3,,2022-11-05
8008,6595,90,5,Excellent product!,2023-12-01
8009,7710,65,3,Average product,2021-12-12
8010,4614,155,4,Works well,2021-12-07
8011,3921,18,4,Nice product,2022-09-18
8012,6373,67,5,,2022-12-01
8013,12053,111,4,Works well,2021-10-17
8014,1164,116,3,Not bad,2022-01-29
8015,2386,63,4,Works well,2022-11-23
8016,3654,3,3,Not bad,2023-08-07
8017,13690,96,5,Highly recommend!,2022-12-15
8018,11343,61,4,Nice product,2022-04-06
8019,988,150,4,Good quality,2021-10-28
8020,5220,50,4,Nice product,2021-11-07
8021,13342,113,3,It's okay,2023-03-28
8022,4753,59,2,Not great,2021-12-06
8023,6959,163,5,Best purchase ever!,2021-07-29
8024,460,21,4,Nice product,2021-12-04
8025,5691,132,3,Not bad,2022-07-05
8026,8816,103,4,Good quality,2023-12-28
8027,13927,149,3,Decent,2023-03-15
8028,9870,52,3,Average product,2022-10-12
8029,6719,94,5,Highly recommend!,2023-06-23
8030,792,91,4,Good quality,2021-10-02
8031,3165,109,4,Works well,2021-04-22
8032,11862,86,5,Best purchase ever!,2022-10-25
8033,11590,155,4,Good quality,2023-02-14
8034,3583,12,3,Not bad,2023-08-24
8035,5040,60,5,Excellent product!,2022-01-29
8036,9157,113,5,Love it!,2022-03-07
8037,14723,113,4,Works well,2022-10-27
8038,9217,26,5,Love it!,2022-12-20
8039,9129,184,1,Do not buy,2022-02-22
8040,2428,134,4,Good quality,2023-09-01
8041,5483,63,4,Good quality,2022-10-08
8042,382,141,2,Below expectations,2022-07-07
8043,14045,160,3,Not bad,2022-01-03
8044,12409,61,4,Works well,2023-05-22
8045,4134,132,4,Satisfied with purchase,2021-05-26
8046,7861,19,4,Works well,2021-07-01
8047,7595,143,5,Excellent product!,2022-11-10
8048,5685,4,4,Works well,2023-12-09
8049,8696,142,5,Highly recommend!,2021-08-01
8050,8319,99,2,Below expectations,2022-03-04
8051,6102,173,5,Best purchase ever!,2021-02-05
8052,1427,105,2,Not great,2023-01-24
8053,2960,179,5,Highly recommend!,2022-01-20
8054,1150,167,3,It's okay,2022-02-26
8055,7383,52,4,Good quality,2021-04-05
8056,5039,151,3,Decent,2021-08-15
8057,4619,124,5,Excellent product!,2022-02-04
8058,6153,122,4,Nice product,2022-04-23
8059,8800,158,4,Works well,2021-01-14
8060,2530,122,5,Excellent product!,2021-12-03
8061,8179,165,4,Works well,2022-11-04
8062,12988,8,4,Satisfied with purchase,2023-09-03
8063,3005,31,2,Could be better,2021-05-05
8064,2601,16,4,Satisfied with purchase,2023-09-04
8065,10179,162,3,It's okay,2023-07-26
8066,14538,162,4,Works well,2021-12-16
8067,9448,123,3,Average product,2021-08-17
8068,7270,126,2,Disappointed,2021-12-30
8069,14779,23,3,Average product,2022-06-07
8070,3235,144,5,Love it!,2023-01-09
8071,9154,125,3,Decent,2021-07-25
8072,13077,39,3,It's okay,2023-01-11
8073,3675,13,5,Love it!,2021-01-22
8074,13417,186,3,Not bad,2023-02-18
8075,7665,106,3,Not bad,2021-05-03
8076,5931,8,4,Works well,2023-06-18
8077,10225,107,4,Nice product,2022-04-29
8078,10790,42,5,Highly recommend!,2023-05-28
8079,5690,53,4,Satisfied with purchase,2023-07-02
8080,3573,50,5,Best purchase ever!,2023-12-15
8081,9210,12,5,Love it!,2021-08-29
8082,8717,22,2,Not great,2022-09-21
8083,1459,175,5,Highly recommend!,2021-01-11
8084,2948,62,2,Disappointed,2021-04-19
8085,4844,28,5,Best purchase ever!,2023-06-12
8086,1185,10,5,,2023-09-09
8087,7941,44,3,Decent,2022-04-18
8088,5182,12,4,Satisfied with purchase,2022-02-25
8089,9894,40,2,Could be better,2023-06-07
8090,10016,65,4,Works well,2023-10-28
8091,3027,29,3,Decent,2021-03-17
8092,7080,197,5,Best purchase ever!,2021-09-14
8093,4554,60,4,Good quality,2022-07-21
8094,13276,141,5,Excellent product!,2023-04-27
8095,6371,73,5,Love it!,2023-03-04
8096,9128,57,5,Highly recommend!,2021-03-28
8097,1305,110,4,Nice product,2021-09-09
8098,7798,9,3,,2023-06-16
8099,574,39,3,It's okay,2022-03-17
8100,9717,108,4,Nice product,2021-02-20
8101,5332,159,5,Love it!,2023-05-24
8102,8674,48,3,It's okay,2023-01-22
8103,11614,30,4,Works well,2022-07-22
8104,12901,26,4,,2022-03-06
8105,3785,95,4,Works well,2023-03-06
8106,14501,101,3,Not bad,2022-04-14
8107,14133,42,3,Average product,2022-11-20
8108,7299,173,4,Nice product,2021-04-26
8109,624,88,5,Highly recommend!,2023-01-15
8110,12338,52,2,Below expectations,2023-04-13
8111,11411,188,5,,2022-01-29
8112,9489,183,5,Excellent product!,2021-05-16
8113,2368,48,3,Average product,2021-06-28
8114,9025,187,2,Disappointed,2021-03-01
8115,3065,189,5,Love it!,2021-03-31
8116,429,40,4,Works well,2023-12-11
8117,213,75,4,Good quality,2022-08-02
8118,7619,79,3,Decent,2023-05-16
8119,3572,21,5,Best purchase ever!,2022-12-15
8120,6837,85,3,Not bad,2021-06-26
8121,10121,121,5,Best purchase ever!,2023-02-26
8122,2742,196,3,Not bad,2021-03-16
8123,9853,134,3,,2022-09-04
8124,7297,113,5,Best purchase ever!,2021-01-09
8125,1277,186,4,Nice product,2023-11-21
8126,8824,163,4,Nice product,2021-10-03
8127,10946,152,4,Satisfied with purchase,2023-08-10
8128,7879,76,3,,2021-06-30
8129,11252,100,4,Good quality,2022-11-16
8130,11771,165,4,Works well,2022-10-17
8131,2606,137,5,,2023-07-17
8132,11937,1,5,Excellent product!,2022-05-02
8133,14024,92,4,Nice product,2023-09-02
8134,14049,6,3,Average product,2023-03-22
8135,10181,80,5,Love it!,2022-01-24
8136,626,4,5,Love it!,2023-01-14
8137,1974,155,5,,2023-10-15
8138,987,88,4,Good quality,2023-05-05
8139,2405,80,4,Good quality,2021-02-27
8140,216,48,5,Love it!,2021-04-09
8141,7615,56,4,Works well,2022-10-22
8142,10586,39,4,Satisfied with purchase,2023-03-21
8143,14634,75,1,Poor quality,2023-10-26
8144,13075,179,5,Excellent product!,2023-12-15
8145,2297,96,4,Satisfied with purchase,2022-07-18
8146,6702,40,5,Love it!,2023-03-18
8147,6906,135,5,Highly recommend!,2021-05-04
8148,5505,90,3,It's okay,2021-03-14
8149,13391,15,2,Below expectations,2022-06-16
8150,8243,193,4,Works well,2023-08-15
8151,10896,101,3,Average product,2023-06-02
8152,3657,184,4,Nice product,2023-04-22
8153,3779,22,1,Do not buy,2022-05-20
8154,6087,27,4,Nice product,2022-12-02
8155,540,32,5,Best purchase ever!,2023-07-27
8156,5284,31,2,Not great,2022-08-10
8157,2212,41,4,Good quality,2023-05-24
8158,13141,2,4,Good quality,2023-03-21
8159,736,65,5,Best purchase ever!,2022-02-12
8160,3390,59,4,Works well,2023-05-26
8161,8750,10,1,Waste of money,2022-08-21
8162,7951,82,4,Nice product,2021-06-21
8163,10996,116,5,Excellent product!,2023-02-16
8164,9374,134,5,Highly recommend!,2022-12-06
8165,9788,113,5,Highly recommend!,2022-08-24
8166,14193,157,5,Love it!,2021-12-22
8167,9353,28,4,Nice product,2021-02-11
8168,10831,67,4,Good quality,2022-12-11
8169,5927,126,4,Nice product,2023-02-21
8170,10843,56,5,,2022-12-03
8171,6910,49,4,Nice product,2023-04-20
8172,6143,190,3,It's okay,2021-02-13
8173,8479,174,5,Love it!,2021-11-26
8174,7130,87,3,Decent,2022-03-03
8175,7309,155,5,Best purchase ever!,2022-07-20
8176,6577,73,3,Not bad,2022-05-05
8177,2743,170,3,It's okay,2022-08-27
8178,6551,12,4,Good quality,2022-03-11
8179,4568,137,4,Good quality,2023-03-27
8180,3081,19,5,Highly recommend!,2022-05-14
8181,11816,126,5,Best purchase ever!,2023-09-16
8182,12160,122,4,Good quality,2021-06-20
8183,2476,24,5,Excellent product!,2022-07-06
8184,4158,47,5,Best purchase ever!,2022-03-26
8185,2923,160,3,It's okay,2021-05-23
8186,10871,65,3,It's okay,2021-10-15
8187,10401,86,5,Best purchase ever!,2021-04-02
8188,9085,189,4,Works well,2023-06-23
8189,8985,140,3,It's okay,2021-06-01
8190,7611,74,5,Best purchase ever!,2022-06-19
8191,5516,47,5,Love it!,2023-04-30
8192,6807,87,4,Nice product,2023-12-12
8193,5749,185,5,Highly recommend!,2022-09-11
8194,4563,118,4,Nice product,2022-07-17
8195,9742,105,4,Satisfied with purchase,2023-12-25
8196,10708,70,4,Good quality,2021-10-27
8197,12190,25,3,Average product,2023-12-20
8198,3003,28,3,Average product,2021-03-07
8199,9366,5,5,Love it!,2023-02-27
8200,3323,12,5,Best purchase ever!,2022-07-30
8201,5802,157,3,Average product,2021-02-02
8202,14408,104,5,Excellent product!,2022-08-19
8203,8040,58,2,Not great,2023-09-08
8204,11595,137,3,Average product,2021-10-15
8205,10391,174,5,,2022-10-30
8206,1525,33,2,Not great,2021-06-26
8207,12181,93,5,Best purchase ever!,2022-06-19
8208,121,122,4,Nice product,2023-01-26
8209,6059,169,3,Decent,2021-05-05
8210,4409,48,3,Not bad,2021-12-30
8211,7591,147,4,,2022-08-07
8212,9107,82,5,Highly recommend!,2022-08-23
8213,3930,155,4,Nice product,2023-05-08
8214,7721,164,3,Average product,2021-05-30
8215,3931,34,4,Satisfied with purchase,2021-11-22
8216,241,24,3,Not bad,2023-12-29
8217,4650,40,4,Good quality,2023-11-24
8218,14882,55,3,Average product,2021-03-01
8219,7086,90,5,Excellent product!,2021-09-03
8220,428,54,4,Nice product,2021-04-05
8221,11020,4,4,Good quality,2023-05-28
8222,2911,170,4,Good quality,2022-11-03
8223,5428,37,3,Decent,2022-08-29
8224,13394,157,4,Works well,2023-07-18
8225,10346,84,2,Could be better,2023-08-05
8226,11249,67,2,Disappointed,2021-03-29
8227,7727,35,4,Good quality,2022-04-21
8228,1076,132,5,,2022-04-26
8229,3757,120,4,Nice product,2022-08-29
8230,13865,131,4,Nice product,2023-09-18
8231,9662,95,3,It's okay,2023-03-12
8232,4574,196,4,Works well,2021-07-04
8233,14982,132,5,Love it!,2022-01-22
8234,1533,65,4,Good quality,2023-12-10
8235,837,97,4,Nice product,2022-11-20
8236,582,41,3,Average product,2022-07-06
8237,6254,94,3,Average product,2023-07-28
8238,14681,111,4,Works well,2023-05-20
8239,6870,146,4,Good quality,2021-02-28
8240,9872,164,2,Disappointed,2022-06-21
8241,12169,124,3,Decent,2021-03-27
8242,13452,14,4,Good quality,2022-09-08
8243,4947,162,5,Best purchase ever!,2021-08-17
8244,356,83,4,Good quality,2021-07-29
8245,10108,60,5,Highly recommend!,2023-12-08
8246,4334,66,4,Satisfied with purchase,2021-04-25
8247,4756,167,5,Best purchase ever!,2023-11-07
8248,4331,149,3,,2022-10-23
8249,9219,28,5,Best purchase ever!,2021-08-24
8250,10738,62,2,Could be better,2021-06-26
8251,10637,20,5,Best purchase ever!,2022-07-30
8252,10942,182,3,Not bad,2021-09-26
8253,3037,16,3,Average product,2021-03-10
8254,12382,27,4,Works well,2022-02-15
8255,6627,16,2,Not great,2022-01-17
8256,668,131,5,Highly recommend!,2022-04-02
8257,7928,60,3,It's okay,2022-12-16
8258,12163,1,5,Excellent product!,2022-11-09
8259,3497,104,4,Satisfied with purchase,2022-08-26
8260,13302,39,4,Works well,2021-09-29
8261,11422,73,5,Highly recommend!,2022-07-08
8262,14377,126,4,Satisfied with purchase,2022-10-29
8263,10470,81,4,Satisfied with purchase,2023-11-06
8264,3525,174,1,Terrible,2021-08-19
8265,13280,129,5,Best purchase ever!,2023-01-24
8266,14648,112,2,Could be better,2022-03-16
8267,745,94,4,Good quality,2021-01-24
8268,11257,173,3,Not bad,2021-05-31
8269,14074,111,4,Satisfied with purchase,2022-11-25
8270,4794,9,3,Not bad,2022-12-20
8271,8794,178,5,Highly recommend!,2022-12-03
8272,2587,187,2,Disappointed,2023-05-23
8273,12487,174,2,Could be better,2021-01-16
8274,180,83,5,Excellent product!,2022-09-13
8275,3087,152,2,,2021-01-10
8276,7323,41,2,Disappointed,2023-05-15
8277,950,50,4,,2022-02-28
8278,1168,113,3,Average product,2021-07-30
8279,2333,33,3,Not bad,2023-07-20
8280,6121,53,5,Best purchase ever!,2022-05-02
8281,10104,25,3,Not bad,2023-07-05
8282,13381,66,3,Not bad,2023-05-24
8283,5528,172,4,Good quality,2022-02-06
8284,14909,100,5,Excellent product!,2021-10-21
8285,5681,5,4,Works well,2021-02-14
8286,5449,125,4,Nice product,2022-08-23
8287,5205,181,4,Satisfied with purchase,2023-12-27
8288,11011,39,3,Average product,2021-01-25
8289,1699,20,4,Works well,2021-09-14
8290,14811,73,4,Nice product,2022-07-06
8291,1054,50,2,Below expectations,2023-01-11
8292,11146,92,3,Not bad,2021-11-07
8293,13706,181,5,Excellent product!,2021-08-10
8294,2571,77,2,Not great,2023-05-17
8295,9410,160,3,Average product,2022-09-07
8296,6997,197,3,Decent,2021-07-02
8297,785,134,2,Could be better,2023-10-09
8298,8431,178,5,Highly recommend!,2023-07-19
8299,4945,127,4,Works well,2022-08-22
8300,8957,26,3,Decent,2022-02-12
8301,3834,39,2,,2023-04-26
8302,6054,162,4,Nice product,2021-10-08
8303,2500,87,4,Good quality,2023-11-07
8304,4662,17,4,Satisfied with purchase,2023-12-19
8305,14277,1,5,,2022-08-19
8306,10318,83,5,Love it!,2021-01-30
8307,4196,129,5,Excellent product!,2023-05-09
8308,957,147,3,Average product,2021-10-02
8309,10998,115,2,Below expectations,2022-07-06
8310,4877,30,2,Below expectations,2022-12-17
8311,14248,192,5,Excellent product!,2022-02-09
8312,5622,158,5,Highly recommend!,2023-09-13
8313,7921,112,1,Do not buy,2021-12-22
8314,3355,40,5,,2022-01-13
8315,6403,129,5,Best purchase ever!,2021-06-27
8316,10503,96,5,Excellent product!,2021-05-19
8317,551,115,4,Good quality,2021-01-30
8318,2074,148,4,Satisfied with purchase,2021-02-15
8319,13060,130,3,Average product,2023-03-15
8320,4876,130,2,Could be better,2022-04-30
8321,5281,156,2,Disappointed,2023-09-24
8322,2962,10,4,Good quality,2023-08-19
8323,7004,180,3,Average product,2021-08-01
8324,4341,20,1,Poor quality,2021-08-06
8325,10160,183,4,Good quality,2021-09-25
8326,2646,10,5,Highly recommend!,2021-01-29
8327,1409,20,5,Love it!,2023-07-26
8328,2133,167,5,Love it!,2022-11-12
8329,11749,186,3,Average product,2023-07-25
8330,10860,2,5,Excellent product!,2021-09-28
8331,2018,74,4,Good quality,2021-02-26
8332,7901,81,3,Average product,2021-01-16
8333,1350,14,1,Poor quality,2023-09-05
8334,10957,95,4,Satisfied with purchase,2022-11-19
8335,8691,192,4,Satisfied with purchase,2023-01-20
8336,8107,144,4,Nice product,2022-11-23
8337,2205,95,3,It's okay,2021-09-11
8338,1278,180,5,Excellent product!,2022-02-14
8339,14286,120,4,Nice product,2021-01-10
8340,12852,84,3,Average product,2022-10-18
8341,14589,72,5,Best purchase ever!,2021-07-27
8342,13598,199,5,Highly recommend!,2021-08-24
8343,14624,66,5,Love it!,2021-12-24
8344,13203,91,4,Satisfied with purchase,2021-04-01
8345,6821,155,5,Excellent product!,2022-06-25
8346,2055,188,5,Excellent product!,2021-02-10
8347,14257,195,5,Love it!,2021-09-16
8348,12211,118,4,Satisfied with purchase,2021-01-08
8349,5682,96,5,Highly recommend!,2021-09-22
8350,823,137,2,Below expectations,2023-10-04
8351,2151,75,5,Love it!,2022-07-25
8352,6578,93,4,Good quality,2023-10-29
8353,3512,52,5,Highly recommend!,2021-03-11
8354,190,14,2,Not great,2023-02-11
8355,10990,111,3,Not bad,2022-08-20
8356,2213,191,4,Nice product,2022-12-04
8357,5662,93,5,Best purchase ever!,2021-11-02
8358,10285,11,4,Satisfied with purchase,2021-10-19
8359,1117,17,5,Love it!,2021-06-21
8360,1395,57,5,Excellent product!,2021-10-15
8361,2889,140,1,Waste of money,2022-07-06
8362,10672,183,5,Love it!,2022-12-02
8363,4837,87,3,Average product,2021-11-29
8364,6067,147,4,Nice product,2023-11-06
8365,762,174,1,Do not buy,2023-07-27
8366,4165,136,4,Works well,2021-07-19
8367,881,20,5,Excellent product!,2023-07-09
8368,14786,197,2,Disappointed,2022-07-11
8369,14894,71,4,Nice product,2021-08-15
8370,6021,57,3,It's okay,2022-08-01
8371,913,171,5,Excellent product!,2021-10-25
8372,6303,180,2,Below expectations,2022-08-11
8373,8390,43,4,Satisfied with purchase,2021-09-28
8374,10867,64,5,Best purchase ever!,2022-11-15
8375,6061,187,5,Best purchase ever!,2023-12-22
8376,14868,153,4,Satisfied with purchase,2021-09-17
8377,6990,118,5,Best purchase ever!,2021-08-31
8378,3253,168,5,Best purchase ever!,2021-12-15
8379,374,13,2,Below expectations,2023-07-10
8380,5941,125,2,Could be better,2023-08-18
8381,11482,192,5,Best purchase ever!,2023-01-31
8382,10730,139,3,Average product,2023-05-21
8383,10140,99,5,Excellent product!,2022-07-18
8384,3469,159,3,Not bad,2023-01-16
8385,12990,65,3,Not bad,2023-12-14
8386,14356,44,3,Average product,2021-09-16
8387,410,91,5,Love it!,2023-04-16
8388,9563,113,5,Excellent product!,2022-10-28
8389,8815,52,1,Terrible,2023-05-29
8390,13862,69,5,Excellent product!,2023-12-28
8391,4874,134,3,Decent,2023-11-13
8392,11342,154,4,Satisfied with purchase,2023-11-24
8393,315,133,3,Not bad,2022-12-26
8394,12399,144,3,It's okay,2021-08-13
8395,14422,80,2,Not great,2022-03-24
8396,7356,103,4,Good quality,2023-11-15
8397,564,134,4,Good quality,2022-12-27
8398,3347,183,4,Works well,2023-03-15
8399,8111,153,4,Works well,2023-08-11
8400,7651,111,5,Excellent product!,2023-11-13
8401,1673,6,4,Works well,2023-06-18
8402,14085,53,5,Love it!,2022-09-27
8403,418,57,5,Best purchase ever!,2021-04-06
8404,12141,163,4,Works well,2021-02-08
8405,5247,15,5,,2021-04-05
8406,6222,12,3,Not bad,2021-05-10
8407,14167,84,4,Good quality,2021-02-02
8408,5493,131,4,,2022-11-15
8409,236,199,2,Disappointed,2023-03-15
8410,11019,75,4,Nice product,2022-06-16
8411,6437,123,3,Decent,2023-07-26
8412,1579,127,4,Nice product,2022-11-16
8413,2015,157,3,It's okay,2022-07-30
8414,4714,24,5,Excellent product!,2022-08-03
8415,8853,34,4,Works well,2023-12-25
8416,10628,62,3,Average product,2021-05-23
8417,706,63,4,Nice product,2022-01-01
8418,1324,45,1,Poor quality,2022-04-20
8419,13946,112,1,Do not buy,2021-12-04
8420,13667,110,3,It's okay,2021-08-24
8421,665,14,4,Good quality,2022-12-09
8422,9852,71,2,Could be better,2022-05-17
8423,12161,62,5,Excellent product!,2022-10-04
8424,84,95,2,Not great,2021-05-09
8425,12576,183,1,Poor quality,2022-09-20
8426,9916,8,1,Do not buy,2022-09-12
8427,749,89,4,Satisfied with purchase,2022-07-02
8428,13731,83,4,Satisfied with purchase,2023-08-06
8429,9014,170,3,Not bad,2022-06-23
8430,13442,179,3,It's okay,2023-02-22
8431,8803,180,5,Excellent product!,2022-12-15
8432,18,85,5,Excellent product!,2023-11-25
8433,5151,28,3,Average product,2022-03-18
8434,7981,79,4,Satisfied with purchase,2023-07-15
8435,9887,194,2,Disappointed,2021-05-23
8436,8629,10,5,Excellent product!,2023-04-02
8437,11491,132,4,Nice product,2022-12-27
8438,6382,102,2,Below expectations,2021-05-07
8439,6845,199,4,Works well,2022-04-19
8440,12153,76,2,Disappointed,2022-02-01
8441,6157,26,5,Love it!,2023-12-11
8442,5514,120,2,Could be better,2023-09-18
8443,12090,194,4,Satisfied with purchase,2021-07-11
8444,7161,196,5,Best purchase ever!,2023-06-21
8445,14099,169,3,Not bad,2022-04-15
8446,11431,171,2,Could be better,2022-05-07
8447,7465,154,5,Excellent product!,2021-09-18
8448,3504,24,5,Excellent product!,2023-09-04
8449,695,193,3,It's okay,2022-02-08
8450,11921,103,3,Decent,2022-11-12
8451,3385,87,5,Highly recommend!,2023-12-01
8452,9770,65,4,Satisfied with purchase,2021-04-24
8453,5127,62,4,Good quality,2023-09-28
8454,8613,107,3,Decent,2021-04-13
8455,12097,94,4,Works well,2022-11-18
8456,12711,93,3,Decent,2022-03-29
8457,1734,126,5,Excellent product!,2023-05-02
8458,2849,157,2,Could be better,2022-08-08
8459,12543,81,4,Works well,2023-01-20
8460,4689,118,1,Terrible,2023-09-18
8461,4731,74,4,Nice product,2022-04-22
8462,2233,38,5,Excellent product!,2022-02-24
8463,10070,180,5,Love it!,2023-03-12
8464,11415,180,3,Decent,2022-06-30
8465,8689,156,3,It's okay,2021-10-01
8466,12260,188,4,Works well,2023-12-19
8467,4725,19,3,,2023-07-25
8468,14803,186,2,Disappointed,2021-10-20
8469,1411,168,3,Not bad,2023-09-30
8470,10682,9,1,Terrible,2023-10-08
8471,52,153,5,,2023-05-30
8472,8660,68,4,Good quality,2023-12-24
8473,6851,117,5,Highly recommend!,2022-01-06
8474,7955,41,4,Works well,2021-11-27
8475,13556,35,3,Not bad,2021-05-29
8476,11471,77,4,Nice product,2021-08-06
8477,5116,20,4,Works well,2022-10-28
8478,10303,190,4,Nice product,2021-09-25
8479,13832,195,5,Excellent product!,2021-08-07
8480,220,5,3,Not bad,2021-12-15
8481,1258,129,4,Works well,2023-11-22
8482,1241,58,3,It's okay,2023-08-08
8483,1448,152,5,Highly recommend!,2022-02-01
8484,9074,162,5,Excellent product!,2023-10-30
8485,9895,138,5,Love it!,2022-07-20
8486,6484,165,5,Highly recommend!,2022-08-21
8487,8443,127,1,Terrible,2022-02-04
8488,4955,13,3,It's okay,2023-12-19
8489,10428,108,4,Works well,2021-08-20
8490,10357,185,5,Love it!,2021-12-01
8491,10906,45,5,Excellent product!,2023-08-13
8492,5596,98,4,Nice product,2023-07-10
8493,8550,99,5,Love it!,2022-08-27
8494,11826,140,4,Satisfied with purchase,2021-02-19
8495,12776,91,4,Nice product,2023-12-14
8496,9275,139,4,Works well,2022-07-15
8497,12755,29,5,Excellent product!,2021-09-18
8498,10618,185,4,Satisfied with purchase,2023-07-20
8499,5163,127,5,Love it!,2022-07-27
8500,3070,37,4,,2021-05-03
8501,4966,139,4,Nice product,2021-12-13
8502,12531,96,3,Not bad,2022-10-16
8503,14516,76,4,Satisfied with purchase,2023-12-09
8504,1294,197,4,Satisfied with purchase,2021-01-01
8505,13344,154,5,Highly recommend!,2023-11-08
8506,7183,174,4,Good quality,2022-11-20
8507,7280,110,4,Satisfied with purchase,2023-10-31
8508,11843,98,3,It's okay,2022-08-19
8509,11173,71,5,Excellent product!,2021-06-28
8510,4505,158,4,Satisfied with purchase,2022-05-23
8511,3597,180,5,Highly recommend!,2021-12-18
8512,13752,2,2,Could be better,2022-03-27
8513,12817,92,5,Best purchase ever!,2021-03-29
8514,11128,135,3,,2021-03-15
8515,2842,68,5,Highly recommend!,2022-06-02
8516,1466,51,2,Disappointed,2022-03-17
8517,9534,89,2,Could be better,2021-02-07
8518,4459,134,3,Average product,2022-02-17
8519,7884,25,3,It's okay,2023-08-29
8520,13377,192,5,Highly recommend!,2021-02-03
8521,6928,41,4,Works well,2021-10-03
8522,13120,160,5,Excellent product!,2021-12-04
8523,2319,32,2,Not great,2023-07-07
8524,4726,60,5,Love it!,2023-02-06
8525,5285,186,5,Best purchase ever!,2022-06-17
8526,4913,194,5,Best purchase ever!,2021-10-17
8527,1633,53,3,Decent,2021-12-21
8528,14151,183,3,Decent,2021-04-25
8529,6957,46,5,Love it!,2022-04-04
8530,11314,174,4,Nice product,2023-04-19
8531,12139,186,1,Do not buy,2022-01-04
8532,5247,74,5,Best purchase ever!,2023-12-03
8533,3295,37,3,Decent,2022-02-04
8534,3094,165,1,Do not buy,2021-08-05
8535,3281,152,3,Average product,2022-06-23
8536,10370,61,4,Good quality,2021-04-12
8537,5097,123,4,,2023-06-21
8538,5738,183,3,It's okay,2022-07-19
8539,773,167,4,Satisfied with purchase,2023-12-22
8540,8539,122,4,Satisfied with purchase,2022-04-10
8541,1405,14,4,Nice product,2023-01-01
8542,3453,120,5,Love it!,2023-06-10
8543,8093,21,4,,2023-08-19
8544,4730,127,4,Good quality,2021-08-15
8545,9749,172,2,Not great,2023-10-14
8546,120,170,5,Highly recommend!,2021-03-13
8547,3002,132,5,Highly recommend!,2023-08-30
8548,8299,38,4,Nice product,2023-01-31
8549,2742,20,5,Love it!,2021-07-09
8550,5214,60,4,Good quality,2021-02-04
8551,12038,11,3,It's okay,2022-05-27
8552,3050,86,3,Not bad,2021-08-13
8553,592,47,2,Below expectations,2021-10-08
8554,12036,154,4,Satisfied with purchase,2021-06-09
8555,1523,28,3,It's okay,2021-12-03
8556,5060,101,5,Best purchase ever!,2021-03-09
8557,8577,55,5,Love it!,2021-01-14
8558,12475,194,5,Highly recommend!,2022-04-29
8559,14063,157,4,Good quality,2023-03-08
8560,1965,170,5,Highly recommend!,2021-04-27
8561,6652,10,5,Excellent product!,2021-02-19
8562,14658,60,3,Average product,2021-09-16
8563,4893,179,3,It's okay,2021-05-28
8564,6323,36,1,Poor quality,2022-02-25
8565,12613,177,4,Works well,2023-02-23
8566,4844,56,4,Good quality,2022-07-03
8567,8165,138,3,Decent,2022-10-30
8568,10930,29,5,Excellent product!,2022-11-25
8569,2654,139,4,Satisfied with purchase,2023-10-01
8570,3014,91,3,Average product,2021-08-05
8571,3442,6,5,Highly recommend!,2023-01-20
8572,10675,1,4,Good quality,2023-05-25
8573,2106,90,5,Excellent product!,2023-09-24
8574,484,61,4,Nice product,2023-05-13
8575,12368,88,2,Could be better,2023-04-26
8576,10307,149,5,Highly recommend!,2021-05-30
8577,10773,90,5,Best purchase ever!,2022-05-04
8578,12323,56,3,Average product,2021-11-10
8579,8402,29,5,,2022-01-23
8580,847,147,5,Highly recommend!,2022-05-03
8581,13844,103,5,Excellent product!,2023-08-10
8582,1533,91,3,Not bad,2023-03-30
8583,3110,60,3,Decent,2022-02-21
8584,14613,4,4,Nice product,2023-06-14
8585,2297,143,5,Highly recommend!,2021-08-27
8586,6946,141,4,Good quality,2022-05-05
8587,12343,55,4,Works well,2023-03-26
8588,8661,189,4,Satisfied with purchase,2022-07-24
8589,7881,132,5,Highly recommend!,2023-05-30
8590,5575,149,5,Excellent product!,2022-04-19
8591,12055,124,5,,2021-01-28
8592,7988,47,3,Average product,2023-10-18
8593,7336,184,1,Poor quality,2022-10-28
8594,6708,179,5,Love it!,2022-05-04
8595,6565,181,2,Disappointed,2023-08-14
8596,6270,68,5,Excellent product!,2022-03-12
8597,1570,47,4,Nice product,2021-06-03
8598,5808,89,4,Nice product,2023-10-02
8599,5599,195,2,Disappointed,2023-06-29
8600,13882,133,5,Highly recommend!,2023-04-22
8601,13158,120,3,Decent,2023-08-18
8602,10628,161,5,Excellent product!,2022-10-08
8603,10325,71,3,Not bad,2021-05-23
8604,6467,195,3,Decent,2022-04-08
8605,11918,165,2,Disappointed,2022-01-19
8606,12095,131,3,Decent,2023-12-04
8607,1606,160,4,Good quality,2021-12-03
8608,3865,145,1,Waste of money,2021-11-17
8609,7182,36,5,Love it!,2021-06-03
8610,2464,59,5,Excellent product!,2021-04-04
8611,9546,57,4,Satisfied with purchase,2023-05-22
8612,13697,42,5,Best purchase ever!,2022-07-17
8613,6446,108,4,Nice product,2021-03-28
8614,7427,194,5,Love it!,2023-10-18
8615,2275,120,4,Nice product,2023-08-12
8616,2018,57,4,Satisfied with purchase,2022-04-02
8617,11264,53,2,Could be better,2023-08-03
8618,6795,38,5,Highly recommend!,2022-04-23
8619,9806,28,4,Good quality,2022-06-10
8620,1551,72,4,Good quality,2021-09-26
8621,13190,86,1,Waste of money,2022-04-13
8622,1793,181,4,Works well,2023-08-02
8623,12578,150,4,Good quality,2022-01-15
8624,2910,176,5,Love it!,2021-12-22
8625,8859,17,3,Average product,2023-03-19
8626,8470,88,2,Below expectations,2022-12-01
8627,13979,19,4,Nice product,2022-08-21
8628,13739,70,5,Highly recommend!,2023-04-25
8629,631,131,4,Works well,2021-12-31
8630,1711,74,5,Best purchase ever!,2023-05-19
8631,7028,104,4,Satisfied with purchase,2021-04-15
8632,6213,91,3,Decent,2023-02-09
8633,4357,138,3,Average product,2021-12-18
8634,778,157,3,Not bad,2023-08-09
8635,4254,135,5,Highly recommend!,2022-08-01
8636,10405,147,5,Excellent product!,2022-04-14
8637,3018,124,4,Satisfied with purchase,2023-04-05
8638,11305,86,4,Good quality,2021-11-11
8639,5069,2,5,Best purchase ever!,2023-01-13
8640,1517,184,3,Average product,2023-05-12
8641,6767,24,3,Not bad,2021-05-26
8642,3688,51,5,Excellent product!,2021-04-10
8643,9614,142,3,Decent,2022-10-24
8644,10816,15,5,Love it!,2021-02-18
8645,901,64,5,Highly recommend!,2022-03-26
8646,8687,167,5,Highly recommend!,2021-03-07
8647,7022,129,3,Average product,2021-12-06
8648,349,160,5,Best purchase ever!,2023-05-01
8649,5200,142,4,Nice product,2023-02-24
8650,9405,20,4,Good quality,2023-06-15
8651,9607,93,4,Works well,2023-02-15
8652,2816,184,5,Love it!,2021-02-27
8653,1849,64,4,Satisfied with purchase,2023-01-23
8654,4302,76,4,Works well,2021-06-05
8655,13556,198,5,Excellent product!,2022-02-07
8656,7514,29,3,Not bad,2023-12-12
8657,225,133,4,Good quality,2023-05-31
8658,14545,83,5,Love it!,2021-04-30
8659,11689,108,5,Excellent product!,2022-01-09
8660,4081,78,2,Below expectations,2022-10-26
8661,6658,17,2,Below expectations,2021-03-14
8662,4149,111,5,Best purchase ever!,2023-08-27
8663,11480,2,3,Average product,2023-04-15
8664,6845,86,4,Good quality,2021-04-14
8665,14177,146,4,Good quality,2021-05-29
8666,8973,163,4,Good quality,2021-01-22
8667,10496,39,5,Love it!,2021-05-16
8668,10872,140,2,Not great,2022-12-15
8669,14349,2,4,Works well,2022-11-05
8670,8728,27,4,Nice product,2021-05-22
8671,755,22,5,Best purchase ever!,2021-04-04
8672,2362,135,3,Average product,2023-12-09
8673,14627,102,5,Best purchase ever!,2021-09-03
8674,8522,64,5,Best purchase ever!,2021-08-24
8675,4097,142,5,Excellent product!,2022-09-13
8676,6864,63,4,Good quality,2022-05-04
8677,14511,174,3,Decent,2023-02-24
8678,9258,21,5,,2023-10-31
8679,7458,69,5,Best purchase ever!,2022-02-15
8680,2858,76,1,Do not buy,2023-09-08
8681,12253,15,5,Best purchase ever!,2023-11-20
8682,2578,28,4,Works well,2021-12-30
8683,6313,1,3,Decent,2022-05-20
8684,6632,112,4,Nice product,2022-07-17
8685,2801,23,4,Satisfied with purchase,2021-01-12
8686,14724,34,3,It's okay,2021-10-22
8687,399,158,4,Satisfied with purchase,2023-06-29
8688,1214,171,3,It's okay,2023-03-15
8689,937,165,3,Not bad,2022-10-15
8690,10200,149,5,Best purchase ever!,2021-10-21
8691,14966,5,4,Nice product,2022-08-24
8692,6156,103,5,Excellent product!,2022-05-08
8693,1744,99,3,Not bad,2022-12-10
8694,8304,92,3,It's okay,2022-03-09
8695,2332,145,4,Nice product,2021-09-08
8696,6996,29,5,Best purchase ever!,2021-12-08
8697,14692,32,5,Best purchase ever!,2021-10-25
8698,11540,136,1,Waste of money,2021-05-07
8699,3716,90,4,,2021-02-15
8700,1977,108,5,Best purchase ever!,2023-06-22
8701,5526,199,4,Good quality,2023-06-13
8702,12783,65,4,Good quality,2023-01-22
8703,6093,9,3,Not bad,2022-05-20
8704,6557,150,4,Works well,2023-12-31
8705,4294,148,5,Highly recommend!,2022-12-22
8706,14480,151,4,Works well,2021-05-16
8707,1032,191,4,Satisfied with purchase,2022-02-04
8708,393,76,5,Excellent product!,2023-01-24
8709,12032,85,4,Good quality,2023-07-26
8710,7870,187,3,It's okay,2023-08-13
8711,14842,153,2,Below expectations,2021-04-09
8712,4769,41,4,Good quality,2023-08-11
8713,706,144,3,It's okay,2022-07-19
8714,11174,99,3,Average product,2021-10-12
8715,3396,146,3,Not bad,2021-05-21
8716,8039,46,5,Highly recommend!,2022-08-27
8717,9345,189,4,Good quality,2023-10-19
8718,12051,155,5,Best purchase ever!,2021-06-24
8719,5902,100,3,,2021-01-21
8720,6210,141,4,Good quality,2022-10-12
8721,1926,22,4,Good quality,2023-08-05
8722,8091,114,5,Love it!,2023-05-28
8723,3818,95,4,Nice product,2023-03-12
8724,8209,58,4,Nice product,2021-11-08
8725,4441,55,5,Love it!,2021-07-26
8726,8233,108,2,Could be better,2023-06-10
8727,11594,75,5,Best purchase ever!,2022-04-28
8728,14673,102,3,It's okay,2022-10-14
8729,1721,153,4,Nice product,2023-06-05
8730,4274,94,4,Works well,2021-07-28
8731,9901,192,5,Highly recommend!,2021-04-01
8732,4732,135,3,It's okay,2021-06-19
8733,9730,165,4,Satisfied with purchase,2022-07-16
8734,11878,11,2,Disappointed,2021-12-10
8735,8151,191,4,Nice product,2023-03-03
8736,9185,118,4,Satisfied with purchase,2021-08-05
8737,10833,138,2,Not great,2023-06-16
8738,12379,85,4,Nice product,2022-07-28
8739,12928,86,5,Best purchase ever!,2021-09-03
8740,7899,20,5,Excellent product!,2021-02-02
8741,10581,53,4,Nice product,2021-08-13
8742,7725,98,4,Satisfied with purchase,2022-03-12
8743,989,76,4,Satisfied with purchase,2021-07-23
8744,2729,43,4,Works well,2022-03-25
8745,14946,153,4,Good quality,2023-06-28
8746,13447,30,4,Nice product,2023-07-21
8747,7376,182,4,Works well,2022-06-14
8748,1140,131,3,It's okay,2021-01-16
8749,4973,196,4,Satisfied with purchase,2022-07-09
8750,6936,109,5,Love it!,2021-06-20
8751,10339,116,1,Waste of money,2021-08-28
8752,9353,1,5,Highly recommend!,2023-01-01
8753,2750,156,5,Highly recommend!,2021-11-28
8754,12787,141,1,Poor quality,2022-08-07
8755,7243,174,2,Below expectations,2023-01-06
8756,550,115,5,Highly recommend!,2023-01-12
8757,1740,153,4,Satisfied with purchase,2023-04-19
8758,978,123,2,Disappointed,2021-01-19
8759,2408,8,3,Decent,2022-06-09
8760,11902,156,5,Excellent product!,2023-09-27
8761,10739,192,5,Highly recommend!,2021-01-03
8762,12064,82,3,Decent,2022-02-25
8763,14869,98,4,Good quality,2022-02-06
8764,14172,48,5,,2022-10-10
8765,7554,123,4,Satisfied with purchase,2022-04-14
8766,14127,7,2,Could be better,2022-02-25
8767,7719,117,4,Good quality,2021-10-03
8768,12042,56,1,Do not buy,2021-02-06
8769,4713,131,4,Good quality,2022-11-20
8770,6365,154,4,Satisfied with purchase,2022-05-08
8771,1495,27,1,Waste of money,2021-04-20
8772,8690,196,5,Excellent product!,2021-09-17
8773,4484,171,4,Satisfied with purchase,2022-05-15
8774,1443,51,4,Good quality,2023-10-01
8775,1028,162,2,Could be better,2022-10-08
8776,2424,118,4,Nice product,2022-04-10
8777,5714,107,2,Could be better,2021-03-07
8778,7272,46,3,Average product,2022-12-06
8779,12801,191,5,Love it!,2022-03-20
8780,4382,107,4,Satisfied with purchase,2022-12-08
8781,946,41,4,Satisfied with purchase,2021-07-30
8782,8135,163,4,Good quality,2021-09-09
8783,8050,105,4,Good quality,2023-10-20
8784,11319,151,5,Excellent product!,2023-01-28
8785,8956,198,5,Highly recommend!,2022-01-08
8786,622,69,4,Nice product,2022-05-15
8787,5615,173,1,Waste of money,2021-11-20
8788,12933,68,5,Love it!,2022-03-05
8789,8913,102,3,Average product,2023-06-15
8790,1113,199,5,Love it!,2021-05-29
8791,9037,44,4,Good quality,2023-01-28
8792,2281,164,5,Highly recommend!,2021-12-06
8793,9135,159,4,Works well,2023-03-20
8794,2347,90,4,Satisfied with purchase,2022-09-11
8795,1,113,5,Love it!,2022-07-22
8796,14766,36,5,Excellent product!,2023-03-20
8797,10323,130,5,Highly recommend!,2022-02-17
8798,6702,166,2,,2023-12-19
8799,12122,128,4,Works well,2023-08-26
8800,3228,166,4,Good quality,2023-12-15
8801,379,17,2,Below expectations,2021-11-11
8802,5397,109,3,Not bad,2022-01-16
8803,6274,164,5,Highly recommend!,2022-03-25
8804,12446,104,3,It's okay,2022-06-27
8805,8260,152,5,Excellent product!,2022-06-03
8806,12197,63,1,Do not buy,2022-05-15
8807,13486,192,3,Not bad,2022-10-27
8808,13302,24,2,Not great,2022-06-12
8809,13614,140,4,Works well,2023-06-05
8810,10220,92,3,Average product,2023-08-27
8811,5126,86,3,Average product,2021-01-18
8812,11287,121,4,Good quality,2021-10-18
8813,10338,8,4,Works well,2022-09-03
8814,2851,144,3,Average product,2021-07-21
8815,2093,143,5,Highly recommend!,2021-11-01
8816,8938,88,3,Decent,2022-07-21
8817,4049,106,4,Good quality,2022-01-15
8818,13387,37,5,Excellent product!,2023-08-17
8819,9524,13,4,Nice product,2023-01-14
8820,12315,64,3,Decent,2022-09-15
8821,10288,44,2,Could be better,2023-08-29
8822,3776,105,4,Works well,2022-09-14
8823,4949,56,3,Decent,2021-01-19
8824,8998,104,5,Excellent product!,2023-04-11
8825,8072,47,5,Highly recommend!,2022-01-16
8826,3506,168,4,Satisfied with purchase,2022-04-12
8827,4787,24,4,Satisfied with purchase,2022-05-18
8828,4919,95,2,Disappointed,2021-07-06
8829,12435,11,4,,2021-09-14
8830,14071,110,5,Highly recommend!,2022-10-10
8831,4283,166,1,Waste of money,2022-06-28
8832,11689,156,3,It's okay,2023-12-08
8833,7449,52,3,Not bad,2022-12-16
8834,13781,56,5,Highly recommend!,2022-05-17
8835,10788,27,2,Could be better,2021-06-03
8836,1576,141,4,Satisfied with purchase,2021-07-13
8837,8431,7,3,It's okay,2022-06-09
8838,7707,13,5,,2023-05-10
8839,7399,56,3,Average product,2022-07-23
8840,4719,123,3,Decent,2023-01-29
8841,8463,118,4,Works well,2021-02-10
8842,9140,133,2,Could be better,2022-09-27
8843,13083,86,4,Works well,2021-11-11
8844,11791,95,3,Average product,2022-12-26
8845,1723,56,5,Excellent product!,2023-07-08
8846,1951,89,5,Best purchase ever!,2022-05-11
8847,7437,45,5,Excellent product!,2022-01-09
8848,1788,84,3,Average product,2022-09-07
8849,4427,104,5,Love it!,2021-11-02
8850,11909,146,5,Highly recommend!,2021-03-06
8851,1276,112,2,Could be better,2022-10-07
8852,3069,197,4,Good quality,2021-02-20
8853,3542,129,5,Highly recommend!,2021-06-23
8854,8419,27,5,Best purchase ever!,2021-11-19
8855,2491,36,4,Good quality,2021-02-27
8856,6171,141,4,Nice product,2021-10-04
8857,5039,8,5,Excellent product!,2021-07-05
8858,6554,18,5,Highly recommend!,2023-09-02
8859,537,50,4,Works well,2022-05-11
8860,10353,15,5,Excellent product!,2021-11-19
8861,3277,98,3,It's okay,2022-10-19
8862,9445,145,4,Good quality,2022-10-22
8863,954,75,2,Below expectations,2021-07-12
8864,7810,171,5,Highly recommend!,2021-07-27
8865,4204,126,3,Decent,2022-07-31
8866,5592,87,3,Average product,2021-01-09
8867,12951,123,4,Nice product,2021-01-23
8868,1080,83,4,Nice product,2023-06-05
8869,1936,91,3,Not bad,2023-12-09
8870,9545,44,4,Good quality,2023-09-28
8871,12897,197,4,Satisfied with purchase,2021-11-25
8872,13848,54,2,Below expectations,2021-11-27
8873,10396,184,3,Average product,2023-07-31
8874,3424,140,3,Decent,2023-11-21
8875,1099,120,5,Excellent product!,2021-08-07
8876,8075,97,3,It's okay,2022-01-13
8877,6136,98,4,Works well,2023-11-04
8878,13431,151,3,Not bad,2021-05-30
8879,14270,99,5,Best purchase ever!,2022-11-16
8880,3899,43,5,Highly recommend!,2022-05-14
8881,7429,21,5,,2021-06-15
8882,5974,98,4,Works well,2021-05-13
8883,13604,158,5,Highly recommend!,2023-04-08
8884,8907,23,5,Highly recommend!,2022-03-29
8885,4199,63,3,It's okay,2023-05-14
8886,4734,22,4,Satisfied with purchase,2021-09-02
8887,8665,80,4,Good quality,2022-09-09
8888,12408,83,3,It's okay,2021-12-10
8889,5380,54,5,Excellent product!,2023-12-08
8890,5443,72,5,Love it!,2023-02-26
8891,5501,195,5,Excellent product!,2021-02-03
8892,11529,13,5,Best purchase ever!,2022-09-08
8893,9724,123,5,Highly recommend!,2021-09-23
8894,11759,148,4,Good quality,2021-07-29
8895,14652,172,4,Good quality,2023-09-26
8896,2138,188,5,Love it!,2023-01-02
8897,13389,154,4,Nice product,2021-01-19
8898,10566,150,2,Not great,2022-01-16
8899,12042,3,4,Good quality,2021-04-13
8900,7396,180,4,Works well,2022-11-02
8901,6981,196,2,Below expectations,2023-03-29
8902,2085,37,5,Love it!,2022-10-04
8903,8103,117,3,Average product,2022-08-19
8904,11406,23,5,Highly recommend!,2023-09-15
8905,12503,126,4,Nice product,2022-11-12
8906,10160,90,4,Works well,2022-12-10
8907,1214,166,3,Average product,2021-02-10
8908,13121,83,5,Highly recommend!,2021-02-26
8909,12218,153,1,Poor quality,2022-06-02
8910,10328,14,5,,2022-01-27
8911,10213,35,2,Below expectations,2022-11-19
8912,11098,126,5,Excellent product!,2023-06-13
8913,14465,195,5,Excellent product!,2023-05-28
8914,1471,66,4,,2021-10-01
8915,1091,171,4,Nice product,2023-02-21
8916,14412,149,5,Excellent product!,2022-01-30
8917,10327,107,3,It's okay,2022-08-28
8918,12269,8,2,Disappointed,2022-06-20
8919,3523,5,5,Best purchase ever!,2021-01-11
8920,13695,66,2,Disappointed,2022-04-10
8921,4008,153,2,Disappointed,2023-10-12
8922,2389,177,3,Not bad,2023-11-14
8923,1913,62,4,Works well,2023-03-20
8924,11127,52,3,Not bad,2023-07-14
8925,11418,147,4,Satisfied with purchase,2023-08-04
8926,11035,56,5,Best purchase ever!,2022-06-28
8927,4571,108,4,,2022-01-24
8928,4280,194,5,Love it!,2023-01-20
8929,3444,145,2,,2022-04-22
8930,8897,85,5,Highly recommend!,2023-09-29
8931,1256,122,4,Works well,2023-11-17
8932,5941,76,2,Disappointed,2022-12-08
8933,10422,47,5,Best purchase ever!,2022-11-27
8934,11195,152,2,Disappointed,2021-12-15
8935,2884,28,4,Nice product,2022-09-15
8936,11817,161,3,Average product,2022-08-22
8937,795,14,2,Below expectations,2022-12-27
8938,2456,10,5,Love it!,2021-08-21
8939,12741,63,4,,2022-09-29
8940,5526,122,4,Good quality,2021-03-29
8941,5169,105,5,Highly recommend!,2021-12-05
8942,6798,196,4,Nice product,2022-12-15
8943,14920,39,5,Best purchase ever!,2023-09-14
8944,12710,164,4,Nice product,2021-07-18
8945,11282,112,4,Satisfied with purchase,2021-11-26
8946,9082,20,5,Love it!,2021-06-21
8947,545,191,3,Decent,2022-12-25
8948,3055,46,5,Love it!,2021-08-09
8949,2004,111,3,Decent,2023-02-10
8950,3102,149,1,Waste of money,2022-03-04
8951,6400,60,4,Good quality,2021-04-17
8952,12519,128,3,Not bad,2022-12-25
8953,9032,7,3,It's okay,2022-08-23
8954,11587,103,5,Best purchase ever!,2023-12-23
8955,13519,135,4,Nice product,2021-07-06
8956,5661,183,4,Nice product,2022-07-24
8957,11632,34,4,Good quality,2021-03-21
8958,2548,73,4,Nice product,2023-07-02
8959,14358,19,5,,2023-05-12
8960,3740,78,3,Average product,2021-08-19
8961,7164,74,4,Good quality,2021-03-10
8962,9216,158,5,Love it!,2023-05-29
8963,8742,160,3,Not bad,2022-06-05
8964,4995,160,5,Best purchase ever!,2023-11-19
8965,6346,5,4,Nice product,2023-12-14
8966,12768,25,5,Excellent product!,2022-12-26
8967,8295,66,3,Decent,2023-09-25
8968,10707,178,4,Works well,2023-08-22
8969,9772,128,4,Nice product,2022-01-24
8970,2309,38,5,Excellent product!,2021-05-15
8971,7706,156,5,,2021-01-30
8972,201,115,2,Could be better,2021-05-17
8973,4871,86,3,,2023-02-05
8974,9324,60,3,Decent,2021-12-24
8975,8758,93,1,Poor quality,2021-10-03
8976,14449,176,5,Best purchase ever!,2021-03-16
8977,1145,16,4,Nice product,2023-09-11
8978,593,16,3,It's okay,2021-04-10
8979,1997,59,4,Works well,2023-06-27
8980,3033,195,5,Love it!,2021-04-04
8981,3890,94,3,It's okay,2022-08-25
8982,11279,130,4,Works well,2022-04-09
8983,3339,156,2,Could be better,2023-07-08
8984,14155,174,5,Best purchase ever!,2023-02-14
8985,6334,127,3,Average product,2021-07-28
8986,4411,155,4,Good quality,2022-02-14
8987,13450,66,1,,2021-07-14
8988,4442,117,1,Poor quality,2022-06-15
8989,3623,166,4,Nice product,2022-07-31
8990,6987,134,2,Not great,2021-11-24
8991,12074,92,3,Not bad,2023-07-10
8992,12871,159,5,Love it!,2022-03-10
8993,10610,123,4,Works well,2023-12-23
8994,9004,3,3,Decent,2022-04-19
8995,1061,169,4,Works well,2022-04-08
8996,7937,187,5,Love it!,2021-10-10
8997,7795,161,4,Nice product,2021-07-01
8998,12866,60,4,Nice product,2023-08-21
8999,11718,122,4,Good quality,2022-01-17
9000,2744,191,3,It's okay,2021-07-20
9001,6642,91,4,Satisfied with purchase,2021-04-21
9002,13639,150,4,Good quality,2021-04-19
9003,9487,39,4,Works well,2021-05-16
9004,3952,124,4,Satisfied with purchase,2021-01-12
9005,12880,46,3,Average product,2021-07-09
9006,7843,104,4,,2022-02-21
9007,13268,19,4,Satisfied with purchase,2022-12-29
9008,9100,23,5,Best purchase ever!,2021-07-22
9009,10535,106,4,Works well,2021-09-26
9010,14554,118,5,Love it!,2022-05-11
9011,13598,51,5,Highly recommend!,2023-08-13
9012,8800,36,5,Best purchase ever!,2023-05-19
9013,10365,152,4,Good quality,2021-02-20
9014,5222,69,4,Good quality,2021-03-21
9015,4237,2,5,Highly recommend!,2023-06-01
9016,4258,172,1,Terrible,2022-11-07
9017,8402,105,3,It's okay,2023-05-30
9018,9904,178,4,Good quality,2021-09-21
9019,2286,112,5,Love it!,2023-02-01
9020,7144,153,3,Decent,2022-06-06
9021,11583,88,5,Best purchase ever!,2023-01-18
9022,6321,124,4,Good quality,2023-09-10
9023,7500,58,4,Satisfied with purchase,2022-09-20
9024,2080,133,3,Decent,2021-04-15
9025,11962,85,4,Satisfied with purchase,2023-11-04
9026,11630,144,5,,2022-05-01
9027,4774,67,3,Decent,2022-04-21
9028,4506,83,4,Nice product,2023-10-24
9029,12097,14,3,Decent,2022-11-27
9030,14436,98,3,It's okay,2023-10-13
9031,12558,129,4,Satisfied with purchase,2023-09-24
9032,11809,89,5,,2021-03-30
9033,14647,164,4,Nice product,2021-04-19
9034,12858,81,4,Nice product,2023-05-28
9035,8690,68,5,Best purchase ever!,2021-03-27
9036,11166,154,3,It's okay,2021-04-19
9037,13629,14,5,Excellent product!,2023-09-14
9038,2094,34,5,Excellent product!,2023-09-11
9039,1023,88,4,Works well,2022-08-22
9040,9377,29,1,Poor quality,2022-02-11
9041,3469,41,5,Excellent product!,2023-03-25
9042,12760,101,4,Works well,2022-09-22
9043,7480,86,3,Decent,2021-12-14
9044,7329,190,4,Nice product,2021-05-03
9045,9545,135,4,Nice product,2022-01-09
9046,796,199,2,,2021-03-28
9047,11257,187,4,Good quality,2021-07-24
9048,6989,163,4,Works well,2021-12-30
9049,11047,167,5,Best purchase ever!,2023-04-13
9050,401,176,5,Excellent product!,2021-05-16
9051,4590,150,4,Nice product,2022-01-29
9052,1864,92,3,It's okay,2021-12-02
9053,895,191,4,Satisfied with purchase,2022-06-29
9054,3606,142,2,Disappointed,2023-05-19
9055,2019,91,2,Below expectations,2021-08-30
9056,2775,1,5,Love it!,2021-10-09
9057,13067,52,5,Excellent product!,2021-03-08
9058,6458,74,5,Best purchase ever!,2021-12-13
9059,8324,156,5,,2023-02-16
9060,2335,123,3,Average product,2022-07-04
9061,3068,165,4,Good quality,2022-08-11
9062,7116,121,4,Satisfied with purchase,2023-04-20
9063,10103,28,1,Waste of money,2021-02-02
9064,14955,199,1,Poor quality,2022-07-26
9065,6648,16,5,Highly recommend!,2023-07-06
9066,2877,183,1,Do not buy,2023-03-02
9067,11731,183,5,Best purchase ever!,2021-01-27
9068,3501,77,4,Nice product,2023-04-02
9069,9755,90,1,Waste of money,2022-01-27
9070,9271,111,5,Best purchase ever!,2022-03-01
9071,5521,60,4,Nice product,2022-03-20
9072,1917,29,5,Highly recommend!,2022-01-16
9073,14606,199,4,Works well,2022-11-11
9074,9425,71,5,Love it!,2022-10-29
9075,6393,68,4,Nice product,2023-03-21
9076,1925,118,5,Best purchase ever!,2023-04-02
9077,10078,156,4,Satisfied with purchase,2022-12-08
9078,4803,65,5,Best purchase ever!,2023-01-25
9079,13640,104,2,Below expectations,2022-05-17
9080,808,107,4,Works well,2023-08-25
9081,2093,87,4,Good quality,2023-12-28
9082,6063,85,2,Not great,2023-12-25
9083,8148,32,5,Love it!,2023-03-25
9084,12113,185,3,Average product,2021-10-17
9085,844,142,5,Excellent product!,2023-05-11
9086,4869,103,4,Good quality,2023-07-23
9087,223,197,5,,2021-04-18
9088,8013,71,5,Highly recommend!,2021-11-11
9089,3305,155,5,Excellent product!,2022-04-05
9090,13992,36,4,Works well,2023-08-19
9091,14329,69,4,Good quality,2022-08-08
9092,12693,124,4,Nice product,2022-04-12
9093,3962,190,4,Works well,2022-06-29
9094,8520,6,2,Disappointed,2022-02-25
9095,11602,74,2,Below expectations,2023-08-23
9096,13696,104,3,Decent,2021-09-06
9097,11419,162,4,Satisfied with purchase,2021-02-19
9098,2459,151,2,Not great,2022-06-21
9099,152,97,4,Works well,2023-02-27
9100,3389,74,4,Works well,2022-06-18
9101,12023,179,5,Love it!,2022-07-13
9102,3021,48,2,,2021-06-27
9103,14500,177,5,,2022-02-26
9104,10819,27,5,Excellent product!,2022-12-28
9105,3214,117,5,Highly recommend!,2021-07-13
9106,7057,87,5,Excellent product!,2021-10-14
9107,8146,153,5,Love it!,2022-04-26
9108,7042,42,4,Works well,2021-11-04
9109,7447,195,5,Excellent product!,2021-10-13
9110,6733,10,2,Below expectations,2021-02-03
9111,7044,27,3,Decent,2023-11-08
9112,2048,67,4,Nice product,2021-02-12
9113,13868,78,2,Could be better,2021-10-08
9114,12614,86,3,Decent,2021-10-16
9115,7320,19,5,Love it!,2022-06-13
9116,13558,82,5,,2022-08-27
9117,2596,28,5,,2023-08-16
9118,3088,159,4,Good quality,2023-06-27
9119,11179,167,3,Decent,2022-06-28
9120,778,65,2,Disappointed,2021-12-03
9121,2394,189,4,Nice product,2022-09-23
9122,7940,102,4,Satisfied with purchase,2022-02-06
9123,7506,166,4,Satisfied with purchase,2022-04-06
9124,12801,193,4,Works well,2023-12-31
9125,10494,83,1,Poor quality,2021-07-30
9126,1691,59,4,Nice product,2022-08-09
9127,6819,59,4,Satisfied with purchase,2021-09-28
9128,6531,102,3,Not bad,2023-12-20
9129,2042,169,5,Best purchase ever!,2023-01-07
9130,5441,144,4,Nice product,2021-11-30
9131,5362,161,5,Highly recommend!,2023-09-10
9132,2393,124,4,Good quality,2021-04-26
9133,1959,172,2,Could be better,2022-07-01
9134,2492,128,5,Excellent product!,2021-01-12
9135,14547,78,4,Works well,2023-01-18
9136,3198,78,5,Highly recommend!,2021-10-11
9137,8462,80,4,Good quality,2023-05-23
9138,9846,12,4,Nice product,2022-06-29
9139,11774,6,2,Not great,2022-04-26
9140,14793,124,2,Not great,2023-02-20
9141,3835,143,2,Could be better,2021-09-25
9142,8694,118,4,Satisfied with purchase,2023-01-10
9143,7158,174,4,Works well,2021-09-05
9144,106,172,5,Love it!,2021-08-27
9145,2035,92,4,Satisfied with purchase,2022-05-09
9146,8982,99,3,Average product,2021-12-07
9147,9231,136,3,Not bad,2021-03-08
9148,6271,78,5,Best purchase ever!,2022-02-05
9149,1650,193,5,Love it!,2022-09-18
9150,11479,126,2,Could be better,2023-12-10
9151,10926,172,5,Love it!,2023-02-27
9152,6875,96,4,Satisfied with purchase,2022-03-01
9153,7067,140,4,Works well,2023-06-24
9154,13712,177,3,It's okay,2023-09-29
9155,6814,23,5,Excellent product!,2023-02-23
9156,2101,178,5,Love it!,2022-10-25
9157,964,116,5,Excellent product!,2023-07-29
9158,942,185,2,Below expectations,2022-02-08
9159,8009,119,5,Highly recommend!,2023-04-05
9160,14977,120,5,Excellent product!,2022-04-27
9161,5559,132,4,Nice product,2022-08-28
9162,4516,181,3,Not bad,2022-12-19
9163,839,16,4,Works well,2022-09-05
9164,10375,46,1,Do not buy,2023-05-25
9165,2285,96,3,It's okay,2023-04-13
9166,1450,53,4,Works well,2022-01-08
9167,1014,169,4,Good quality,2023-04-27
9168,14360,4,3,Decent,2022-11-20
9169,399,167,2,Below expectations,2021-12-06
9170,385,196,5,Highly recommend!,2021-08-30
9171,319,42,3,Average product,2022-10-28
9172,3430,116,5,Best purchase ever!,2022-01-08
9173,11526,159,5,Love it!,2023-09-02
9174,9098,175,4,Nice product,2022-03-26
9175,8509,174,3,Decent,2023-07-26
9176,5308,19,2,Could be better,2023-03-10
9177,12224,101,5,Best purchase ever!,2021-05-15
9178,4671,141,4,Works well,2021-02-26
9179,4771,115,5,Best purchase ever!,2023-08-12
9180,14588,31,3,Average product,2022-04-24
9181,12391,180,3,Not bad,2023-05-13
9182,12539,43,4,Good quality,2022-01-27
9183,2848,46,5,Excellent product!,2023-09-06
9184,10166,77,5,Excellent product!,2023-05-11
9185,14058,148,5,Best purchase ever!,2022-10-20
9186,4694,167,1,Waste of money,2022-10-27
9187,4828,154,5,Love it!,2023-02-11
9188,1404,90,2,,2021-04-28
9189,11708,192,5,Best purchase ever!,2022-08-17
9190,8011,38,1,,2021-03-11
9191,7641,170,3,Decent,2023-02-26
9192,7115,41,5,Excellent product!,2023-03-27
9193,7886,196,3,Decent,2021-05-24
9194,8856,25,5,Highly recommend!,2021-12-16
9195,8641,40,5,Highly recommend!,2021-10-26
9196,12493,155,3,It's okay,2022-01-21
9197,4855,49,4,Good quality,2023-09-03
9198,4969,121,2,,2021-04-25
9199,6545,130,2,Could be better,2022-05-03
9200,1373,97,4,Good quality,2021-11-09
9201,5031,16,5,,2021-09-05
9202,2293,171,4,Nice product,2022-02-23
9203,5133,34,4,Good quality,2022-07-27
9204,10179,77,5,,2021-04-08
9205,13268,55,5,Love it!,2021-12-30
9206,1127,24,5,Highly recommend!,2022-06-28
9207,1011,26,4,Works well,2022-11-05
9208,14422,155,3,Decent,2023-12-29
9209,5967,84,4,Nice product,2021-04-24
9210,6698,197,4,Good quality,2022-07-23
9211,8892,184,5,Excellent product!,2023-04-26
9212,13719,108,3,,2021-06-08
9213,9103,169,4,Works well,2023-05-29
9214,3001,193,4,Works well,2023-10-10
9215,4454,37,4,Good quality,2023-04-26
9216,1466,170,2,Not great,2022-04-21
9217,12142,72,4,Satisfied with purchase,2023-01-17
9218,11382,17,4,Good quality,2023-03-16
9219,8166,120,1,Poor quality,2023-08-09
9220,14644,9,2,Not great,2021-10-23
9221,13967,79,2,Disappointed,2021-10-27
9222,8912,35,3,Not bad,2023-01-09
9223,618,167,2,Below expectations,2022-01-25
9224,13692,22,4,Nice product,2022-12-27
9225,3244,199,3,Average product,2021-12-21
9226,5068,4,5,,2023-08-01
9227,9057,55,5,Best purchase ever!,2021-11-10
9228,4169,37,4,Satisfied with purchase,2021-09-05
9229,9392,64,4,Satisfied with purchase,2021-12-08
9230,11977,122,4,Satisfied with purchase,2021-01-03
9231,12185,24,2,Not great,2022-07-17
9232,12829,124,5,Excellent product!,2022-08-01
9233,4003,167,4,Nice product,2021-11-15
9234,6412,32,1,Do not buy,2021-06-03
9235,12899,4,4,Good quality,2021-09-08
9236,10408,171,4,Satisfied with purchase,2021-07-26
9237,4265,192,2,Could be better,2021-10-01
9238,13562,53,4,Satisfied with purchase,2021-12-07
9239,11900,133,3,It's okay,2022-03-04
9240,12161,186,4,Works well,2021-02-09
9241,7012,110,4,Nice product,2021-07-18
9242,10256,162,5,Love it!,2023-01-07
9243,14361,69,5,Love it!,2022-10-28
9244,10985,29,3,Not bad,2021-08-10
9245,1724,7,5,Love it!,2023-12-28
9246,8545,174,2,Not great,2022-05-25
9247,964,77,4,Good quality,2022-08-25
9248,2493,29,4,Good quality,2022-12-04
9249,12014,150,5,Excellent product!,2022-09-15
9250,3167,194,2,Not great,2023-11-28
9251,12530,190,4,Nice product,2023-04-06
9252,6352,33,4,Works well,2021-12-05
9253,2421,136,4,Works well,2022-11-16
9254,14149,13,5,Excellent product!,2023-10-29
9255,7098,171,2,Not great,2022-04-11
9256,3897,134,5,Love it!,2022-03-15
9257,8778,10,4,Nice product,2021-02-23
9258,12449,95,5,Best purchase ever!,2023-04-03
9259,8524,160,4,Nice product,2022-08-27
9260,4462,21,5,Love it!,2023-09-07
9261,4211,156,3,Average product,2021-01-09
9262,6551,98,5,Love it!,2022-12-27
9263,8099,3,5,Excellent product!,2022-12-18
9264,7056,51,4,Nice product,2022-05-09
9265,13675,136,5,Best purchase ever!,2022-01-19
9266,164,197,2,Disappointed,2022-07-18
9267,13610,7,2,Could be better,2021-03-19
9268,9461,51,4,Good quality,2023-07-19
9269,564,125,3,Decent,2023-07-13
9270,2161,138,5,Excellent product!,2023-02-01
9271,6490,44,3,Average product,2021-08-12
9272,1679,53,4,Nice product,2022-02-04
9273,11152,167,3,Not bad,2021-11-01
9274,10870,58,3,It's okay,2023-10-26
9275,7599,197,3,It's okay,2021-01-31
9276,13450,195,3,Average product,2022-02-22
9277,2641,10,5,Highly recommend!,2022-09-06
9278,13238,148,5,Highly recommend!,2023-12-13
9279,3932,170,4,Nice product,2021-02-27
9280,3308,82,2,Below expectations,2022-07-08
9281,8804,94,5,Excellent product!,2023-03-16
9282,2287,89,2,Not great,2023-12-09
9283,2557,139,3,It's okay,2022-11-12
9284,3070,172,5,Love it!,2023-07-28
9285,12468,35,3,Not bad,2021-10-09
9286,13369,139,4,Good quality,2022-11-11
9287,1271,107,5,Love it!,2021-01-07
9288,14265,142,5,Best purchase ever!,2023-10-23
9289,14824,187,5,Best purchase ever!,2021-12-12
9290,4357,68,3,Average product,2022-05-15
9291,11573,143,5,Highly recommend!,2022-06-17
9292,13782,1,3,It's okay,2023-05-06
9293,4731,17,4,Nice product,2021-11-03
9294,146,55,4,Works well,2022-10-01
9295,2251,137,4,Satisfied with purchase,2021-02-22
9296,9446,75,5,Best purchase ever!,2022-10-30
9297,14150,174,4,Works well,2022-01-20
9298,4801,99,5,Best purchase ever!,2021-01-20
9299,7358,141,5,Highly recommend!,2023-07-20
9300,10244,123,5,Best purchase ever!,2022-06-05
9301,5339,197,5,Highly recommend!,2023-05-14
9302,5269,58,3,Average product,2022-02-18
9303,7294,11,5,Excellent product!,2023-12-20
9304,14517,24,4,Good quality,2021-06-23
9305,13668,92,5,Best purchase ever!,2022-01-10
9306,8862,108,4,Good quality,2023-06-12
9307,12380,97,4,,2021-05-06
9308,9605,35,2,Below expectations,2023-03-31
9309,14529,28,4,Nice product,2021-04-16
9310,6438,15,3,Not bad,2022-08-09
9311,153,123,4,Works well,2021-03-11
9312,5621,111,5,Excellent product!,2023-09-03
9313,12238,198,3,Average product,2022-09-23
9314,13553,62,5,Love it!,2021-11-27
9315,4102,69,5,Best purchase ever!,2022-08-17
9316,10384,162,5,Best purchase ever!,2021-09-14
9317,508,176,2,Below expectations,2022-12-15
9318,4155,170,1,Terrible,2021-04-14
9319,14072,169,4,Nice product,2022-05-30
9320,13520,39,2,Below expectations,2022-10-10
9321,1723,122,4,Satisfied with purchase,2022-01-11
9322,7662,170,5,Love it!,2023-06-18
9323,7387,86,3,It's okay,2021-11-01
9324,14885,162,3,It's okay,2023-03-25
9325,7233,144,4,Works well,2021-12-15
9326,10441,33,5,Best purchase ever!,2023-02-23
9327,5094,40,2,Could be better,2023-04-21
9328,7043,189,5,Highly recommend!,2022-05-23
9329,466,8,4,Satisfied with purchase,2023-07-01
9330,3655,130,5,Love it!,2021-08-30
9331,6827,132,3,Average product,2022-05-03
9332,5354,37,4,Good quality,2022-03-08
9333,6332,23,3,Not bad,2022-08-25
9334,13428,93,4,Good quality,2022-07-02
9335,10986,193,4,Nice product,2022-12-10
9336,9190,68,5,Excellent product!,2022-04-28
9337,7484,16,4,Works well,2021-11-12
9338,4426,96,2,Disappointed,2021-01-17
9339,13918,10,5,Love it!,2021-11-15
9340,9688,163,2,Could be better,2022-08-31
9341,2772,8,4,Nice product,2023-12-28
9342,479,150,4,Good quality,2022-05-09
9343,9170,63,5,Best purchase ever!,2023-05-24
9344,11032,114,2,Disappointed,2023-12-20
9345,13703,150,4,Works well,2022-07-30
9346,4791,15,4,Works well,2021-07-04
9347,5311,76,5,Excellent product!,2021-12-11
9348,11961,141,5,Highly recommend!,2022-05-01
9349,7637,41,3,Average product,2021-04-16
9350,8309,94,4,Works well,2021-01-03
9351,2582,169,4,Works well,2023-03-29
9352,10263,103,4,Satisfied with purchase,2023-01-15
9353,7905,154,5,Highly recommend!,2021-10-15
9354,4943,151,3,It's okay,2022-05-04
9355,7621,69,3,Not bad,2022-06-16
9356,4348,183,5,Highly recommend!,2021-03-20
9357,14487,13,4,Good quality,2021-03-30
9358,8854,132,4,Works well,2022-02-12
9359,10670,13,5,Highly recommend!,2021-12-08
9360,3175,119,4,Satisfied with purchase,2021-04-04
9361,4987,189,3,It's okay,2023-02-15
9362,13946,178,4,Works well,2023-11-17
9363,10122,17,1,Terrible,2023-08-11
9364,2445,96,5,Love it!,2022-10-08
9365,7024,30,4,Nice product,2021-04-15
9366,3346,178,4,Nice product,2021-10-28
9367,680,177,5,Love it!,2021-12-30
9368,2118,110,3,Not bad,2021-02-24
9369,12653,12,2,Not great,2023-03-30
9370,5347,191,5,Best purchase ever!,2021-12-08
9371,1060,69,5,Excellent product!,2021-05-20
9372,5518,115,5,Excellent product!,2022-07-09
9373,5605,2,3,Not bad,2021-10-22
9374,6190,15,5,Love it!,2023-07-30
9375,2659,3,5,Highly recommend!,2022-04-25
9376,7503,178,5,Best purchase ever!,2023-08-20
9377,13222,183,4,Works well,2022-02-18
9378,510,68,2,Could be better,2023-01-08
9379,151,83,4,Nice product,2022-02-09
9380,1792,196,1,Do not buy,2023-04-27
9381,3005,37,4,Satisfied with purchase,2022-12-10
9382,5727,56,1,Terrible,2023-09-02
9383,6278,41,4,Good quality,2023-02-09
9384,4050,90,4,Good quality,2021-08-29
9385,3436,138,3,Not bad,2023-02-02
9386,7592,94,3,Average product,2022-11-05
9387,10205,172,5,Love it!,2022-08-04
9388,2908,70,4,Good quality,2021-09-09
9389,6727,67,3,Decent,2023-10-01
9390,4424,160,4,Good quality,2022-10-11
9391,28,173,4,Good quality,2022-06-06
9392,8941,18,3,It's okay,2023-07-21
9393,9041,128,5,Best purchase ever!,2023-10-22
9394,3088,157,5,Highly recommend!,2021-05-06
9395,1764,52,4,Good quality,2021-08-30
9396,5955,190,2,Disappointed,2022-07-29
9397,14042,28,2,Disappointed,2023-01-04
9398,6282,195,4,Satisfied with purchase,2022-07-03
9399,8057,32,5,Highly recommend!,2021-07-10
9400,1442,30,4,Nice product,2021-01-28
9401,5140,114,2,,2021-03-24
9402,5123,110,4,Good quality,2023-08-22
9403,4659,200,5,,2023-05-31
9404,790,173,4,Satisfied with purchase,2023-12-08
9405,3056,43,5,Love it!,2022-04-11
9406,14615,189,5,Love it!,2022-12-21
9407,11645,158,3,It's okay,2023-08-29
9408,9244,7,4,Works well,2021-02-03
9409,9434,68,2,,2022-07-05
9410,7440,122,2,Below expectations,2022-03-26
9411,3985,69,4,Works well,2022-02-17
9412,9147,157,2,Disappointed,2021-04-09
9413,4638,174,2,Not great,2023-06-21
9414,13583,102,3,Decent,2023-07-27
9415,7215,23,5,Highly recommend!,2023-11-29
9416,3159,158,2,Disappointed,2022-05-05
9417,12952,21,5,Love it!,2023-04-10
9418,12568,170,4,Satisfied with purchase,2023-11-05
9419,10569,37,5,Highly recommend!,2021-03-07
9420,6889,2,2,Could be better,2021-10-22
9421,12117,167,5,Love it!,2023-04-21
9422,8064,5,4,Satisfied with purchase,2022-12-01
9423,5822,195,1,Terrible,2021-12-11
9424,3873,37,5,Highly recommend!,2023-10-17
9425,7148,168,4,Satisfied with purchase,2022-08-19
9426,13620,173,4,Nice product,2022-10-20
9427,6900,12,4,Good quality,2021-06-06
9428,11238,161,4,Nice product,2023-10-28
9429,10826,116,4,,2021-07-04
9430,3335,115,3,It's okay,2022-01-10
9431,5041,158,3,Not bad,2023-06-13
9432,11221,182,4,Works well,2022-08-18
9433,6268,59,4,Good quality,2022-05-03
9434,12496,124,2,Not great,2023-08-24
9435,248,117,3,Not bad,2022-01-31
9436,9266,90,2,Below expectations,2022-09-23
9437,8487,80,3,Not bad,2021-04-09
9438,8906,177,4,Good quality,2022-07-14
9439,3539,78,4,Works well,2023-02-27
9440,6886,135,5,,2021-08-21
9441,13520,32,4,Nice product,2022-11-20
9442,4387,115,3,It's okay,2021-09-18
9443,6182,126,4,Works well,2021-09-19
9444,10380,168,5,Excellent product!,2021-05-21
9445,4589,26,5,,2021-11-12
9446,14187,109,5,Best purchase ever!,2022-09-19
9447,14498,198,4,Works well,2021-12-11
9448,6558,184,3,Average product,2021-08-03
9449,12883,13,4,,2021-06-24
9450,11980,128,4,Satisfied with purchase,2022-07-07
9451,2036,155,5,Best purchase ever!,2022-06-05
9452,2515,17,5,Love it!,2023-11-23
9453,9776,90,5,Love it!,2023-07-01
9454,12694,4,4,Nice product,2021-09-01
9455,11222,81,2,Disappointed,2022-11-25
9456,92,103,4,Nice product,2023-08-28
9457,4033,118,5,Excellent product!,2021-11-10
9458,565,118,5,Excellent product!,2021-11-07
9459,12413,2,4,Satisfied with purchase,2021-10-03
9460,8157,191,1,Do not buy,2023-03-29
9461,14697,159,3,,2021-03-24
9462,13395,32,4,Nice product,2023-09-03
9463,2961,192,4,Good quality,2021-04-07
9464,4215,4,4,Nice product,2021-09-28
9465,13908,39,4,Good quality,2022-09-24
9466,5519,30,4,Nice product,2022-05-10
9467,8461,13,5,Excellent product!,2023-04-23
9468,12062,60,5,,2023-10-05
9469,13152,116,5,Love it!,2023-07-18
9470,9278,98,4,Satisfied with purchase,2021-10-10
9471,10656,138,2,Below expectations,2022-08-09
9472,11479,31,5,,2021-07-05
9473,6606,75,2,Below expectations,2022-04-09
9474,12205,62,4,Satisfied with purchase,2022-01-31
9475,7002,152,5,Highly recommend!,2023-10-18
9476,12214,189,3,Average product,2021-09-26
9477,11355,181,4,Good quality,2022-10-12
9478,2884,151,5,Best purchase ever!,2023-08-23
9479,10993,67,5,Excellent product!,2023-08-24
9480,12876,29,4,Satisfied with purchase,2022-09-30
9481,5079,180,4,Satisfied with purchase,2022-02-04
9482,6938,59,3,Not bad,2021-03-26
9483,4722,165,4,,2021-05-05
9484,5688,76,4,Works well,2021-12-19
9485,2313,59,4,Good quality,2023-11-16
9486,5550,134,3,Not bad,2021-01-25
9487,2048,123,5,Excellent product!,2022-04-16
9488,3974,108,4,Nice product,2021-06-11
9489,13406,104,2,Disappointed,2022-03-09
9490,13277,119,2,Could be better,2022-05-14
9491,14617,152,5,Excellent product!,2022-11-13
9492,1412,97,3,Not bad,2023-10-26
9493,6724,47,4,Works well,2021-01-13
9494,5732,115,4,,2022-01-16
9495,1019,197,4,Good quality,2021-07-30
9496,6074,32,5,Excellent product!,2021-07-08
9497,6370,81,5,Best purchase ever!,2021-11-15
9498,5278,124,5,Best purchase ever!,2022-11-16
9499,11093,124,5,Best purchase ever!,2022-04-10
9500,715,31,3,Average product,2023-01-14
9501,10834,75,4,Satisfied with purchase,2022-08-01
9502,12979,85,4,Nice product,2022-08-20
9503,8299,41,4,Works well,2023-03-12
9504,1484,63,1,Poor quality,2022-07-29
9505,5937,59,5,Best purchase ever!,2021-05-17
9506,14846,156,5,Highly recommend!,2022-03-14
9507,585,2,3,It's okay,2021-10-11
9508,6127,8,2,Could be better,2021-03-03
9509,3010,154,3,It's okay,2021-11-11
9510,7411,137,5,Best purchase ever!,2023-06-19
9511,14346,91,4,Good quality,2022-09-29
9512,393,141,4,Satisfied with purchase,2021-11-26
9513,2462,181,3,Average product,2022-10-05
9514,1619,196,5,Highly recommend!,2023-05-16
9515,5649,26,3,Decent,2021-01-04
9516,3473,92,3,Not bad,2021-01-31
9517,11835,73,4,Nice product,2021-08-02
9518,8669,176,4,Satisfied with purchase,2023-11-23
9519,13919,67,3,Not bad,2022-04-15
9520,4450,175,5,Highly recommend!,2022-03-12
9521,2392,17,5,Best purchase ever!,2021-08-04
9522,14755,144,3,Not bad,2022-05-29
9523,5951,99,4,Works well,2022-02-07
9524,4523,55,3,Average product,2021-08-31
9525,12533,3,4,,2023-08-05
9526,8922,49,5,Best purchase ever!,2022-05-18
9527,10735,125,4,Good quality,2023-04-14
9528,3693,132,5,Love it!,2021-08-30
9529,12884,149,4,Works well,2021-08-19
9530,13856,157,5,Best purchase ever!,2023-03-10
9531,656,39,4,Satisfied with purchase,2022-07-31
9532,10074,11,5,Best purchase ever!,2023-01-20
9533,678,8,3,Decent,2023-04-23
9534,8923,58,3,Not bad,2021-04-07
9535,1048,75,4,Works well,2021-08-09
9536,11193,93,3,Decent,2023-07-19
9537,3348,85,1,Waste of money,2021-06-22
9538,2752,152,3,Decent,2021-02-20
9539,2128,49,4,Nice product,2021-03-19
9540,10986,178,4,Nice product,2023-04-26
9541,10119,189,4,Works well,2021-12-23
9542,8633,59,3,It's okay,2023-05-29
9543,152,36,2,Disappointed,2023-07-24
9544,5570,96,5,Best purchase ever!,2023-01-20
9545,9022,114,5,Excellent product!,2022-06-24
9546,9839,60,3,Not bad,2023-03-02
9547,1314,184,4,Satisfied with purchase,2023-05-27
9548,644,167,4,Satisfied with purchase,2021-06-06
9549,11785,101,4,Nice product,2021-12-25
9550,2219,14,4,Satisfied with purchase,2022-06-23
9551,5524,167,4,Works well,2023-05-07
9552,1118,193,4,Satisfied with purchase,2023-06-19
9553,1945,72,4,Satisfied with purchase,2021-01-19
9554,8103,81,4,Nice product,2023-03-11
9555,11331,72,4,Nice product,2023-10-13
9556,1993,190,5,Love it!,2022-11-23
9557,255,126,3,Decent,2021-07-06
9558,3939,150,4,Satisfied with purchase,2021-08-25
9559,5323,132,4,Good quality,2021-10-13
9560,11143,98,4,Good quality,2021-05-04
9561,2388,122,3,It's okay,2021-03-07
9562,12786,183,2,Could be better,2021-01-20
9563,13661,157,4,Satisfied with purchase,2021-05-07
9564,9429,22,5,Best purchase ever!,2021-07-19
9565,9735,9,2,Could be better,2023-05-11
9566,12674,109,5,Highly recommend!,2021-09-01
9567,5852,120,5,Excellent product!,2022-09-19
9568,1988,155,5,Best purchase ever!,2023-01-06
9569,14958,166,5,Best purchase ever!,2022-02-11
9570,14567,70,4,Good quality,2023-08-19
9571,3891,134,5,Excellent product!,2023-09-20
9572,9742,102,4,Works well,2022-11-29
9573,9688,16,4,Works well,2022-05-10
9574,9825,167,4,,2022-07-18
9575,67,91,5,,2023-09-21
9576,7070,168,5,Excellent product!,2022-09-12
9577,13084,47,4,Nice product,2022-10-17
9578,3122,182,5,Excellent product!,2022-06-09
9579,7793,181,3,Not bad,2022-03-26
9580,14676,161,4,Good quality,2022-04-29
9581,14157,164,3,It's okay,2022-11-22
9582,2662,156,4,Good quality,2022-08-01
9583,12186,174,4,Satisfied with purchase,2022-07-30
9584,11350,79,1,Do not buy,2021-01-05
9585,9001,169,3,Not bad,2022-10-10
9586,10258,102,5,Excellent product!,2021-10-17
9587,750,48,4,Works well,2023-12-16
9588,740,60,5,Love it!,2022-06-21
9589,5956,18,4,Satisfied with purchase,2023-11-18
9590,13429,92,4,Nice product,2023-05-08
9591,13917,186,5,Best purchase ever!,2021-04-23
9592,10045,119,2,Below expectations,2023-03-02
9593,12015,140,5,Best purchase ever!,2022-10-21
9594,10976,29,4,Nice product,2021-02-19
9595,4592,41,5,Love it!,2023-02-23
9596,14814,135,5,Highly recommend!,2022-10-06
9597,251,98,3,Average product,2021-08-29
9598,8982,123,5,Highly recommend!,2021-02-17
9599,9648,121,1,Poor quality,2022-04-30
9600,334,198,5,Excellent product!,2023-07-20
9601,408,70,2,Below expectations,2023-01-06
9602,8276,199,3,It's okay,2022-10-18
9603,697,182,5,Highly recommend!,2021-03-03
9604,5578,93,3,It's okay,2023-03-28
9605,4941,43,2,Below expectations,2022-11-02
9606,6165,5,5,Love it!,2022-04-10
9607,11124,32,3,Average product,2021-04-26
9608,1243,9,4,Satisfied with purchase,2022-03-04
9609,9695,91,4,Nice product,2021-03-23
9610,10764,119,4,Nice product,2021-01-13
9611,5127,25,5,Love it!,2021-12-09
9612,2217,177,3,Decent,2021-04-11
9613,622,66,5,Love it!,2023-01-13
9614,14291,158,3,It's okay,2023-04-25
9615,8696,117,5,Best purchase ever!,2023-02-14
9616,7853,176,5,Highly recommend!,2023-08-13
9617,11263,169,4,Satisfied with purchase,2023-11-10
9618,12887,153,5,Best purchase ever!,2021-05-04
9619,4977,146,4,Works well,2021-09-29
9620,13764,8,5,Best purchase ever!,2023-12-30
9621,10754,49,2,Could be better,2023-08-03
9622,14882,34,4,Satisfied with purchase,2022-08-04
9623,2617,1,3,It's okay,2022-02-15
9624,6721,171,5,Love it!,2023-10-22
9625,4821,170,4,Good quality,2021-01-05
9626,4468,67,4,Nice product,2023-11-18
9627,836,66,4,Good quality,2023-03-27
9628,7021,27,4,Works well,2022-03-13
9629,12433,190,4,,2021-03-31
9630,11815,178,3,Average product,2022-07-29
9631,8745,171,5,Love it!,2022-01-04
9632,10248,188,5,Highly recommend!,2022-12-29
9633,1977,53,3,It's okay,2023-02-01
9634,12998,169,4,Satisfied with purchase,2022-09-03
9635,8939,26,5,Love it!,2021-11-20
9636,3835,106,5,Love it!,2021-12-16
9637,6860,79,4,,2022-05-07
9638,12777,153,3,Decent,2021-07-27
9639,4017,120,4,Satisfied with purchase,2022-08-08
9640,8336,135,4,Good quality,2021-06-20
9641,9108,19,4,Works well,2022-07-22
9642,12144,189,3,It's okay,2022-08-31
9643,7054,75,3,Decent,2023-05-22
9644,87,148,5,,2021-11-28
9645,3677,124,5,Highly recommend!,2022-05-04
9646,969,180,4,Works well,2021-04-29
9647,2405,84,4,Works well,2021-02-17
9648,10238,89,3,Average product,2021-11-11
9649,11497,113,3,Average product,2022-12-05
9650,6656,51,3,It's okay,2023-02-03
9651,1028,60,1,Waste of money,2022-11-27
9652,6274,186,3,Decent,2023-02-16
9653,7547,177,3,Average product,2021-02-06
9654,6895,186,1,Do not buy,2022-08-16
9655,4062,61,2,Could be better,2021-05-23
9656,7392,140,5,Excellent product!,2022-06-17
9657,3375,180,3,It's okay,2021-01-21
9658,2139,37,4,Nice product,2021-06-01
9659,11524,136,3,It's okay,2021-09-28
9660,14841,134,4,Satisfied with purchase,2023-02-12
9661,13819,95,3,Not bad,2023-05-19
9662,13674,115,4,Works well,2022-09-21
9663,1263,60,3,Not bad,2021-03-02
9664,3063,85,4,Nice product,2023-11-12
9665,9070,116,2,Disappointed,2023-11-02
9666,2259,183,4,Satisfied with purchase,2023-05-20
9667,13926,98,5,Best purchase ever!,2021-05-13
9668,2215,151,4,Satisfied with purchase,2023-05-02
9669,4743,73,5,Highly recommend!,2021-04-26
9670,12526,138,3,Not bad,2022-02-15
9671,5295,197,2,Not great,2022-02-17
9672,8609,75,2,,2022-10-23
9673,2451,126,3,It's okay,2021-05-02
9674,10101,125,2,Disappointed,2021-12-23
9675,9602,41,1,Do not buy,2022-05-08
9676,2865,126,3,It's okay,2022-05-03
9677,3635,179,3,Decent,2021-10-19
9678,6874,108,2,Below expectations,2021-08-10
9679,12414,181,4,Good quality,2023-09-03
9680,6576,93,5,Highly recommend!,2021-08-04
9681,8563,85,5,Best purchase ever!,2023-01-08
9682,10869,29,1,Poor quality,2023-05-09
9683,12552,87,5,Love it!,2021-09-28
9684,1815,108,3,It's okay,2022-06-24
9685,1476,73,4,Good quality,2023-06-30
9686,2164,21,4,Works well,2021-01-24
9687,216,145,5,Love it!,2022-08-12
9688,8774,130,4,Satisfied with purchase,2021-11-02
9689,1989,180,4,Nice product,2023-12-09
9690,12201,186,5,Best purchase ever!,2022-12-04
9691,10423,22,3,Decent,2022-05-21
9692,3930,47,4,Nice product,2022-06-17
9693,9533,21,2,Not great,2022-11-06
9694,5555,169,2,Could be better,2023-04-13
9695,1245,155,5,Love it!,2021-11-29
9696,6067,40,4,Works well,2023-08-11
9697,9047,58,2,Below expectations,2023-02-15
9698,12840,153,4,Satisfied with purchase,2023-05-11
9699,2510,15,5,Love it!,2023-02-28
9700,1230,121,2,Not great,2022-12-13
9701,8596,15,3,Not bad,2023-01-09
9702,5865,36,4,Works well,2021-01-29
9703,9892,41,3,Not bad,2021-02-05
9704,8957,25,5,Highly recommend!,2023-04-19
9705,8382,28,5,Highly recommend!,2022-06-01
9706,2217,4,1,Poor quality,2021-05-13
9707,1483,121,3,Average product,2022-03-10
9708,13997,28,4,Nice product,2023-01-22
9709,7335,81,4,Works well,2022-12-12
9710,6914,185,4,Works well,2022-06-06
9711,7303,133,4,Works well,2022-08-28
9712,13214,195,5,Highly recommend!,2021-06-06
9713,1088,155,3,It's okay,2022-05-25
9714,3093,11,5,Highly recommend!,2023-08-28
9715,11328,60,2,Could be better,2021-11-18
9716,5591,87,5,Best purchase ever!,2022-11-30
9717,10014,93,5,Excellent product!,2021-08-28
9718,12903,158,5,Excellent product!,2022-11-05
9719,9915,45,4,Works well,2021-11-04
9720,10880,129,3,Not bad,2022-08-07
9721,4699,38,4,Nice product,2022-03-03
9722,6606,132,3,It's okay,2023-10-29
9723,13388,136,4,Works well,2023-06-15
9724,3511,11,5,Love it!,2023-07-20
9725,1058,191,5,Love it!,2023-10-17
9726,1512,199,3,Decent,2021-04-13
9727,9763,8,4,Satisfied with purchase,2023-06-23
9728,11128,46,5,Highly recommend!,2021-06-21
9729,83,169,4,Satisfied with purchase,2021-04-09
9730,4509,120,5,Love it!,2021-12-21
9731,9667,124,4,Satisfied with purchase,2021-06-19
9732,12362,200,5,Highly recommend!,2022-11-27
9733,13123,11,2,Disappointed,2021-04-07
9734,1083,50,3,Average product,2022-03-16
9735,14374,80,2,Disappointed,2022-09-02
9736,9762,91,2,Disappointed,2022-11-01
9737,7780,90,4,Works well,2022-03-22
9738,14321,116,5,Excellent product!,2022-12-30
9739,7535,193,3,Not bad,2021-05-18
9740,7029,159,3,Decent,2022-11-22
9741,5403,47,5,Excellent product!,2022-12-27
9742,6852,18,3,It's okay,2021-07-17
9743,14908,57,4,Works well,2021-01-28
9744,10878,106,3,It's okay,2021-03-20
9745,11733,128,4,Nice product,2023-06-30
9746,5204,33,4,Nice product,2022-11-18
9747,7761,110,5,,2023-01-29
9748,14180,36,5,Highly recommend!,2021-06-30
9749,12474,180,1,Waste of money,2022-04-25
9750,11061,44,4,Nice product,2021-01-07
9751,8573,150,4,Satisfied with purchase,2021-08-14
9752,5327,12,4,Satisfied with purchase,2023-08-19
9753,1784,34,1,Terrible,2021-08-25
9754,1476,31,3,Decent,2021-08-21
9755,7135,83,3,It's okay,2022-11-07
9756,3370,76,1,Do not buy,2021-10-16
9757,218,111,5,Highly recommend!,2021-12-26
9758,12814,49,4,Satisfied with purchase,2022-04-14
9759,10545,40,3,Average product,2023-05-26
9760,13307,63,5,Highly recommend!,2021-09-25
9761,2183,37,5,Best purchase ever!,2022-05-08
9762,6257,74,3,It's okay,2023-06-03
9763,7008,102,3,It's okay,2021-08-10
9764,10025,94,3,It's okay,2021-04-24
9765,9550,23,3,Average product,2022-06-08
9766,7023,188,5,Highly recommend!,2021-07-11
9767,12405,182,3,It's okay,2023-06-28
9768,12323,178,5,Highly recommend!,2021-08-19
9769,8999,197,5,Excellent product!,2021-07-17
9770,13396,180,2,Below expectations,2023-03-18
9771,6397,194,4,Nice product,2022-02-26
9772,7803,151,1,Waste of money,2023-06-03
9773,3733,148,3,It's okay,2022-05-25
9774,7239,21,5,Highly recommend!,2021-08-12
9775,1791,142,4,Nice product,2022-07-26
9776,10548,196,4,Works well,2021-10-08
9777,7285,170,4,Works well,2022-10-18
9778,6583,83,4,Good quality,2021-05-18
9779,5968,128,5,Excellent product!,2023-03-30
9780,4637,116,5,Best purchase ever!,2021-02-23
9781,381,68,5,Highly recommend!,2021-06-20
9782,9556,193,4,Good quality,2021-10-23
9783,7224,23,4,Works well,2023-04-06
9784,5487,167,4,Nice product,2021-01-07
9785,5298,97,5,Best purchase ever!,2022-03-14
9786,8654,66,3,Decent,2023-09-14
9787,10908,124,3,Not bad,2021-09-26
9788,407,81,2,Below expectations,2021-01-12
9789,2943,136,4,Works well,2021-01-12
9790,7622,112,5,Highly recommend!,2021-10-24
9791,5519,30,4,Satisfied with purchase,2021-07-31
9792,6150,171,5,Love it!,2021-06-19
9793,12325,65,5,Best purchase ever!,2022-10-04
9794,1168,46,3,Decent,2021-08-02
9795,9622,165,5,Best purchase ever!,2023-12-03
9796,3798,108,4,Nice product,2022-07-08
9797,10199,93,3,Decent,2022-05-23
9798,11622,175,4,Nice product,2023-03-16
9799,1991,143,4,Good quality,2022-06-13
9800,3858,172,4,Works well,2023-03-18
9801,5364,146,5,Best purchase ever!,2022-08-20
9802,14597,14,4,Good quality,2022-06-15
9803,7811,21,4,Good quality,2023-06-04
9804,7271,163,4,Satisfied with purchase,2023-12-01
9805,14301,22,5,Highly recommend!,2023-10-10
9806,2070,45,5,Love it!,2023-03-17
9807,2767,191,5,,2023-12-11
9808,9611,108,3,Decent,2023-01-30
9809,11754,102,4,Good quality,2022-12-05
9810,2617,34,3,Not bad,2021-08-18
9811,8101,79,4,Good quality,2022-05-20
9812,11672,28,4,Good quality,2023-10-20
9813,3511,177,5,Love it!,2023-12-09
9814,6694,118,5,Best purchase ever!,2022-03-23
9815,4009,196,1,Do not buy,2021-12-04
9816,13083,2,5,Best purchase ever!,2022-10-07
9817,10643,122,3,Not bad,2022-08-28
9818,10645,35,5,Highly recommend!,2022-03-09
9819,272,66,3,It's okay,2023-03-24
9820,9594,200,3,Not bad,2021-06-03
9821,10037,196,4,Good quality,2021-09-24
9822,11142,96,3,It's okay,2023-03-11
9823,14450,44,3,Not bad,2022-11-22
9824,9637,56,4,Satisfied with purchase,2023-01-31
9825,5100,84,2,Could be better,2021-01-07
9826,1450,65,2,Not great,2021-05-29
9827,6461,108,4,Nice product,2022-06-04
9828,9897,170,5,Love it!,2022-09-01
9829,8715,118,5,Love it!,2023-12-10
9830,14047,170,4,Good quality,2022-11-03
9831,10694,126,5,,2022-06-18
9832,3387,70,4,Satisfied with purchase,2021-05-24
9833,10611,135,1,Poor quality,2023-11-01
9834,287,69,5,Excellent product!,2022-05-01
9835,11180,23,5,Love it!,2023-12-18
9836,536,83,3,Not bad,2023-08-20
9837,6496,116,5,Love it!,2021-05-24
9838,2993,47,4,Works well,2021-03-16
9839,14359,167,4,Satisfied with purchase,2021-05-16
9840,148,40,4,Satisfied with purchase,2023-03-23
9841,1705,114,4,Nice product,2023-05-17
9842,12332,114,4,Nice product,2022-07-27
9843,11490,123,1,Waste of money,2022-12-24
9844,7250,105,3,It's okay,2021-03-09
9845,12133,46,1,Do not buy,2023-06-06
9846,13775,2,3,It's okay,2021-05-03
9847,13844,73,5,Highly recommend!,2023-02-15
9848,11313,161,3,Not bad,2021-09-13
9849,13713,86,3,Average product,2022-07-07
9850,3670,58,5,Love it!,2022-05-28
9851,2428,183,3,Decent,2023-07-10
9852,14930,41,4,Works well,2022-10-13
9853,424,163,3,Average product,2023-06-20
9854,3875,169,2,Disappointed,2023-07-12
9855,4014,88,3,It's okay,2023-06-09
9856,13568,7,4,Works well,2023-05-31
9857,4035,174,2,Disappointed,2023-04-19
9858,5021,101,1,,2023-09-30
9859,12750,42,3,Average product,2021-01-14
9860,3818,120,3,Decent,2023-07-23
9861,9311,26,5,Best purchase ever!,2023-04-08
9862,4154,50,4,,2022-02-23
9863,315,53,4,Satisfied with purchase,2021-02-17
9864,10893,89,4,Good quality,2021-08-15
9865,6451,66,5,Highly recommend!,2021-10-25
9866,4032,163,1,Waste of money,2021-05-21
9867,11409,87,4,Nice product,2023-11-30
9868,4455,184,5,Excellent product!,2021-02-26
9869,13733,88,4,Good quality,2022-06-18
9870,9782,127,5,Highly recommend!,2023-07-31
9871,9307,156,2,Not great,2021-08-07
9872,12730,77,4,Satisfied with purchase,2023-03-27
9873,7362,65,3,Average product,2021-02-16
9874,377,162,5,Best purchase ever!,2021-01-14
9875,4903,79,3,Not bad,2023-09-25
9876,2517,108,4,Nice product,2022-09-14
9877,4112,35,4,Satisfied with purchase,2022-12-13
9878,6301,61,5,Excellent product!,2021-05-04
9879,14832,100,4,Good quality,2022-01-29
9880,3191,20,5,Excellent product!,2022-08-05
9881,6981,200,5,Excellent product!,2022-03-28
9882,6472,102,4,Satisfied with purchase,2022-07-13
9883,10957,168,4,,2022-07-27
9884,10140,162,4,Good quality,2021-09-03
9885,8344,125,4,Nice product,2022-01-05
9886,8646,71,3,It's okay,2023-03-11
9887,4997,89,3,Decent,2023-01-04
9888,10822,8,2,Disappointed,2023-01-29
9889,6924,36,4,Works well,2023-03-04
9890,4405,122,2,Not great,2022-08-27
9891,916,15,2,Could be better,2023-09-25
9892,4064,156,5,Best purchase ever!,2022-07-24
9893,14727,145,4,Works well,2023-07-01
9894,11970,105,5,Excellent product!,2022-11-15
9895,3605,107,4,Good quality,2023-09-12
9896,12812,52,4,Satisfied with purchase,2022-02-20
9897,6121,179,5,Highly recommend!,2022-03-17
9898,4983,56,4,Nice product,2022-09-19
9899,8491,109,4,Works well,2022-07-10
9900,390,70,4,Satisfied with purchase,2021-07-31
9901,1324,104,5,Love it!,2021-01-26
9902,1429,23,4,Nice product,2023-01-07
9903,5709,110,3,,2021-01-08
9904,12728,158,5,Best purchase ever!,2023-07-21
9905,14904,112,4,Works well,2021-11-19
9906,769,158,2,,2022-08-21
9907,11694,56,3,It's okay,2021-06-06
9908,4111,90,5,Love it!,2021-05-19
9909,9030,142,5,Love it!,2021-01-09
9910,3703,126,4,Satisfied with purchase,2021-06-22
9911,1063,181,5,Best purchase ever!,2021-10-11
9912,3331,131,1,Waste of money,2023-05-22
9913,12915,138,4,Good quality,2021-12-14
9914,3344,108,4,Satisfied with purchase,2023-06-29
9915,1073,51,5,Highly recommend!,2021-09-28
9916,652,76,5,Highly recommend!,2023-04-02
9917,2124,100,4,Nice product,2022-05-08
9918,11445,35,3,Decent,2022-03-20
9919,7436,66,4,Nice product,2022-12-29
9920,1158,129,4,Satisfied with purchase,2021-12-12
9921,6675,196,5,Love it!,2021-08-01
9922,9463,151,3,Not bad,2023-11-08
9923,3419,77,5,Highly recommend!,2021-10-25
9924,1129,99,5,Excellent product!,2021-04-17
9925,2230,67,3,Decent,2022-02-14
9926,3969,187,4,Satisfied with purchase,2022-03-31
9927,10029,51,5,Highly recommend!,2023-05-24
9928,7727,6,3,Average product,2023-12-12
9929,2825,10,2,Disappointed,2022-06-28
9930,4054,50,5,Excellent product!,2021-01-27
9931,2069,127,5,Highly recommend!,2021-02-02
9932,12734,83,2,Could be better,2022-11-19
9933,5197,46,4,Works well,2022-06-19
9934,5095,46,4,Satisfied with purchase,2021-08-27
9935,3616,131,5,Best purchase ever!,2022-03-23
9936,12630,170,3,Decent,2022-12-16
9937,13253,192,5,Best purchase ever!,2023-12-21
9938,11031,158,1,Terrible,2021-06-17
9939,13659,52,5,Best purchase ever!,2022-07-28
9940,5911,105,5,Best purchase ever!,2021-03-05
9941,4588,113,5,Highly recommend!,2023-03-04
9942,7829,16,4,Works well,2021-05-25
9943,8936,65,5,Love it!,2023-01-17
9944,5636,89,5,Highly recommend!,2021-05-06
9945,287,148,2,Disappointed,2023-06-22
9946,7230,33,3,Not bad,2021-02-16
9947,11967,25,5,Excellent product!,2021-10-07
9948,12653,156,4,Works well,2021-03-17
9949,2528,102,5,Best purchase ever!,2022-01-12
9950,12111,93,4,Satisfied with purchase,2022-02-20
9951,10090,197,4,Satisfied with purchase,2022-03-28
9952,13727,122,3,Decent,2022-12-25
9953,14726,42,4,Satisfied with purchase,2022-06-20
9954,6429,5,5,Excellent product!,2021-09-07
9955,10290,162,4,Good quality,2021-04-06
9956,14742,20,4,Works well,2022-09-07
9957,11229,126,3,Not bad,2022-07-09
9958,9633,81,4,Good quality,2021-11-21
9959,11879,61,2,Not great,2022-11-20
9960,2713,79,4,,2022-01-04
9961,3812,168,4,Works well,2023-12-10
9962,8911,107,4,Good quality,2023-08-25
9963,6547,73,5,Best purchase ever!,2022-07-22
9964,1709,193,4,Works well,2023-04-12
9965,3783,150,3,Average product,2023-01-19
9966,9492,35,4,Good quality,2021-11-22
9967,9769,27,5,Best purchase ever!,2021-11-10
9968,9648,191,5,Excellent product!,2021-11-16
9969,8729,5,3,Not bad,2023-01-14
9970,12622,58,2,Below expectations,2021-05-20
9971,997,20,3,Decent,2021-01-31
9972,11365,33,5,Best purchase ever!,2022-09-08
9973,13548,115,4,Satisfied with purchase,2023-01-21
9974,1902,147,5,Love it!,2021-01-19
9975,4237,183,1,Poor quality,2023-03-13
9976,1636,69,4,Nice product,2022-05-25
9977,2291,162,4,Good quality,2021-05-24
9978,3465,187,3,Average product,2022-11-04
9979,1788,126,3,Average product,2023-11-02
9980,630,77,4,Nice product,2021-04-26
9981,1927,88,4,Nice product,2023-11-10
9982,13517,199,3,Not bad,2022-01-15
9983,8346,46,5,Love it!,2023-03-06
9984,11058,59,3,Average product,2022-12-29
9985,11500,144,5,Highly recommend!,2021-10-21
9986,8098,75,5,Excellent product!,2022-07-09
9987,8328,145,3,It's okay,2021-09-21
9988,9627,138,4,Good quality,2022-06-05
9989,13805,88,4,Satisfied with purchase,2023-10-05
9990,11147,67,5,Best purchase ever!,2022-05-05
9991,458,66,4,Good quality,2022-12-05
9992,6762,72,4,Good quality,2022-10-02
9993,5829,120,4,,2021-03-09
9994,6628,64,3,Average product,2021-08-26
9995,4945,11,4,Satisfied with purchase,2023-08-01
9996,1793,129,4,Nice product,2021-01-03
9997,2981,29,3,It's okay,2023-05-17
9998,5519,124,3,Decent,2023-08-21
9999,253,126,5,Highly recommend!,2021-07-04
10000,359,156,3,,2023-05-05
10001,13216,177,3,It's okay,2023-03-16
10002,10608,20,5,Best purchase ever!,2022-07-29
10003,13597,43,5,Excellent product!,2021-11-20
10004,5545,122,3,Not bad,2023-10-01
10005,7307,189,3,Decent,2021-05-28
10006,1606,37,3,It's okay,2021-05-31
10007,354,162,4,Satisfied with purchase,2021-11-26
10008,6260,45,5,Love it!,2023-12-09
10009,12361,167,5,Highly recommend!,2021-01-16
10010,9385,183,4,,2022-05-30
10011,9972,10,4,Works well,2022-02-13
10012,11570,14,5,Highly recommend!,2022-05-28
10013,3957,96,1,Do not buy,2023-08-05
10014,11399,143,5,Excellent product!,2021-08-25
10015,5987,84,5,Excellent product!,2021-08-26
10016,11537,71,5,Best purchase ever!,2021-12-24
10017,4579,16,5,Best purchase ever!,2022-02-20
10018,10620,137,1,Poor quality,2023-11-23
10019,9860,30,5,Excellent product!,2023-10-15
10020,3625,94,4,Satisfied with purchase,2023-09-10
10021,7544,111,5,Highly recommend!,2022-01-11
10022,6914,200,1,Terrible,2023-03-05
10023,3454,156,2,,2023-03-04
10024,11449,104,2,Not great,2022-01-13
10025,2278,125,3,It's okay,2022-07-31
10026,13619,178,2,Could be better,2021-12-09
10027,1887,40,3,It's okay,2023-06-01
10028,14581,134,3,It's okay,2022-01-30
10029,5056,190,3,It's okay,2023-01-27
10030,3891,22,3,Not bad,2022-08-15
10031,723,59,4,Works well,2021-10-31
10032,12281,75,4,Satisfied with purchase,2023-05-13
10033,3141,155,5,Best purchase ever!,2023-12-18
10034,11029,97,5,Excellent product!,2023-03-27
10035,7899,23,5,Excellent product!,2023-11-29
10036,5211,135,2,Below expectations,2022-12-31
10037,12411,56,5,Excellent product!,2021-05-16
10038,10629,91,5,Excellent product!,2021-10-26
10039,8776,28,2,Below expectations,2023-12-13
10040,6770,147,5,,2021-07-31
10041,2320,76,4,Good quality,2021-07-18
10042,11814,133,3,Not bad,2021-10-25
10043,9902,72,4,,2023-07-27
10044,199,110,3,Decent,2021-11-06
10045,9227,158,2,Could be better,2022-03-05
10046,8737,118,4,Good quality,2022-07-20
10047,6263,11,4,Satisfied with purchase,2021-01-23
10048,13585,7,5,Love it!,2021-04-25
10049,11854,198,4,Good quality,2022-12-11
10050,11881,185,5,Excellent product!,2022-01-04
10051,992,19,1,Terrible,2023-04-01
10052,9347,73,5,,2022-11-23
10053,1499,148,4,Satisfied with purchase,2022-04-06
10054,882,46,4,Works well,2021-12-25
10055,14048,16,5,,2021-08-04
10056,5020,172,5,,2023-10-14
10057,11104,119,4,Good quality,2022-04-28
10058,12643,122,2,Disappointed,2023-05-23
10059,6510,130,3,It's okay,2023-01-17
10060,10935,172,3,It's okay,2021-10-14
10061,11422,93,5,Love it!,2022-11-02
10062,7047,196,5,Best purchase ever!,2021-06-08
10063,7847,38,4,,2022-06-22
10064,1161,131,5,Love it!,2023-04-07
10065,3695,91,3,It's okay,2023-09-20
10066,3301,66,2,Below expectations,2022-03-17
10067,12014,143,4,Good quality,2021-01-27
10068,9905,193,4,Works well,2023-05-03
10069,6308,85,4,Good quality,2023-05-22
10070,12004,150,3,Not bad,2021-12-27
10071,11325,198,4,Nice product,2021-05-26
10072,9129,128,5,Highly recommend!,2021-02-02
10073,14975,24,2,Could be better,2021-02-09
10074,8043,178,5,Love it!,2021-09-25
10075,13795,55,4,Good quality,2023-12-30
10076,1066,2,4,Satisfied with purchase,2023-07-08
10077,3988,105,1,Waste of money,2022-08-24
10078,5479,128,4,Good quality,2021-02-23
10079,11106,139,4,Nice product,2021-03-15
10080,1896,106,3,Average product,2023-10-12
10081,1486,182,5,Excellent product!,2022-05-23
10082,3189,29,4,Nice product,2023-06-05
10083,12137,166,2,Not great,2021-04-10
10084,6812,5,5,Excellent product!,2023-12-02
10085,909,87,4,Satisfied with purchase,2021-08-31
10086,10856,170,2,Not great,2023-03-14
10087,6453,114,2,Could be better,2023-04-12
10088,11424,97,5,Excellent product!,2022-09-29
10089,3980,57,5,Love it!,2022-02-21
10090,12095,46,5,Highly recommend!,2021-05-12
10091,6619,83,2,Disappointed,2021-09-28
10092,8900,55,2,Not great,2022-09-25
10093,14865,126,5,Excellent product!,2021-08-19
10094,7335,35,5,Highly recommend!,2023-03-27
10095,1075,3,4,Works well,2022-07-24
10096,414,176,5,Best purchase ever!,2022-02-05
10097,3176,52,5,Best purchase ever!,2021-04-21
10098,14688,45,5,Best purchase ever!,2021-08-24
10099,13870,190,5,Love it!,2022-08-27
10100,84,127,3,It's okay,2023-06-19
10101,3681,41,4,Works well,2021-04-11
10102,1318,111,4,Satisfied with purchase,2023-04-19
10103,6566,41,4,Satisfied with purchase,2022-08-10
10104,10360,109,4,Good quality,2023-03-26
10105,10792,56,5,Love it!,2021-12-06
10106,646,17,3,Average product,2022-03-04
10107,14666,116,4,Works well,2021-06-13
10108,8378,109,5,Best purchase ever!,2023-10-19
10109,9291,100,3,Decent,2023-04-08
10110,2843,7,4,Works well,2022-01-12
10111,6745,161,2,Disappointed,2023-12-09
10112,9941,52,5,Love it!,2022-06-02
10113,6977,14,5,Highly recommend!,2021-10-21
10114,7007,23,3,Average product,2021-12-05
10115,9103,80,2,Below expectations,2022-08-04
10116,12463,87,2,Below expectations,2023-09-30
10117,10648,45,5,Best purchase ever!,2022-11-01
10118,14914,56,4,Satisfied with purchase,2022-07-20
10119,14730,171,5,Love it!,2022-03-23
10120,8806,71,4,Nice product,2021-03-04
10121,406,136,5,Excellent product!,2022-04-17
10122,6592,64,4,Satisfied with purchase,2022-05-25
10123,14182,120,5,Love it!,2021-11-13
10124,14589,15,3,Average product,2022-07-14
10125,12186,159,2,Below expectations,2023-01-13
10126,7409,194,3,Average product,2022-08-09
10127,2481,56,4,Good quality,2023-05-20
10128,1882,147,5,Best purchase ever!,2023-06-11
10129,6987,152,3,Decent,2023-03-25
10130,8351,69,2,Not great,2021-06-14
10131,2440,151,4,Works well,2023-03-12
10132,4146,134,5,Best purchase ever!,2022-09-21
10133,10204,117,4,Satisfied with purchase,2023-01-24
10134,8321,192,3,Not bad,2021-05-17
10135,6739,154,4,Nice product,2023-01-13
10136,3405,7,4,Nice product,2021-10-20
10137,117,50,4,Nice product,2021-02-21
10138,6158,122,2,Disappointed,2022-12-03
10139,4707,197,4,Nice product,2022-05-25
10140,3617,178,2,Disappointed,2023-09-30
10141,5532,133,4,Good quality,2023-04-11
10142,10930,24,5,Excellent product!,2022-01-10
10143,6751,123,2,Below expectations,2022-08-14
10144,2107,131,2,Disappointed,2023-01-16
10145,6216,172,4,Good quality,2021-12-10
10146,8910,96,5,,2022-10-29
10147,1279,91,3,Not bad,2023-03-03
10148,11543,40,4,Good quality,2021-10-27
10149,4436,73,3,It's okay,2021-11-25
10150,4717,173,4,Satisfied with purchase,2022-12-14
10151,3258,118,3,It's okay,2023-12-10
10152,5263,4,4,Satisfied with purchase,2022-03-18
10153,4571,177,5,Best purchase ever!,2022-05-18
10154,7184,185,4,Nice product,2022-09-11
10155,6695,79,4,Nice product,2021-05-05
10156,10072,80,4,Nice product,2021-10-01
10157,2979,172,5,,2023-11-18
10158,13216,161,2,Below expectations,2021-09-23
10159,2407,176,4,Satisfied with purchase,2021-02-02
10160,1612,145,4,Good quality,2022-11-19
10161,10696,125,3,Average product,2023-12-30
10162,11140,31,5,Highly recommend!,2022-07-07
10163,14408,116,1,Terrible,2021-04-02
10164,11187,164,5,Best purchase ever!,2023-11-19
10165,3260,197,3,Decent,2021-01-30
10166,14915,6,1,Waste of money,2023-12-23
10167,12462,57,4,Good quality,2022-03-26
10168,14259,128,3,Decent,2021-03-08
10169,14858,10,4,,2021-09-26
10170,3352,3,3,Decent,2023-03-24
10171,11137,108,3,Decent,2023-10-21
10172,9898,52,5,Best purchase ever!,2023-06-26
10173,2693,131,5,Excellent product!,2021-06-19
10174,2514,32,5,Excellent product!,2021-10-27
10175,3003,149,4,Works well,2022-12-12
10176,9344,114,4,Nice product,2021-11-23
10177,82,4,5,Highly recommend!,2022-07-18
10178,12774,119,3,Decent,2021-02-07
10179,2966,81,2,Disappointed,2022-04-14
10180,10845,174,5,Love it!,2021-07-17
10181,1041,106,3,It's okay,2021-05-07
10182,14127,172,3,Decent,2023-12-20
10183,11282,177,5,Love it!,2023-10-27
10184,2132,93,3,Decent,2022-11-28
10185,807,194,1,Do not buy,2023-02-24
10186,10670,179,2,Not great,2021-08-14
10187,403,20,5,Best purchase ever!,2022-02-26
10188,9210,97,5,Best purchase ever!,2021-06-05
10189,6559,121,4,Nice product,2022-09-06
10190,13146,152,3,Not bad,2022-03-20
10191,439,197,5,Highly recommend!,2021-10-30
10192,2894,152,2,Not great,2021-09-07
10193,5867,47,2,Could be better,2022-06-07
10194,2360,79,2,Below expectations,2023-09-25
10195,926,6,2,Could be better,2022-05-12
10196,1776,106,4,Satisfied with purchase,2022-10-06
10197,13446,59,3,Not bad,2021-08-22
10198,10631,44,3,Not bad,2022-01-20
10199,2301,154,4,Nice product,2022-06-05
10200,8909,39,4,Satisfied with purchase,2022-08-05
10201,2399,152,3,It's okay,2022-07-11
10202,633,165,5,Love it!,2023-11-22
10203,8209,108,2,Could be better,2022-09-15
10204,753,197,4,,2021-11-28
10205,8004,96,5,Best purchase ever!,2023-04-18
10206,12027,159,1,Waste of money,2022-07-22
10207,5617,58,4,Nice product,2021-10-08
10208,1176,106,5,,2023-12-30
10209,3903,120,1,Do not buy,2021-10-11
10210,5423,98,5,Highly recommend!,2021-07-30
10211,8977,35,5,Highly recommend!,2023-08-08
10212,8997,144,2,Below expectations,2021-03-14
10213,906,103,1,Poor quality,2023-03-08
10214,9302,29,4,Works well,2021-03-10
10215,3603,178,5,Excellent product!,2023-11-21
10216,12143,199,4,Works well,2023-03-20
10217,8835,102,5,Highly recommend!,2023-04-02
10218,12574,131,5,Excellent product!,2021-04-28
10219,13107,67,3,Decent,2022-07-05
10220,10771,60,2,Could be better,2022-02-14
10221,8210,189,3,Not bad,2021-12-18
10222,3358,38,3,Average product,2023-07-18
10223,14011,92,5,Excellent product!,2023-10-06
10224,1827,92,4,,2021-02-07
10225,14597,89,4,,2023-05-11
10226,3773,8,5,Highly recommend!,2023-01-06
10227,8747,119,5,Best purchase ever!,2022-11-12
10228,12417,10,4,Satisfied with purchase,2021-01-17
10229,7613,27,4,Satisfied with purchase,2022-05-07
10230,6665,155,4,Good quality,2022-07-05
10231,12193,195,4,Good quality,2023-09-05
10232,5108,132,5,Highly recommend!,2022-01-07
10233,3752,172,2,Disappointed,2022-10-28
10234,11089,113,3,Not bad,2022-01-31
10235,5038,85,1,Terrible,2022-05-03
10236,8737,144,5,Highly recommend!,2022-04-13
10237,8491,157,4,Works well,2022-11-26
10238,4451,169,5,Best purchase ever!,2023-02-10
10239,3647,13,4,Nice product,2022-07-09
10240,7261,169,2,Below expectations,2022-12-26
10241,12114,106,2,Could be better,2023-11-29
10242,10119,78,1,Waste of money,2021-03-26
10243,11354,42,3,It's okay,2022-07-18
10244,6022,37,5,Excellent product!,2022-04-14
10245,4257,39,5,Highly recommend!,2021-05-01
10246,7574,199,3,Not bad,2021-07-19
10247,12907,98,4,Works well,2021-07-31
10248,13210,76,4,Nice product,2021-08-21
10249,14047,199,5,,2022-05-10
10250,7991,7,5,Best purchase ever!,2023-06-12
10251,12317,79,5,,2022-06-16
10252,3354,70,1,Waste of money,2023-09-11
10253,9014,25,5,Love it!,2023-06-06
10254,5850,58,3,Average product,2023-12-20
10255,2508,184,3,Average product,2021-12-05
10256,8980,76,4,Nice product,2023-12-16
10257,2750,36,5,Excellent product!,2021-05-01
10258,3940,162,3,Not bad,2023-09-01
10259,7956,119,4,Satisfied with purchase,2021-07-13
10260,2954,132,5,Highly recommend!,2021-07-22
10261,2748,1,4,Works well,2022-10-30
10262,9257,125,4,Satisfied with purchase,2023-06-27
10263,2102,119,5,Excellent product!,2022-04-25
10264,4989,189,2,Could be better,2021-11-29
10265,5877,29,5,Best purchase ever!,2022-07-27
10266,3153,54,3,Not bad,2021-07-29
10267,12177,197,5,Love it!,2021-06-14
10268,5674,104,3,It's okay,2021-11-17
10269,10419,5,4,Nice product,2021-12-25
10270,12070,187,5,Highly recommend!,2021-07-08
10271,11915,136,3,Average product,2021-02-20
10272,1677,39,4,Nice product,2022-01-09
10273,8096,200,2,Disappointed,2021-12-25
10274,14962,49,5,Excellent product!,2021-02-25
10275,12422,74,2,Below expectations,2022-07-15
10276,3630,154,5,Highly recommend!,2023-08-15
10277,13939,148,2,Disappointed,2023-12-20
10278,937,151,2,Not great,2022-02-16
10279,786,157,5,Excellent product!,2022-02-16
10280,994,16,3,Average product,2023-09-04
10281,2941,123,3,Not bad,2021-04-19
10282,6296,196,3,Not bad,2023-09-10
10283,5348,6,4,Works well,2022-03-04
10284,9407,104,4,Satisfied with purchase,2023-03-03
10285,1496,179,2,Disappointed,2022-08-26
10286,9710,178,4,Works well,2021-10-15
10287,1445,70,5,Excellent product!,2021-08-22
10288,3819,72,3,Not bad,2022-05-15
10289,9851,158,3,Not bad,2021-04-11
10290,1482,160,5,Love it!,2022-04-16
10291,6729,23,4,Nice product,2022-03-19
10292,3900,124,3,,2023-06-03
10293,2672,165,3,Decent,2023-05-21
10294,5997,82,5,Love it!,2022-04-02
10295,13817,158,4,Satisfied with purchase,2021-03-13
10296,1632,8,5,Best purchase ever!,2022-06-22
10297,6524,17,3,It's okay,2021-03-13
10298,1924,112,4,Works well,2022-07-04
10299,12913,36,5,Best purchase ever!,2022-06-03
10300,8971,56,2,Could be better,2022-01-27
10301,10102,144,2,Disappointed,2021-09-20
10302,10019,74,4,Good quality,2022-10-07
10303,13078,64,2,Could be better,2021-12-24
10304,5080,94,4,Satisfied with purchase,2023-05-03
10305,8589,159,4,Nice product,2023-12-02
10306,5102,90,3,It's okay,2023-04-08
10307,11050,169,4,Nice product,2022-10-08
10308,9536,114,4,Works well,2021-10-21
10309,12966,88,2,Not great,2021-07-02
10310,12928,12,4,Nice product,2021-07-09
10311,5782,66,5,Love it!,2023-12-25
10312,6654,190,4,Satisfied with purchase,2022-09-26
10313,5984,123,1,Poor quality,2022-12-20
10314,11976,175,4,Works well,2023-07-05
10315,4058,20,1,,2021-11-28
10316,327,163,5,Best purchase ever!,2021-11-24
10317,7702,144,4,Nice product,2022-12-01
10318,12456,102,1,Poor quality,2022-02-05
10319,13875,175,4,Works well,2022-05-02
10320,2308,172,4,Works well,2021-03-11
10321,14773,84,5,Highly recommend!,2022-10-05
10322,181,21,3,Not bad,2023-11-09
10323,965,21,4,Nice product,2023-06-06
10324,12830,194,4,Satisfied with purchase,2022-02-18
10325,2830,43,2,Below expectations,2022-01-30
10326,11465,149,5,Best purchase ever!,2021-11-30
10327,10722,24,3,Decent,2022-11-17
10328,1526,117,5,Highly recommend!,2023-01-09
10329,8087,55,5,Excellent product!,2023-12-05
10330,1528,114,4,Satisfied with purchase,2021-07-20
10331,7404,42,2,Not great,2021-12-31
10332,6321,132,4,Works well,2021-03-14
10333,10430,98,5,Best purchase ever!,2023-02-12
10334,11526,70,5,Excellent product!,2021-12-01
10335,1580,8,3,It's okay,2023-04-29
10336,1718,139,4,Nice product,2022-06-16
10337,8516,147,5,Excellent product!,2021-02-25
10338,3051,143,4,Good quality,2023-02-03
10339,7511,63,3,Not bad,2022-11-07
10340,1725,24,5,Excellent product!,2022-08-31
10341,13296,11,5,Love it!,2022-01-07
10342,8607,104,5,Best purchase ever!,2022-07-23
10343,4242,107,5,Highly recommend!,2022-11-25
10344,4709,172,4,Works well,2023-12-05
10345,10126,139,4,Works well,2021-11-26
10346,8290,25,5,Highly recommend!,2022-08-01
10347,9010,117,5,Highly recommend!,2023-08-17
10348,14109,126,4,Works well,2021-02-24
10349,8578,8,5,Excellent product!,2022-06-06
10350,6308,199,3,Average product,2022-08-28
10351,11321,171,3,It's okay,2022-09-12
10352,2438,143,5,Love it!,2023-07-02
10353,5115,184,1,Poor quality,2021-04-14
10354,9259,106,5,,2022-06-22
10355,9873,166,5,Excellent product!,2021-09-02
10356,3912,6,5,Best purchase ever!,2023-04-23
10357,3169,104,5,Love it!,2021-10-04
10358,10820,76,3,Decent,2021-02-23
10359,11003,46,5,Best purchase ever!,2021-07-03
10360,5889,158,5,Excellent product!,2021-04-27
10361,10864,6,5,Best purchase ever!,2023-07-28
10362,8680,43,5,Excellent product!,2023-01-15
10363,6479,164,2,Not great,2023-08-20
10364,11750,26,2,Below expectations,2021-12-01
10365,2983,42,5,Love it!,2024-01-01
10366,10904,179,4,Nice product,2022-09-26
10367,2924,105,2,Below expectations,2022-06-23
10368,12202,66,3,Not bad,2021-04-20
10369,1768,10,4,Satisfied with purchase,2021-05-26
10370,1775,35,2,Could be better,2022-04-14
10371,49,91,4,Works well,2023-11-29
10372,8449,39,5,Highly recommend!,2021-03-02
10373,282,24,5,Highly recommend!,2023-01-14
10374,1492,27,5,Highly recommend!,2021-11-17
10375,10556,21,5,Best purchase ever!,2021-03-02
10376,11634,158,5,Love it!,2021-04-24
10377,5364,38,5,Best purchase ever!,2021-03-21
10378,5366,180,4,Satisfied with purchase,2022-12-03
10379,11338,136,2,Below expectations,2022-07-13
10380,5256,162,2,Disappointed,2022-09-08
10381,8556,25,5,Excellent product!,2021-03-09
10382,13696,98,3,Decent,2023-07-10
10383,3441,83,4,Nice product,2021-09-07
10384,4291,153,5,Excellent product!,2021-10-06
10385,11299,164,4,Works well,2022-03-08
10386,1073,174,5,Highly recommend!,2022-06-25
10387,7875,169,4,Good quality,2022-10-03
10388,4253,167,3,Decent,2022-08-08
10389,10151,87,5,Best purchase ever!,2022-01-19
10390,11251,95,5,Excellent product!,2023-04-01
10391,3331,51,4,Works well,2021-03-13
10392,13887,136,4,Good quality,2021-11-20
10393,14050,150,2,Disappointed,2021-03-28
10394,1413,54,5,Love it!,2022-06-11
10395,3406,170,5,Best purchase ever!,2021-01-14
10396,176,194,4,Nice product,2023-04-11
10397,5551,32,4,Satisfied with purchase,2021-12-20
10398,5645,200,1,Waste of money,2022-10-12
10399,14561,134,4,Nice product,2022-06-14
10400,2016,151,5,Love it!,2023-05-30
10401,9488,117,4,Good quality,2022-10-11
10402,12259,127,4,Works well,2021-08-08
10403,8099,6,3,Decent,2022-01-16
10404,12935,197,4,Satisfied with purchase,2022-12-22
10405,3135,32,5,Excellent product!,2022-03-03
10406,4795,181,4,Works well,2021-09-23
10407,9563,98,4,Works well,2023-03-02
10408,13415,9,5,Excellent product!,2022-12-20
10409,11355,31,5,Best purchase ever!,2023-09-02
10410,6309,102,4,Satisfied with purchase,2021-08-19
10411,2368,78,3,Not bad,2021-05-29
10412,3801,132,2,Disappointed,2023-08-27
10413,6022,36,5,Highly recommend!,2023-05-29
10414,1968,68,4,Satisfied with purchase,2023-05-22
10415,8065,62,3,Average product,2023-02-15
10416,10488,91,3,Not bad,2022-06-07
10417,13991,118,2,Disappointed,2023-06-04
10418,1087,32,4,Nice product,2021-05-11
10419,2902,175,2,Could be better,2023-05-28
10420,8919,6,4,Satisfied with purchase,2023-01-09
10421,12641,78,3,Average product,2021-12-23
10422,4465,188,5,Best purchase ever!,2023-07-04
10423,4928,28,1,Waste of money,2022-07-11
10424,6938,105,4,Satisfied with purchase,2021-01-07
10425,12716,57,1,Terrible,2023-04-29
10426,1720,121,1,Terrible,2021-03-05
10427,6048,139,2,Below expectations,2022-08-10
10428,6711,63,3,Decent,2023-07-19
10429,5230,133,5,Highly recommend!,2023-11-01
10430,1838,22,4,Nice product,2021-10-22
10431,4853,103,2,Below expectations,2022-10-30
10432,12460,79,4,Nice product,2022-11-25
10433,10844,132,5,Highly recommend!,2021-02-07
10434,2159,160,4,Nice product,2021-03-20
10435,5117,56,5,Best purchase ever!,2021-03-16
10436,194,3,5,Love it!,2023-03-23
10437,10305,187,4,Good quality,2021-02-04
10438,12464,128,4,Works well,2021-08-09
10439,7222,52,5,Love it!,2023-03-14
10440,8003,79,3,Not bad,2021-11-23
10441,1864,55,4,Satisfied with purchase,2023-09-18
10442,11162,17,2,Disappointed,2021-02-18
10443,6942,92,4,Satisfied with purchase,2021-04-23
10444,8313,33,2,Not great,2022-10-31
10445,12956,3,5,Highly recommend!,2022-03-09
10446,12206,161,4,Satisfied with purchase,2023-07-08
10447,2210,126,4,Good quality,2022-05-12
10448,7842,43,3,Decent,2021-01-22
10449,3023,109,4,,2021-11-11
10450,2641,151,5,Best purchase ever!,2023-06-21
10451,1134,89,3,Not bad,2022-05-31
10452,300,21,5,Love it!,2021-06-23
10453,12762,104,4,Satisfied with purchase,2021-01-14
10454,3499,188,4,Nice product,2023-03-06
10455,258,179,4,Good quality,2023-07-19
10456,8045,12,5,Best purchase ever!,2021-01-18
10457,12109,111,3,Decent,2022-06-19
10458,2784,127,4,Nice product,2021-03-02
10459,3401,124,3,Not bad,2021-08-12
10460,7358,153,5,Best purchase ever!,2021-12-04
10461,4985,193,5,Best purchase ever!,2023-08-19
10462,9939,35,5,Best purchase ever!,2021-11-12
10463,7191,65,2,Not great,2021-01-06
10464,5483,134,5,Excellent product!,2021-04-28
10465,10112,171,4,Good quality,2023-01-27
10466,6232,52,5,Love it!,2022-02-05
10467,12836,9,4,Satisfied with purchase,2023-11-21
10468,2542,83,3,Not bad,2023-03-02
10469,613,166,4,Satisfied with purchase,2021-08-30
10470,2361,26,5,Best purchase ever!,2023-04-24
10471,545,131,3,Decent,2021-09-17
10472,7361,19,5,Highly recommend!,2023-01-10
10473,2598,77,4,Good quality,2022-08-07
10474,3585,123,4,Satisfied with purchase,2022-01-05
10475,6600,161,2,Disappointed,2023-11-28
10476,764,132,5,Excellent product!,2023-08-15
10477,6819,121,2,Below expectations,2023-08-02
10478,12440,45,4,Nice product,2023-04-30
10479,12534,136,4,Works well,2023-08-31
10480,3935,123,5,Highly recommend!,2023-02-16
10481,921,146,5,Excellent product!,2021-04-19
10482,9031,122,4,Good quality,2021-03-18
10483,3685,42,5,Love it!,2021-02-10
10484,2459,56,2,Not great,2021-08-17
10485,11950,186,3,Average product,2022-12-20
10486,10241,188,5,Highly recommend!,2023-11-26
10487,13728,36,4,Works well,2021-02-06
10488,13110,132,3,Average product,2021-12-09
10489,6458,47,3,It's okay,2022-01-16
10490,11913,10,4,Good quality,2022-02-16
10491,11258,109,5,Best purchase ever!,2021-12-30
10492,3779,41,5,Excellent product!,2023-02-07
10493,9644,195,4,Satisfied with purchase,2022-09-14
10494,3575,197,2,Not great,2022-07-25
10495,11164,166,4,Nice product,2023-05-16
10496,8896,100,4,Satisfied with purchase,2021-04-22
10497,1820,64,5,Excellent product!,2022-09-04
10498,415,127,5,Excellent product!,2022-03-10
10499,11683,162,5,Best purchase ever!,2021-01-28
10500,8914,92,4,Works well,2023-08-29
10501,210,104,5,Best purchase ever!,2021-04-15
10502,14910,84,5,Best purchase ever!,2022-10-11
10503,3709,91,4,Works well,2023-03-05
10504,2025,106,4,Works well,2021-01-17
10505,8505,18,5,Highly recommend!,2023-03-03
10506,4354,150,4,,2023-11-14
10507,5406,157,4,Good quality,2023-01-03
10508,12278,99,4,Nice product,2021-08-11
10509,9630,19,5,Highly recommend!,2021-11-20
10510,6571,79,4,Satisfied with purchase,2022-04-10
10511,12919,103,4,Nice product,2023-02-21
10512,1245,125,4,Good quality,2022-06-26
10513,1320,181,2,Below expectations,2021-05-31
10514,12189,162,4,Nice product,2023-12-19
10515,9637,156,4,Works well,2023-07-03
10516,1012,7,3,Decent,2021-04-11
10517,9587,5,4,Good quality,2022-10-13
10518,11255,96,4,,2022-09-02
10519,8537,26,4,Good quality,2021-10-20
10520,6784,183,5,Highly recommend!,2021-04-13
10521,6204,103,4,Satisfied with purchase,2023-10-12
10522,7836,166,2,Could be better,2023-01-16
10523,2776,101,4,Works well,2023-07-12
10524,3475,133,5,Love it!,2023-01-11
10525,4912,88,5,Highly recommend!,2023-04-04
10526,12003,173,2,Disappointed,2022-05-05
10527,10289,115,5,Love it!,2023-12-30
10528,2800,22,3,It's okay,2023-01-02
10529,9666,19,3,It's okay,2022-07-06
10530,6744,87,3,Not bad,2022-01-22
10531,4591,22,5,,2022-09-19
10532,7816,99,4,Good quality,2022-04-01
10533,11369,66,4,Satisfied with purchase,2021-01-31
10534,4209,56,4,Nice product,2023-02-16
10535,1565,121,4,Satisfied with purchase,2023-06-07
10536,9071,162,3,Not bad,2021-03-09
10537,1685,32,5,Best purchase ever!,2022-09-06
10538,12171,197,4,Nice product,2022-07-02
10539,13960,62,5,Highly recommend!,2022-04-13
10540,7159,54,3,Decent,2022-05-15
10541,6268,54,4,Good quality,2023-10-09
10542,10047,73,5,Best purchase ever!,2023-09-09
10543,8930,197,3,Decent,2023-03-19
10544,6820,101,5,Highly recommend!,2023-11-16
10545,7659,41,4,Works well,2023-11-20
10546,9737,119,5,Best purchase ever!,2021-12-08
10547,4690,144,5,Excellent product!,2021-04-21
10548,667,164,3,Decent,2023-12-20
10549,14209,74,2,Could be better,2023-01-19
10550,2536,120,4,Works well,2023-06-05
10551,13842,143,3,It's okay,2023-10-02
10552,2092,107,4,Good quality,2021-03-08
10553,767,152,2,Could be better,2021-03-30
10554,11846,107,4,Works well,2021-03-10
10555,2992,85,4,Works well,2022-05-03
10556,7085,62,3,It's okay,2021-01-04
10557,13780,185,4,Good quality,2021-04-16
10558,5265,166,4,Nice product,2021-11-04
10559,1665,199,2,,2023-01-07
10560,4576,100,5,Best purchase ever!,2023-12-02
10561,13051,104,2,Could be better,2022-09-24
10562,7460,173,4,Nice product,2021-07-09
10563,6779,16,5,Excellent product!,2022-01-23
10564,1434,126,5,Excellent product!,2022-05-14
10565,6214,146,4,Nice product,2021-02-04
10566,3572,158,1,Poor quality,2022-03-08
10567,13229,14,4,Satisfied with purchase,2023-09-29
10568,3325,145,5,Highly recommend!,2021-07-03
10569,13566,133,4,Works well,2021-02-16
10570,2132,80,3,Not bad,2022-01-26
10571,7709,72,4,Satisfied with purchase,2023-02-15
10572,5241,96,4,Works well,2022-06-28
10573,9386,43,5,Excellent product!,2022-04-23
10574,4757,90,5,Best purchase ever!,2023-08-15
10575,7727,179,5,Love it!,2022-11-15
10576,6740,36,5,Highly recommend!,2021-10-25
10577,10011,195,5,Love it!,2023-10-28
10578,10576,164,4,Good quality,2023-03-04
10579,13580,179,4,Works well,2021-01-06
10580,149,53,4,Nice product,2022-03-02
10581,5138,154,5,Excellent product!,2022-03-29
10582,5333,107,1,Terrible,2021-01-11
10583,4963,5,4,Nice product,2023-04-25
10584,4437,71,2,Below expectations,2022-04-19
10585,14329,27,4,Satisfied with purchase,2023-05-06
10586,9831,143,3,It's okay,2021-07-24
10587,1146,40,2,Not great,2023-01-28
10588,7881,18,2,,2023-07-21
10589,362,128,5,Love it!,2021-11-20
10590,9757,163,5,Excellent product!,2023-06-01
10591,12419,71,5,Excellent product!,2023-05-23
10592,11503,46,3,,2023-06-10
10593,10809,15,4,Satisfied with purchase,2023-05-26
10594,11769,33,5,Best purchase ever!,2022-07-09
10595,7753,30,5,Highly recommend!,2022-12-25
10596,11597,91,4,Nice product,2021-10-09
10597,2343,135,5,Highly recommend!,2021-04-15
10598,8299,51,1,Waste of money,2023-03-20
10599,9781,65,5,,2022-05-10
10600,3747,57,4,Satisfied with purchase,2022-01-27
10601,4765,101,3,Average product,2023-05-09
10602,7538,43,5,Highly recommend!,2021-04-30
10603,5914,83,5,Best purchase ever!,2023-04-29
10604,14946,46,5,Highly recommend!,2023-12-09
10605,6877,108,4,Satisfied with purchase,2023-07-29
10606,11426,2,3,Decent,2021-01-27
10607,14780,152,4,Works well,2022-03-14
10608,11373,86,4,Good quality,2022-07-23
10609,7005,168,4,Good quality,2023-06-30
10610,726,3,4,Works well,2022-06-15
10611,14160,141,5,Love it!,2023-06-20
10612,3003,189,5,Highly recommend!,2022-12-02
10613,14342,60,5,Love it!,2023-06-11
10614,6243,106,3,Not bad,2021-10-19
10615,7805,158,3,Not bad,2023-01-16
10616,3927,65,4,Good quality,2021-03-15
10617,14233,50,4,Nice product,2023-12-26
10618,12318,70,5,Excellent product!,2022-05-21
10619,11236,100,1,Poor quality,2023-02-05
10620,14449,182,2,Disappointed,2021-05-13
10621,4765,97,3,Average product,2021-10-08
10622,4151,82,2,Not great,2022-09-30
10623,13291,187,4,Works well,2023-08-16
10624,11266,145,3,Decent,2022-02-23
10625,1647,63,5,Best purchase ever!,2022-01-27
10626,9061,21,4,Satisfied with purchase,2022-04-27
10627,1731,102,4,Works well,2021-07-04
10628,1107,52,5,,2021-02-02
10629,1864,55,4,Satisfied with purchase,2022-12-28
10630,4024,194,4,Good quality,2022-12-17
10631,14764,68,4,,2021-04-07
10632,5365,39,3,Decent,2021-12-02
10633,12177,23,5,Highly recommend!,2021-07-07
10634,5208,183,4,Satisfied with purchase,2021-11-30
10635,6706,98,5,Highly recommend!,2023-11-10
10636,739,167,5,Highly recommend!,2021-09-10
10637,11962,21,3,Not bad,2022-08-26
10638,14967,169,5,Highly recommend!,2021-06-21
10639,13844,44,2,Below expectations,2022-03-13
10640,610,7,2,,2023-11-26
10641,5298,161,5,Best purchase ever!,2023-11-08
10642,11576,157,3,Not bad,2021-11-22
10643,9286,80,2,Could be better,2023-01-15
10644,3532,141,5,Excellent product!,2023-01-31
10645,14637,72,4,Works well,2023-02-03
10646,10814,151,5,Highly recommend!,2021-12-26
10647,2612,176,5,,2022-05-15
10648,6793,185,3,Decent,2021-11-01
10649,8050,55,2,Not great,2021-12-03
10650,12305,48,3,It's okay,2023-02-13
10651,5356,165,4,,2023-08-08
10652,3249,97,5,Love it!,2023-05-22
10653,12299,1,4,Good quality,2022-11-13
10654,1918,78,5,Excellent product!,2022-07-03
10655,13534,186,5,Best purchase ever!,2023-04-13
10656,11751,102,4,Good quality,2022-01-04
10657,4414,94,2,Below expectations,2021-09-07
10658,14872,81,5,Excellent product!,2021-12-10
10659,12060,143,4,Satisfied with purchase,2021-05-24
10660,9955,87,4,Works well,2021-03-25
10661,7455,195,4,Works well,2023-11-21
10662,9766,70,1,Waste of money,2021-02-05
10663,5341,29,4,,2022-04-20
10664,11940,139,4,Works well,2022-07-16
10665,8156,102,3,It's okay,2022-05-01
10666,7999,6,3,Average product,2022-07-23
10667,13242,59,3,Not bad,2022-07-30
10668,9842,55,4,Satisfied with purchase,2021-01-09
10669,14883,19,2,Not great,2021-05-14
10670,3593,147,4,Nice product,2023-09-01
10671,5132,197,4,Satisfied with purchase,2022-03-29
10672,953,176,4,Satisfied with purchase,2022-11-29
10673,12626,100,4,Satisfied with purchase,2023-06-16
10674,12368,101,5,Best purchase ever!,2022-03-08
10675,8519,118,4,Nice product,2021-04-23
10676,7617,145,5,Best purchase ever!,2023-08-08
10677,6075,63,2,Not great,2022-01-30
10678,2355,136,1,Poor quality,2023-05-29
10679,4546,100,3,Average product,2021-11-29
10680,8936,111,4,Good quality,2021-07-22
10681,12545,193,5,Best purchase ever!,2022-10-10
10682,538,186,5,Highly recommend!,2023-04-21
10683,9982,98,3,It's okay,2022-10-15
10684,4973,98,3,It's okay,2023-06-27
10685,7330,53,3,Average product,2022-01-11
10686,8154,116,3,Decent,2022-08-24
10687,11508,175,4,Satisfied with purchase,2021-11-24
10688,12795,33,4,Good quality,2022-12-27
10689,7606,152,4,Works well,2022-12-26
10690,8662,56,2,Not great,2023-08-21
10691,13779,22,4,Good quality,2021-01-03
10692,812,2,5,Highly recommend!,2023-02-15
10693,363,5,4,Satisfied with purchase,2021-09-11
10694,9066,159,4,Good quality,2023-04-06
10695,1654,198,2,Below expectations,2021-12-07
10696,8085,45,4,Good quality,2021-09-03
10697,7758,46,3,It's okay,2022-12-07
10698,7337,199,5,Excellent product!,2022-10-31
10699,7136,59,2,Disappointed,2023-12-10
10700,3218,170,4,Nice product,2022-02-08
10701,5425,26,2,,2022-09-20
10702,9241,166,4,Satisfied with purchase,2023-11-27
10703,2505,42,1,Waste of money,2021-06-27
10704,14924,165,4,Satisfied with purchase,2022-11-04
10705,7115,89,4,Good quality,2021-04-25
10706,14491,158,3,It's okay,2023-12-16
10707,575,106,5,Love it!,2021-07-28
10708,1787,65,4,Nice product,2021-08-15
10709,1365,24,3,Not bad,2021-05-31
10710,3663,176,5,Excellent product!,2021-07-07
10711,4179,167,3,Average product,2021-03-26
10712,14344,148,5,Best purchase ever!,2023-01-15
10713,6870,99,5,Best purchase ever!,2023-04-08
10714,14249,29,3,Average product,2023-10-16
10715,13763,171,4,Nice product,2023-02-02
10716,5492,118,4,Good quality,2023-05-09
10717,2505,133,4,Satisfied with purchase,2022-03-01
10718,7259,78,4,Satisfied with purchase,2022-08-19
10719,11311,28,3,It's okay,2023-01-23
10720,8690,107,5,Highly recommend!,2021-06-11
10721,14291,97,5,Excellent product!,2022-06-25
10722,7375,120,4,Satisfied with purchase,2022-04-03
10723,10678,198,2,Disappointed,2023-08-16
10724,13496,31,5,Best purchase ever!,2022-02-27
10725,8018,10,3,,2022-02-11
10726,12535,176,1,Terrible,2021-10-19
10727,9871,12,4,Nice product,2021-01-08
10728,8811,53,4,Good quality,2021-10-04
10729,5836,157,4,Satisfied with purchase,2023-04-20
10730,1260,69,3,Average product,2023-05-31
10731,1510,156,4,Satisfied with purchase,2021-01-16
10732,13985,186,3,Average product,2023-05-27
10733,5382,69,5,Love it!,2021-07-22
10734,12925,144,4,Satisfied with purchase,2021-11-11
10735,1445,189,3,Not bad,2023-07-07
10736,201,190,5,Excellent product!,2023-10-31
10737,6136,68,4,Nice product,2023-09-11
10738,4200,164,2,Below expectations,2023-02-23
10739,6567,172,2,Disappointed,2021-02-11
10740,14434,104,3,It's okay,2021-03-07
10741,11762,52,5,Highly recommend!,2022-08-05
10742,14331,73,4,Satisfied with purchase,2023-09-23
10743,4421,176,3,Decent,2023-12-24
10744,5735,21,1,Terrible,2022-06-08
10745,3137,77,4,Good quality,2022-12-12
10746,11637,125,3,Average product,2023-07-03
10747,1994,54,5,Best purchase ever!,2021-08-21
10748,11580,100,3,Not bad,2023-05-08
10749,6041,46,5,Love it!,2022-12-10
10750,6841,92,3,Not bad,2023-08-20
10751,4461,28,2,Below expectations,2022-02-19
10752,13647,60,1,Poor quality,2023-10-11
10753,4827,26,3,Average product,2022-08-28
10754,3023,31,5,Best purchase ever!,2022-01-10
10755,2716,122,3,Not bad,2022-02-20
10756,1366,31,4,Good quality,2023-10-23
10757,414,130,3,Average product,2021-05-03
10758,9252,119,5,Love it!,2021-07-25
10759,13525,150,5,Love it!,2021-06-05
10760,2147,180,3,Not bad,2023-01-09
10761,9513,15,2,Could be better,2022-04-23
10762,13220,115,2,Disappointed,2023-03-29
10763,381,176,4,Works well,2022-02-08
10764,3243,158,4,Works well,2021-03-30
10765,9844,197,2,Could be better,2023-07-08
10766,983,11,2,Could be better,2022-03-12
10767,12236,65,4,Satisfied with purchase,2023-12-30
10768,8484,95,5,Best purchase ever!,2023-02-16
10769,432,168,5,Excellent product!,2022-09-27
10770,5501,66,5,Love it!,2021-08-05
10771,7956,116,2,Not great,2023-11-25
10772,7559,42,2,Not great,2022-08-03
10773,10206,160,5,Best purchase ever!,2023-02-09
10774,14698,109,5,Highly recommend!,2023-05-22
10775,14685,182,3,It's okay,2023-01-04
10776,31,30,4,Nice product,2021-04-13
10777,8577,129,4,Satisfied with purchase,2023-02-07
10778,13138,82,2,Not great,2022-02-22
10779,9614,170,4,Nice product,2023-05-23
10780,3687,105,4,Works well,2022-01-03
10781,10477,5,4,Nice product,2022-06-28
10782,9688,82,5,Highly recommend!,2022-09-08
10783,8750,184,5,Best purchase ever!,2022-09-01
10784,3578,125,3,It's okay,2023-01-27
10785,11939,190,4,Satisfied with purchase,2021-07-29
10786,5150,24,3,Decent,2023-10-31
10787,8040,83,5,,2023-02-07
10788,4707,17,4,Good quality,2022-07-19
10789,5598,92,4,Nice product,2021-04-19
10790,11651,78,5,Excellent product!,2023-04-09
10791,11863,129,5,Best purchase ever!,2022-01-11
10792,11472,87,5,Excellent product!,2023-06-14
10793,13565,17,4,Satisfied with purchase,2022-11-02
10794,7083,23,4,Satisfied with purchase,2023-10-25
10795,14479,49,4,Nice product,2023-08-10
10796,3445,120,5,Highly recommend!,2023-09-22
10797,13284,174,4,Good quality,2023-05-08
10798,10684,74,5,Highly recommend!,2021-11-13
10799,5656,115,5,Highly recommend!,2023-02-23
10800,412,139,4,Nice product,2023-06-15
10801,753,134,5,Love it!,2022-12-06
10802,13568,136,5,Excellent product!,2022-11-15
10803,14202,53,1,Do not buy,2021-05-04
10804,7129,171,4,Satisfied with purchase,2021-11-09
10805,10963,129,5,Love it!,2023-09-12
10806,3055,107,2,Below expectations,2021-12-23
10807,8912,169,4,Works well,2022-10-09
10808,3133,177,5,Highly recommend!,2021-10-07
10809,590,169,4,Good quality,2023-12-23
10810,4903,151,5,Highly recommend!,2023-02-23
10811,2507,94,5,Excellent product!,2022-09-24
10812,5313,131,3,It's okay,2022-01-09
10813,6197,39,3,Decent,2023-11-05
10814,8867,73,5,Highly recommend!,2022-11-19
10815,9174,29,4,Works well,2023-12-10
10816,7801,159,3,It's okay,2021-08-18
10817,9227,149,4,Works well,2021-09-27
10818,11345,159,5,Excellent product!,2021-10-09
10819,8609,68,3,Not bad,2022-06-19
10820,11389,67,5,Excellent product!,2023-03-13
10821,11859,180,4,Nice product,2023-10-18
10822,5230,197,5,Highly recommend!,2022-10-31
10823,6792,137,4,Satisfied with purchase,2022-01-18
10824,8223,13,5,Highly recommend!,2022-04-12
10825,10222,87,1,Waste of money,2022-11-14
10826,9223,133,4,Satisfied with purchase,2022-07-03
10827,731,97,2,Could be better,2021-04-24
10828,11838,108,4,Works well,2021-02-23
10829,9651,114,5,Love it!,2022-02-27
10830,14420,118,4,Nice product,2021-09-17
10831,9790,114,4,Good quality,2021-10-18
10832,1923,196,5,Best purchase ever!,2021-05-23
10833,12957,141,5,Love it!,2021-09-19
10834,11355,127,3,Decent,2021-11-20
10835,2464,40,3,It's okay,2022-03-20
10836,11698,29,4,Satisfied with purchase,2021-03-06
10837,5294,187,4,Satisfied with purchase,2021-07-16
10838,13299,106,2,Not great,2022-02-13
10839,8245,100,2,,2021-09-06
10840,13256,100,3,Not bad,2021-12-20
10841,8467,91,5,,2023-03-22
10842,8906,57,3,It's okay,2021-05-07
10843,5333,14,2,Could be better,2021-06-20
10844,7047,185,4,Works well,2023-03-18
10845,9256,11,3,Not bad,2023-05-21
10846,12922,159,4,Nice product,2023-10-03
10847,10508,139,4,Works well,2023-05-03
10848,3827,144,5,Love it!,2022-02-05
10849,14234,24,1,Terrible,2021-07-04
10850,411,175,5,Love it!,2021-08-30
10851,1648,10,1,Terrible,2022-12-27
10852,872,14,2,Disappointed,2021-09-08
10853,3997,2,4,Nice product,2022-08-25
10854,7930,137,5,Best purchase ever!,2021-06-28
10855,9350,120,4,Satisfied with purchase,2023-09-05
10856,4784,65,4,,2022-01-04
10857,11899,28,1,Poor quality,2023-09-16
10858,4137,191,5,Love it!,2022-02-06
10859,568,146,3,Not bad,2022-01-21
10860,5979,67,3,It's okay,2022-11-10
10861,10794,27,1,Poor quality,2023-08-18
10862,11240,77,5,Love it!,2021-08-16
10863,5354,105,4,Satisfied with purchase,2022-05-06
10864,2715,101,5,Best purchase ever!,2022-07-27
10865,1858,186,4,Works well,2023-10-27
10866,12661,45,4,Good quality,2022-06-26
10867,6214,165,5,Best purchase ever!,2021-10-14
10868,5008,166,4,Works well,2021-08-15
10869,665,180,4,Satisfied with purchase,2021-04-25
10870,11544,97,4,Satisfied with purchase,2022-02-06
10871,3506,183,4,Works well,2021-05-24
10872,3057,185,5,Love it!,2022-01-05
10873,12597,191,3,Not bad,2022-10-01
10874,8226,196,1,Poor quality,2022-05-07
10875,5427,120,2,Below expectations,2022-10-28
10876,7,133,5,Highly recommend!,2021-01-09
10877,14065,107,5,Love it!,2023-07-31
10878,11450,149,2,Below expectations,2022-02-22
10879,14829,137,2,Could be better,2021-06-04
10880,11813,64,2,Disappointed,2021-08-15
10881,13757,32,3,Average product,2021-09-16
10882,5027,87,2,Could be better,2022-04-04
10883,7918,90,4,Good quality,2021-10-06
10884,3275,183,4,Good quality,2022-04-10
10885,1618,79,4,Works well,2022-11-29
10886,6488,7,5,Love it!,2023-01-07
10887,489,110,4,Works well,2023-11-28
10888,8586,166,2,Disappointed,2022-07-17
10889,8666,61,5,Highly recommend!,2021-07-22
10890,7497,25,5,Highly recommend!,2022-02-01
10891,7882,157,5,Best purchase ever!,2021-05-13
10892,893,17,4,Satisfied with purchase,2022-02-25
10893,2447,141,4,Good quality,2022-06-30
10894,4045,112,3,Decent,2021-11-02
10895,7604,63,5,Best purchase ever!,2023-06-21
10896,5078,57,5,Best purchase ever!,2021-10-26
10897,2560,19,3,It's okay,2021-09-21
10898,4765,48,3,Decent,2021-02-24
10899,1238,25,2,Could be better,2023-06-20
10900,9148,9,5,Excellent product!,2021-10-10
10901,6396,161,4,Works well,2023-05-24
10902,13174,90,5,Excellent product!,2021-05-23
10903,11837,131,2,Disappointed,2023-04-07
10904,12723,48,2,Below expectations,2022-11-17
10905,10374,121,5,Highly recommend!,2021-09-22
10906,9639,100,4,Good quality,2021-09-26
10907,7950,32,3,Not bad,2023-09-03
10908,6199,57,4,Nice product,2022-10-30
10909,1287,86,4,,2023-03-04
10910,1437,100,4,Good quality,2021-08-12
10911,8122,37,4,Nice product,2022-09-20
10912,4558,164,5,Excellent product!,2022-12-20
10913,4644,141,3,It's okay,2022-08-12
10914,9051,51,4,Satisfied with purchase,2022-01-11
10915,6129,193,5,Best purchase ever!,2021-08-10
10916,6386,69,1,Terrible,2021-07-21
10917,11005,53,5,Love it!,2023-06-22
10918,3811,155,3,It's okay,2023-04-11
10919,10324,21,4,Works well,2021-09-14
10920,2709,33,3,It's okay,2022-10-16
10921,7277,38,5,Love it!,2021-10-14
10922,3373,153,5,Excellent product!,2021-07-05
10923,14054,192,3,Average product,2021-05-31
10924,9665,135,5,Highly recommend!,2023-06-19
10925,14098,37,2,Disappointed,2023-12-23
10926,106,39,4,Good quality,2022-05-29
10927,6347,49,1,Waste of money,2023-04-30
10928,2068,102,4,Good quality,2023-03-28
10929,5426,158,2,Below expectations,2022-12-25
10930,8109,72,4,Good quality,2021-07-16
10931,13713,66,4,Good quality,2023-06-12
10932,11579,17,2,Disappointed,2023-10-19
10933,52,107,5,Excellent product!,2022-01-21
10934,1322,28,3,It's okay,2023-07-04
10935,13381,105,3,Not bad,2023-09-01
10936,11475,93,2,Below expectations,2022-12-08
10937,12779,153,5,Best purchase ever!,2022-11-28
10938,2662,159,4,Works well,2023-10-16
10939,6074,111,5,Highly recommend!,2022-02-07
10940,13781,95,4,Satisfied with purchase,2022-02-04
10941,4930,137,4,Good quality,2022-08-24
10942,3461,54,4,Nice product,2023-10-26
10943,14582,173,4,Satisfied with purchase,2021-08-08
10944,1783,37,4,,2022-03-05
10945,7334,166,4,Good quality,2023-02-14
10946,119,110,4,Nice product,2021-01-29
10947,14982,34,5,Love it!,2021-12-20
10948,14861,42,4,Nice product,2021-01-02
10949,9155,133,5,Best purchase ever!,2021-03-21
10950,9171,103,4,Nice product,2022-05-02
10951,5779,91,4,Good quality,2023-12-19
10952,12612,99,1,Terrible,2023-08-26
10953,2922,178,3,It's okay,2023-07-31
10954,7217,116,5,Love it!,2021-11-08
10955,11558,63,3,It's okay,2021-05-03
10956,4685,16,5,Best purchase ever!,2023-07-08
10957,362,122,1,,2021-11-11
10958,14295,170,4,Works well,2023-11-20
10959,11419,7,5,Love it!,2022-03-02
10960,10332,145,5,Highly recommend!,2023-03-11
10961,2427,195,4,Satisfied with purchase,2022-04-04
10962,6578,17,4,Nice product,2022-09-24
10963,5466,68,3,Not bad,2021-01-03
10964,2371,136,4,Nice product,2023-06-13
10965,789,136,4,Nice product,2022-02-26
10966,8235,86,5,Love it!,2022-10-14
10967,4093,17,3,It's okay,2021-01-07
10968,4900,60,4,Good quality,2023-07-29
10969,12556,44,5,Excellent product!,2023-04-09
10970,9229,104,1,,2022-03-15
10971,8122,176,5,Best purchase ever!,2021-10-03
10972,12454,42,2,Not great,2023-01-05
10973,10348,148,5,Love it!,2021-11-01
10974,9987,117,5,,2022-11-19
10975,6676,32,5,Love it!,2023-06-10
10976,10940,73,4,Satisfied with purchase,2021-11-26
10977,9153,64,2,Below expectations,2022-08-09
10978,2267,127,2,Could be better,2023-05-06
10979,206,88,4,Good quality,2023-12-12
10980,14837,76,4,Good quality,2021-10-17
10981,1931,10,3,Decent,2022-07-09
10982,708,31,4,Works well,2021-12-02
10983,11277,14,3,Not bad,2021-02-18
10984,755,128,2,Below expectations,2021-06-29
10985,10139,86,4,,2021-06-25
10986,12094,32,4,Nice product,2021-09-29
10987,6546,186,5,Love it!,2022-01-19
10988,8092,130,4,Satisfied with purchase,2022-01-17
10989,4828,172,5,Best purchase ever!,2023-07-31
10990,12764,138,4,Good quality,2023-07-09
10991,2213,62,3,Decent,2022-01-02
10992,14842,170,2,Below expectations,2022-12-16
10993,13658,178,4,Nice product,2022-03-18
10994,7789,115,2,Disappointed,2023-07-29
10995,2610,165,4,,2023-06-15
10996,2058,44,5,Excellent product!,2021-04-25
10997,3480,116,4,Nice product,2023-03-21
10998,12646,89,4,Nice product,2021-07-23
10999,11000,177,5,Highly recommend!,2021-10-30
11000,8573,47,2,Could be better,2021-08-26
11001,276,79,4,Works well,2021-11-22
11002,4361,58,4,Satisfied with purchase,2021-03-15
11003,6494,7,4,Nice product,2023-07-09
11004,608,144,2,Not great,2023-05-10
11005,8225,185,4,Good quality,2021-07-31
11006,6394,51,5,Excellent product!,2023-10-24
11007,6556,138,4,Good quality,2021-02-28
11008,295,30,5,Love it!,2022-08-26
11009,12130,65,4,Good quality,2021-08-04
11010,997,171,3,Average product,2023-12-16
11011,13999,31,3,Average product,2022-09-18
11012,9254,160,5,Highly recommend!,2021-07-09
11013,6338,191,4,Good quality,2022-12-15
11014,2080,5,4,Good quality,2021-03-13
11015,99,70,5,Excellent product!,2022-05-24
11016,6793,181,3,Average product,2022-08-08
11017,9436,90,5,Highly recommend!,2022-12-27
11018,2077,24,2,Could be better,2022-12-05
11019,13880,128,2,Disappointed,2022-12-09
11020,2233,47,4,Nice product,2023-12-28
11021,11065,89,5,Love it!,2023-02-04
11022,14240,65,5,Excellent product!,2023-10-21
11023,3413,65,5,Excellent product!,2023-06-12
11024,7604,196,3,Average product,2021-07-05
11025,6787,15,5,Love it!,2023-11-23
11026,8645,90,2,Disappointed,2022-05-14
11027,9106,26,2,Could be better,2021-06-10
11028,7537,191,4,Nice product,2023-04-04
11029,14542,156,4,Good quality,2023-01-17
11030,11108,159,5,Love it!,2022-08-28
11031,9986,10,4,Good quality,2021-01-20
11032,4110,91,5,Highly recommend!,2021-05-26
11033,2711,11,4,Satisfied with purchase,2021-07-24
11034,6260,6,2,Not great,2023-10-03
11035,2667,17,4,Works well,2022-05-06
11036,13505,191,5,Highly recommend!,2021-11-02
11037,12736,88,4,Works well,2021-12-22
11038,10489,108,2,Could be better,2023-02-21
11039,8457,198,4,Works well,2022-06-27
11040,3717,173,5,Highly recommend!,2022-11-29
11041,6743,114,5,Excellent product!,2023-09-30
11042,10878,37,3,It's okay,2022-01-19
11043,260,145,4,Good quality,2023-09-16
11044,6342,43,5,Best purchase ever!,2022-12-26
11045,8061,197,4,Nice product,2022-02-26
11046,12884,159,4,Satisfied with purchase,2021-07-14
11047,12430,25,4,Satisfied with purchase,2021-10-16
11048,3978,183,4,Nice product,2021-02-27
11049,12159,4,3,Average product,2023-05-25
11050,6439,107,3,It's okay,2023-03-24
11051,2909,36,3,Average product,2021-07-21
11052,6562,27,4,Satisfied with purchase,2021-09-12
11053,10147,153,5,Highly recommend!,2023-05-14
11054,3561,122,5,Best purchase ever!,2022-08-04
11055,9958,183,5,,2021-06-02
11056,14951,140,4,Works well,2021-07-09
11057,8667,29,5,Excellent product!,2022-03-06
11058,6310,173,3,It's okay,2022-09-16
11059,7621,41,4,Nice product,2021-08-02
11060,12346,166,3,Average product,2023-07-11
11061,11097,51,2,Could be better,2022-06-18
11062,1968,44,4,Works well,2021-01-06
11063,13232,51,3,Decent,2021-08-30
11064,9935,92,4,Satisfied with purchase,2022-03-12
11065,3557,137,2,Disappointed,2022-10-15
11066,579,74,3,It's okay,2022-12-10
11067,6611,67,3,Not bad,2022-08-26
11068,1742,75,4,Nice product,2021-01-02
11069,10613,48,3,Average product,2022-11-19
11070,8512,34,5,Love it!,2021-05-29
11071,12556,188,2,Could be better,2022-03-14
11072,1884,46,4,Nice product,2021-10-22
11073,501,130,1,Poor quality,2022-03-29
11074,13982,146,5,Highly recommend!,2023-09-06
11075,4027,190,4,Nice product,2022-04-29
11076,4939,66,4,Good quality,2022-10-15
11077,13901,141,5,Highly recommend!,2021-05-10
11078,5988,169,4,Good quality,2022-11-08
11079,8141,45,2,Disappointed,2021-09-04
11080,11211,159,4,Satisfied with purchase,2022-02-02
11081,3789,117,5,Love it!,2021-11-03
11082,14229,191,5,Love it!,2021-07-12
11083,4606,105,3,Not bad,2021-06-06
11084,9267,12,4,Nice product,2022-06-05
11085,12194,133,5,Excellent product!,2023-09-22
11086,8256,133,4,Nice product,2023-10-14
11087,4125,153,5,Love it!,2022-05-06
11088,8560,77,4,Works well,2023-07-17
11089,13702,61,4,Works well,2021-01-09
11090,7766,118,4,Good quality,2022-01-04
11091,14792,186,5,Best purchase ever!,2023-10-08
11092,9310,125,5,Excellent product!,2021-11-13
11093,10050,65,5,Highly recommend!,2023-08-27
11094,13037,147,5,Excellent product!,2022-06-10
11095,896,162,5,Best purchase ever!,2023-09-26
11096,2794,5,5,,2021-05-09
11097,10858,130,3,Not bad,2022-08-06
11098,3392,190,3,Not bad,2023-06-23
11099,11789,78,4,Good quality,2022-01-13
11100,3802,74,3,Decent,2023-11-13
11101,9505,190,4,Satisfied with purchase,2022-11-06
11102,6176,39,2,Disappointed,2021-02-02
11103,13686,77,4,Good quality,2021-07-02
11104,5767,113,5,Love it!,2023-02-27
11105,11285,136,2,Below expectations,2022-05-18
11106,5864,65,3,Not bad,2021-11-19
11107,3363,71,4,Satisfied with purchase,2022-04-05
11108,10115,69,4,,2021-04-20
11109,11567,7,4,Works well,2021-08-04
11110,467,157,1,Waste of money,2022-10-03
11111,5026,24,4,Satisfied with purchase,2022-07-07
11112,7426,109,5,Best purchase ever!,2022-12-24
11113,5760,194,2,Below expectations,2023-12-30
11114,5336,68,1,Waste of money,2022-04-22
11115,3847,61,4,Good quality,2022-11-24
11116,2269,35,5,Excellent product!,2021-05-05
11117,7083,181,5,Highly recommend!,2022-05-09
11118,13421,150,4,Works well,2022-04-05
11119,9752,6,4,Nice product,2022-09-01
11120,6524,13,1,Waste of money,2022-11-17
11121,12642,148,5,Highly recommend!,2023-12-15
11122,4387,149,3,Decent,2022-04-01
11123,12806,156,5,Highly recommend!,2023-10-28
11124,13833,51,2,Below expectations,2021-11-03
11125,13879,131,5,Love it!,2021-05-30
11126,6466,81,3,,2023-01-08
11127,11448,90,5,Excellent product!,2021-09-12
11128,8685,133,4,Works well,2022-06-25
11129,3167,79,3,It's okay,2021-12-15
11130,6669,116,2,Could be better,2023-10-06
11131,4658,188,2,Could be better,2021-08-28
11132,13501,193,5,Love it!,2023-10-12
11133,2620,197,3,Decent,2023-04-06
11134,11677,89,5,Excellent product!,2022-04-15
11135,4796,132,5,Excellent product!,2022-05-16
11136,11067,165,5,,2022-01-07
11137,8285,5,5,,2023-12-11
11138,2293,101,5,Excellent product!,2022-01-03
11139,6500,161,3,Average product,2022-12-20
11140,9429,180,5,Highly recommend!,2022-12-19
11141,640,36,4,Satisfied with purchase,2022-07-27
11142,9996,34,5,Love it!,2023-02-21
11143,13645,146,5,Excellent product!,2021-01-01
11144,7916,72,5,Best purchase ever!,2021-06-26
11145,7802,87,4,Satisfied with purchase,2023-07-12
11146,7913,160,3,It's okay,2021-04-27
11147,2739,73,5,Best purchase ever!,2023-07-23
11148,4582,137,2,Not great,2023-03-27
11149,6903,126,4,Satisfied with purchase,2023-12-04
11150,10640,80,5,Excellent product!,2022-01-16
11151,5615,50,5,Best purchase ever!,2022-04-18
11152,11803,57,2,,2022-12-19
11153,3552,42,4,Works well,2023-08-02
11154,11908,158,4,,2022-04-30
11155,9667,153,5,,2022-12-03
11156,2989,149,4,Works well,2023-01-28
11157,3291,198,3,Decent,2022-08-20
11158,9995,97,2,Below expectations,2023-07-08
11159,10932,62,4,Nice product,2023-05-29
11160,3747,38,3,Not bad,2023-03-27
11161,9917,178,5,Love it!,2023-05-23
11162,5802,9,4,Nice product,2021-05-25
11163,12781,184,3,Not bad,2022-01-02
11164,7658,199,4,Nice product,2021-09-08
11165,7980,63,2,,2022-10-05
11166,11499,200,4,Good quality,2021-05-04
11167,885,171,4,Nice product,2021-12-05
11168,2448,57,1,Waste of money,2023-11-07
11169,1103,81,4,Satisfied with purchase,2023-11-06
11170,3820,16,3,Not bad,2023-05-27
11171,14598,15,1,Do not buy,2023-04-16
11172,2415,175,4,Satisfied with purchase,2021-05-13
11173,2437,104,4,Works well,2022-12-30
11174,11622,101,5,Highly recommend!,2022-01-14
11175,9329,22,4,Works well,2023-11-12
11176,6692,124,4,Nice product,2022-04-22
11177,4796,180,4,Satisfied with purchase,2021-08-22
11178,3150,92,5,Love it!,2021-01-26
11179,12950,110,2,Disappointed,2023-04-17
11180,7086,106,2,Could be better,2022-07-02
11181,14868,86,4,Works well,2022-12-18
11182,5005,28,5,Highly recommend!,2022-10-22
11183,556,113,4,Works well,2021-03-27
11184,10304,29,3,Average product,2023-12-31
11185,1151,88,5,Excellent product!,2023-05-11
11186,1857,70,3,Decent,2022-02-03
11187,14499,122,5,Excellent product!,2021-03-19
11188,14004,49,5,Love it!,2022-05-02
11189,12746,173,4,Works well,2021-09-16
11190,6863,106,3,Not bad,2022-12-25
11191,8010,76,4,Works well,2022-01-18
11192,5344,99,4,Good quality,2022-07-13
11193,1381,95,2,Not great,2022-05-05
11194,4069,163,5,Excellent product!,2021-11-07
11195,5953,87,5,Love it!,2023-08-06
11196,7180,21,4,Works well,2022-11-25
11197,12393,108,5,Love it!,2023-07-08
11198,4755,109,5,Excellent product!,2023-10-10
11199,5912,96,4,Good quality,2021-10-26
11200,12265,142,4,Good quality,2023-12-12
11201,2203,15,4,Works well,2022-11-17
11202,11813,100,4,Good quality,2022-04-09
11203,13312,12,5,Highly recommend!,2021-08-16
11204,9657,113,2,Disappointed,2021-12-14
11205,443,178,4,Satisfied with purchase,2022-08-26
11206,14106,29,1,Terrible,2022-08-01
11207,6371,199,5,Excellent product!,2022-04-11
11208,627,157,3,Average product,2023-11-03
11209,5945,144,4,Nice product,2021-08-12
11210,3516,39,4,Satisfied with purchase,2023-03-26
11211,5021,126,2,Not great,2022-10-29
11212,1078,55,5,,2023-12-13
11213,1406,195,4,Nice product,2023-08-03
11214,13341,115,2,Below expectations,2023-05-18
11215,2995,112,3,Decent,2022-07-02
11216,1898,168,4,,2023-09-15
11217,2889,140,4,Good quality,2022-01-17
11218,3198,193,5,Excellent product!,2022-04-02
11219,4602,68,4,Satisfied with purchase,2021-01-17
11220,10598,61,4,Satisfied with purchase,2022-07-14
11221,9674,85,5,,2022-02-17
11222,6701,109,4,Satisfied with purchase,2022-10-11
11223,3876,107,4,Satisfied with purchase,2021-12-11
11224,9519,169,5,Highly recommend!,2023-09-15
11225,4816,55,5,Best purchase ever!,2021-03-25
11226,6754,99,3,Average product,2023-09-26
11227,5393,170,3,It's okay,2023-09-15
11228,12691,3,3,Decent,2022-09-02
11229,5056,146,5,Best purchase ever!,2023-10-28
11230,5018,196,5,Best purchase ever!,2021-05-09
11231,9649,43,2,Not great,2023-05-26
11232,8162,6,5,Excellent product!,2022-05-12
11233,10653,32,3,Decent,2021-04-19
11234,1294,80,3,Not bad,2021-10-19
11235,10125,103,4,Works well,2021-08-07
11236,2546,89,2,Not great,2021-08-26
11237,250,5,5,Highly recommend!,2021-12-10
11238,1385,49,1,Terrible,2023-06-24
11239,1841,87,1,Do not buy,2021-10-28
11240,6638,74,5,Best purchase ever!,2022-06-10
11241,3159,105,4,Good quality,2021-01-06
11242,3841,106,3,Decent,2022-10-07
11243,14882,197,3,Not bad,2021-01-15
11244,14828,74,4,,2021-11-11
11245,6047,41,5,Excellent product!,2021-12-04
11246,4540,122,5,Love it!,2022-04-08
11247,14315,61,3,Average product,2021-07-26
11248,4711,111,3,It's okay,2022-11-20
11249,8492,36,4,Nice product,2021-12-13
11250,895,87,5,Best purchase ever!,2021-05-20
11251,12990,3,5,Love it!,2021-12-21
11252,12278,179,4,Works well,2023-10-09
11253,10108,130,3,Average product,2022-04-29
11254,8052,42,3,Average product,2021-09-29
11255,4274,53,3,It's okay,2022-12-17
11256,8226,122,3,It's okay,2023-09-14
11257,8784,46,4,Good quality,2022-07-01
11258,14070,155,3,Not bad,2023-03-02
11259,1387,50,5,Best purchase ever!,2023-08-03
11260,3675,25,5,Best purchase ever!,2023-04-23
11261,8758,40,4,Satisfied with purchase,2023-11-15
11262,14022,131,4,Nice product,2023-07-29
11263,1413,175,4,Satisfied with purchase,2023-11-07
11264,7327,198,4,Good quality,2023-02-11
11265,10405,181,5,Love it!,2022-05-25
11266,11652,150,5,Best purchase ever!,2021-11-12
11267,11257,49,3,Decent,2022-02-11
11268,11745,49,2,Not great,2021-11-22
11269,8130,64,5,Excellent product!,2023-12-02
11270,6737,137,3,Average product,2022-02-23
11271,7435,85,4,Nice product,2023-05-26
11272,14050,172,4,Satisfied with purchase,2022-12-23
11273,14056,4,5,Love it!,2021-10-05
11274,13453,46,4,,2021-03-02
11275,2223,129,4,Satisfied with purchase,2022-12-11
11276,716,112,5,Highly recommend!,2023-06-03
11277,5673,15,5,Excellent product!,2023-03-11
11278,4860,137,5,Highly recommend!,2022-10-30
11279,14224,163,2,Could be better,2023-09-13
11280,2163,74,5,Love it!,2021-05-06
11281,1856,143,5,Excellent product!,2021-03-01
11282,12954,142,4,Nice product,2021-12-13
11283,8010,139,4,Nice product,2021-09-15
11284,7820,55,5,Excellent product!,2023-05-05
11285,1786,95,3,It's okay,2023-11-26
11286,11849,189,5,Love it!,2021-04-17
11287,7565,42,4,Nice product,2022-07-28
11288,6821,166,2,Could be better,2023-05-19
11289,11290,136,4,Good quality,2021-02-17
11290,2489,159,5,Love it!,2023-01-31
11291,5636,20,5,Best purchase ever!,2021-10-24
11292,1539,144,5,Best purchase ever!,2021-03-29
11293,9460,109,4,Nice product,2023-01-01
11294,14515,113,5,Love it!,2022-03-11
11295,973,156,1,Do not buy,2021-11-20
11296,9847,172,3,Not bad,2023-08-16
11297,2196,195,4,Satisfied with purchase,2023-08-22
11298,2137,87,3,,2022-07-21
11299,614,90,4,Good quality,2023-03-30
11300,4541,152,4,Satisfied with purchase,2021-10-28
11301,5604,130,4,Satisfied with purchase,2023-09-26
11302,14937,29,5,Best purchase ever!,2022-02-15
11303,7514,6,3,Average product,2023-06-08
11304,11923,78,3,Average product,2023-12-13
11305,497,5,1,Waste of money,2021-10-25
11306,5322,2,4,Nice product,2022-12-28
